# Exported by VoxEdit Beta 8774764a - 1187 textured quads.

g Model
mtllib Raccoon_V1.mtl
usemtl PlainTexture

# faces

v 6.485694 31.106003 4.3124275
vt 0.0078125 0.984375
v 8.211866 33.232384 1.3971533
vt 0.0078125 1.0
v 9.197963 34.307533 2.7652416
vt 0.0 1.0
v 7.4717903 32.181152 5.680516
vt 0.0 0.984375
f 1/1 2/2 3/3 4/4
v 8.211866 33.232384 1.3971533
vt 0.00390625 0.99609375
v 8.64341 33.76398 0.6683347
vt 0.0078125 0.99609375
v 9.136457 34.301556 1.352379
vt 0.0078125 1.0
v 8.704914 33.76996 2.0811975
vt 0.00390625 1.0
f 5/5 6/6 7/7 8/8
v 6.7163606 32.83569 5.7106314
vt 0.00390625 0.984375
v 8.4425335 34.96207 2.795357
vt 0.00390625 1.0
v 8.935581 35.499645 3.479401
vt 0.0 1.0
v 7.2094088 33.373264 6.3946753
vt 0.0 0.984375
f 9/9 10/10 11/11 12/12
v 7.9494853 34.424496 2.1113129
vt 0.0 0.99609375
v 8.381028 34.956093 1.3824944
vt 0.00390625 0.99609375
v 8.874077 35.493668 2.0665386
vt 0.00390625 1.0
v 8.4425335 34.96207 2.795357
vt 0.0 1.0
f 13/13 14/14 15/15 16/16
v 7.8879805 34.418518 0.6984503
vt 0.00390625 0.99609375
v 8.319524 34.950115 -0.030368567
vt 0.0078125 0.99609375
v 8.812572 35.48769 0.6536758
vt 0.0078125 1.0
v 8.381028 34.956093 1.3824944
vt 0.00390625 1.0
f 17/17 18/18 19/19 20/20
v 7.6871037 35.616608 2.8254726
vt 0.0 0.99609375
v 8.118647 36.148205 2.096654
vt 0.00390625 0.99609375
v 8.611694 36.68578 2.7806983
vt 0.00390625 1.0
v 8.180152 36.154182 3.5095167
vt 0.0 1.0
f 21/21 22/22 23/23 24/24
v 7.625599 35.61063 1.4126098
vt 0.0 0.99609375
v 8.057142 36.142227 0.68379116
vt 0.00390625 0.99609375
v 8.55019 36.679802 1.3678353
vt 0.00390625 1.0
v 8.118647 36.148205 2.096654
vt 0.0 1.0
f 25/25 26/26 27/27 28/28
v 7.564094 35.604652 -2.529621E-4
vt 0.00390625 0.99609375
v 7.995637 36.136246 -0.72907114
vt 0.0078125 0.99609375
v 8.488685 36.67382 -0.045027018
vt 0.0078125 1.0
v 8.057142 36.142227 0.68379116
vt 0.00390625 1.0
f 29/29 30/30 31/31 32/32
v 6.870169 36.265167 1.4427253
vt 0.0 0.9765625
v 7.7332554 37.328358 -0.014911413
vt 0.0 0.984375
v 7.240207 36.790783 -0.6989558
vt 0.00390625 0.984375
v 6.377121 35.727592 0.75868106
vt 0.00390625 0.9765625
f 33/33 34/34 35/35 36/36
v 4.94312 35.336876 6.4850216
vt 0.0 0.95703125
v 7.100836 37.994854 2.840929
vt 0.0 0.9765625
v 6.607788 37.45728 2.156885
vt 0.00390625 0.9765625
v 4.4500723 34.7993 5.8009777
vt 0.00390625 0.95703125
f 37/37 38/38 39/39 40/40
v 5.2516537 35.856514 2.9304776
vt 0.00390625 0.9765625
v 6.11474 36.919704 1.4728408
vt 0.00390625 0.984375
v 5.6216917 36.38213 0.78879666
vt 0.0078125 0.984375
v 4.7586055 35.31894 2.2464333
vt 0.0078125 0.9765625
f 41/41 42/42 43/43 44/44
v 6.607788 37.45728 2.156885
vt 0.00390625 1.0
v 7.039331 37.988876 1.4280663
vt 0.0078125 1.0
v 6.5462832 37.4513 0.74402213
vt 0.0078125 0.99609375
v 6.11474 36.919704 1.4728408
vt 0.00390625 0.99609375
f 45/45 46/46 47/47 48/48
v 3.2015946 34.916264 5.147049
vt 0.00390625 0.96484375
v 4.4962244 36.51105 2.960593
vt 0.00390625 0.9765625
v 4.0031757 35.973476 2.2765489
vt 0.0078125 0.9765625
v 2.7085466 34.37869 4.4630046
vt 0.0078125 0.96484375
f 49/49 50/50 51/51 52/52
v 4.989272 37.048626 3.644637
vt 0.00390625 0.95703125
v 5.8523583 38.111816 2.1870003
vt 0.00390625 0.96484375
v 5.35931 37.57424 1.5029562
vt 0.0078125 0.96484375
v 4.4962244 36.51105 2.960593
vt 0.0078125 0.95703125
f 53/53 54/54 55/55 56/56
v 2.939213 36.108376 5.8612084
vt 0.0 0.98828125
v 4.233843 37.703163 3.6747527
vt 0.0 1.0
v 3.7407944 37.16559 2.9907086
vt 0.00390625 1.0
v 2.446165 35.5708 5.177164
vt 0.00390625 0.98828125
f 57/57 58/58 59/59 60/60
v 7.2094088 33.373264 6.3946753
vt 0.0078125 1.0
v 4.94312 35.336876 6.4850216
vt 0.01953125 1.0
v 3.463976 33.72415 4.432889
vt 0.01953125 0.98828125
v 5.7302647 31.76054 4.3425426
vt 0.0078125 0.98828125
f 61/61 62/62 63/63 64/64
v 7.4717903 32.181152 5.680516
vt 0.0 0.98828125
v 6.7163606 32.83569 5.7106314
vt 0.00390625 0.98828125
v 5.7302647 31.76054 4.3425426
vt 0.00390625 0.98046875
v 6.485694 31.106003 4.3124275
vt 0.0 0.98046875
f 65/65 66/66 67/67 68/68
v 4.4500723 34.7993 5.8009777
vt 0.0 0.9921875
v 2.939213 36.108376 5.8612084
vt 0.0 1.0
v 2.446165 35.5708 5.177164
vt 0.00390625 1.0
v 3.9570239 34.261726 5.116933
vt 0.00390625 0.9921875
f 69/69 70/70 71/71 72/72
v 3.9570239 34.261726 5.116933
vt 0.0078125 0.9921875
v 3.2015946 34.916264 5.147049
vt 0.01171875 0.9921875
v 2.7085466 34.37869 4.4630046
vt 0.01171875 0.98828125
v 3.463976 33.72415 4.432889
vt 0.0078125 0.98828125
f 73/73 74/74 75/75 76/76
v 4.4962244 36.51105 2.960593
vt 0.0 0.99609375
v 3.7407944 37.16559 2.9907086
vt 0.00390625 0.99609375
v 4.233843 37.703163 3.6747527
vt 0.00390625 1.0
v 4.989272 37.048626 3.644637
vt 0.0 1.0
f 77/77 78/78 79/79 80/80
v 4.7586055 35.31894 2.2464333
vt 0.0078125 0.98828125
v 4.0031757 35.973476 2.2765489
vt 0.01171875 0.98828125
v 4.4962244 36.51105 2.960593
vt 0.01171875 0.9921875
v 5.2516537 35.856514 2.9304776
vt 0.0078125 0.9921875
f 81/81 82/82 83/83 84/84
v 8.4425335 34.96207 2.795357
vt 0.0 0.99609375
v 7.6871037 35.616608 2.8254726
vt 0.00390625 0.99609375
v 8.180152 36.154182 3.5095167
vt 0.00390625 1.0
v 8.935581 35.499645 3.479401
vt 0.0 1.0
f 85/85 86/86 87/87 88/88
v 8.704914 33.76996 2.0811975
vt 0.0 0.99609375
v 7.9494853 34.424496 2.1113129
vt 0.00390625 0.99609375
v 8.4425335 34.96207 2.795357
vt 0.00390625 1.0
v 9.197963 34.307533 2.7652416
vt 0.0 1.0
f 89/89 90/90 91/91 92/92
v 8.118647 36.148205 2.096654
vt 0.00390625 0.9921875
v 6.607788 37.45728 2.156885
vt 0.00390625 1.0
v 7.100836 37.994854 2.840929
vt 0.0 1.0
v 8.611694 36.68578 2.7806983
vt 0.0 0.9921875
f 93/93 94/94 95/95 96/96
v 8.381028 34.956093 1.3824944
vt 0.0 0.99609375
v 7.625599 35.61063 1.4126098
vt 0.00390625 0.99609375
v 8.118647 36.148205 2.096654
vt 0.00390625 1.0
v 8.874077 35.493668 2.0665386
vt 0.0 1.0
f 97/97 98/98 99/99 100/100
v 6.11474 36.919704 1.4728408
vt 0.00390625 0.99609375
v 5.35931 37.57424 1.5029562
vt 0.0078125 0.99609375
v 5.8523583 38.111816 2.1870003
vt 0.0078125 1.0
v 6.607788 37.45728 2.156885
vt 0.00390625 1.0
f 101/101 102/102 103/103 104/104
v 8.64341 33.76398 0.6683347
vt 0.00390625 0.99609375
v 7.8879805 34.418518 0.6984503
vt 0.0078125 0.99609375
v 8.381028 34.956093 1.3824944
vt 0.0078125 1.0
v 9.136457 34.301556 1.352379
vt 0.00390625 1.0
f 105/105 106/106 107/107 108/108
v 6.377121 35.727592 0.75868106
vt 0.0078125 0.98828125
v 5.6216917 36.38213 0.78879666
vt 0.01171875 0.98828125
v 6.11474 36.919704 1.4728408
vt 0.01171875 0.9921875
v 6.870169 36.265167 1.4427253
vt 0.0078125 0.9921875
f 109/109 110/110 111/111 112/112
v 8.057142 36.142227 0.68379116
vt 0.0078125 0.95703125
v 6.5462832 37.4513 0.74402213
vt 0.0078125 0.96484375
v 7.039331 37.988876 1.4280663
vt 0.00390625 0.96484375
v 8.55019 36.679802 1.3678353
vt 0.00390625 0.95703125
f 113/113 114/114 115/115 116/116
v 8.319524 34.950115 -0.030368567
vt 0.00390625 0.99609375
v 7.564094 35.604652 -2.529621E-4
vt 0.0078125 0.99609375
v 8.057142 36.142227 0.68379116
vt 0.0078125 1.0
v 8.812572 35.48769 0.6536758
vt 0.00390625 1.0
f 117/117 118/118 119/119 120/120
v 7.995637 36.136246 -0.72907114
vt 0.00390625 0.99609375
v 7.240207 36.790783 -0.6989558
vt 0.0078125 0.99609375
v 7.7332554 37.328358 -0.014911413
vt 0.0078125 1.0
v 8.488685 36.67382 -0.045027018
vt 0.00390625 1.0
f 121/121 122/122 123/123 124/124
v 8.935581 35.499645 3.479401
vt 0.0078125 0.97265625
v 6.669293 37.463257 3.5697474
vt 0.01953125 0.97265625
v 4.94312 35.336876 6.4850216
vt 0.01953125 0.98828125
v 7.2094088 33.373264 6.3946753
vt 0.0078125 0.98828125
f 125/125 126/126 127/127 128/128
v 8.611694 36.68578 2.7806983
vt 0.00390625 0.9921875
v 7.100836 37.994854 2.840929
vt 0.00390625 1.0
v 6.669293 37.463257 3.5697474
vt 0.0 1.0
v 8.180152 36.154182 3.5095167
vt 0.0 0.9921875
f 129/129 130/130 131/131 132/132
v 5.7447014 36.39409 3.614522
vt 0.0078125 0.9765625
v 4.233843 37.703163 3.6747527
vt 0.015625 0.9765625
v 2.939213 36.108376 5.8612084
vt 0.015625 0.98828125
v 4.4500723 34.7993 5.8009777
vt 0.0078125 0.98828125
f 133/133 134/134 135/135 136/136
v 9.197963 34.307533 2.7652416
vt 0.0 0.984375
v 8.4425335 34.96207 2.795357
vt 0.00390625 0.984375
v 6.7163606 32.83569 5.7106314
vt 0.00390625 1.0
v 7.4717903 32.181152 5.680516
vt 0.0 1.0
f 137/137 138/138 139/139 140/140
v 6.607788 37.45728 2.156885
vt 0.0 0.98046875
v 5.8523583 38.111816 2.1870003
vt 0.00390625 0.98046875
v 4.989272 37.048626 3.644637
vt 0.00390625 0.98828125
v 5.7447014 36.39409 3.614522
vt 0.0 0.98828125
f 141/141 142/142 143/143 144/144
v 8.55019 36.679802 1.3678353
vt 0.0078125 0.95703125
v 7.039331 37.988876 1.4280663
vt 0.0078125 0.96484375
v 6.607788 37.45728 2.156885
vt 0.00390625 0.96484375
v 8.118647 36.148205 2.096654
vt 0.00390625 0.95703125
f 145/145 146/146 147/147 148/148
v 8.874077 35.493668 2.0665386
vt 0.0 0.99609375
v 8.118647 36.148205 2.096654
vt 0.00390625 0.99609375
v 7.6871037 35.616608 2.8254726
vt 0.00390625 1.0
v 8.4425335 34.96207 2.795357
vt 0.0 1.0
f 149/149 150/150 151/151 152/152
v 9.136457 34.301556 1.352379
vt 0.00390625 0.99609375
v 8.381028 34.956093 1.3824944
vt 0.0078125 0.99609375
v 7.9494853 34.424496 2.1113129
vt 0.0078125 1.0
v 8.704914 33.76996 2.0811975
vt 0.00390625 1.0
f 153/153 154/154 155/155 156/156
v 8.812572 35.48769 0.6536758
vt 0.00390625 0.99609375
v 8.057142 36.142227 0.68379116
vt 0.0078125 0.99609375
v 7.625599 35.61063 1.4126098
vt 0.0078125 1.0
v 8.381028 34.956093 1.3824944
vt 0.00390625 1.0
f 157/157 158/158 159/159 160/160
v 8.488685 36.67382 -0.045027018
vt 0.00390625 0.99609375
v 7.7332554 37.328358 -0.014911413
vt 0.0078125 0.99609375
v 7.3017125 36.796764 0.7139065
vt 0.0078125 1.0
v 8.057142 36.142227 0.68379116
vt 0.00390625 1.0
f 161/161 162/162 163/163 164/164
v 3.2015946 34.916264 5.147049
vt 0.0 1.0
v 2.446165 35.5708 5.177164
vt 0.00390625 1.0
v 3.7407944 37.16559 2.9907086
vt 0.00390625 0.98828125
v 4.4962244 36.51105 2.960593
vt 0.0 0.98828125
f 165/165 166/166 167/167 168/168
v 5.2516537 35.856514 2.9304776
vt 0.0 0.98828125
v 4.4962244 36.51105 2.960593
vt 0.00390625 0.98828125
v 5.35931 37.57424 1.5029562
vt 0.00390625 0.98046875
v 6.11474 36.919704 1.4728408
vt 0.0 0.98046875
f 169/169 170/170 171/171 172/172
v 6.870169 36.265167 1.4427253
vt 0.00390625 1.0
v 6.11474 36.919704 1.4728408
vt 0.0078125 1.0
v 6.5462832 37.4513 0.74402213
vt 0.0078125 0.99609375
v 7.3017125 36.796764 0.7139065
vt 0.00390625 0.99609375
f 173/173 174/174 175/175 176/176
v 6.485694 31.106003 4.3124275
vt 0.0078125 0.953125
v 2.7085466 34.37869 4.4630046
vt 0.0078125 0.97265625
v 4.0031757 35.973476 2.2765489
vt 0.01953125 0.97265625
v 7.7803235 32.70079 2.1259718
vt 0.01953125 0.953125
f 177/177 178/178 179/179 180/180
v 7.7803235 32.70079 2.1259718
vt 0.0078125 0.953125
v 4.7586055 35.31894 2.2464333
vt 0.0078125 0.96875
v 5.6216917 36.38213 0.78879666
vt 0.015625 0.96875
v 8.64341 33.76398 0.6683347
vt 0.015625 0.953125
f 181/181 182/182 183/183 184/184
v 7.8879805 34.418518 0.6984503
vt 0.00390625 0.9609375
v 6.377121 35.727592 0.75868106
vt 0.00390625 0.96875
v 6.8086643 36.25919 0.029862404
vt 0.0078125 0.96875
v 8.319524 34.950115 -0.030368567
vt 0.0078125 0.9609375
f 185/185 186/186 187/187 188/188
v 7.564094 35.604652 -2.529621E-4
vt 0.00390625 1.0
v 6.8086643 36.25919 0.029862404
vt 0.0078125 1.0
v 7.240207 36.790783 -0.6989558
vt 0.0078125 0.99609375
v 7.995637 36.136246 -0.72907114
vt 0.00390625 0.99609375
f 189/189 190/190 191/191 192/192
v -2.3723316 35.59256 5.259224
vt 0.00390625 0.98828125
v -3.7286472 37.19766 3.1181808
vt 0.00390625 1.0
v -4.1938252 37.738922 3.8186388
vt 0.0 1.0
v -2.8375096 36.133827 5.9596825
vt 0.0 0.98828125
f 193/193 194/194 195/195 196/196
v -2.668212 34.402626 4.554589
vt 0.0078125 0.97265625
v -4.0245275 36.007725 2.4135456
vt 0.0078125 0.984375
v -4.4897056 36.54899 3.1140037
vt 0.00390625 0.984375
v -3.1333902 34.94389 5.255047
vt 0.00390625 0.97265625
f 197/197 198/198 199/199 200/200
v -4.4897056 36.54899 3.1140037
vt 0.0078125 0.95703125
v -5.393916 37.619057 1.6866417
vt 0.0078125 0.96484375
v -5.859094 38.16032 2.3870997
vt 0.00390625 0.96484375
v -4.9548836 37.090256 3.814462
vt 0.00390625 0.95703125
f 201/201 202/202 203/203 204/204
v -4.359627 34.836487 5.9513283
vt 0.00390625 0.95703125
v -6.6201525 37.51165 2.3829231
vt 0.00390625 0.9765625
v -7.0853305 38.052914 3.0833812
vt 0.0 0.9765625
v -4.824805 35.37775 6.651787
vt 0.0 0.95703125
f 205/205 206/206 207/207 208/208
v -4.7855864 35.359055 2.4093685
vt 0.0078125 0.9765625
v -5.6897964 36.42912 0.98200655
vt 0.0078125 0.984375
v -6.1549745 36.970387 1.6824648
vt 0.00390625 0.984375
v -5.2507644 35.90032 3.1098268
vt 0.00390625 0.9765625
f 209/209 210/210 211/211 212/212
v -6.1549745 36.970387 1.6824648
vt 0.00390625 0.99609375
v -6.60708 37.505417 0.9687834
vt 0.0078125 0.99609375
v -7.072258 38.046684 1.6692415
vt 0.0078125 1.0
v -6.6201525 37.51165 2.3829231
vt 0.00390625 1.0
f 213/213 214/214 215/215 216/216
v -6.450855 35.780453 0.97782946
vt 0.0078125 0.98046875
v -7.3550653 36.850517 -0.4495325
vt 0.0078125 0.98828125
v -7.8202434 37.39178 0.25092578
vt 0.00390625 0.98828125
v -6.916033 36.321716 1.6782879
vt 0.00390625 0.98046875
f 217/217 218/218 219/219 220/220
v -8.155342 36.220543 3.7887082
vt 0.0 1.0
v -8.607448 36.755577 3.0750275
vt 0.00390625 1.0
v -8.142269 36.21431 2.3745692
vt 0.00390625 0.99609375
v -7.690164 35.67928 3.0882502
vt 0.0 0.99609375
f 221/221 222/222 223/223 224/224
v -8.142269 36.21431 2.3745692
vt 0.0 1.0
v -8.594375 36.749344 1.6608878
vt 0.00390625 1.0
v -8.129197 36.20808 0.96042967
vt 0.00390625 0.99609375
v -7.6770916 35.673046 1.674111
vt 0.0 0.99609375
f 225/225 226/226 227/227 228/228
v -8.129197 36.20808 0.96042967
vt 0.00390625 1.0
v -8.581302 36.74311 0.24674892
vt 0.0078125 1.0
v -8.116123 36.201847 -0.45370936
vt 0.0078125 0.99609375
v -7.6640186 35.666813 0.25997138
vt 0.00390625 0.99609375
f 229/229 230/230 231/231 232/232
v -7.10798 33.431744 6.639256
vt 0.0 0.984375
v -8.916401 35.571873 3.7845314
vt 0.0 1.0
v -8.451222 35.03061 3.0840733
vt 0.00390625 1.0
v -6.642802 32.890476 5.938798
vt 0.00390625 0.984375
f 233/233 234/234 235/235 236/236
v -8.451222 35.03061 3.0840733
vt 0.0 1.0
v -8.903328 35.56564 2.3703923
vt 0.00390625 1.0
v -8.438149 35.024376 1.669934
vt 0.00390625 0.99609375
v -7.9860444 34.489346 2.383615
vt 0.0 0.99609375
f 237/237 238/238 239/239 240/240
v -8.438149 35.024376 1.669934
vt 0.00390625 1.0
v -8.890255 35.55941 0.9562526
vt 0.0078125 1.0
v -8.425077 35.018147 0.25579453
vt 0.0078125 0.99609375
v -7.9729714 34.483112 0.96947575
vt 0.00390625 0.99609375
f 241/241 242/242 243/243 244/244
v -7.4038606 32.241806 5.934621
vt 0.0 0.984375
v -9.212281 34.38194 3.0798962
vt 0.0 1.0
v -8.281925 33.299408 1.6789799
vt 0.0078125 1.0
v -6.4735045 31.159279 4.5337043
vt 0.0078125 0.984375
f 245/245 246/246 247/247 248/248
v -8.747104 33.840675 2.3794382
vt 0.00390625 1.0
v -9.199208 34.375706 1.6657572
vt 0.0078125 1.0
v -8.73403 33.834442 0.9652989
vt 0.0078125 0.99609375
v -8.281925 33.299408 1.6789799
vt 0.00390625 0.99609375
f 249/249 250/250 251/251 252/252
v -3.5985682 35.485157 5.9555054
vt 0.0 0.9375
v -7.4038606 32.241806 5.934621
vt 0.0 0.95703125
v -6.4735045 31.159279 4.5337043
vt 0.0078125 0.95703125
v -2.668212 34.402626 4.554589
vt 0.0078125 0.9375
f 253/253 254/254 255/255 256/256
v -4.824805 35.37775 6.651787
vt 0.0 0.98828125
v -7.10798 33.431744 6.639256
vt 0.0 1.0
v -6.642802 32.890476 5.938798
vt 0.00390625 1.0
v -4.359627 34.836487 5.9513283
vt 0.00390625 0.98828125
f 257/257 258/258 259/259 260/260
v -2.8375096 36.133827 5.9596825
vt 0.0 1.0
v -3.5985682 35.485157 5.9555054
vt 0.00390625 1.0
v -3.1333902 34.94389 5.255047
vt 0.00390625 0.99609375
v -2.3723316 35.59256 5.259224
vt 0.0 0.99609375
f 261/261 262/262 263/263 264/264
v -3.7286472 37.19766 3.1181808
vt 0.0 0.99609375
v -4.4897056 36.54899 3.1140037
vt 0.00390625 0.99609375
v -4.9548836 37.090256 3.814462
vt 0.00390625 1.0
v -4.1938252 37.738922 3.8186388
vt 0.0 1.0
f 265/265 266/266 267/267 268/268
v -4.0245275 36.007725 2.4135456
vt 0.0078125 0.98828125
v -4.7855864 35.359055 2.4093685
vt 0.01171875 0.98828125
v -5.2507644 35.90032 3.1098268
vt 0.01171875 0.9921875
v -4.4897056 36.54899 3.1140037
vt 0.0078125 0.9921875
f 269/269 270/270 271/271 272/272
v -7.690164 35.67928 3.0882502
vt 0.0 0.99609375
v -8.451222 35.03061 3.0840733
vt 0.00390625 0.99609375
v -8.916401 35.571873 3.7845314
vt 0.00390625 1.0
v -8.155342 36.220543 3.7887082
vt 0.0 1.0
f 273/273 274/274 275/275 276/276
v -7.9860444 34.489346 2.383615
vt 0.0 0.99609375
v -8.747104 33.840675 2.3794382
vt 0.00390625 0.99609375
v -9.212281 34.38194 3.0798962
vt 0.00390625 1.0
v -8.451222 35.03061 3.0840733
vt 0.0 1.0
f 277/277 278/278 279/279 280/280
v -6.6201525 37.51165 2.3829231
vt 0.00390625 0.9921875
v -8.142269 36.21431 2.3745692
vt 0.00390625 1.0
v -8.607448 36.755577 3.0750275
vt 0.0 1.0
v -7.0853305 38.052914 3.0833812
vt 0.0 0.9921875
f 281/281 282/282 283/283 284/284
v -5.393916 37.619057 1.6866417
vt 0.00390625 0.99609375
v -6.1549745 36.970387 1.6824648
vt 0.0078125 0.99609375
v -6.6201525 37.51165 2.3829231
vt 0.0078125 1.0
v -5.859094 38.16032 2.3870997
vt 0.00390625 1.0
f 285/285 286/286 287/287 288/288
v -7.6770916 35.673046 1.674111
vt 0.0 0.99609375
v -8.438149 35.024376 1.669934
vt 0.00390625 0.99609375
v -8.903328 35.56564 2.3703923
vt 0.00390625 1.0
v -8.142269 36.21431 2.3745692
vt 0.0 1.0
f 289/289 290/290 291/291 292/292
v -5.6897964 36.42912 0.98200655
vt 0.0078125 0.98828125
v -6.450855 35.780453 0.97782946
vt 0.01171875 0.98828125
v -6.916033 36.321716 1.6782879
vt 0.01171875 0.9921875
v -6.1549745 36.970387 1.6824648
vt 0.0078125 0.9921875
f 293/293 294/294 295/295 296/296
v -7.9729714 34.483112 0.96947575
vt 0.00390625 0.99609375
v -8.73403 33.834442 0.9652989
vt 0.0078125 0.99609375
v -9.199208 34.375706 1.6657572
vt 0.0078125 1.0
v -8.438149 35.024376 1.669934
vt 0.00390625 1.0
f 297/297 298/298 299/299 300/300
v -6.60708 37.505417 0.9687834
vt 0.00390625 0.98046875
v -8.129197 36.20808 0.96042967
vt 0.00390625 0.98828125
v -8.594375 36.749344 1.6608878
vt 0.0 0.98828125
v -7.072258 38.046684 1.6692415
vt 0.0 0.98046875
f 301/301 302/302 303/303 304/304
v -7.6640186 35.666813 0.25997138
vt 0.00390625 0.99609375
v -8.425077 35.018147 0.25579453
vt 0.0078125 0.99609375
v -8.890255 35.55941 0.9562526
vt 0.0078125 1.0
v -8.129197 36.20808 0.96042967
vt 0.00390625 1.0
f 305/305 306/306 307/307 308/308
v -7.3550653 36.850517 -0.4495325
vt 0.00390625 0.99609375
v -8.116123 36.201847 -0.45370936
vt 0.0078125 0.99609375
v -8.581302 36.74311 0.24674892
vt 0.0078125 1.0
v -7.8202434 37.39178 0.25092578
vt 0.00390625 1.0
f 309/309 310/310 311/311 312/312
v -6.6332254 37.517883 3.7970622
vt 0.0078125 0.97265625
v -8.916401 35.571873 3.7845314
vt 0.01953125 0.97265625
v -7.10798 33.431744 6.639256
vt 0.01953125 0.98828125
v -4.824805 35.37775 6.651787
vt 0.0078125 0.98828125
f 313/313 314/314 315/315 316/316
v -7.0853305 38.052914 3.0833812
vt 0.00390625 0.9921875
v -8.607448 36.755577 3.0750275
vt 0.00390625 1.0
v -8.155342 36.220543 3.7887082
vt 0.0 1.0
v -6.6332254 37.517883 3.7970622
vt 0.0 0.9921875
f 317/317 318/318 319/319 320/320
v -4.1938252 37.738922 3.8186388
vt 0.0078125 0.9765625
v -5.7159424 36.441586 3.810285
vt 0.015625 0.9765625
v -4.359627 34.836487 5.9513283
vt 0.015625 0.98828125
v -2.8375096 36.133827 5.9596825
vt 0.0078125 0.98828125
f 321/321 322/322 323/323 324/324
v -8.451222 35.03061 3.0840733
vt 0.0 0.984375
v -9.212281 34.38194 3.0798962
vt 0.00390625 0.984375
v -7.4038606 32.241806 5.934621
vt 0.00390625 1.0
v -6.642802 32.890476 5.938798
vt 0.0 1.0
f 325/325 326/326 327/327 328/328
v -5.859094 38.16032 2.3870997
vt 0.0 0.98046875
v -6.6201525 37.51165 2.3829231
vt 0.00390625 0.98046875
v -5.7159424 36.441586 3.810285
vt 0.00390625 0.98828125
v -4.9548836 37.090256 3.814462
vt 0.0 0.98828125
f 329/329 330/330 331/331 332/332
v -7.072258 38.046684 1.6692415
vt 0.00390625 0.98046875
v -8.594375 36.749344 1.6608878
vt 0.00390625 0.98828125
v -8.142269 36.21431 2.3745692
vt 0.0 0.98828125
v -6.6201525 37.51165 2.3829231
vt 0.0 0.98046875
f 333/333 334/334 335/335 336/336
v -8.142269 36.21431 2.3745692
vt 0.0 0.99609375
v -8.903328 35.56564 2.3703923
vt 0.00390625 0.99609375
v -8.451222 35.03061 3.0840733
vt 0.00390625 1.0
v -7.690164 35.67928 3.0882502
vt 0.0 1.0
f 337/337 338/338 339/339 340/340
v -8.438149 35.024376 1.669934
vt 0.00390625 0.99609375
v -9.199208 34.375706 1.6657572
vt 0.0078125 0.99609375
v -8.747104 33.840675 2.3794382
vt 0.0078125 1.0
v -7.9860444 34.489346 2.383615
vt 0.00390625 1.0
f 341/341 342/342 343/343 344/344
v -8.129197 36.20808 0.96042967
vt 0.00390625 0.99609375
v -8.890255 35.55941 0.9562526
vt 0.0078125 0.99609375
v -8.438149 35.024376 1.669934
vt 0.0078125 1.0
v -7.6770916 35.673046 1.674111
vt 0.00390625 1.0
f 345/345 346/346 347/347 348/348
v -7.8202434 37.39178 0.25092578
vt 0.00390625 0.99609375
v -8.581302 36.74311 0.24674892
vt 0.0078125 0.99609375
v -8.129197 36.20808 0.96042967
vt 0.0078125 1.0
v -7.3681383 36.856747 0.9646065
vt 0.00390625 1.0
f 349/349 350/350 351/351 352/352
v -2.3723316 35.59256 5.259224
vt 0.0 1.0
v -3.1333902 34.94389 5.255047
vt 0.00390625 1.0
v -4.4897056 36.54899 3.1140037
vt 0.00390625 0.98828125
v -3.7286472 37.19766 3.1181808
vt 0.0 0.98828125
f 353/353 354/354 355/355 356/356
v -4.4897056 36.54899 3.1140037
vt 0.0 0.98828125
v -5.2507644 35.90032 3.1098268
vt 0.00390625 0.98828125
v -6.1549745 36.970387 1.6824648
vt 0.00390625 0.98046875
v -5.393916 37.619057 1.6866417
vt 0.0 0.98046875
f 357/357 358/358 359/359 360/360
v -6.1549745 36.970387 1.6824648
vt 0.00390625 1.0
v -6.916033 36.321716 1.6782879
vt 0.0078125 1.0
v -7.3681383 36.856747 0.9646065
vt 0.0078125 0.99609375
v -6.60708 37.505417 0.9687834
vt 0.00390625 0.99609375
f 361/361 362/362 363/363 364/364
v -3.4292703 33.753956 4.550412
vt 0.01953125 0.98828125
v -6.4735045 31.159279 4.5337043
vt 0.03515625 0.98828125
v -8.73403 33.834442 0.9652989
vt 0.03515625 0.96875
v -5.6897964 36.42912 0.98200655
vt 0.01953125 0.96875
f 365/365 366/366 367/367 368/368
v -2.668212 34.402626 4.554589
vt 0.01953125 0.98828125
v -3.4292703 33.753956 4.550412
vt 0.0234375 0.98828125
v -4.7855864 35.359055 2.4093685
vt 0.0234375 0.9765625
v -4.0245275 36.007725 2.4135456
vt 0.01953125 0.9765625
f 369/369 370/370 371/371 372/372
v -6.450855 35.780453 0.97782946
vt 0.00390625 0.98046875
v -7.9729714 34.483112 0.96947575
vt 0.00390625 0.98828125
v -8.425077 35.018147 0.25579453
vt 0.0078125 0.98828125
v -6.9029603 36.315483 0.26414824
vt 0.0078125 0.98046875
f 373/373 374/374 375/375 376/376
v -6.9029603 36.315483 0.26414824
vt 0.00390625 1.0
v -7.6640186 35.666813 0.25997138
vt 0.0078125 1.0
v -8.116123 36.201847 -0.45370936
vt 0.0078125 0.99609375
v -7.3550653 36.850517 -0.4495325
vt 0.00390625 0.99609375
f 377/377 378/378 379/379 380/380
v 1.5384289 26.835672 8.182312
vt 0.0078125 0.921875
v 1.5731338 30.661537 9.349169
vt 0.0078125 0.9375
v 1.5426677 31.24517 7.4364634
vt 0.0 0.9375
v 1.5079628 27.419308 6.269607
vt 0.0 0.921875
f 381/381 382/382 383/383 384/384
v 3.5076551 27.411598 6.235403
vt 0.0 0.90625
v 3.5423603 31.237463 7.4022593
vt 0.0 0.921875
v 3.5728264 30.653828 9.314965
vt 0.0078125 0.921875
v 3.5381212 26.827965 8.1481085
vt 0.0078125 0.90625
f 385/385 386/386 387/387 388/388
v 1.5079628 27.419308 6.269607
vt 0.0 0.90625
v 3.5076551 27.411598 6.235403
vt 0.0078125 0.90625
v 3.5381212 26.827965 8.1481085
vt 0.0078125 0.8984375
v 1.5384289 26.835672 8.182312
vt 0.0 0.8984375
f 389/389 390/390 391/391 392/392
v 1.5731338 30.661537 9.349169
vt 0.0 0.890625
v 3.5728264 30.653828 9.314965
vt 0.0078125 0.890625
v 3.5423603 31.237463 7.4022593
vt 0.0078125 0.8984375
v 1.5426677 31.24517 7.4364634
vt 0.0 0.8984375
f 393/393 394/394 395/395 396/396
v 1.5426677 31.24517 7.4364634
vt 0.0 0.875
v 3.5423603 31.237463 7.4022593
vt 0.0078125 0.875
v 3.5076551 27.411598 6.235403
vt 0.0078125 0.890625
v 1.5079628 27.419308 6.269607
vt 0.0 0.890625
f 397/397 398/398 399/399 400/400
v 1.5384289 26.835672 8.182312
vt 0.0 0.875
v 3.5381212 26.827965 8.1481085
vt 0.0078125 0.875
v 3.5728264 30.653828 9.314965
vt 0.0078125 0.859375
v 1.5731338 30.661537 9.349169
vt 0.0 0.859375
f 401/401 402/402 403/403 404/404
v -3.3796592 26.854626 8.266433
vt 0.0078125 0.90625
v -3.3449545 30.680489 9.43329
vt 0.0078125 0.921875
v -3.3754206 31.264124 7.520584
vt 0.0 0.921875
v -3.4101253 27.43826 6.353728
vt 0.0 0.90625
f 405/405 406/406 407/407 408/408
v -1.4104329 27.430553 6.319524
vt 0.0 0.921875
v -1.375728 31.256416 7.48638
vt 0.0 0.9375
v -1.3452619 30.672783 9.399086
vt 0.0078125 0.9375
v -1.3799669 26.846918 8.232229
vt 0.0078125 0.921875
f 409/409 410/410 411/411 412/412
v -3.4101253 27.43826 6.353728
vt 0.0 0.91015625
v -1.4104329 27.430553 6.319524
vt 0.0078125 0.91015625
v -1.3799669 26.846918 8.232229
vt 0.0078125 0.90234375
v -3.3796592 26.854626 8.266433
vt 0.0 0.90234375
f 413/413 414/414 415/415 416/416
v -3.3449545 30.680489 9.43329
vt 0.0 0.890625
v -1.3452619 30.672783 9.399086
vt 0.0078125 0.890625
v -1.375728 31.256416 7.48638
vt 0.0078125 0.8984375
v -3.3754206 31.264124 7.520584
vt 0.0 0.8984375
f 417/417 418/418 419/419 420/420
v -3.3754206 31.264124 7.520584
vt 0.0 0.875
v -1.375728 31.256416 7.48638
vt 0.0078125 0.875
v -1.4104329 27.430553 6.319524
vt 0.0078125 0.890625
v -3.4101253 27.43826 6.353728
vt 0.0 0.890625
f 421/421 422/422 423/423 424/424
v -3.3796592 26.854626 8.266433
vt 0.0 0.859375
v -1.3799669 26.846918 8.232229
vt 0.0078125 0.859375
v -1.3452619 30.672783 9.399086
vt 0.0078125 0.84375
v -3.3449545 30.680489 9.43329
vt 0.0 0.84375
f 425/425 426/426 427/427 428/428
v -7.456537 26.299582 6.4096823
vt 0.03515625 0.96875
v -7.422761 31.224083 7.2746296
vt 0.0546875 0.96875
v -7.5036454 32.089474 2.3507547
vt 0.0546875 0.98828125
v -7.537421 27.164974 1.4858072
vt 0.03515625 0.98828125
f 429/429 430/430 431/431 432/432
v -6.439092 31.393307 6.272753
vt 0.0 0.82421875
v -6.425582 33.363106 6.618732
vt 0.0078125 0.82421875
v -6.5064664 34.2285 1.6948571
vt 0.0078125 0.84375
v -6.5199766 32.2587 1.3488781
vt 0.0 0.84375
f 433/433 434/434 435/435 436/436
v -6.5375752 27.161121 1.4687054
vt 0.0390625 0.96875
v -6.5037994 32.08562 2.333653
vt 0.0390625 0.98828125
v -6.5199766 32.2587 1.3488781
vt 0.03515625 0.98828125
v -6.5537524 27.334198 0.4839306
vt 0.03515625 0.96875
f 437/437 438/438 439/439 440/440
v -6.4634457 25.310827 6.219591
vt 0.03515625 0.96875
v -6.456691 26.295729 6.39258
vt 0.0390625 0.96875
v -6.5375752 27.161121 1.4687054
vt 0.0390625 0.98828125
v -6.54433 26.17622 1.2957158
vt 0.03515625 0.98828125
f 441/441 442/442 443/443 444/444
v -6.422915 31.220228 7.257528
vt 0.0 0.99609375
v -6.41616 32.205128 7.430517
vt 0.00390625 0.99609375
v -6.4323373 32.37821 6.4457426
vt 0.00390625 1.0
v -6.439092 31.393307 6.272753
vt 0.0 1.0
f 445/445 446/446 447/447 448/448
v -5.560661 26.345444 0.29383898
vt 0.00390625 0.94921875
v -5.5133753 33.239746 1.5047657
vt 0.00390625 0.9765625
v -5.529552 33.412827 0.51999044
vt 0.0 0.9765625
v -5.5768375 26.518522 -0.6909361
vt 0.0 0.94921875
f 449/449 450/450 451/451 452/452
v -5.4865317 24.495152 5.0447245
vt 0.0 0.984375
v -5.4797764 25.480053 5.2177143
vt 0.00390625 0.984375
v -5.5444837 26.172367 1.278614
vt 0.00390625 1.0
v -5.551239 25.187466 1.1056244
vt 0.0 1.0
f 453/453 454/454 455/455 456/456
v -5.4257355 33.359253 6.60163
vt 0.0 0.984375
v -5.4189806 34.344154 6.7746196
vt 0.00390625 0.984375
v -5.483688 35.03647 2.8355196
vt 0.00390625 1.0
v -5.4904428 34.051567 2.6625302
vt 0.0 1.0
f 457/457 458/458 459/459 460/460
v -5.5444837 26.172367 1.278614
vt 0.0 0.99609375
v -5.537729 27.157267 1.4516034
vt 0.00390625 0.99609375
v -5.553906 27.330345 0.46682882
vt 0.00390625 1.0
v -5.560661 26.345444 0.29383898
vt 0.0 1.0
f 461/461 462/462 463/463 464/464
v -5.4945316 30.923788 3.1283364
vt 0.0 0.99609375
v -5.4877763 31.90869 3.301326
vt 0.00390625 0.99609375
v -5.503953 32.081768 2.3165512
vt 0.00390625 1.0
v -5.5107083 31.096867 2.1435616
vt 0.0 1.0
f 465/465 466/466 467/467 468/468
v -5.4163136 32.201275 7.413416
vt 0.0 0.99609375
v -5.4095583 33.186176 7.586405
vt 0.00390625 0.99609375
v -5.4257355 33.359253 6.60163
vt 0.00390625 1.0
v -5.432491 32.374355 6.428641
vt 0.0 1.0
f 469/469 470/470 471/471 472/472
v -4.447576 25.130041 7.170162
vt 0.00390625 0.80078125
v -4.4070454 31.039442 8.208099
vt 0.00390625 0.82421875
v -4.423222 31.21252 7.2233243
vt 0.0 0.82421875
v -4.4637527 25.30312 6.185387
vt 0.0 0.80078125
f 473/473 474/474 475/475 476/476
v -4.570236 27.499569 -0.5350485
vt 0.0390625 0.96875
v -4.5364604 32.424072 0.3298993
vt 0.0390625 0.98828125
v -4.552637 32.59715 -0.65487576
vt 0.03515625 0.98828125
v -4.586413 27.672647 -1.5198236
vt 0.03515625 0.96875
f 477/477 478/478 479/479 480/480
v -4.419134 34.3403 6.757518
vt 0.0 0.98046875
v -4.412379 35.325203 6.9305077
vt 0.00390625 0.98046875
v -4.477086 36.017517 2.9914074
vt 0.00390625 0.99609375
v -4.4838414 35.032616 2.8184178
vt 0.0 0.99609375
f 481/481 482/482 483/483 484/484
v -4.513529 33.235893 1.487664
vt 0.0 0.99609375
v -4.5067735 34.220795 1.6606536
vt 0.00390625 0.99609375
v -4.52295 34.39387 0.67587805
vt 0.00390625 1.0
v -4.5297055 33.40897 0.5028887
vt 0.0 1.0
f 485/485 486/486 487/487 488/488
v -4.5513926 25.183613 1.0885227
vt 0.0 0.99609375
v -4.544637 26.168512 1.2615123
vt 0.00390625 0.99609375
v -4.5608144 26.34159 0.2767377
vt 0.00390625 1.0
v -4.5675697 25.35669 0.103747845
vt 0.0 1.0
f 489/489 490/490 491/491 492/492
v -4.5041065 32.077915 2.2994494
vt 0.0 0.99609375
v -4.4973516 33.062813 2.4724388
vt 0.00390625 0.99609375
v -4.513529 33.235893 1.487664
vt 0.00390625 1.0
v -4.5202837 32.25099 1.3146744
vt 0.0 1.0
f 493/493 494/494 495/495 496/496
v -4.4905963 34.047714 2.6454284
vt 0.0 0.99609375
v -4.4838414 35.032616 2.8184178
vt 0.00390625 0.99609375
v -4.5000186 35.205692 1.833643
vt 0.00390625 1.0
v -4.5067735 34.220795 1.6606536
vt 0.0 1.0
f 497/497 498/498 499/499 500/500
v -4.470508 24.318218 6.012398
vt 0.0 0.99609375
v -4.4637527 25.30312 6.185387
vt 0.00390625 0.99609375
v -4.47993 25.476198 5.2006125
vt 0.00390625 1.0
v -4.4866853 24.491299 5.0276227
vt 0.0 1.0
f 501/501 502/502 503/503 504/504
v -3.4315531 24.95311 8.1378355
vt 0.00390625 0.7734375
v -3.3842676 31.84741 9.348762
vt 0.00390625 0.80078125
v -3.4004445 32.02049 8.363987
vt 0.0 0.80078125
v -3.44773 25.126186 7.1530604
vt 0.0 0.7734375
f 505/505 506/506 507/507 508/508
v -3.477417 23.329464 5.822306
vt 0.00390625 0.8046875
v -3.4706619 24.314365 5.9952955
vt 0.0078125 0.8046875
v -3.5515463 25.179758 1.0714209
vt 0.0078125 0.82421875
v -3.5583014 24.194859 0.8984313
vt 0.00390625 0.82421875
f 509/509 510/510 511/511 512/512
v -3.5798118 28.653694 -1.363936
vt 0.00390625 0.98828125
v -3.5595467 31.608395 -0.84496737
vt 0.00390625 1.0
v -3.5757234 31.781473 -1.8297424
vt 0.0 1.0
v -3.5959885 28.826773 -2.348711
vt 0.0 0.98828125
f 513/513 514/514 515/515 516/516
v -3.5366147 32.420216 0.31279755
vt 0.00390625 0.9921875
v -3.5231044 34.39002 0.6587763
vt 0.00390625 1.0
v -3.5392814 34.563095 -0.32599878
vt 0.0 1.0
v -3.5527916 32.593296 -0.6719775
vt 0.0 0.9921875
f 517/517 518/518 519/519 520/520
v -3.577145 26.510815 -0.7251396
vt 0.0 0.99609375
v -3.57039 27.495716 -0.55215025
vt 0.00390625 0.99609375
v -3.586567 27.668795 -1.5369253
vt 0.00390625 1.0
v -3.593322 26.683893 -1.7099147
vt 0.0 1.0
f 521/521 522/522 523/523 524/524
v -3.5677233 25.352837 0.08664608
vt 0.0 0.99609375
v -3.5609682 26.337736 0.25963545
vt 0.00390625 0.99609375
v -3.577145 26.510815 -0.7251396
vt 0.00390625 1.0
v -3.5839002 25.525915 -0.89812946
vt 0.0 1.0
f 525/525 526/526 527/527 528/528
v -3.5069275 34.216938 1.6435518
vt 0.0 0.99609375
v -3.5001724 35.20184 1.8165412
vt 0.00390625 0.99609375
v -3.5163493 35.374916 0.83176565
vt 0.00390625 1.0
v -3.5231044 34.39002 0.6587763
vt 0.0 1.0
f 529/529 530/530 531/531 532/532
v -3.4839954 35.02876 2.801316
vt 0.0 0.99609375
v -3.4772403 36.01366 2.9743056
vt 0.00390625 0.99609375
v -3.4934173 36.18674 1.989531
vt 0.00390625 1.0
v -3.5001724 35.20184 1.8165412
vt 0.0 1.0
f 533/533 534/534 535/535 536/536
v -3.409866 33.178467 7.5522013
vt 0.0 0.99609375
v -3.403111 34.16337 7.725191
vt 0.00390625 0.99609375
v -3.419288 34.336445 6.740416
vt 0.00390625 1.0
v -3.426043 33.351547 6.5674267
vt 0.0 1.0
f 537/537 538/538 539/539 540/540
v -3.4544852 24.141287 6.980071
vt 0.00390625 0.8046875
v -3.44773 25.126186 7.1530604
vt 0.0078125 0.8046875
v -3.4639068 25.299267 6.1682854
vt 0.0078125 0.80859375
v -3.4706619 24.314365 5.9952955
vt 0.00390625 0.80859375
f 541/541 542/542 543/543 544/544
v -3.4071996 31.03559 8.190997
vt 0.0 0.921875
v -3.4004445 32.02049 8.363987
vt 0.00390625 0.921875
v -3.4166212 32.19357 7.379212
vt 0.00390625 0.92578125
v -3.4233763 31.208668 7.2062225
vt 0.0 0.92578125
f 545/545 546/546 547/547 548/548
v -2.4126868 35.317493 6.896304
vt 0.0 0.98046875
v -2.4059317 36.302395 7.0692935
vt 0.00390625 0.98046875
v -2.4706392 36.99471 3.1301935
vt 0.00390625 0.99609375
v -2.4773943 36.009808 2.9572039
vt 0.0 0.99609375
f 549/549 550/550 551/551 552/552
v -2.3993533 24.603098 10.090284
vt 0.0 0.765625
v -2.385843 26.572899 10.436263
vt 0.0078125 0.765625
v -2.418197 26.919056 8.466713
vt 0.0078125 0.7734375
v -2.4317071 24.949255 8.120733
vt 0.0 0.7734375
f 553/553 554/554 555/555 556/556
v -2.5597007 31.604542 -0.86206913
vt 0.00390625 0.9921875
v -2.5461905 33.57434 -0.5160899
vt 0.00390625 1.0
v -2.5623672 33.74742 -1.500865
vt 0.0 1.0
v -2.5758774 31.77762 -1.8468442
vt 0.0 0.9921875
f 557/557 558/558 559/559 560/560
v -2.586721 27.66494 -1.5540271
vt 0.0 0.99609375
v -2.5799658 28.649841 -1.3810377
vt 0.00390625 0.99609375
v -2.5961425 28.822918 -2.3658128
vt 0.00390625 1.0
v -2.6028976 27.838018 -2.5388021
vt 0.0 1.0
f 561/561 562/562 563/563 564/564
v -2.403265 34.159515 7.708089
vt 0.0 0.99609375
v -2.39651 35.144417 7.8810787
vt 0.00390625 0.99609375
v -2.4126868 35.317493 6.896304
vt 0.00390625 1.0
v -2.419442 34.332592 6.7233143
vt 0.0 1.0
f 565/565 566/566 567/567 568/568
v -2.4005985 32.016636 8.346886
vt 0.00390625 0.8046875
v -2.3938434 33.001534 8.519875
vt 0.0078125 0.8046875
v -2.41002 33.174614 7.5351
vt 0.0078125 0.80859375
v -2.4167752 32.189713 7.36211
vt 0.00390625 0.80859375
f 569/569 570/570 571/571 572/572
v -2.4384623 23.964355 7.947744
vt 0.00390625 0.8046875
v -2.4317071 24.949255 8.120733
vt 0.0078125 0.8046875
v -2.447884 25.122334 7.1359587
vt 0.0078125 0.80859375
v -2.4546392 24.137432 6.962969
vt 0.00390625 0.80859375
f 573/573 574/574 575/575 576/576
v -1.3698195 26.395966 11.403936
vt 0.00390625 0.7890625
v -1.3630644 27.380867 11.576926
vt 0.0078125 0.7890625
v -1.4115951 27.900103 8.622601
vt 0.0078125 0.80078125
v -1.4183502 26.915201 8.449611
vt 0.00390625 0.80078125
f 577/577 578/578 579/579 580/580
v -1.4062617 23.614344 9.900192
vt 0.00390625 0.79296875
v -1.3995067 24.599243 10.073183
vt 0.0078125 0.79296875
v -1.4318604 24.945402 8.103632
vt 0.0078125 0.80078125
v -1.4386154 23.9605 7.930642
vt 0.00390625 0.80078125
f 581/581 582/582 583/583 584/584
v -1.3833297 24.426167 11.057958
vt 0.0078125 0.79296875
v -1.3698195 26.395966 11.403936
vt 0.0078125 0.80078125
v -1.3859965 26.569044 10.419161
vt 0.00390625 0.80078125
v -1.3995067 24.599243 10.073183
vt 0.00390625 0.79296875
f 585/585 586/586 587/587 588/588
v -6.510555 31.100721 2.1606634
vt 0.0 1.0
v -6.5037994 32.08562 2.333653
vt 0.00390625 1.0
v -6.4876227 31.912542 3.318428
vt 0.00390625 0.99609375
v -6.494378 30.927643 3.1454384
vt 0.0 0.99609375
f 589/589 590/590 591/591 592/592
v -5.52013 32.254845 1.3317764
vt 0.0 1.0
v -5.5133753 33.239746 1.5047657
vt 0.00390625 1.0
v -5.497198 33.06667 2.4895406
vt 0.00390625 0.99609375
v -5.503953 32.081768 2.3165512
vt 0.0 0.99609375
f 593/593 594/594 595/595 596/596
v 1.5811882 26.90364 8.398305
vt 0.00390625 0.80078125
v 1.5879433 27.88854 8.571295
vt 0.0078125 0.80078125
v 1.636474 27.369305 11.52562
vt 0.0078125 0.7890625
v 1.6297189 26.384405 11.352631
vt 0.00390625 0.7890625
f 597/597 598/598 599/599 600/600
v 1.560923 23.94894 7.8793364
vt 0.00390625 0.80078125
v 1.567678 24.93384 8.052326
vt 0.0078125 0.80078125
v 1.6000317 24.587683 10.021877
vt 0.0078125 0.79296875
v 1.5932767 23.602783 9.848887
vt 0.00390625 0.79296875
f 601/601 602/602 603/603 604/604
v 1.6000317 24.587683 10.021877
vt 0.00390625 0.79296875
v 1.613542 26.557484 10.367856
vt 0.00390625 0.80078125
v 1.6297189 26.384405 11.352631
vt 0.0078125 0.80078125
v 1.6162087 24.414604 11.006653
vt 0.0078125 0.79296875
f 605/605 606/606 607/607 608/608
v 2.521837 35.99054 2.8716948
vt 0.0 0.99609375
v 2.528592 36.97544 3.0446844
vt 0.00390625 0.99609375
v 2.5932996 36.283127 6.9837847
vt 0.00390625 0.98046875
v 2.5865445 35.298225 6.810795
vt 0.0 0.98046875
f 609/609 610/610 611/611 612/612
v 2.5675242 24.929987 8.035225
vt 0.0 0.7734375
v 2.5810344 26.899786 8.381204
vt 0.0078125 0.7734375
v 2.6133883 26.553629 10.350754
vt 0.0078125 0.765625
v 2.599878 24.583828 10.004775
vt 0.0 0.765625
f 613/613 614/614 615/615 616/616
v 2.423354 31.75835 -1.932353
vt 0.0 0.9921875
v 2.4368641 33.72815 -1.5863738
vt 0.0 1.0
v 2.4530408 33.555073 -0.6015992
vt 0.00390625 1.0
v 2.4395306 31.585272 -0.94757795
vt 0.00390625 0.9921875
f 617/617 618/618 619/619 620/620
v 2.3963337 27.81875 -2.624311
vt 0.0 1.0
v 2.4030888 28.80365 -2.4513216
vt 0.00390625 1.0
v 2.4192655 28.630571 -1.4665465
vt 0.00390625 0.99609375
v 2.4125104 27.645672 -1.6395359
vt 0.0 0.99609375
f 621/621 622/622 623/623 624/624
v 2.5797894 34.313324 6.637805
vt 0.0 1.0
v 2.5865445 35.298225 6.810795
vt 0.00390625 1.0
v 2.6027215 35.125145 7.79557
vt 0.00390625 0.99609375
v 2.5959663 34.140244 7.62258
vt 0.0 0.99609375
f 625/625 626/626 627/627 628/628
v 2.582456 32.170444 7.2766013
vt 0.00390625 0.80859375
v 2.5892112 33.155346 7.4495907
vt 0.0078125 0.80859375
v 2.605388 32.982265 8.434366
vt 0.0078125 0.8046875
v 2.5986328 31.997366 8.261376
vt 0.00390625 0.8046875
f 629/629 630/630 631/631 632/632
v 2.5445921 24.118164 6.87746
vt 0.00390625 0.80859375
v 2.5513473 25.103065 7.0504494
vt 0.0078125 0.80859375
v 2.5675242 24.929987 8.035225
vt 0.0078125 0.8046875
v 2.560769 23.945086 7.862235
vt 0.00390625 0.8046875
f 633/633 634/634 635/635 636/636
v 3.5511932 25.09921 7.033348
vt 0.0 0.796875
v 3.5984788 31.993513 8.244274
vt 0.0 0.82421875
v 3.6146557 31.820435 9.22905
vt 0.00390625 0.82421875
v 3.5673702 24.926132 8.018123
vt 0.00390625 0.796875
f 637/637 638/638 639/639 640/640
v 3.4406219 24.167881 0.7787185
vt 0.00390625 0.82421875
v 3.447377 25.152782 0.9517083
vt 0.0078125 0.82421875
v 3.5282614 24.287388 5.875583
vt 0.0078125 0.8046875
v 3.5215063 23.302488 5.702594
vt 0.00390625 0.8046875
f 641/641 642/642 643/643 644/644
v 3.4029348 28.799795 -2.4684234
vt 0.0 0.98828125
v 3.4232 31.754498 -1.9494548
vt 0.0 1.0
v 3.4393766 31.581419 -0.9646797
vt 0.00390625 1.0
v 3.4191115 28.626717 -1.4836483
vt 0.00390625 0.98828125
f 645/645 646/646 647/647 648/648
v 3.4461317 32.56632 -0.79169035
vt 0.0 0.9921875
v 3.459642 34.536118 -0.44571114
vt 0.0 1.0
v 3.4758189 34.36304 0.53906393
vt 0.00390625 1.0
v 3.4623086 32.39324 0.19308472
vt 0.00390625 0.9921875
f 649/649 650/650 651/651 652/652
v 3.4056013 26.656918 -1.8296275
vt 0.0 1.0
v 3.4123564 27.641817 -1.6566377
vt 0.00390625 1.0
v 3.4285333 27.468739 -0.6718626
vt 0.00390625 0.99609375
v 3.4217782 26.483839 -0.84485245
vt 0.0 0.99609375
f 653/653 654/654 655/655 656/656
v 3.415023 25.49894 -1.0178418
vt 0.0 1.0
v 3.4217782 26.483839 -0.84485245
vt 0.00390625 1.0
v 3.4379551 26.31076 0.1399231
vt 0.00390625 0.99609375
v 3.4312 25.32586 -0.03306675
vt 0.0 0.99609375
f 657/657 658/658 659/659 660/660
v 3.4758189 34.36304 0.53906393
vt 0.0 1.0
v 3.482574 35.34794 0.7120533
vt 0.00390625 1.0
v 3.498751 35.174862 1.6968286
vt 0.00390625 0.99609375
v 3.4919958 34.18996 1.523839
vt 0.0 0.99609375
f 661/661 662/662 663/663 664/664
v 3.498751 35.174862 1.6968286
vt 0.0 1.0
v 3.505506 36.159763 1.8698182
vt 0.00390625 1.0
v 3.521683 35.986687 2.854593
vt 0.00390625 0.99609375
v 3.5149279 35.001785 2.6816034
vt 0.0 0.99609375
f 665/665 666/666 667/667 668/668
v 3.5728803 33.32457 6.447714
vt 0.0 1.0
v 3.5796354 34.30947 6.6207037
vt 0.00390625 1.0
v 3.5958123 34.13639 7.6054783
vt 0.00390625 0.99609375
v 3.5890572 33.15149 7.432489
vt 0.0 0.99609375
f 669/669 670/670 671/671 672/672
v 3.5282614 24.287388 5.875583
vt 0.00390625 0.80859375
v 3.5350165 25.27229 6.0485725
vt 0.0078125 0.80859375
v 3.5511932 25.09921 7.033348
vt 0.0078125 0.8046875
v 3.5444381 24.114311 6.860358
vt 0.00390625 0.8046875
f 673/673 674/674 675/675 676/676
v 3.575547 31.18169 7.0865097
vt 0.0 0.92578125
v 3.582302 32.16659 7.2594995
vt 0.00390625 0.92578125
v 3.5984788 31.993513 8.244274
vt 0.00390625 0.921875
v 3.5917237 31.008612 8.071285
vt 0.0 0.921875
f 677/677 678/678 679/679 680/680
v 4.534864 25.268436 6.0314713
vt 0.0 0.80078125
v 4.5753946 31.177837 7.0694084
vt 0.0 0.82421875
v 4.5915713 31.004759 8.054183
vt 0.00390625 0.82421875
v 4.5510406 25.095356 7.016246
vt 0.00390625 0.80078125
f 681/681 682/682 683/683 684/684
v 4.412204 27.637964 -1.6737399
vt 0.03515625 0.96875
v 4.4459796 32.562466 -0.8087921
vt 0.03515625 0.98828125
v 4.4621563 32.389385 0.17598295
vt 0.0390625 0.98828125
v 4.4283805 27.464886 -0.68896437
vt 0.0390625 0.96875
f 685/685 686/686 687/687 688/688
v 4.5147753 34.99793 2.6645017
vt 0.0 0.99609375
v 4.5215306 35.98283 2.8374913
vt 0.00390625 0.99609375
v 4.586238 35.290516 6.7765913
vt 0.00390625 0.98046875
v 4.5794826 34.305614 6.6036015
vt 0.0 0.98046875
f 689/689 690/690 691/691 692/692
v 4.468911 33.374287 0.34897232
vt 0.0 1.0
v 4.4756665 34.359184 0.52196217
vt 0.00390625 1.0
v 4.491843 34.186108 1.5067372
vt 0.00390625 0.99609375
v 4.485088 33.201206 1.3337479
vt 0.0 0.99609375
f 693/693 694/694 695/695 696/696
v 4.431047 25.322006 -0.050168514
vt 0.0 1.0
v 4.4378023 26.306906 0.12282133
vt 0.00390625 1.0
v 4.4539795 26.133827 1.1075959
vt 0.00390625 0.99609375
v 4.447224 25.148928 0.93460655
vt 0.0 0.99609375
f 697/697 698/698 699/699 700/700
v 4.491843 34.186108 1.5067372
vt 0.0 1.0
v 4.498598 35.17101 1.6797268
vt 0.00390625 1.0
v 4.5147753 34.99793 2.6645017
vt 0.00390625 0.99609375
v 4.5080204 34.01303 2.491512
vt 0.0 0.99609375
f 701/701 702/702 703/703 704/704
v 5.4214716 26.476131 -0.879056
vt 0.0 0.94921875
v 5.468757 33.370434 0.33187056
vt 0.0 0.9765625
v 5.484934 33.197353 1.3166461
vt 0.00390625 0.9765625
v 5.4376483 26.303053 0.10571957
vt 0.00390625 0.94921875
f 705/705 706/706 707/707 708/708
v 5.44707 25.145073 0.9175048
vt 0.03515625 0.98828125
v 5.4538255 26.129974 1.0904942
vt 0.0390625 0.98828125
v 5.53471 25.264582 6.014369
vt 0.0390625 0.96875
v 5.5279546 24.279682 5.8413796
vt 0.03515625 0.96875
f 709/709 710/710 711/711 712/712
v 5.5078664 34.009174 2.4744103
vt 0.0 1.0
v 5.5146213 34.994076 2.6474
vt 0.00390625 1.0
v 5.5793285 34.30176 6.5865
vt 0.00390625 0.984375
v 5.5725737 33.31686 6.4135103
vt 0.0 0.984375
f 713/713 714/714 715/715 716/716
v 5.4376483 26.303053 0.10571957
vt 0.0 1.0
v 5.444403 27.287952 0.27870893
vt 0.00390625 1.0
v 5.4605803 27.114874 1.2634838
vt 0.00390625 0.99609375
v 5.4538255 26.129974 1.0904942
vt 0.0 0.99609375
f 717/717 718/718 719/719 720/720
v 5.5658183 32.331963 6.240521
vt 0.0 1.0
v 5.5725737 33.31686 6.4135103
vt 0.00390625 1.0
v 5.588751 33.143784 7.3982854
vt 0.00390625 0.99609375
v 5.5819955 32.158882 7.225296
vt 0.0 0.99609375
f 721/721 722/722 723/723 724/724
v 6.4780254 32.2086 1.1265547
vt 0.0 0.84375
v 6.4915357 34.1784 1.4725337
vt 0.0078125 0.84375
v 6.57242 33.313007 6.3964086
vt 0.0078125 0.82421875
v 6.55891 31.343208 6.0504293
vt 0.0 0.82421875
f 725/725 726/726 727/727 728/728
v 6.4442496 27.2841 0.26160717
vt 0.03515625 0.96875
v 6.4780254 32.2086 1.1265547
vt 0.03515625 0.98828125
v 6.4942026 32.035522 2.1113296
vt 0.0390625 0.98828125
v 6.460427 27.111021 1.246382
vt 0.0390625 0.96875
f 729/729 730/730 731/731 732/732
v 6.453672 26.126122 1.0733924
vt 0.03515625 0.98828125
v 6.460427 27.111021 1.246382
vt 0.0390625 0.98828125
v 6.5413113 26.245628 6.1702566
vt 0.0390625 0.96875
v 6.5345564 25.260727 5.9972677
vt 0.03515625 0.96875
f 733/733 734/734 735/735 736/736
v 6.55891 31.343208 6.0504293
vt 0.0 1.0
v 6.565665 32.32811 6.223419
vt 0.00390625 1.0
v 6.581842 32.15503 7.208194
vt 0.00390625 0.99609375
v 6.575087 31.17013 7.0352044
vt 0.0 0.99609375
f 737/737 738/738 739/739 740/740
v 7.460272 27.107166 1.22928
vt 0.03515625 0.98828125
v 7.4940476 32.03167 2.0942278
vt 0.0546875 0.98828125
v 7.574932 31.166275 7.0181026
vt 0.0546875 0.96875
v 7.5411563 26.241774 6.1531553
vt 0.03515625 0.96875
f 741/741 742/742 743/743 744/744
v -3.5583014 24.194859 0.8984313
vt 0.01953125 0.94140625
v 3.4406219 24.167881 0.7787185
vt 0.01953125 0.96875
v 3.5215063 23.302488 5.702594
vt 0.0390625 0.96875
v -3.477417 23.329464 5.822306
vt 0.0390625 0.94140625
f 745/745 746/746 747/747 748/748
v -3.5839002 25.525915 -0.89812946
vt 0.01953125 0.94140625
v 3.415023 25.49894 -1.0178418
vt 0.01953125 0.96875
v 3.447377 25.152782 0.9517083
vt 0.02734375 0.96875
v -3.5515463 25.179758 1.0714209
vt 0.02734375 0.94140625
f 749/749 750/750 751/751 752/752
v 3.447377 25.152782 0.9517083
vt 0.03515625 0.98828125
v 5.44707 25.145073 0.9175048
vt 0.04296875 0.98828125
v 5.5279546 24.279682 5.8413796
vt 0.04296875 0.96875
v 3.5282614 24.287388 5.875583
vt 0.03515625 0.96875
f 753/753 754/754 755/755 756/756
v -5.551239 25.187466 1.1056244
vt 0.0078125 0.98828125
v -3.5515463 25.179758 1.0714209
vt 0.015625 0.98828125
v -3.4868388 24.487444 5.010521
vt 0.015625 0.97265625
v -5.4865317 24.495152 5.0447245
vt 0.0078125 0.97265625
f 757/757 758/758 759/759 760/760
v -3.4706619 24.314365 5.9952955
vt 0.03515625 0.94140625
v 3.5282614 24.287388 5.875583
vt 0.03515625 0.96875
v 3.5444381 24.114311 6.860358
vt 0.0390625 0.96875
v -3.4544852 24.141287 6.980071
vt 0.0390625 0.94140625
f 761/761 762/762 763/763 764/764
v -1.4386154 23.9605 7.930642
vt 0.0 0.75390625
v 1.560923 23.94894 7.8793364
vt 0.0 0.765625
v 1.5932767 23.602783 9.848887
vt 0.0078125 0.765625
v -1.4062617 23.614344 9.900192
vt 0.0078125 0.75390625
f 765/765 766/766 767/767 768/768
v -2.4546392 24.137432 6.962969
vt 0.03515625 0.94921875
v 2.5445921 24.118164 6.87746
vt 0.03515625 0.96875
v 2.560769 23.945086 7.862235
vt 0.0390625 0.96875
v -2.4384623 23.964355 7.947744
vt 0.0390625 0.94921875
f 769/769 770/770 771/771 772/772
v -4.5675697 25.35669 0.103747845
vt 0.0 1.0
v -3.5677233 25.352837 0.08664608
vt 0.00390625 1.0
v -3.5515463 25.179758 1.0714209
vt 0.00390625 0.99609375
v -4.5513926 25.183613 1.0885227
vt 0.0 0.99609375
f 773/773 774/774 775/775 776/776
v 3.4312 25.32586 -0.03306675
vt 0.0 1.0
v 4.431047 25.322006 -0.050168514
vt 0.00390625 1.0
v 4.447224 25.148928 0.93460655
vt 0.00390625 0.99609375
v 3.447377 25.152782 0.9517083
vt 0.0 0.99609375
f 777/777 778/778 779/779 780/780
v -4.4866853 24.491299 5.0276227
vt 0.0 1.0
v -3.4868388 24.487444 5.010521
vt 0.00390625 1.0
v -3.4706619 24.314365 5.9952955
vt 0.00390625 0.99609375
v -4.470508 24.318218 6.012398
vt 0.0 0.99609375
f 781/781 782/782 783/783 784/784
v -3.593322 26.683893 -1.7099147
vt 0.0 0.94921875
v 3.4056013 26.656918 -1.8296275
vt 0.0 0.9765625
v 3.4217782 26.483839 -0.84485245
vt 0.00390625 0.9765625
v -3.577145 26.510815 -0.7251396
vt 0.00390625 0.94921875
f 785/785 786/786 787/787 788/788
v -6.54433 26.17622 1.2957158
vt 0.03515625 0.98828125
v -5.5444837 26.172367 1.278614
vt 0.0390625 0.98828125
v -5.463599 25.306973 6.202489
vt 0.0390625 0.96875
v -6.4634457 25.310827 6.219591
vt 0.03515625 0.96875
f 789/789 790/790 791/791 792/792
v 5.4538255 26.129974 1.0904942
vt 0.03515625 0.98828125
v 6.453672 26.126122 1.0733924
vt 0.0390625 0.98828125
v 6.5345564 25.260727 5.9972677
vt 0.0390625 0.96875
v 5.53471 25.264582 6.014369
vt 0.03515625 0.96875
f 793/793 794/794 795/795 796/796
v -1.3995067 24.599243 10.073183
vt 0.03515625 0.95703125
v 1.6000317 24.587683 10.021877
vt 0.03515625 0.96875
v 1.6162087 24.414604 11.006653
vt 0.0390625 0.96875
v -1.3833297 24.426167 11.057958
vt 0.0390625 0.95703125
f 797/797 798/798 799/799 800/800
v -5.5768375 26.518522 -0.6909361
vt 0.0 0.9921875
v -3.577145 26.510815 -0.7251396
vt 0.0 1.0
v -3.5609682 26.337736 0.25963545
vt 0.00390625 1.0
v -5.560661 26.345444 0.29383898
vt 0.00390625 0.9921875
f 801/801 802/802 803/803 804/804
v 3.4217782 26.483839 -0.84485245
vt 0.0 0.9921875
v 5.4214716 26.476131 -0.879056
vt 0.0 1.0
v 5.4376483 26.303053 0.10571957
vt 0.00390625 1.0
v 3.4379551 26.31076 0.1399231
vt 0.00390625 0.9921875
f 805/805 806/806 807/807 808/808
v -2.4317071 24.949255 8.120733
vt 0.03515625 0.96875
v -1.4318604 24.945402 8.103632
vt 0.0390625 0.96875
v -1.3995067 24.599243 10.073183
vt 0.0390625 0.9609375
v -2.3993533 24.603098 10.090284
vt 0.03515625 0.9609375
f 809/809 810/810 811/811 812/812
v 1.567678 24.93384 8.052326
vt 0.03515625 0.96875
v 2.5675242 24.929987 8.035225
vt 0.0390625 0.96875
v 2.599878 24.583828 10.004775
vt 0.0390625 0.9609375
v 1.6000317 24.587683 10.021877
vt 0.03515625 0.9609375
f 813/813 814/814 815/815 816/816
v -5.560661 26.345444 0.29383898
vt 0.0 1.0
v -4.5608144 26.34159 0.2767377
vt 0.00390625 1.0
v -4.544637 26.168512 1.2615123
vt 0.00390625 0.99609375
v -5.5444837 26.172367 1.278614
vt 0.0 0.99609375
f 817/817 818/818 819/819 820/820
v 4.4378023 26.306906 0.12282133
vt 0.0 1.0
v 5.4376483 26.303053 0.10571957
vt 0.00390625 1.0
v 5.4538255 26.129974 1.0904942
vt 0.00390625 0.99609375
v 4.4539795 26.133827 1.1075959
vt 0.0 0.99609375
f 821/821 822/822 823/823 824/824
v -5.4797764 25.480053 5.2177143
vt 0.0 0.92578125
v -4.47993 25.476198 5.2006125
vt 0.00390625 0.92578125
v -4.4637527 25.30312 6.185387
vt 0.00390625 0.921875
v -5.463599 25.306973 6.202489
vt 0.0 0.921875
f 825/825 826/826 827/827 828/828
v -4.4637527 25.30312 6.185387
vt 0.0 0.92578125
v -3.4639068 25.299267 6.1682854
vt 0.00390625 0.92578125
v -3.44773 25.126186 7.1530604
vt 0.00390625 0.921875
v -4.447576 25.130041 7.170162
vt 0.0 0.921875
f 829/829 830/830 831/831 832/832
v 3.5350165 25.27229 6.0485725
vt 0.0 0.92578125
v 4.534864 25.268436 6.0314713
vt 0.00390625 0.92578125
v 4.5510406 25.095356 7.016246
vt 0.00390625 0.921875
v 3.5511932 25.09921 7.033348
vt 0.0 0.921875
f 833/833 834/834 835/835 836/836
v -3.44773 25.126186 7.1530604
vt 0.0 0.92578125
v -2.447884 25.122334 7.1359587
vt 0.00390625 0.92578125
v -2.4317071 24.949255 8.120733
vt 0.00390625 0.921875
v -3.4315531 24.95311 8.1378355
vt 0.0 0.921875
f 837/837 838/838 839/839 840/840
v 2.5513473 25.103065 7.0504494
vt 0.0 0.92578125
v 3.5511932 25.09921 7.033348
vt 0.00390625 0.92578125
v 3.5673702 24.926132 8.018123
vt 0.00390625 0.921875
v 2.5675242 24.929987 8.035225
vt 0.0 0.921875
f 841/841 842/842 843/843 844/844
v -2.6028976 27.838018 -2.5388021
vt 0.03515625 0.96875
v 2.3963337 27.81875 -2.624311
vt 0.03515625 0.98828125
v 2.4125104 27.645672 -1.6395359
vt 0.0390625 0.98828125
v -2.586721 27.66494 -1.5540271
vt 0.0390625 0.96875
f 845/845 846/846 847/847 848/848
v -7.537421 27.164974 1.4858072
vt 0.03515625 0.98828125
v -6.5375752 27.161121 1.4687054
vt 0.0390625 0.98828125
v -6.456691 26.295729 6.39258
vt 0.0390625 0.96875
v -7.456537 26.299582 6.4096823
vt 0.03515625 0.96875
f 849/849 850/850 851/851 852/852
v 6.460427 27.111021 1.246382
vt 0.03515625 0.98828125
v 7.460272 27.107166 1.22928
vt 0.0390625 0.98828125
v 7.5411563 26.241774 6.1531553
vt 0.0390625 0.96875
v 6.5413113 26.245628 6.1702566
vt 0.03515625 0.96875
f 853/853 854/854 855/855 856/856
v -4.586413 27.672647 -1.5198236
vt 0.0 1.0
v -3.586567 27.668795 -1.5369253
vt 0.00390625 1.0
v -3.57039 27.495716 -0.55215025
vt 0.00390625 0.99609375
v -4.570236 27.499569 -0.5350485
vt 0.0 0.99609375
f 857/857 858/858 859/859 860/860
v 3.4123564 27.641817 -1.6566377
vt 0.0 1.0
v 4.412204 27.637964 -1.6737399
vt 0.00390625 1.0
v 4.4283805 27.464886 -0.68896437
vt 0.00390625 0.99609375
v 3.4285333 27.468739 -0.6718626
vt 0.0 0.99609375
f 861/861 862/862 863/863 864/864
v -6.5537524 27.334198 0.4839306
vt 0.0 1.0
v -5.553906 27.330345 0.46682882
vt 0.00390625 1.0
v -5.537729 27.157267 1.4516034
vt 0.00390625 0.99609375
v -6.5375752 27.161121 1.4687054
vt 0.0 0.99609375
f 865/865 866/866 867/867 868/868
v 5.444403 27.287952 0.27870893
vt 0.0 1.0
v 6.4442496 27.2841 0.26160717
vt 0.00390625 1.0
v 6.460427 27.111021 1.246382
vt 0.00390625 0.99609375
v 5.4605803 27.114874 1.2634838
vt 0.0 0.99609375
f 869/869 870/870 871/871 872/872
v -3.5959885 28.826773 -2.348711
vt 0.0 1.0
v -2.5961425 28.822918 -2.3658128
vt 0.00390625 1.0
v -2.5799658 28.649841 -1.3810377
vt 0.00390625 0.99609375
v -3.5798118 28.653694 -1.363936
vt 0.0 0.99609375
f 873/873 874/874 875/875 876/876
v 2.4030888 28.80365 -2.4513216
vt 0.0 1.0
v 3.4029348 28.799795 -2.4684234
vt 0.00390625 1.0
v 3.4191115 28.626717 -1.4836483
vt 0.00390625 0.99609375
v 2.4192655 28.630571 -1.4665465
vt 0.0 0.99609375
f 877/877 878/878 879/879 880/880
v -6.5037994 32.08562 2.333653
vt 0.0 1.0
v -5.503953 32.081768 2.3165512
vt 0.00390625 1.0
v -5.4877763 31.90869 3.301326
vt 0.00390625 0.99609375
v -6.4876227 31.912542 3.318428
vt 0.0 0.99609375
f 881/881 882/882 883/883 884/884
v -5.5133753 33.239746 1.5047657
vt 0.0 1.0
v -4.513529 33.235893 1.487664
vt 0.00390625 1.0
v -4.4973516 33.062813 2.4724388
vt 0.00390625 0.99609375
v -5.497198 33.06667 2.4895406
vt 0.0 0.99609375
f 885/885 886/886 887/887 888/888
v -2.385843 26.572899 10.436263
vt 0.03515625 0.9609375
v -1.3859965 26.569044 10.419161
vt 0.0390625 0.9609375
v -1.4183502 26.915201 8.449611
vt 0.0390625 0.96875
v -2.418197 26.919056 8.466713
vt 0.03515625 0.96875
f 889/889 890/890 891/891 892/892
v 1.613542 26.557484 10.367856
vt 0.03515625 0.9609375
v 2.6133883 26.553629 10.350754
vt 0.0390625 0.9609375
v 2.5810344 26.899786 8.381204
vt 0.0390625 0.96875
v 1.5811882 26.90364 8.398305
vt 0.03515625 0.96875
f 893/893 894/894 895/895 896/896
v -1.3630644 27.380867 11.576926
vt 0.01953125 0.98828125
v 1.636474 27.369305 11.52562
vt 0.03125 0.98828125
v 1.5879433 27.88854 8.571295
vt 0.03125 1.0
v -1.4115951 27.900103 8.622601
vt 0.01953125 1.0
f 897/897 898/898 899/899 900/900
v -3.5595467 31.608395 -0.84496737
vt 0.0 0.99609375
v -2.5597007 31.604542 -0.86206913
vt 0.00390625 0.99609375
v -2.5758774 31.77762 -1.8468442
vt 0.00390625 1.0
v -3.5757234 31.781473 -1.8297424
vt 0.0 1.0
f 901/901 902/902 903/903 904/904
v 2.4395306 31.585272 -0.94757795
vt 0.0 0.99609375
v 3.4393766 31.581419 -0.9646797
vt 0.00390625 0.99609375
v 3.4232 31.754498 -1.9494548
vt 0.00390625 1.0
v 2.423354 31.75835 -1.932353
vt 0.0 1.0
f 905/905 906/906 907/907 908/908
v -6.494378 30.927643 3.1454384
vt 0.0 0.99609375
v -5.4945316 30.923788 3.1283364
vt 0.00390625 0.99609375
v -5.5107083 31.096867 2.1435616
vt 0.00390625 1.0
v -6.510555 31.100721 2.1606634
vt 0.0 1.0
f 909/909 910/910 911/911 912/912
v -7.422761 31.224083 7.2746296
vt 0.05078125 0.96875
v -6.422915 31.220228 7.257528
vt 0.0546875 0.96875
v -6.5037994 32.08562 2.333653
vt 0.0546875 0.98828125
v -7.5036454 32.089474 2.3507547
vt 0.05078125 0.98828125
f 913/913 914/914 915/915 916/916
v 6.575087 31.17013 7.0352044
vt 0.05078125 0.96875
v 7.574932 31.166275 7.0181026
vt 0.0546875 0.96875
v 7.4940476 32.03167 2.0942278
vt 0.0546875 0.98828125
v 6.4942026 32.035522 2.1113296
vt 0.05078125 0.98828125
f 917/917 918/918 919/919 920/920
v -4.5364604 32.424072 0.3298993
vt 0.0 0.99609375
v -3.5366147 32.420216 0.31279755
vt 0.00390625 0.99609375
v -3.5527916 32.593296 -0.6719775
vt 0.00390625 1.0
v -4.552637 32.59715 -0.65487576
vt 0.0 1.0
f 921/921 922/922 923/923 924/924
v 3.4623086 32.39324 0.19308472
vt 0.0 0.99609375
v 4.4621563 32.389385 0.17598295
vt 0.00390625 0.99609375
v 4.4459796 32.562466 -0.8087921
vt 0.00390625 1.0
v 3.4461317 32.56632 -0.79169035
vt 0.0 1.0
f 925/925 926/926 927/927 928/928
v -5.503953 32.081768 2.3165512
vt 0.0 0.99609375
v -4.5041065 32.077915 2.2994494
vt 0.00390625 0.99609375
v -4.5202837 32.25099 1.3146744
vt 0.00390625 1.0
v -5.52013 32.254845 1.3317764
vt 0.0 1.0
f 929/929 930/930 931/931 932/932
v -4.4070454 31.039442 8.208099
vt 0.0234375 0.99609375
v -3.4071996 31.03559 8.190997
vt 0.02734375 0.99609375
v -3.4233763 31.208668 7.2062225
vt 0.02734375 1.0
v -4.423222 31.21252 7.2233243
vt 0.0234375 1.0
f 933/933 934/934 935/935 936/936
v 3.5917237 31.008612 8.071285
vt 0.0234375 0.99609375
v 4.5915713 31.004759 8.054183
vt 0.02734375 0.99609375
v 4.5753946 31.177837 7.0694084
vt 0.02734375 1.0
v 3.575547 31.18169 7.0865097
vt 0.0234375 1.0
f 937/937 938/938 939/939 940/940
v -3.3842676 31.84741 9.348762
vt 0.00390625 0.7265625
v 3.6146557 31.820435 9.22905
vt 0.00390625 0.75390625
v 3.5984788 31.993513 8.244274
vt 0.0 0.75390625
v -3.4004445 32.02049 8.363987
vt 0.0 0.7265625
f 941/941 942/942 943/943 944/944
v -2.5461905 33.57434 -0.5160899
vt 0.0390625 0.96875
v 2.4530408 33.555073 -0.6015992
vt 0.0390625 0.98828125
v 2.4368641 33.72815 -1.5863738
vt 0.03515625 0.98828125
v -2.5623672 33.74742 -1.500865
vt 0.03515625 0.96875
f 945/945 946/946 947/947 948/948
v -5.5133753 33.239746 1.5047657
vt 0.0 0.99609375
v -4.513529 33.235893 1.487664
vt 0.00390625 0.99609375
v -4.5297055 33.40897 0.5028887
vt 0.00390625 1.0
v -5.529552 33.412827 0.51999044
vt 0.0 1.0
f 949/949 950/950 951/951 952/952
v 4.485088 33.201206 1.3337479
vt 0.0 0.99609375
v 5.484934 33.197353 1.3166461
vt 0.00390625 0.99609375
v 5.468757 33.370434 0.33187056
vt 0.00390625 1.0
v 4.468911 33.374287 0.34897232
vt 0.0 1.0
f 953/953 954/954 955/955 956/956
v -6.41616 32.205128 7.430517
vt 0.0 0.99609375
v -5.4163136 32.201275 7.413416
vt 0.00390625 0.99609375
v -5.432491 32.374355 6.428641
vt 0.00390625 1.0
v -6.4323373 32.37821 6.4457426
vt 0.0 1.0
f 957/957 958/958 959/959 960/960
v 5.5819955 32.158882 7.225296
vt 0.0 0.99609375
v 6.581842 32.15503 7.208194
vt 0.00390625 0.99609375
v 6.565665 32.32811 6.223419
vt 0.00390625 1.0
v 5.5658183 32.331963 6.240521
vt 0.0 1.0
f 961/961 962/962 963/963 964/964
v -3.4004445 32.02049 8.363987
vt 0.0234375 0.99609375
v -2.4005985 32.016636 8.346886
vt 0.02734375 0.99609375
v -2.4167752 32.189713 7.36211
vt 0.02734375 1.0
v -3.4166212 32.19357 7.379212
vt 0.0234375 1.0
f 965/965 966/966 967/967 968/968
v 2.5986328 31.997366 8.261376
vt 0.0234375 0.99609375
v 3.5984788 31.993513 8.244274
vt 0.02734375 0.99609375
v 3.582302 32.16659 7.2594995
vt 0.02734375 1.0
v 2.582456 32.170444 7.2766013
vt 0.0234375 1.0
f 969/969 970/970 971/971 972/972
v -3.5231044 34.39002 0.6587763
vt 0.00390625 0.94921875
v 3.4758189 34.36304 0.53906393
vt 0.00390625 0.9765625
v 3.459642 34.536118 -0.44571114
vt 0.0 0.9765625
v -3.5392814 34.563095 -0.32599878
vt 0.0 0.94921875
f 973/973 974/974 975/975 976/976
v 5.5725737 33.31686 6.4135103
vt 0.0 0.98046875
v 6.57242 33.313007 6.3964086
vt 0.00390625 0.98046875
v 6.4915357 34.1784 1.4725337
vt 0.00390625 1.0
v 5.491689 34.182255 1.4896355
vt 0.0 1.0
f 977/977 978/978 979/979 980/980
v -2.3938434 33.001534 8.519875
vt 0.0078125 0.734375
v 2.605388 32.982265 8.434366
vt 0.0078125 0.75390625
v 2.5892112 33.155346 7.4495907
vt 0.00390625 0.75390625
v -2.41002 33.174614 7.5351
vt 0.00390625 0.734375
f 981/981 982/982 983/983 984/984
v -6.425582 33.363106 6.618732
vt 0.0 0.98046875
v -5.4257355 33.359253 6.60163
vt 0.00390625 0.98046875
v -5.4904428 34.051567 2.6625302
vt 0.00390625 0.99609375
v -6.490289 34.05542 2.679632
vt 0.0 0.99609375
f 985/985 986/986 987/987 988/988
v -6.490289 34.05542 2.679632
vt 0.00390625 0.9921875
v -4.4905963 34.047714 2.6454284
vt 0.00390625 1.0
v -4.5067735 34.220795 1.6606536
vt 0.0 1.0
v -6.5064664 34.2285 1.6948571
vt 0.0 0.9921875
f 989/989 990/990 991/991 992/992
v -5.4095583 33.186176 7.586405
vt 0.01171875 0.984375
v -3.409866 33.178467 7.5522013
vt 0.01171875 0.9921875
v -3.426043 33.351547 6.5674267
vt 0.0078125 0.9921875
v -5.4257355 33.359253 6.60163
vt 0.0078125 0.984375
f 993/993 994/994 995/995 996/996
v 3.5890572 33.15149 7.432489
vt 0.01171875 0.98828125
v 5.588751 33.143784 7.3982854
vt 0.01171875 0.99609375
v 5.5725737 33.31686 6.4135103
vt 0.0078125 0.99609375
v 3.5728803 33.32457 6.447714
vt 0.0078125 0.98828125
f 997/997 998/998 999/999 1000/1000
v -4.5067735 34.220795 1.6606536
vt 0.0 0.99609375
v -3.5069275 34.216938 1.6435518
vt 0.00390625 0.99609375
v -3.5231044 34.39002 0.6587763
vt 0.00390625 1.0
v -4.52295 34.39387 0.67587805
vt 0.0 1.0
f 1001/1001 1002/1002 1003/1003 1004/1004
v 3.4919958 34.18996 1.523839
vt 0.0 0.99609375
v 4.491843 34.186108 1.5067372
vt 0.00390625 0.99609375
v 4.4756665 34.359184 0.52196217
vt 0.00390625 1.0
v 3.4758189 34.36304 0.53906393
vt 0.0 1.0
f 1005/1005 1006/1006 1007/1007 1008/1008
v 4.5080204 34.01303 2.491512
vt 0.0 0.99609375
v 5.5078664 34.009174 2.4744103
vt 0.00390625 0.99609375
v 5.491689 34.182255 1.4896355
vt 0.00390625 1.0
v 4.491843 34.186108 1.5067372
vt 0.0 1.0
f 1009/1009 1010/1010 1011/1011 1012/1012
v -3.5001724 35.20184 1.8165412
vt 0.00390625 0.94921875
v 3.498751 35.174862 1.6968286
vt 0.00390625 0.9765625
v 3.482574 35.34794 0.7120533
vt 0.0 0.9765625
v -3.5163493 35.374916 0.83176565
vt 0.0 0.94921875
f 1013/1013 1014/1014 1015/1015 1016/1016
v -5.4189806 34.344154 6.7746196
vt 0.0 0.984375
v -4.419134 34.3403 6.757518
vt 0.00390625 0.984375
v -4.4838414 35.032616 2.8184178
vt 0.00390625 1.0
v -5.483688 35.03647 2.8355196
vt 0.0 1.0
f 1017/1017 1018/1018 1019/1019 1020/1020
v 4.5794826 34.305614 6.6036015
vt 0.0 0.984375
v 5.5793285 34.30176 6.5865
vt 0.00390625 0.984375
v 5.5146213 34.994076 2.6474
vt 0.00390625 1.0
v 4.5147753 34.99793 2.6645017
vt 0.0 1.0
f 1021/1021 1022/1022 1023/1023 1024/1024
v -4.4838414 35.032616 2.8184178
vt 0.0 0.99609375
v -3.4839954 35.02876 2.801316
vt 0.00390625 0.99609375
v -3.5001724 35.20184 1.8165412
vt 0.00390625 1.0
v -4.5000186 35.205692 1.833643
vt 0.0 1.0
f 1025/1025 1026/1026 1027/1027 1028/1028
v 3.5149279 35.001785 2.6816034
vt 0.0 0.99609375
v 4.5147753 34.99793 2.6645017
vt 0.00390625 0.99609375
v 4.498598 35.17101 1.6797268
vt 0.00390625 1.0
v 3.498751 35.174862 1.6968286
vt 0.0 1.0
f 1029/1029 1030/1030 1031/1031 1032/1032
v -3.403111 34.16337 7.725191
vt 0.0 0.99609375
v -2.403265 34.159515 7.708089
vt 0.00390625 0.99609375
v -2.419442 34.332592 6.7233143
vt 0.00390625 1.0
v -3.419288 34.336445 6.740416
vt 0.0 1.0
f 1033/1033 1034/1034 1035/1035 1036/1036
v 2.5959663 34.140244 7.62258
vt 0.0 0.99609375
v 3.5958123 34.13639 7.6054783
vt 0.00390625 0.99609375
v 3.5796354 34.30947 6.6207037
vt 0.00390625 1.0
v 2.5797894 34.313324 6.637805
vt 0.0 1.0
f 1037/1037 1038/1038 1039/1039 1040/1040
v -4.412379 35.325203 6.9305077
vt 0.0 0.7109375
v -2.4126868 35.317493 6.896304
vt 0.0078125 0.7109375
v -2.4773943 36.009808 2.9572039
vt 0.0078125 0.7265625
v -4.477086 36.017517 2.9914074
vt 0.0 0.7265625
f 1041/1041 1042/1042 1043/1043 1044/1044
v 2.5865445 35.298225 6.810795
vt 0.0 0.82421875
v 4.586238 35.290516 6.7765913
vt 0.0078125 0.82421875
v 4.5215306 35.98283 2.8374913
vt 0.0078125 0.83984375
v 2.521837 35.99054 2.8716948
vt 0.0 0.83984375
f 1045/1045 1046/1046 1047/1047 1048/1048
v -3.4772403 36.01366 2.9743056
vt 0.00390625 0.94921875
v 3.521683 35.986687 2.854593
vt 0.00390625 0.9765625
v 3.505506 36.159763 1.8698182
vt 0.0 0.9765625
v -3.4934173 36.18674 1.989531
vt 0.0 0.94921875
f 1049/1049 1050/1050 1051/1051 1052/1052
v -2.39651 35.144417 7.8810787
vt 0.0390625 0.96875
v 2.6027215 35.125145 7.79557
vt 0.0390625 0.98828125
v 2.5865445 35.298225 6.810795
vt 0.03515625 0.98828125
v -2.4126868 35.317493 6.896304
vt 0.03515625 0.96875
f 1053/1053 1054/1054 1055/1055 1056/1056
v -2.4059317 36.302395 7.0692935
vt 0.0703125 0.96875
v 2.5932996 36.283127 6.9837847
vt 0.0703125 0.98828125
v 2.528592 36.97544 3.0446844
vt 0.0546875 0.98828125
v -2.4706392 36.99471 3.1301935
vt 0.0546875 0.96875
f 1057/1057 1058/1058 1059/1059 1060/1060
v -2.5623672 33.74742 -1.500865
vt 0.01953125 0.91796875
v 2.4368641 33.72815 -1.5863738
vt 0.0390625 0.91796875
v 2.3963337 27.81875 -2.624311
vt 0.0390625 0.94140625
v -2.6028976 27.838018 -2.5388021
vt 0.01953125 0.94140625
f 1061/1061 1062/1062 1063/1063 1064/1064
v -3.5757234 31.781473 -1.8297424
vt 0.0 0.98828125
v -2.5758774 31.77762 -1.8468442
vt 0.00390625 0.98828125
v -2.5961425 28.822918 -2.3658128
vt 0.00390625 1.0
v -3.5959885 28.826773 -2.348711
vt 0.0 1.0
f 1065/1065 1066/1066 1067/1067 1068/1068
v 2.423354 31.75835 -1.932353
vt 0.0 0.98828125
v 3.4232 31.754498 -1.9494548
vt 0.00390625 0.98828125
v 3.4029348 28.799795 -2.4684234
vt 0.00390625 1.0
v 2.4030888 28.80365 -2.4513216
vt 0.0 1.0
f 1069/1069 1070/1070 1071/1071 1072/1072
v -3.586567 27.668795 -1.5369253
vt 0.00390625 0.94921875
v 3.4123564 27.641817 -1.6566377
vt 0.00390625 0.9765625
v 3.4056013 26.656918 -1.8296275
vt 0.0 0.9765625
v -3.593322 26.683893 -1.7099147
vt 0.0 0.94921875
f 1073/1073 1074/1074 1075/1075 1076/1076
v -3.5392814 34.563095 -0.32599878
vt 0.00390625 0.94921875
v 3.459642 34.536118 -0.44571114
vt 0.00390625 0.9765625
v 3.4528868 33.55122 -0.618701
vt 0.0 0.9765625
v -3.5460365 33.578194 -0.49898815
vt 0.0 0.94921875
f 1077/1077 1078/1078 1079/1079 1080/1080
v 3.4461317 32.56632 -0.79169035
vt 0.03515625 0.96875
v 4.4459796 32.562466 -0.8087921
vt 0.0390625 0.96875
v 4.412204 27.637964 -1.6737399
vt 0.0390625 0.98828125
v 3.4123564 27.641817 -1.6566377
vt 0.03515625 0.98828125
f 1081/1081 1082/1082 1083/1083 1084/1084
v -4.552637 32.59715 -0.65487576
vt 0.0 0.984375
v -3.5527916 32.593296 -0.6719775
vt 0.00390625 0.984375
v -3.5798118 28.653694 -1.363936
vt 0.00390625 1.0
v -4.5796576 28.657549 -1.3468342
vt 0.0 1.0
f 1085/1085 1086/1086 1087/1087 1088/1088
v -4.5796576 28.657549 -1.3468342
vt 0.00390625 0.9921875
v -2.5799658 28.649841 -1.3810377
vt 0.00390625 1.0
v -2.586721 27.66494 -1.5540271
vt 0.0 1.0
v -4.586413 27.672647 -1.5198236
vt 0.0 0.9921875
f 1089/1089 1090/1090 1091/1091 1092/1092
v -3.5460365 33.578194 -0.49898815
vt 0.0 0.9921875
v -2.5461905 33.57434 -0.5160899
vt 0.00390625 0.9921875
v -2.5597007 31.604542 -0.86206913
vt 0.00390625 1.0
v -3.5595467 31.608395 -0.84496737
vt 0.0 1.0
f 1093/1093 1094/1094 1095/1095 1096/1096
v 2.4530408 33.555073 -0.6015992
vt 0.0 0.9921875
v 3.4528868 33.55122 -0.618701
vt 0.00390625 0.9921875
v 3.4393766 31.581419 -0.9646797
vt 0.00390625 1.0
v 2.4395306 31.585272 -0.94757795
vt 0.0 1.0
f 1097/1097 1098/1098 1099/1099 1100/1100
v 2.4192655 28.630571 -1.4665465
vt 0.0 0.99609375
v 3.4191115 28.626717 -1.4836483
vt 0.00390625 0.99609375
v 3.4123564 27.641817 -1.6566377
vt 0.00390625 1.0
v 2.4125104 27.645672 -1.6395359
vt 0.0 1.0
f 1101/1101 1102/1102 1103/1103 1104/1104
v -3.577145 26.510815 -0.7251396
vt 0.00390625 0.94921875
v 3.4217782 26.483839 -0.84485245
vt 0.00390625 0.9765625
v 3.415023 25.49894 -1.0178418
vt 0.0 0.9765625
v -3.5839002 25.525915 -0.89812946
vt 0.0 0.94921875
f 1105/1105 1106/1106 1107/1107 1108/1108
v 4.468911 33.374287 0.34897232
vt 0.0 0.94921875
v 5.468757 33.370434 0.33187056
vt 0.00390625 0.94921875
v 5.4214716 26.476131 -0.879056
vt 0.00390625 0.9765625
v 4.4216256 26.479984 -0.8619542
vt 0.0 0.9765625
f 1109/1109 1110/1110 1111/1111 1112/1112
v -3.5163493 35.374916 0.83176565
vt 0.00390625 0.94921875
v 3.482574 35.34794 0.7120533
vt 0.00390625 0.9765625
v 3.4758189 34.36304 0.53906393
vt 0.0 0.9765625
v -3.5231044 34.39002 0.6587763
vt 0.0 0.94921875
f 1113/1113 1114/1114 1115/1115 1116/1116
v -5.529552 33.412827 0.51999044
vt 0.0 0.953125
v -4.5297055 33.40897 0.5028887
vt 0.00390625 0.953125
v -4.570236 27.499569 -0.5350485
vt 0.00390625 0.9765625
v -5.5700827 27.503424 -0.5179467
vt 0.0 0.9765625
f 1117/1117 1118/1118 1119/1119 1120/1120
v -5.5700827 27.503424 -0.5179467
vt 0.00390625 0.9921875
v -3.57039 27.495716 -0.55215025
vt 0.00390625 1.0
v -3.577145 26.510815 -0.7251396
vt 0.0 1.0
v -5.5768375 26.518522 -0.6909361
vt 0.0 0.9921875
f 1121/1121 1122/1122 1123/1123 1124/1124
v -4.52295 34.39387 0.67587805
vt 0.0 0.9921875
v -3.5231044 34.39002 0.6587763
vt 0.00390625 0.9921875
v -3.5366147 32.420216 0.31279755
vt 0.00390625 1.0
v -4.5364604 32.424072 0.3298993
vt 0.0 1.0
f 1125/1125 1126/1126 1127/1127 1128/1128
v 3.4758189 34.36304 0.53906393
vt 0.0 0.9921875
v 4.4756665 34.359184 0.52196217
vt 0.00390625 0.9921875
v 4.4621563 32.389385 0.17598295
vt 0.00390625 1.0
v 3.4623086 32.39324 0.19308472
vt 0.0 1.0
f 1129/1129 1130/1130 1131/1131 1132/1132
v 3.4285333 27.468739 -0.6718626
vt 0.0 0.99609375
v 4.4283805 27.464886 -0.68896437
vt 0.00390625 0.99609375
v 4.4216256 26.479984 -0.8619542
vt 0.00390625 1.0
v 3.4217782 26.483839 -0.84485245
vt 0.0 1.0
f 1133/1133 1134/1134 1135/1135 1136/1136
v -6.5064664 34.2285 1.6948571
vt 0.0 0.94921875
v -5.50662 34.224648 1.6777554
vt 0.00390625 0.94921875
v -5.553906 27.330345 0.46682882
vt 0.00390625 0.9765625
v -6.5537524 27.334198 0.4839306
vt 0.0 0.9765625
f 1137/1137 1138/1138 1139/1139 1140/1140
v 5.491689 34.182255 1.4896355
vt 0.0 0.94921875
v 6.4915357 34.1784 1.4725337
vt 0.00390625 0.94921875
v 6.4442496 27.2841 0.26160717
vt 0.00390625 0.9765625
v 5.444403 27.287952 0.27870893
vt 0.0 0.9765625
f 1141/1141 1142/1142 1143/1143 1144/1144
v -3.4934173 36.18674 1.989531
vt 0.00390625 0.94921875
v 3.505506 36.159763 1.8698182
vt 0.00390625 0.9765625
v 3.498751 35.174862 1.6968286
vt 0.0 0.9765625
v -3.5001724 35.20184 1.8165412
vt 0.0 0.94921875
f 1145/1145 1146/1146 1147/1147 1148/1148
v -4.5608144 26.34159 0.2767377
vt 0.0 0.99609375
v -3.5609682 26.337736 0.25963545
vt 0.00390625 0.99609375
v -3.5677233 25.352837 0.08664608
vt 0.00390625 1.0
v -4.5675697 25.35669 0.103747845
vt 0.0 1.0
f 1149/1149 1150/1150 1151/1151 1152/1152
v 3.4379551 26.31076 0.1399231
vt 0.0 0.99609375
v 4.4378023 26.306906 0.12282133
vt 0.00390625 0.99609375
v 4.431047 25.322006 -0.050168514
vt 0.00390625 1.0
v 3.4312 25.32586 -0.03306675
vt 0.0 1.0
f 1153/1153 1154/1154 1155/1155 1156/1156
v -5.50662 34.224648 1.6777554
vt 0.0 0.99609375
v -4.5067735 34.220795 1.6606536
vt 0.00390625 0.99609375
v -4.513529 33.235893 1.487664
vt 0.00390625 1.0
v -5.5133753 33.239746 1.5047657
vt 0.0 1.0
f 1157/1157 1158/1158 1159/1159 1160/1160
v 4.491843 34.186108 1.5067372
vt 0.0 0.99609375
v 5.491689 34.182255 1.4896355
vt 0.00390625 0.99609375
v 5.484934 33.197353 1.3166461
vt 0.00390625 1.0
v 4.485088 33.201206 1.3337479
vt 0.0 1.0
f 1161/1161 1162/1162 1163/1163 1164/1164
v -4.5000186 35.205692 1.833643
vt 0.0 0.99609375
v -3.5001724 35.20184 1.8165412
vt 0.00390625 0.99609375
v -3.5069275 34.216938 1.6435518
vt 0.00390625 1.0
v -4.5067735 34.220795 1.6606536
vt 0.0 1.0
f 1165/1165 1166/1166 1167/1167 1168/1168
v 3.498751 35.174862 1.6968286
vt 0.0 0.99609375
v 4.498598 35.17101 1.6797268
vt 0.00390625 0.99609375
v 4.491843 34.186108 1.5067372
vt 0.00390625 1.0
v 3.4919958 34.18996 1.523839
vt 0.0 1.0
f 1169/1169 1170/1170 1171/1171 1172/1172
v -3.5515463 25.179758 1.0714209
vt 0.00390625 0.94921875
v 3.447377 25.152782 0.9517083
vt 0.00390625 0.9765625
v 3.4406219 24.167881 0.7787185
vt 0.0 0.9765625
v -3.5583014 24.194859 0.8984313
vt 0.0 0.94921875
f 1173/1173 1174/1174 1175/1175 1176/1176
v -7.5036454 32.089474 2.3507547
vt 0.0 0.69140625
v -6.5037994 32.08562 2.333653
vt 0.00390625 0.69140625
v -6.5375752 27.161121 1.4687054
vt 0.00390625 0.7109375
v -7.537421 27.164974 1.4858072
vt 0.0 0.7109375
f 1177/1177 1178/1178 1179/1179 1180/1180
v 6.4942026 32.035522 2.1113296
vt 0.0 0.69140625
v 7.4940476 32.03167 2.0942278
vt 0.00390625 0.69140625
v 7.460272 27.107166 1.22928
vt 0.00390625 0.7109375
v 6.460427 27.111021 1.246382
vt 0.0 0.7109375
f 1181/1181 1182/1182 1183/1183 1184/1184
v -2.4706392 36.99471 3.1301935
vt 0.0390625 0.96875
v 2.528592 36.97544 3.0446844
vt 0.0390625 0.98828125
v 2.521837 35.99054 2.8716948
vt 0.03515625 0.98828125
v -2.4773943 36.009808 2.9572039
vt 0.03515625 0.96875
f 1185/1185 1186/1186 1187/1187 1188/1188
v -5.5444837 26.172367 1.278614
vt 0.0 0.99609375
v -4.544637 26.168512 1.2615123
vt 0.00390625 0.99609375
v -4.5513926 25.183613 1.0885227
vt 0.00390625 1.0
v -5.551239 25.187466 1.1056244
vt 0.0 1.0
f 1189/1189 1190/1190 1191/1191 1192/1192
v 4.4539795 26.133827 1.1075959
vt 0.0 0.99609375
v 5.4538255 26.129974 1.0904942
vt 0.00390625 0.99609375
v 5.44707 25.145073 0.9175048
vt 0.00390625 1.0
v 4.447224 25.148928 0.93460655
vt 0.0 1.0
f 1193/1193 1194/1194 1195/1195 1196/1196
v -6.5375752 27.161121 1.4687054
vt 0.0 0.99609375
v -5.537729 27.157267 1.4516034
vt 0.00390625 0.99609375
v -5.5444837 26.172367 1.278614
vt 0.00390625 1.0
v -6.54433 26.17622 1.2957158
vt 0.0 1.0
f 1197/1197 1198/1198 1199/1199 1200/1200
v 5.4605803 27.114874 1.2634838
vt 0.0 0.99609375
v 6.460427 27.111021 1.246382
vt 0.00390625 0.99609375
v 6.453672 26.126122 1.0733924
vt 0.00390625 1.0
v 5.4538255 26.129974 1.0904942
vt 0.0 1.0
f 1201/1201 1202/1202 1203/1203 1204/1204
v -5.497198 33.06667 2.4895406
vt 0.0 0.99609375
v -4.4973516 33.062813 2.4724388
vt 0.00390625 0.99609375
v -4.5041065 32.077915 2.2994494
vt 0.00390625 1.0
v -5.503953 32.081768 2.3165512
vt 0.0 1.0
f 1205/1205 1206/1206 1207/1207 1208/1208
v -5.483688 35.03647 2.8355196
vt 0.0 0.99609375
v -4.4838414 35.032616 2.8184178
vt 0.00390625 0.99609375
v -4.4905963 34.047714 2.6454284
vt 0.00390625 1.0
v -5.4904428 34.051567 2.6625302
vt 0.0 1.0
f 1209/1209 1210/1210 1211/1211 1212/1212
v 4.5147753 34.99793 2.6645017
vt 0.0 0.99609375
v 5.5146213 34.994076 2.6474
vt 0.00390625 0.99609375
v 5.5078664 34.009174 2.4744103
vt 0.00390625 1.0
v 4.5080204 34.01303 2.491512
vt 0.0 1.0
f 1213/1213 1214/1214 1215/1215 1216/1216
v -4.477086 36.017517 2.9914074
vt 0.0 0.99609375
v -3.4772403 36.01366 2.9743056
vt 0.00390625 0.99609375
v -3.4839954 35.02876 2.801316
vt 0.00390625 1.0
v -4.4838414 35.032616 2.8184178
vt 0.0 1.0
f 1217/1217 1218/1218 1219/1219 1220/1220
v 3.521683 35.986687 2.854593
vt 0.0 0.99609375
v 4.5215306 35.98283 2.8374913
vt 0.00390625 0.99609375
v 4.5147753 34.99793 2.6645017
vt 0.00390625 1.0
v 3.5149279 35.001785 2.6816034
vt 0.0 1.0
f 1221/1221 1222/1222 1223/1223 1224/1224
v -6.4876227 31.912542 3.318428
vt 0.0 0.99609375
v -5.4877763 31.90869 3.301326
vt 0.00390625 0.99609375
v -5.4945316 30.923788 3.1283364
vt 0.00390625 1.0
v -6.494378 30.927643 3.1454384
vt 0.0 1.0
f 1225/1225 1226/1226 1227/1227 1228/1228
v -5.52013 32.254845 1.3317764
vt 0.0 1.0
v -4.5202837 32.25099 1.3146744
vt 0.00390625 1.0
v -4.513529 33.235893 1.487664
vt 0.00390625 0.99609375
v -5.5133753 33.239746 1.5047657
vt 0.0 0.99609375
f 1229/1229 1230/1230 1231/1231 1232/1232
v -6.510555 31.100721 2.1606634
vt 0.0 1.0
v -5.5107083 31.096867 2.1435616
vt 0.00390625 1.0
v -5.503953 32.081768 2.3165512
vt 0.00390625 0.99609375
v -6.5037994 32.08562 2.333653
vt 0.0 0.99609375
f 1233/1233 1234/1234 1235/1235 1236/1236
v -2.4126868 35.317493 6.896304
vt 0.06640625 0.96875
v 2.5865445 35.298225 6.810795
vt 0.06640625 0.98828125
v 2.5932996 36.283127 6.9837847
vt 0.0703125 0.98828125
v -2.4059317 36.302395 7.0692935
vt 0.0703125 0.96875
f 1237/1237 1238/1238 1239/1239 1240/1240
v -5.4257355 33.359253 6.60163
vt 0.0 0.9921875
v -3.426043 33.351547 6.5674267
vt 0.0 1.0
v -3.419288 34.336445 6.740416
vt 0.00390625 1.0
v -5.4189806 34.344154 6.7746196
vt 0.00390625 0.9921875
f 1241/1241 1242/1242 1243/1243 1244/1244
v 3.5728803 33.32457 6.447714
vt 0.0 0.9921875
v 5.5725737 33.31686 6.4135103
vt 0.0 1.0
v 5.5793285 34.30176 6.5865
vt 0.00390625 1.0
v 3.5796354 34.30947 6.6207037
vt 0.00390625 0.9921875
f 1245/1245 1246/1246 1247/1247 1248/1248
v -4.419134 34.3403 6.757518
vt 0.0 0.98046875
v -2.419442 34.332592 6.7233143
vt 0.0 0.98828125
v -2.4126868 35.317493 6.896304
vt 0.00390625 0.98828125
v -4.412379 35.325203 6.9305077
vt 0.00390625 0.98046875
f 1249/1249 1250/1250 1251/1251 1252/1252
v 2.5797894 34.313324 6.637805
vt 0.04296875 0.98046875
v 4.5794826 34.305614 6.6036015
vt 0.04296875 0.98828125
v 4.586238 35.290516 6.7765913
vt 0.046875 0.98828125
v 2.5865445 35.298225 6.810795
vt 0.046875 0.98046875
f 1253/1253 1254/1254 1255/1255 1256/1256
v -5.4865317 24.495152 5.0447245
vt 0.0 1.0
v -4.4866853 24.491299 5.0276227
vt 0.00390625 1.0
v -4.47993 25.476198 5.2006125
vt 0.00390625 0.99609375
v -5.4797764 25.480053 5.2177143
vt 0.0 0.99609375
f 1257/1257 1258/1258 1259/1259 1260/1260
v -6.4323373 32.37821 6.4457426
vt 0.00390625 1.0
v -5.432491 32.374355 6.428641
vt 0.0078125 1.0
v -5.4257355 33.359253 6.60163
vt 0.0078125 0.99609375
v -6.425582 33.363106 6.618732
vt 0.00390625 0.99609375
f 1261/1261 1262/1262 1263/1263 1264/1264
v 5.5658183 32.331963 6.240521
vt 0.00390625 1.0
v 6.565665 32.32811 6.223419
vt 0.0078125 1.0
v 6.57242 33.313007 6.3964086
vt 0.0078125 0.99609375
v 5.5725737 33.31686 6.4135103
vt 0.00390625 0.99609375
f 1265/1265 1266/1266 1267/1267 1268/1268
v -7.456537 26.299582 6.4096823
vt 0.0078125 0.953125
v -4.456998 26.288021 6.3583765
vt 0.01953125 0.953125
v -4.423222 31.21252 7.2233243
vt 0.01953125 0.93359375
v -7.422761 31.224083 7.2746296
vt 0.0078125 0.93359375
f 1269/1269 1270/1270 1271/1271 1272/1272
v 4.541619 26.253336 6.2044606
vt 0.0078125 0.93359375
v 7.5411563 26.241774 6.1531553
vt 0.01953125 0.93359375
v 7.574932 31.166275 7.0181026
vt 0.01953125 0.9140625
v 4.5753946 31.177837 7.0694084
vt 0.0078125 0.9140625
f 1273/1273 1274/1274 1275/1275 1276/1276
v -3.477417 23.329464 5.822306
vt 0.03515625 0.94140625
v 3.5215063 23.302488 5.702594
vt 0.03515625 0.96875
v 3.5282614 24.287388 5.875583
vt 0.0390625 0.96875
v -3.4706619 24.314365 5.9952955
vt 0.0390625 0.94140625
f 1277/1277 1278/1278 1279/1279 1280/1280
v -3.409866 33.178467 7.5522013
vt 0.0 0.6640625
v 3.5890572 33.15149 7.432489
vt 0.0 0.69140625
v 3.5958123 34.13639 7.6054783
vt 0.00390625 0.69140625
v -3.403111 34.16337 7.725191
vt 0.00390625 0.6640625
f 1281/1281 1282/1282 1283/1283 1284/1284
v -2.403265 34.159515 7.708089
vt 0.03515625 0.96875
v 2.5959663 34.140244 7.62258
vt 0.03515625 0.98828125
v 2.6027215 35.125145 7.79557
vt 0.0390625 0.98828125
v -2.39651 35.144417 7.8810787
vt 0.0390625 0.96875
f 1285/1285 1286/1286 1287/1287 1288/1288
v -5.4230685 31.216375 7.240426
vt 0.0 0.98046875
v -3.4233763 31.208668 7.2062225
vt 0.0078125 0.98046875
v -3.409866 33.178467 7.5522013
vt 0.0078125 0.97265625
v -5.4095583 33.186176 7.586405
vt 0.0 0.97265625
f 1289/1289 1290/1290 1291/1291 1292/1292
v 3.575547 31.18169 7.0865097
vt 0.0078125 0.96484375
v 6.575087 31.17013 7.0352044
vt 0.0078125 0.9765625
v 6.581842 32.15503 7.208194
vt 0.01171875 0.9765625
v 3.582302 32.16659 7.2594995
vt 0.01171875 0.96484375
f 1293/1293 1294/1294 1295/1295 1296/1296
v 2.582456 32.170444 7.2766013
vt 0.00390625 0.77734375
v 5.5819955 32.158882 7.225296
vt 0.00390625 0.7890625
v 5.588751 33.143784 7.3982854
vt 0.0078125 0.7890625
v 2.5892112 33.155346 7.4495907
vt 0.0078125 0.77734375
f 1297/1297 1298/1298 1299/1299 1300/1300
v 3.5282614 24.287388 5.875583
vt 0.0 0.9921875
v 5.5279546 24.279682 5.8413796
vt 0.0 1.0
v 5.53471 25.264582 6.014369
vt 0.00390625 1.0
v 3.5350165 25.27229 6.0485725
vt 0.00390625 0.9921875
f 1301/1301 1302/1302 1303/1303 1304/1304
v -6.4634457 25.310827 6.219591
vt 0.0 0.72265625
v -4.4637527 25.30312 6.185387
vt 0.0 0.73046875
v -4.456998 26.288021 6.3583765
vt 0.00390625 0.73046875
v -6.456691 26.295729 6.39258
vt 0.00390625 0.72265625
f 1305/1305 1306/1306 1307/1307 1308/1308
v 4.534864 25.268436 6.0314713
vt 0.0078125 0.9296875
v 6.5345564 25.260727 5.9972677
vt 0.0078125 0.9375
v 6.5413113 26.245628 6.1702566
vt 0.01171875 0.9375
v 4.541619 26.253336 6.2044606
vt 0.01171875 0.9296875
f 1309/1309 1310/1310 1311/1311 1312/1312
v -4.470508 24.318218 6.012398
vt 0.0 1.0
v -3.4706619 24.314365 5.9952955
vt 0.00390625 1.0
v -3.4639068 25.299267 6.1682854
vt 0.00390625 0.99609375
v -4.4637527 25.30312 6.185387
vt 0.0 0.99609375
f 1313/1313 1314/1314 1315/1315 1316/1316
v -6.422915 31.220228 7.257528
vt 0.0 1.0
v -5.4230685 31.216375 7.240426
vt 0.00390625 1.0
v -5.4163136 32.201275 7.413416
vt 0.00390625 0.99609375
v -6.41616 32.205128 7.430517
vt 0.0 0.99609375
f 1317/1317 1318/1318 1319/1319 1320/1320
v -3.4166212 32.19357 7.379212
vt 0.01953125 1.0
v -2.4167752 32.189713 7.36211
vt 0.0234375 1.0
v -2.41002 33.174614 7.5351
vt 0.0234375 0.99609375
v -3.409866 33.178467 7.5522013
vt 0.01953125 0.99609375
f 1321/1321 1322/1322 1323/1323 1324/1324
v -4.447576 25.130041 7.170162
vt 0.0 0.82421875
v -3.44773 25.126186 7.1530604
vt 0.00390625 0.82421875
v -3.4071996 31.03559 8.190997
vt 0.00390625 0.80078125
v -4.4070454 31.039442 8.208099
vt 0.0 0.80078125
f 1325/1325 1326/1326 1327/1327 1328/1328
v 3.5511932 25.09921 7.033348
vt 0.0 0.82421875
v 4.5510406 25.095356 7.016246
vt 0.00390625 0.82421875
v 4.5915713 31.004759 8.054183
vt 0.00390625 0.80078125
v 3.5917237 31.008612 8.071285
vt 0.0 0.80078125
f 1329/1329 1330/1330 1331/1331 1332/1332
v -2.4005985 32.016636 8.346886
vt 0.00390625 0.734375
v 2.5986328 31.997366 8.261376
vt 0.00390625 0.75390625
v 2.605388 32.982265 8.434366
vt 0.0078125 0.75390625
v -2.3938434 33.001534 8.519875
vt 0.0078125 0.734375
f 1333/1333 1334/1334 1335/1335 1336/1336
v -3.4544852 24.141287 6.980071
vt 0.01953125 1.0
v -2.4546392 24.137432 6.962969
vt 0.0234375 1.0
v -2.447884 25.122334 7.1359587
vt 0.0234375 0.99609375
v -3.44773 25.126186 7.1530604
vt 0.01953125 0.99609375
f 1337/1337 1338/1338 1339/1339 1340/1340
v 2.5445921 24.118164 6.87746
vt 0.01953125 1.0
v 3.5444381 24.114311 6.860358
vt 0.0234375 1.0
v 3.5511932 25.09921 7.033348
vt 0.0234375 0.99609375
v 2.5513473 25.103065 7.0504494
vt 0.01953125 0.99609375
f 1341/1341 1342/1342 1343/1343 1344/1344
v -3.4112878 27.90781 8.656803
vt 0.01953125 0.890625
v 3.5876355 27.880833 8.537091
vt 0.01953125 0.91796875
v 3.6146557 31.820435 9.22905
vt 0.03515625 0.91796875
v -3.3842676 31.84741 9.348762
vt 0.03515625 0.890625
f 1345/1345 1346/1346 1347/1347 1348/1348
v -3.4315531 24.95311 8.1378355
vt 0.015625 0.953125
v -2.4317071 24.949255 8.120733
vt 0.01953125 0.953125
v -2.4114418 27.903955 8.639702
vt 0.01953125 0.94140625
v -3.4112878 27.90781 8.656803
vt 0.015625 0.94140625
f 1349/1349 1350/1350 1351/1351 1352/1352
v 2.5675242 24.929987 8.035225
vt 0.015625 0.953125
v 3.5673702 24.926132 8.018123
vt 0.01953125 0.953125
v 3.5876355 27.880833 8.537091
vt 0.01953125 0.94140625
v 2.5877895 27.884687 8.5541935
vt 0.015625 0.94140625
f 1353/1353 1354/1354 1355/1355 1356/1356
v -2.4384623 23.964355 7.947744
vt 0.01953125 1.0
v -1.4386154 23.9605 7.930642
vt 0.0234375 1.0
v -1.4318604 24.945402 8.103632
vt 0.0234375 0.99609375
v -2.4317071 24.949255 8.120733
vt 0.01953125 0.99609375
f 1357/1357 1358/1358 1359/1359 1360/1360
v 1.560923 23.94894 7.8793364
vt 0.01953125 1.0
v 2.560769 23.945086 7.862235
vt 0.0234375 1.0
v 2.5675242 24.929987 8.035225
vt 0.0234375 0.99609375
v 1.567678 24.93384 8.052326
vt 0.01953125 0.99609375
f 1361/1361 1362/1362 1363/1363 1364/1364
v -2.418197 26.919056 8.466713
vt 0.0234375 1.0
v -1.4183502 26.915201 8.449611
vt 0.02734375 1.0
v -1.4115951 27.900103 8.622601
vt 0.02734375 0.99609375
v -2.4114418 27.903955 8.639702
vt 0.0234375 0.99609375
f 1365/1365 1366/1366 1367/1367 1368/1368
v 1.5811882 26.90364 8.398305
vt 0.0234375 1.0
v 2.5810344 26.899786 8.381204
vt 0.02734375 1.0
v 2.5877895 27.884687 8.5541935
vt 0.02734375 0.99609375
v 1.5879433 27.88854 8.571295
vt 0.0234375 0.99609375
f 1369/1369 1370/1370 1371/1371 1372/1372
v -1.4062617 23.614344 9.900192
vt 0.03515625 0.95703125
v 1.5932767 23.602783 9.848887
vt 0.03515625 0.96875
v 1.6000317 24.587683 10.021877
vt 0.0390625 0.96875
v -1.3995067 24.599243 10.073183
vt 0.0390625 0.95703125
f 1373/1373 1374/1374 1375/1375 1376/1376
v -2.3993533 24.603098 10.090284
vt 0.01953125 1.0
v -1.3995067 24.599243 10.073183
vt 0.0234375 1.0
v -1.3859965 26.569044 10.419161
vt 0.0234375 0.9921875
v -2.385843 26.572899 10.436263
vt 0.01953125 0.9921875
f 1377/1377 1378/1378 1379/1379 1380/1380
v 1.6000317 24.587683 10.021877
vt 0.01953125 1.0
v 2.599878 24.583828 10.004775
vt 0.0234375 1.0
v 2.6133883 26.553629 10.350754
vt 0.0234375 0.9921875
v 1.613542 26.557484 10.367856
vt 0.01953125 0.9921875
f 1381/1381 1382/1382 1383/1383 1384/1384
v -1.3833297 24.426167 11.057958
vt 0.03125 1.0
v 1.6162087 24.414604 11.006653
vt 0.04296875 1.0
v 1.636474 27.369305 11.52562
vt 0.04296875 0.98828125
v -1.3630644 27.380867 11.576926
vt 0.03125 0.98828125
f 1385/1385 1386/1386 1387/1387 1388/1388
v -2.6969225 18.74241 12.562844
vt 0.02734375 0.90234375
v -4.6515503 15.279497 12.996038
vt 0.02734375 0.91796875
v -3.198252 14.334421 11.998665
vt 0.01953125 0.91796875
v -1.243624 17.797335 11.565472
vt 0.01953125 0.90234375
f 1389/1389 1390/1390 1391/1391 1392/1392
v -2.2094288 18.12732 9.845491
vt 0.0078125 0.6953125
v -4.164057 14.664405 10.278686
vt 0.0078125 0.7109375
v -3.4374075 14.191868 9.779999
vt 0.00390625 0.7109375
v -1.4827795 17.654781 9.346805
vt 0.00390625 0.6953125
f 1393/1393 1394/1394 1395/1395 1396/1396
v -2.447421 19.465584 10.235879
vt 0.0234375 0.99609375
v -2.936078 18.599855 10.344178
vt 0.02734375 0.99609375
v -2.2094288 18.12732 9.845491
vt 0.02734375 1.0
v -1.7207718 18.993046 9.737193
vt 0.0234375 1.0
f 1397/1397 1398/1398 1399/1399 1400/1400
v -2.4485843 17.984764 7.6268244
vt 0.0078125 0.8984375
v -4.4032125 14.521851 8.060019
vt 0.0078125 0.9140625
v -6.5831604 15.939465 9.556078
vt 0.01953125 0.9140625
v -4.6285324 19.402378 9.122885
vt 0.01953125 0.8984375
f 1401/1401 1402/1402 1403/1403 1404/1404
v -2.6865766 19.32303 8.017213
vt 0.0234375 1.0
v -3.1752336 18.457302 8.125511
vt 0.02734375 1.0
v -3.901883 18.92984 8.624198
vt 0.02734375 0.99609375
v -3.413226 19.795568 8.5159
vt 0.0234375 0.99609375
f 1405/1405 1406/1406 1407/1407 1408/1408
v -1.7207718 18.993046 9.737193
vt 0.0234375 0.9921875
v -2.6865766 19.32303 8.017213
vt 0.0234375 1.0
v -3.413226 19.795568 8.5159
vt 0.02734375 1.0
v -2.447421 19.465584 10.235879
vt 0.02734375 0.9921875
f 1409/1409 1410/1410 1411/1411 1412/1412
v -1.243624 17.797335 11.565472
vt 0.01171875 0.953125
v -2.2094288 18.12732 9.845491
vt 0.01953125 0.953125
v -3.6627274 19.072393 10.842865
vt 0.01953125 0.9453125
v -2.6969225 18.74241 12.562844
vt 0.01171875 0.9453125
f 1413/1413 1414/1414 1415/1415 1416/1416
v -1.4827795 17.654781 9.346805
vt 0.0 0.9296875
v -2.4485843 17.984764 7.6268244
vt 0.0 0.9375
v -3.1752336 18.457302 8.125511
vt 0.00390625 0.9375
v -2.2094288 18.12732 9.845491
vt 0.00390625 0.9296875
f 1417/1417 1418/1418 1419/1419 1420/1420
v -2.936078 18.599855 10.344178
vt 0.0234375 0.9921875
v -3.901883 18.92984 8.624198
vt 0.0234375 1.0
v -4.6285324 19.402378 9.122885
vt 0.02734375 1.0
v -3.6627274 19.072393 10.842865
vt 0.02734375 0.9921875
f 1421/1421 1422/1422 1423/1423 1424/1424
v -4.6515503 15.279497 12.996038
vt 0.02734375 0.90234375
v -6.5831604 15.939465 9.556078
vt 0.02734375 0.91796875
v -5.129862 14.994389 8.558705
vt 0.01953125 0.91796875
v -3.198252 14.334421 11.998665
vt 0.01953125 0.90234375
f 1425/1425 1426/1426 1427/1427 1428/1428
v -4.164057 14.664405 10.278686
vt 0.00390625 0.9296875
v -5.129862 14.994389 8.558705
vt 0.00390625 0.9375
v -4.4032125 14.521851 8.060019
vt 0.0 0.9375
v -3.4374075 14.191868 9.779999
vt 0.0 0.9296875
f 1429/1429 1430/1430 1431/1431 1432/1432
v -3.4374075 14.191868 9.779999
vt 0.0 0.6484375
v -4.4032125 14.521851 8.060019
vt 0.0078125 0.6484375
v -2.4485843 17.984764 7.6268244
vt 0.0078125 0.6640625
v -1.4827795 17.654781 9.346805
vt 0.0 0.6640625
f 1433/1433 1434/1434 1435/1435 1436/1436
v -3.198252 14.334421 11.998665
vt 0.01953125 0.90234375
v -4.164057 14.664405 10.278686
vt 0.02734375 0.90234375
v -2.2094288 18.12732 9.845491
vt 0.02734375 0.91796875
v -1.243624 17.797335 11.565472
vt 0.01953125 0.91796875
f 1437/1437 1438/1438 1439/1439 1440/1440
v -2.2094288 18.12732 9.845491
vt 0.02734375 0.9921875
v -3.1752336 18.457302 8.125511
vt 0.02734375 1.0
v -2.6865766 19.32303 8.017213
vt 0.0234375 1.0
v -1.7207718 18.993046 9.737193
vt 0.0234375 0.9921875
f 1441/1441 1442/1442 1443/1443 1444/1444
v -2.447421 19.465584 10.235879
vt 0.0234375 0.9921875
v -3.413226 19.795568 8.5159
vt 0.0234375 1.0
v -3.901883 18.92984 8.624198
vt 0.02734375 1.0
v -2.936078 18.599855 10.344178
vt 0.02734375 0.9921875
f 1445/1445 1446/1446 1447/1447 1448/1448
v -2.6969225 18.74241 12.562844
vt 0.01171875 0.9140625
v -4.6285324 19.402378 9.122885
vt 0.02734375 0.9140625
v -6.5831604 15.939465 9.556078
vt 0.02734375 0.8984375
v -4.6515503 15.279497 12.996038
vt 0.01171875 0.8984375
f 1449/1449 1450/1450 1451/1451 1452/1452
v -2.4895563 17.146032 7.9912724
vt 0.01953125 0.90625
v -4.4041176 18.852245 9.547964
vt 0.03125 0.90625
v -6.5421886 16.778198 9.191632
vt 0.03125 0.91796875
v -4.6276274 15.071984 7.6349406
vt 0.01953125 0.91796875
f 1453/1453 1454/1454 1455/1455 1456/1456
v -5.277676 20.189093 7.0083313
vt 0.0 0.9921875
v -5.9158635 20.75783 7.5272284
vt 0.00390625 0.9921875
v -7.341244 19.375132 7.289674
vt 0.00390625 1.0
v -6.703057 18.806393 6.7707763
vt 0.0 1.0
f 1457/1457 1458/1458 1459/1459 1460/1460
v -6.994243 19.252008 5.924232
vt 0.0 0.99609375
v -7.63243 19.820745 6.443129
vt 0.00390625 0.99609375
v -8.34512 19.129396 6.324352
vt 0.00390625 1.0
v -7.7069335 18.56066 5.8054547
vt 0.0 1.0
f 1461/1461 1462/1462 1463/1463 1464/1464
v -6.3747444 17.745676 2.555674
vt 0.0078125 0.97265625
v -8.927493 20.020628 4.6312633
vt 0.0078125 0.98828125
v -6.789422 22.094675 4.987595
vt 0.01953125 0.98828125
v -4.2366734 19.819725 2.912006
vt 0.01953125 0.97265625
f 1465/1465 1466/1466 1467/1467 1468/1468
v -4.6276274 15.071984 7.6349406
vt 0.01953125 0.90234375
v -6.3747444 17.745676 2.555674
vt 0.01953125 0.92578125
v -4.2366734 19.819725 2.912006
vt 0.03125 0.92578125
v -2.4895563 17.146032 7.9912724
vt 0.03125 0.90234375
f 1469/1469 1470/1470 1471/1471 1472/1472
v -4.4041176 18.852245 9.547964
vt 0.02734375 0.90625
v -5.277676 20.189093 7.0083313
vt 0.02734375 0.91796875
v -6.703057 18.806393 6.7707763
vt 0.01953125 0.91796875
v -5.8294983 17.469547 9.31041
vt 0.01953125 0.90625
f 1473/1473 1474/1474 1475/1475 1476/1476
v -5.8294983 17.469547 9.31041
vt 0.01171875 0.921875
v -6.994243 19.252008 5.924232
vt 0.01171875 0.9375
v -7.7069335 18.56066 5.8054547
vt 0.0078125 0.9375
v -6.5421886 16.778198 9.191632
vt 0.0078125 0.921875
f 1477/1477 1478/1478 1479/1479 1480/1480
v -6.2070494 21.203445 6.680684
vt 0.0078125 0.9765625
v -6.789422 22.094675 4.987595
vt 0.015625 0.9765625
v -8.927493 20.020628 4.6312633
vt 0.015625 0.98828125
v -8.34512 19.129396 6.324352
vt 0.0078125 0.98828125
f 1481/1481 1482/1482 1483/1483 1484/1484
v -5.9158635 20.75783 7.5272284
vt 0.0 0.9921875
v -6.2070494 21.203445 6.680684
vt 0.00390625 0.9921875
v -7.63243 19.820745 6.443129
vt 0.00390625 1.0
v -7.341244 19.375132 7.289674
vt 0.0 1.0
f 1485/1485 1486/1486 1487/1487 1488/1488
v -6.5421886 16.778198 9.191632
vt 0.01953125 0.875
v -8.289306 19.451889 4.1123657
vt 0.01953125 0.8984375
v -6.3747444 17.745676 2.555674
vt 0.0078125 0.8984375
v -4.6276274 15.071984 7.6349406
vt 0.0078125 0.875
f 1489/1489 1490/1490 1491/1491 1492/1492
v -8.34512 19.129396 6.324352
vt 0.00390625 0.9921875
v -8.927493 20.020628 4.6312633
vt 0.00390625 1.0
v -8.289306 19.451889 4.1123657
vt 0.0 1.0
v -7.7069335 18.56066 5.8054547
vt 0.0 0.9921875
f 1493/1493 1494/1494 1495/1495 1496/1496
v -7.341244 19.375132 7.289674
vt 0.0 0.99609375
v -7.63243 19.820745 6.443129
vt 0.00390625 0.99609375
v -6.994243 19.252008 5.924232
vt 0.00390625 1.0
v -6.703057 18.806393 6.7707763
vt 0.0 1.0
f 1497/1497 1498/1498 1499/1499 1500/1500
v -2.4895563 17.146032 7.9912724
vt 0.0078125 0.875
v -4.2366734 19.819725 2.912006
vt 0.0078125 0.8984375
v -6.1512346 21.525938 4.468698
vt 0.01953125 0.8984375
v -4.4041176 18.852245 9.547964
vt 0.01953125 0.875
f 1501/1501 1502/1502 1503/1503 1504/1504
v -5.277676 20.189093 7.0083313
vt 0.0 0.98828125
v -6.1512346 21.525938 4.468698
vt 0.0 1.0
v -6.789422 22.094675 4.987595
vt 0.00390625 1.0
v -5.9158635 20.75783 7.5272284
vt 0.00390625 0.98828125
f 1505/1505 1506/1506 1507/1507 1508/1508
v -3.8939817 18.778769 4.4744225
vt 0.01953125 0.97265625
v -6.44673 21.053719 6.5500116
vt 0.01953125 0.98828125
v -8.687813 20.170355 4.761935
vt 0.0078125 0.98828125
v -6.135064 17.895405 2.6863458
vt 0.0078125 0.97265625
f 1509/1509 1510/1510 1511/1511 1512/1512
v -3.146954 19.073223 5.070448
vt 0.00390625 0.98828125
v -5.0615153 20.779434 6.62714
vt 0.00390625 1.0
v -5.8085427 20.484982 6.0311146
vt 0.0 1.0
v -3.8939817 18.778769 4.4744225
vt 0.0 0.98828125
f 1513/1513 1514/1514 1515/1515 1516/1516
v -7.1186724 23.44165 1.1791387
vt 0.0 0.70703125
v -7.7568593 24.010387 1.698036
vt 0.00390625 0.70703125
v -5.5157766 24.893751 3.4861126
vt 0.00390625 0.6953125
v -4.8775897 24.325012 2.9672153
vt 0.0 0.6953125
f 1517/1517 1518/1518 1519/1519 1520/1520
v -2.9630284 22.6188 1.4105234
vt 0.0 0.98828125
v -4.8775897 24.325012 2.9672153
vt 0.0 1.0
v -4.130562 24.619467 3.563241
vt 0.00390625 1.0
v -2.2160008 22.913254 2.0065491
vt 0.00390625 0.98828125
f 1521/1521 1522/1522 1523/1523 1524/1524
v -5.0179205 22.503443 -0.9903326
vt 0.04296875 1.0
v -6.932482 24.209656 0.56635904
vt 0.0546875 1.0
v -4.691399 25.09302 2.3544357
vt 0.0546875 0.98828125
v -2.7768378 23.386806 0.7977438
vt 0.04296875 0.98828125
f 1525/1525 1526/1526 1527/1527 1528/1528
v -6.135064 17.895405 2.6863458
vt 0.01953125 0.9453125
v -5.0179205 22.503443 -0.9903326
vt 0.01953125 0.96875
v -2.7768378 23.386806 0.7977438
vt 0.03125 0.96875
v -3.8939817 18.778769 4.4744225
vt 0.03125 0.9453125
f 1529/1529 1530/1530 1531/1531 1532/1532
v -3.8939817 18.778769 4.4744225
vt 0.03515625 0.96875
v -2.9630284 22.6188 1.4105234
vt 0.03515625 0.98828125
v -2.2160008 22.913254 2.0065491
vt 0.0390625 0.98828125
v -3.146954 19.073223 5.070448
vt 0.0390625 0.96875
f 1533/1533 1534/1534 1535/1535 1536/1536
v -5.0615153 20.779434 6.62714
vt 0.0390625 0.96875
v -4.130562 24.619467 3.563241
vt 0.0390625 0.98828125
v -4.8775897 24.325012 2.9672153
vt 0.03515625 0.98828125
v -5.8085427 20.484982 6.0311146
vt 0.03515625 0.96875
f 1537/1537 1538/1538 1539/1539 1540/1540
v -4.8775897 24.325012 2.9672153
vt 0.05078125 0.98828125
v -4.691399 25.09302 2.3544357
vt 0.0546875 0.98828125
v -6.932482 24.209656 0.56635904
vt 0.0546875 1.0
v -7.1186724 23.44165 1.1791387
vt 0.05078125 1.0
f 1541/1541 1542/1542 1543/1543 1544/1544
v -6.44673 21.053719 6.5500116
vt 0.01953125 0.85546875
v -5.5157766 24.893751 3.4861126
vt 0.01953125 0.875
v -7.7568593 24.010387 1.698036
vt 0.0078125 0.875
v -8.687813 20.170355 4.761935
vt 0.0078125 0.85546875
f 1545/1545 1546/1546 1547/1547 1548/1548
v -8.049625 19.601618 4.2430377
vt 0.03125 0.9453125
v -6.932482 24.209656 0.56635904
vt 0.03125 0.96875
v -5.0179205 22.503443 -0.9903326
vt 0.01953125 0.96875
v -6.135064 17.895405 2.6863458
vt 0.01953125 0.9453125
f 1549/1549 1550/1550 1551/1551 1552/1552
v -8.687813 20.170355 4.761935
vt 0.0390625 0.96875
v -7.7568593 24.010387 1.698036
vt 0.0390625 0.98828125
v -7.1186724 23.44165 1.1791387
vt 0.03515625 0.98828125
v -8.049625 19.601618 4.2430377
vt 0.03515625 0.96875
f 1553/1553 1554/1554 1555/1555 1556/1556
v -5.8085427 20.484982 6.0311146
vt 0.03125 0.9609375
v -4.8775897 24.325012 2.9672153
vt 0.03125 0.98046875
v -5.5157766 24.893751 3.4861126
vt 0.03515625 0.98046875
v -6.44673 21.053719 6.5500116
vt 0.03515625 0.9609375
f 1557/1557 1558/1558 1559/1559 1560/1560
v -2.9630284 22.6188 1.4105234
vt 0.04296875 0.99609375
v -2.7768378 23.386806 0.7977438
vt 0.046875 0.99609375
v -4.691399 25.09302 2.3544357
vt 0.046875 0.984375
v -4.8775897 24.325012 2.9672153
vt 0.04296875 0.984375
f 1561/1561 1562/1562 1563/1563 1564/1564
v -3.146954 19.073223 5.070448
vt 0.0546875 0.96875
v -2.2160008 22.913254 2.0065491
vt 0.0546875 0.98828125
v -4.130562 24.619467 3.563241
vt 0.06640625 0.98828125
v -5.0615153 20.779434 6.62714
vt 0.06640625 0.96875
f 1565/1565 1566/1566 1567/1567 1568/1568
v 11.703239 18.214748 0.41680622
vt 0.0078125 0.59375
v 12.427158 16.500109 -13.458925
vt 0.0078125 0.6484375
v 10.560135 15.783071 -13.467726
vt 0.0 0.6484375
v 9.836216 17.49771 0.4080057
vt 0.0 0.59375
f 1569/1569 1570/1570 1571/1571 1572/1572
v 10.7180195 17.978703 1.4035296
vt 0.00390625 0.59375
v 10.769728 17.856228 0.41240597
vt 0.0078125 0.59375
v 9.836216 17.49771 0.4080057
vt 0.0078125 0.59765625
v 9.784508 17.620184 1.3991294
vt 0.00390625 0.59765625
f 1573/1573 1574/1574 1575/1575 1576/1576
v 10.545813 15.646803 0.67374516
vt 0.0 0.59375
v 11.2697315 13.932164 -13.201986
vt 0.0 0.6484375
v 13.136755 14.649203 -13.193186
vt 0.0078125 0.6484375
v 12.412836 16.363842 0.68254566
vt 0.0078125 0.59375
f 1577/1577 1578/1578 1579/1579 1580/1580
v 10.494104 15.769277 1.6648688
vt 0.00390625 0.59765625
v 10.545813 15.646803 0.67374516
vt 0.0078125 0.59765625
v 11.479325 16.005322 0.6781454
vt 0.0078125 0.59375
v 11.427616 16.127796 1.6692691
vt 0.00390625 0.59375
f 1581/1581 1582/1582 1583/1583 1584/1584
v 9.784508 17.620184 1.3991294
vt 0.00390625 0.7265625
v 10.494104 15.769277 1.6648688
vt 0.00390625 0.734375
v 11.427616 16.127796 1.6692691
vt 0.0078125 0.734375
v 10.7180195 17.978703 1.4035296
vt 0.0078125 0.7265625
f 1585/1585 1586/1586 1587/1587 1588/1588
v 10.769728 17.856228 0.41240597
vt 0.00390625 0.7265625
v 11.479325 16.005322 0.6781454
vt 0.00390625 0.734375
v 12.412836 16.363842 0.68254566
vt 0.0078125 0.734375
v 11.703239 18.214748 0.41680622
vt 0.0078125 0.7265625
f 1589/1589 1590/1590 1591/1591 1592/1592
v 12.427158 16.500109 -13.458925
vt 0.0 0.5859375
v 13.136755 14.649203 -13.193186
vt 0.0078125 0.5859375
v 11.2697315 13.932164 -13.201986
vt 0.0078125 0.59375
v 10.560135 15.783071 -13.467726
vt 0.0 0.59375
f 1593/1593 1594/1594 1595/1595 1596/1596
v 10.560135 15.783071 -13.467726
vt 0.0 0.52734375
v 11.2697315 13.932164 -13.201986
vt 0.0078125 0.52734375
v 10.494104 15.769277 1.6648688
vt 0.0078125 0.5859375
v 9.784508 17.620184 1.3991294
vt 0.0 0.5859375
f 1597/1597 1598/1598 1599/1599 1600/1600
v 10.7180195 17.978703 1.4035296
vt 0.00390625 0.7265625
v 11.427616 16.127796 1.6692691
vt 0.00390625 0.734375
v 11.479325 16.005322 0.6781454
vt 0.0078125 0.734375
v 10.769728 17.856228 0.41240597
vt 0.0078125 0.7265625
f 1601/1601 1602/1602 1603/1603 1604/1604
v 11.703239 18.214748 0.41680622
vt 0.0 0.52734375
v 12.412836 16.363842 0.68254566
vt 0.0078125 0.52734375
v 13.136755 14.649203 -13.193186
vt 0.0078125 0.47265625
v 12.427158 16.500109 -13.458925
vt 0.0 0.47265625
f 1605/1605 1606/1606 1607/1607 1608/1608
v 11.392993 20.431654 -1.9288125
vt 0.01953125 0.8984375
v 11.110758 20.432137 -5.9188423
vt 0.01953125 0.9140625
v 8.640002 18.739538 -5.744278
vt 0.0078125 0.9140625
v 8.922237 18.739056 -1.7542484
vt 0.0078125 0.8984375
f 1609/1609 1610/1610 1611/1611 1612/1612
v 10.639966 19.867334 -0.87311697
vt 0.0234375 0.99609375
v 10.569407 19.867455 -1.8706244
vt 0.02734375 0.99609375
v 9.745823 19.303255 -1.8124363
vt 0.02734375 1.0
v 9.816381 19.303135 -0.814929
vt 0.0234375 1.0
f 1613/1613 1614/1614 1615/1615 1616/1616
v 10.047811 17.08778 -1.8340654
vt 0.0078125 0.8984375
v 9.765575 17.08826 -5.8240952
vt 0.0078125 0.9140625
v 10.589161 17.652462 -5.882283
vt 0.01171875 0.9140625
v 10.871395 17.65198 -1.8922534
vt 0.01171875 0.8984375
f 1617/1617 1618/1618 1619/1619 1620/1620
v 10.941955 17.651857 -0.89474607
vt 0.0234375 1.0
v 10.871395 17.65198 -1.8922534
vt 0.02734375 1.0
v 11.694981 18.216179 -1.9504415
vt 0.02734375 0.99609375
v 11.765539 18.216057 -0.952934
vt 0.0234375 0.99609375
f 1621/1621 1622/1622 1623/1623 1624/1624
v 11.996968 16.000702 -1.9720705
vt 0.01953125 0.90234375
v 11.714733 16.001184 -5.9621005
vt 0.01953125 0.91796875
v 13.361904 17.129583 -6.078477
vt 0.02734375 0.91796875
v 13.644138 17.1291 -2.0884466
vt 0.02734375 0.90234375
f 1625/1625 1626/1626 1627/1627 1628/1628
v 9.816381 19.303135 -0.814929
vt 0.0234375 0.9921875
v 10.941955 17.651857 -0.89474607
vt 0.0234375 1.0
v 11.765539 18.216057 -0.952934
vt 0.02734375 1.0
v 10.639966 19.867334 -0.87311697
vt 0.02734375 0.9921875
f 1629/1629 1630/1630 1631/1631 1632/1632
v 10.871395 17.65198 -1.8922534
vt 0.01171875 0.953125
v 11.996968 16.000702 -1.9720705
vt 0.01953125 0.953125
v 13.644138 17.1291 -2.0884466
vt 0.01953125 0.9453125
v 12.518566 18.780378 -2.0086296
vt 0.01171875 0.9453125
f 1633/1633 1634/1634 1635/1635 1636/1636
v 8.922237 18.739056 -1.7542484
vt 0.0 0.9296875
v 10.047811 17.08778 -1.8340654
vt 0.0 0.9375
v 10.871395 17.65198 -1.8922534
vt 0.00390625 0.9375
v 9.745823 19.303255 -1.8124363
vt 0.00390625 0.9296875
f 1637/1637 1638/1638 1639/1639 1640/1640
v 10.569407 19.867455 -1.8706244
vt 0.0234375 0.9921875
v 11.694981 18.216179 -1.9504415
vt 0.0234375 1.0
v 12.518566 18.780378 -2.0086296
vt 0.02734375 1.0
v 11.392993 20.431654 -1.9288125
vt 0.02734375 0.9921875
f 1641/1641 1642/1642 1643/1643 1644/1644
v 11.110758 20.432137 -5.9188423
vt 0.02734375 0.90234375
v 13.361904 17.129583 -6.078477
vt 0.02734375 0.91796875
v 11.714733 16.001184 -5.9621005
vt 0.01953125 0.91796875
v 9.463588 19.303738 -5.8024664
vt 0.01953125 0.90234375
f 1645/1645 1646/1646 1647/1647 1648/1648
v 9.463588 19.303738 -5.8024664
vt 0.00390625 0.9296875
v 10.589161 17.652462 -5.882283
vt 0.00390625 0.9375
v 9.765575 17.08826 -5.8240952
vt 0.0 0.9375
v 8.640002 18.739538 -5.744278
vt 0.0 0.9296875
f 1649/1649 1650/1650 1651/1651 1652/1652
v 8.640002 18.739538 -5.744278
vt 0.0 0.6484375
v 9.765575 17.08826 -5.8240952
vt 0.0078125 0.6484375
v 10.047811 17.08778 -1.8340654
vt 0.0078125 0.6640625
v 8.922237 18.739056 -1.7542484
vt 0.0 0.6640625
f 1653/1653 1654/1654 1655/1655 1656/1656
v 10.589161 17.652462 -5.882283
vt 0.01953125 0.90234375
v 11.714733 16.001184 -5.9621005
vt 0.02734375 0.90234375
v 11.996968 16.000702 -1.9720705
vt 0.02734375 0.91796875
v 10.871395 17.65198 -1.8922534
vt 0.01953125 0.91796875
f 1657/1657 1658/1658 1659/1659 1660/1660
v 9.745823 19.303255 -1.8124363
vt 0.02734375 0.9921875
v 10.871395 17.65198 -1.8922534
vt 0.02734375 1.0
v 10.941955 17.651857 -0.89474607
vt 0.0234375 1.0
v 9.816381 19.303135 -0.814929
vt 0.0234375 0.9921875
f 1661/1661 1662/1662 1663/1663 1664/1664
v 10.639966 19.867334 -0.87311697
vt 0.0234375 0.9921875
v 11.765539 18.216057 -0.952934
vt 0.0234375 1.0
v 11.694981 18.216179 -1.9504415
vt 0.02734375 1.0
v 10.569407 19.867455 -1.8706244
vt 0.02734375 0.9921875
f 1665/1665 1666/1666 1667/1667 1668/1668
v 11.392993 20.431654 -1.9288125
vt 0.01171875 0.9140625
v 13.644138 17.1291 -2.0884466
vt 0.02734375 0.9140625
v 13.361904 17.129583 -6.078477
vt 0.02734375 0.8984375
v 11.110758 20.432137 -5.9188423
vt 0.01171875 0.8984375
f 1669/1669 1670/1670 1671/1671 1672/1672
v 4.9899597 23.382774 -2.9335785
vt 0.01953125 0.97265625
v 7.981698 25.335077 -1.1341307
vt 0.01953125 0.98828125
v 9.037533 26.184153 -3.8107483
vt 0.0078125 0.98828125
v 6.0457945 24.23185 -5.610196
vt 0.0078125 0.97265625
f 1673/1673 1674/1674 1675/1675 1676/1676
v 9.415171 24.0448 -4.3404274
vt 0.0 1.0
v 10.163105 24.532877 -3.8905654
vt 0.00390625 1.0
v 9.811161 24.249851 -2.9983594
vt 0.00390625 0.99609375
v 9.063226 23.761776 -3.4482214
vt 0.0 0.99609375
f 1677/1677 1678/1678 1679/1679 1680/1680
v 9.626013 22.936138 -3.48813
vt 0.0 1.0
v 10.373947 23.424213 -3.038268
vt 0.00390625 1.0
v 9.670057 22.858164 -1.2538562
vt 0.00390625 0.9921875
v 8.922123 22.370087 -1.7037183
vt 0.0 0.9921875
f 1681/1681 1682/1682 1683/1683 1684/1684
v 9.422513 19.27802 -5.8496475
vt 0.01953125 0.91796875
v 11.666317 20.742249 -4.5000615
vt 0.03125 0.91796875
v 10.610482 19.893173 -1.8234439
vt 0.03125 0.90625
v 8.366678 18.428946 -3.1730297
vt 0.01953125 0.90625
f 1685/1685 1686/1686 1687/1687 1688/1688
v 6.0457945 24.23185 -5.610196
vt 0.0078125 0.83203125
v 9.422513 19.27802 -5.8496475
vt 0.0078125 0.85546875
v 8.366678 18.428946 -3.1730297
vt 0.01953125 0.85546875
v 4.9899597 23.382774 -2.9335785
vt 0.01953125 0.83203125
f 1689/1689 1690/1690 1691/1691 1692/1692
v 8.922123 22.370087 -1.7037183
vt 0.01953125 0.90625
v 10.610482 19.893173 -1.8234439
vt 0.03125 0.90625
v 11.666317 20.742249 -4.5000615
vt 0.03125 0.91796875
v 9.977957 23.219162 -4.380336
vt 0.01953125 0.91796875
f 1693/1693 1694/1694 1695/1695 1696/1696
v 9.063226 23.761776 -3.4482214
vt 0.0 0.99609375
v 9.626013 22.936138 -3.48813
vt 0.00390625 0.99609375
v 9.977957 23.219162 -4.380336
vt 0.00390625 1.0
v 9.415171 24.0448 -4.3404274
vt 0.0 1.0
f 1697/1697 1698/1698 1699/1699 1700/1700
v 7.981698 25.335077 -1.1341307
vt 0.04296875 0.98828125
v 9.107271 23.683802 -1.2139478
vt 0.05078125 0.98828125
v 10.163105 24.532877 -3.8905654
vt 0.05078125 1.0
v 9.037533 26.184153 -3.8107483
vt 0.04296875 1.0
f 1701/1701 1702/1702 1703/1703 1704/1704
v 9.107271 23.683802 -1.2139478
vt 0.0 0.9921875
v 9.670057 22.858164 -1.2538562
vt 0.00390625 0.9921875
v 10.373947 23.424213 -3.038268
vt 0.00390625 1.0
v 9.811161 24.249851 -2.9983594
vt 0.0 1.0
f 1705/1705 1706/1706 1707/1707 1708/1708
v 8.2895975 25.696077 -4.2606106
vt 0.01953125 0.80859375
v 11.666317 20.742249 -4.5000615
vt 0.01953125 0.83203125
v 9.422513 19.27802 -5.8496475
vt 0.0078125 0.83203125
v 6.0457945 24.23185 -5.610196
vt 0.0078125 0.80859375
f 1709/1709 1710/1710 1711/1711 1712/1712
v 9.037533 26.184153 -3.8107483
vt 0.00390625 0.9921875
v 10.163105 24.532877 -3.8905654
vt 0.00390625 1.0
v 9.415171 24.0448 -4.3404274
vt 0.0 1.0
v 8.2895975 25.696077 -4.2606106
vt 0.0 0.9921875
f 1713/1713 1714/1714 1715/1715 1716/1716
v 9.811161 24.249851 -2.9983594
vt 0.0 0.99609375
v 10.373947 23.424213 -3.038268
vt 0.00390625 0.99609375
v 9.626013 22.936138 -3.48813
vt 0.00390625 1.0
v 9.063226 23.761776 -3.4482214
vt 0.0 1.0
f 1717/1717 1718/1718 1719/1719 1720/1720
v 4.9899597 23.382774 -2.9335785
vt 0.0078125 0.80859375
v 8.366678 18.428946 -3.1730297
vt 0.0078125 0.83203125
v 10.610482 19.893173 -1.8234439
vt 0.01953125 0.83203125
v 7.233763 24.847002 -1.5839927
vt 0.01953125 0.80859375
f 1721/1721 1722/1722 1723/1723 1724/1724
v 7.233763 24.847002 -1.5839927
vt 0.0 0.98828125
v 8.922123 22.370087 -1.7037183
vt 0.0 1.0
v 9.670057 22.858164 -1.2538562
vt 0.00390625 1.0
v 7.981698 25.335077 -1.1341307
vt 0.00390625 0.98828125
f 1725/1725 1726/1726 1727/1727 1728/1728
v 3.9173765 21.167107 1.1819127
vt 0.04296875 0.98828125
v 6.2960806 22.407158 2.525058
vt 0.0546875 0.98828125
v 5.0687256 25.12406 2.1903334
vt 0.0546875 1.0
v 2.6900218 23.884008 0.847188
vt 0.04296875 1.0
f 1729/1729 1730/1730 1731/1731 1732/1732
v 6.747666 22.501858 1.6378703
vt 0.05078125 0.98828125
v 7.5405674 22.915207 2.0855856
vt 0.0546875 0.98828125
v 6.3132124 25.63211 1.7508609
vt 0.0546875 1.0
v 5.5203114 25.21876 1.3031456
vt 0.05078125 1.0
f 1733/1733 1734/1734 1735/1735 1736/1736
v 4.778081 20.356173 0.40629983
vt 0.00390625 0.98828125
v 7.156784 21.596224 1.7494452
vt 0.00390625 1.0
v 6.747666 22.501858 1.6378703
vt 0.0 1.0
v 4.3689623 21.261806 0.29472494
vt 0.0 0.98828125
f 1737/1737 1738/1738 1739/1739 1740/1740
v 5.399535 24.452211 -4.475938
vt 0.0078125 0.97265625
v 8.57114 26.105614 -2.6850772
vt 0.0078125 0.98828125
v 9.798495 23.38871 -2.3503525
vt 0.01953125 0.98828125
v 6.62689 21.73531 -4.1412134
vt 0.01953125 0.97265625
f 1741/1741 1742/1742 1743/1743 1744/1744
v 6.62689 21.73531 -4.1412134
vt 0.0 0.98828125
v 9.005594 22.97536 -2.7980678
vt 0.0 1.0
v 9.414713 22.069725 -2.686493
vt 0.00390625 1.0
v 7.0360084 20.829676 -4.0296383
vt 0.00390625 0.98828125
f 1745/1745 1746/1746 1747/1747 1748/1748
v 3.1416075 23.978708 -0.039999723
vt 0.01953125 0.94921875
v 5.399535 24.452211 -4.475938
vt 0.01953125 0.96875
v 7.0360084 20.829676 -4.0296383
vt 0.03515625 0.96875
v 4.778081 20.356173 0.40629983
vt 0.03515625 0.94921875
f 1749/1749 1750/1750 1751/1751 1752/1752
v 2.6900218 23.884008 0.847188
vt 0.0 1.0
v 3.1416075 23.978708 -0.039999723
vt 0.00390625 1.0
v 4.3689623 21.261806 0.29472494
vt 0.00390625 0.98828125
v 3.9173765 21.167107 1.1819127
vt 0.0 0.98828125
f 1753/1753 1754/1754 1755/1755 1756/1756
v 7.156784 21.596224 1.7494452
vt 0.0390625 0.96875
v 9.414713 22.069725 -2.686493
vt 0.0390625 0.98828125
v 9.005594 22.97536 -2.7980678
vt 0.03515625 0.98828125
v 6.747666 22.501858 1.6378703
vt 0.03515625 0.96875
f 1757/1757 1758/1758 1759/1759 1760/1760
v 6.2960806 22.407158 2.525058
vt 0.05078125 0.98828125
v 6.747666 22.501858 1.6378703
vt 0.0546875 0.98828125
v 5.5203114 25.21876 1.3031456
vt 0.0546875 1.0
v 5.0687256 25.12406 2.1903334
vt 0.05078125 1.0
f 1761/1761 1762/1762 1763/1763 1764/1764
v 7.5405674 22.915207 2.0855856
vt 0.01953125 0.7890625
v 9.798495 23.38871 -2.3503525
vt 0.01953125 0.80859375
v 8.57114 26.105614 -2.6850772
vt 0.0078125 0.80859375
v 6.3132124 25.63211 1.7508609
vt 0.0078125 0.7890625
f 1765/1765 1766/1766 1767/1767 1768/1768
v 6.3132124 25.63211 1.7508609
vt 0.03515625 0.94921875
v 8.57114 26.105614 -2.6850772
vt 0.03515625 0.96875
v 5.399535 24.452211 -4.475938
vt 0.01953125 0.96875
v 3.1416075 23.978708 -0.039999723
vt 0.01953125 0.94921875
f 1769/1769 1770/1770 1771/1771 1772/1772
v 5.0687256 25.12406 2.1903334
vt 0.0 0.98828125
v 5.5203114 25.21876 1.3031456
vt 0.00390625 0.98828125
v 3.1416075 23.978708 -0.039999723
vt 0.00390625 1.0
v 2.6900218 23.884008 0.847188
vt 0.0 1.0
f 1773/1773 1774/1774 1775/1775 1776/1776
v 6.747666 22.501858 1.6378703
vt 0.015625 0.7890625
v 9.005594 22.97536 -2.7980678
vt 0.015625 0.80859375
v 9.798495 23.38871 -2.3503525
vt 0.01953125 0.80859375
v 7.5405674 22.915207 2.0855856
vt 0.01953125 0.7890625
f 1777/1777 1778/1778 1779/1779 1780/1780
v 3.9173765 21.167107 1.1819127
vt 0.04296875 0.99609375
v 4.3689623 21.261806 0.29472494
vt 0.046875 0.99609375
v 6.747666 22.501858 1.6378703
vt 0.046875 0.984375
v 6.2960806 22.407158 2.525058
vt 0.04296875 0.984375
f 1781/1781 1782/1782 1783/1783 1784/1784
v 4.778081 20.356173 0.40629983
vt 0.0546875 0.96875
v 7.0360084 20.829676 -4.0296383
vt 0.0546875 0.98828125
v 9.414713 22.069725 -2.686493
vt 0.06640625 0.98828125
v 7.156784 21.596224 1.7494452
vt 0.06640625 0.96875
f 1785/1785 1786/1786 1787/1787 1788/1788
v -6.7943993 15.345376 3.0606709
vt 0.0078125 0.97265625
v -6.8189306 18.253145 3.79842
vt 0.01953125 0.97265625
v -7.0318537 19.23376 -0.073666096
vt 0.01953125 0.98828125
v -7.0073223 16.325993 -0.8114152
vt 0.0078125 0.98828125
f 1789/1789 1790/1790 1791/1791 1792/1792
v -6.8189306 18.253145 3.79842
vt 0.0 0.98828125
v -6.827108 19.222403 4.0443363
vt 0.00390625 0.98828125
v -6.9868 19.957863 1.1402719
vt 0.00390625 1.0
v -6.978623 18.988607 0.89435554
vt 0.0 1.0
f 1793/1793 1794/1794 1795/1795 1796/1796
v -6.7411685 15.100222 4.0286927
vt 0.00390625 0.9921875
v -6.7575226 17.038734 4.5205255
vt 0.00390625 1.0
v -6.8107533 17.28389 3.5525036
vt 0.0 1.0
v -6.7943993 15.345376 3.0606709
vt 0.0 0.9921875
f 1797/1797 1798/1798 1799/1799 1800/1800
v -5.88179 19.488562 3.0267255
vt 0.01953125 0.97265625
v -5.914499 23.365587 4.010391
vt 0.01953125 0.98828125
v -6.074191 24.10105 1.1063263
vt 0.0078125 0.98828125
v -6.0414824 20.224024 0.12266064
vt 0.0078125 0.97265625
f 1801/1801 1802/1802 1803/1803 1804/1804
v -5.8285594 19.243408 3.9947467
vt 0.046875 0.984375
v -5.853091 22.151176 4.732496
vt 0.046875 0.99609375
v -5.9063215 22.396332 3.7644749
vt 0.04296875 0.99609375
v -5.88179 19.488562 3.0267255
vt 0.04296875 0.984375
f 1805/1805 1806/1806 1807/1807 1808/1808
v -6.008774 16.346998 -0.8610048
vt 0.00390625 0.9921875
v -6.025128 18.285511 -0.3691721
vt 0.00390625 1.0
v -6.0783587 18.530664 -1.337194
vt 0.0 1.0
v -6.0620046 16.592152 -1.8290267
vt 0.0 0.9921875
f 1809/1809 1810/1810 1811/1811 1812/1812
v -5.758974 17.05974 4.470936
vt 0.0078125 0.9921875
v -5.7753286 18.998253 4.9627686
vt 0.0078125 1.0
v -5.8285594 19.243408 3.9947467
vt 0.00390625 1.0
v -5.812205 17.304895 3.502914
vt 0.00390625 0.9921875
f 1813/1813 1814/1814 1815/1815 1816/1816
v -5.689389 14.876074 4.947125
vt 0.00390625 0.9921875
v -5.7057433 16.814587 5.4389577
vt 0.00390625 1.0
v -5.758974 17.05974 4.470936
vt 0.0 1.0
v -5.74262 15.121228 3.979103
vt 0.0 0.9921875
f 1817/1817 1818/1818 1819/1819 1820/1820
v -5.9800744 19.009613 0.8447659
vt 0.0 0.99609375
v -5.9882517 19.97887 1.0906823
vt 0.00390625 0.99609375
v -6.0414824 20.224024 0.12266064
vt 0.00390625 1.0
v -6.033305 19.254768 -0.12325573
vt 0.0 1.0
f 1821/1821 1822/1822 1823/1823 1824/1824
v -5.0265794 18.306517 -0.41876173
vt 0.00390625 0.953125
v -5.0756426 24.122055 1.0567367
vt 0.00390625 0.9765625
v -5.1288733 24.36721 0.08871484
vt 0.0 0.9765625
v -5.07981 18.55167 -1.3867836
vt 0.0 0.953125
f 1825/1825 1826/1826 1827/1827 1828/1828
v -5.063456 16.613157 -1.8786163
vt 0.00390625 0.98828125
v -5.0879874 19.520927 -1.1408672
vt 0.00390625 1.0
v -5.141218 19.76608 -2.1088886
vt 0.0 1.0
v -5.116687 16.85831 -2.8466377
vt 0.0 0.98828125
f 1829/1829 1830/1830 1831/1831 1832/1832
v -4.9159503 23.386593 3.9608016
vt 0.0 0.98828125
v -4.924127 24.35585 4.206718
vt 0.00390625 0.98828125
v -5.0838194 25.091312 1.3026531
vt 0.00390625 1.0
v -5.0756426 24.122055 1.0567367
vt 0.0 1.0
f 1833/1833 1834/1834 1835/1835 1836/1836
v -4.77678 19.01926 4.913179
vt 0.0234375 0.9765625
v -4.8013115 21.927029 5.650928
vt 0.0234375 0.98828125
v -4.8545423 22.172184 4.682906
vt 0.01953125 0.98828125
v -4.830011 19.264414 3.945157
vt 0.01953125 0.9765625
f 1837/1837 1838/1838 1839/1839 1840/1840
v -4.63761 14.651926 5.8655562
vt 0.0078125 0.68359375
v -4.653964 16.590439 6.357389
vt 0.0078125 0.69140625
v -4.707195 16.835592 5.389368
vt 0.00390625 0.69140625
v -4.6908407 14.897079 4.8975353
vt 0.00390625 0.68359375
f 1841/1841 1842/1842 1843/1843 1844/1844
v -4.8545423 22.172184 4.682906
vt 0.0 0.99609375
v -4.8627195 23.14144 4.9288225
vt 0.00390625 0.99609375
v -4.9159503 23.386593 3.9608016
vt 0.00390625 1.0
v -4.907773 22.417337 3.7148852
vt 0.0 1.0
f 1845/1845 1846/1846 1847/1847 1848/1848
v -4.707195 16.835592 5.389368
vt 0.01953125 0.99609375
v -4.715372 17.80485 5.6352844
vt 0.0234375 0.99609375
v -4.768603 18.050003 4.6672626
vt 0.0234375 1.0
v -4.7604256 17.080748 4.421346
vt 0.01953125 1.0
f 1849/1849 1850/1850 1851/1851 1852/1852
v -4.1181374 16.879318 -2.8962274
vt 0.00390625 0.984375
v -4.150846 20.756344 -1.9125619
vt 0.00390625 1.0
v -4.204077 21.001497 -2.8805833
vt 0.0 1.0
v -4.171368 17.124472 -3.8642488
vt 0.0 0.984375
f 1853/1853 1854/1854 1855/1855 1856/1856
v -3.7168229 17.825855 5.585695
vt 0.0078125 0.66796875
v -3.7495313 21.70288 6.5693603
vt 0.0078125 0.68359375
v -3.802762 21.948034 5.6013384
vt 0.00390625 0.68359375
v -3.7700536 18.071009 4.617673
vt 0.00390625 0.66796875
f 1857/1857 1858/1858 1859/1859 1860/1860
v -4.0894384 19.541933 -1.1904569
vt 0.00390625 0.98828125
v -4.11397 22.449703 -0.45270753
vt 0.00390625 1.0
v -4.1672006 22.694857 -1.4207292
vt 0.0 1.0
v -4.1426687 19.787088 -2.1584783
vt 0.0 0.98828125
f 1861/1861 1862/1862 1863/1863 1864/1864
v -3.6554148 16.611444 6.3077993
vt 0.0234375 0.98046875
v -3.6717691 18.549957 6.799632
vt 0.0234375 0.98828125
v -3.725 18.795113 5.831611
vt 0.01953125 0.98828125
v -3.7086456 16.856598 5.3397784
vt 0.01953125 0.98046875
f 1865/1865 1866/1866 1867/1867 1868/1868
v -3.5858297 14.427778 6.783989
vt 0.0234375 0.98046875
v -3.602184 16.366291 7.2758217
vt 0.0234375 0.98828125
v -3.6554148 16.611444 6.3077993
vt 0.01953125 0.98828125
v -3.6390605 14.672932 5.8159666
vt 0.01953125 0.98046875
f 1869/1869 1870/1870 1871/1871 1872/1872
v -4.077093 24.143063 1.0071471
vt 0.0 0.99609375
v -4.0852704 25.112318 1.2530634
vt 0.00390625 0.99609375
v -4.138501 25.357471 0.28504157
vt 0.00390625 1.0
v -4.130324 24.388216 0.039125204
vt 0.0 1.0
f 1873/1873 1874/1874 1875/1875 1876/1876
v -3.86417 23.162445 4.8792334
vt 0.0 0.99609375
v -3.8723474 24.131702 5.1251497
vt 0.00390625 0.99609375
v -3.925578 24.376856 4.1571283
vt 0.00390625 1.0
v -3.9174008 23.4076 3.911212
vt 0.0 1.0
f 1877/1877 1878/1878 1879/1879 1880/1880
v -3.802762 21.948034 5.6013384
vt 0.0078125 0.98828125
v -3.8109393 22.917292 5.8472548
vt 0.01171875 0.98828125
v -3.86417 23.162445 4.8792334
vt 0.01171875 0.9921875
v -3.8559928 22.19319 4.6333165
vt 0.0078125 0.9921875
f 1881/1881 1882/1882 1883/1883 1884/1884
v -2.6732206 18.570965 6.750043
vt 0.00390625 0.4609375
v -2.6977522 21.478733 7.4877915
vt 0.00390625 0.47265625
v -2.750983 21.723886 6.5197706
vt 0.0 0.47265625
v -2.7264514 18.816118 5.7820215
vt 0.0 0.4609375
f 1885/1885 1886/1886 1887/1887 1888/1888
v -2.6036355 16.387297 7.226232
vt 0.0078125 0.67578125
v -2.6281672 19.295067 7.963981
vt 0.0078125 0.6875
v -2.681398 19.54022 6.995959
vt 0.00390625 0.6875
v -2.6568663 16.63245 6.2582097
vt 0.00390625 0.67578125
f 1889/1889 1890/1890 1891/1891 1892/1892
v -2.5340505 14.20363 7.702421
vt 0.0234375 0.9765625
v -2.558582 17.111399 8.44017
vt 0.0234375 0.98828125
v -2.6118128 17.356554 7.4721484
vt 0.01953125 0.98828125
v -2.5872812 14.448784 6.734399
vt 0.01953125 0.9765625
f 1893/1893 1894/1894 1895/1895 1896/1896
v -3.115421 22.470709 -0.50229716
vt 0.00390625 0.9921875
v -3.1317754 24.409222 -0.01046443
vt 0.00390625 1.0
v -3.1850061 24.654375 -0.97848606
vt 0.0 1.0
v -3.1686518 22.715862 -1.4703188
vt 0.0 0.9921875
f 1897/1897 1898/1898 1899/1899 1900/1900
v -3.1522975 20.77735 -1.9621515
vt 0.0 0.99609375
v -3.1604748 21.746607 -1.7162352
vt 0.00390625 0.99609375
v -3.2137055 21.99176 -2.6842566
vt 0.00390625 1.0
v -3.2055283 21.022503 -2.930173
vt 0.0 1.0
f 1901/1901 1902/1902 1903/1903 1904/1904
v -2.8123908 22.938297 5.797665
vt 0.0078125 0.98828125
v -2.820568 23.907555 6.0435815
vt 0.01171875 0.98828125
v -2.8737988 24.152708 5.0755596
vt 0.01171875 0.9921875
v -2.8656216 23.183453 4.8296432
vt 0.0078125 0.9921875
f 1905/1905 1906/1906 1907/1907 1908/1908
v -2.750983 21.723886 6.5197706
vt 0.01953125 0.99609375
v -2.75916 22.693144 6.765687
vt 0.0234375 0.99609375
v -2.8123908 22.938297 5.797665
vt 0.0234375 1.0
v -2.8042138 21.969042 5.5517488
vt 0.01953125 1.0
f 1909/1909 1910/1910 1911/1911 1912/1912
v -2.161926 21.767612 -1.7658248
vt 0.00390625 0.99609375
v -2.1701033 22.73687 -1.5199084
vt 0.0078125 0.99609375
v -2.223334 22.982023 -2.4879298
vt 0.0078125 1.0
v -2.2151568 22.012766 -2.7338462
vt 0.00390625 1.0
f 1913/1913 1914/1914 1915/1915 1916/1916
v -1.6296184 19.316072 7.9143915
vt 0.0078125 0.98828125
v -1.6377957 20.285328 8.160308
vt 0.01171875 0.98828125
v -1.6910264 20.530483 7.192286
vt 0.01171875 0.9921875
v -1.6828492 19.561226 6.946369
vt 0.0078125 0.9921875
f 1917/1917 1918/1918 1919/1919 1920/1920
v -1.5600334 17.132404 8.390581
vt 0.0078125 0.98828125
v -1.5682106 18.101662 8.6364975
vt 0.01171875 0.98828125
v -1.6214414 18.346815 7.668475
vt 0.01171875 0.9921875
v -1.6132642 17.37756 7.422559
vt 0.0078125 0.9921875
f 1921/1921 1922/1922 1923/1923 1924/1924
v -1.1715542 22.757875 -1.5694981
vt 0.0 0.99609375
v -1.1797314 23.72713 -1.3235817
vt 0.00390625 0.99609375
v -1.2329621 23.972284 -2.291603
vt 0.00390625 1.0
v -1.224785 23.003029 -2.5375195
vt 0.0 1.0
f 1925/1925 1926/1926 1927/1927 1928/1928
v -0.5696616 18.122667 8.586907
vt 0.01953125 0.99609375
v -0.57783866 19.091925 8.832824
vt 0.0234375 0.99609375
v -0.6310694 19.337078 7.864802
vt 0.0234375 1.0
v -0.6228924 18.36782 7.6188855
vt 0.01953125 1.0
f 1929/1929 1930/1930 1931/1931 1932/1932
v 0.77231216 23.04504 -2.6366987
vt 0.0 1.0
v 0.764135 24.014297 -2.3907824
vt 0.00390625 1.0
v 0.8173657 23.769142 -1.422761
vt 0.00390625 0.99609375
v 0.82554287 22.799887 -1.6686773
vt 0.0 0.99609375
f 1933/1933 1934/1934 1935/1935 1936/1936
v 1.3742048 18.409834 7.5197062
vt 0.01953125 1.0
v 1.3660276 19.37909 7.7656226
vt 0.0234375 1.0
v 1.4192584 19.133936 8.7336445
vt 0.0234375 0.99609375
v 1.4274355 18.16468 8.487728
vt 0.01953125 0.99609375
f 1937/1937 1938/1938 1939/1939 1940/1940
v 1.7790383 22.09679 -2.9322047
vt 0.00390625 1.0
v 1.7708611 23.066048 -2.6862884
vt 0.0078125 1.0
v 1.8240919 22.820892 -1.718267
vt 0.0078125 0.99609375
v 1.8322691 21.851637 -1.9641833
vt 0.00390625 0.99609375
f 1941/1941 1942/1942 1943/1943 1944/1944
v 2.3113458 19.64525 6.7480106
vt 0.0078125 0.9921875
v 2.3031688 20.614508 6.9939275
vt 0.01171875 0.9921875
v 2.3563995 20.369352 7.9619493
vt 0.01171875 0.98828125
v 2.3645766 19.400097 7.716033
vt 0.0078125 0.98828125
f 1945/1945 1946/1946 1947/1947 1948/1948
v 2.380931 17.461582 7.2242002
vt 0.0078125 0.9921875
v 2.3727539 18.43084 7.4701166
vt 0.01171875 0.9921875
v 2.4259846 18.185686 8.438139
vt 0.01171875 0.98828125
v 2.4341617 17.216429 8.192223
vt 0.0078125 0.98828125
f 1949/1949 1950/1950 1951/1951 1952/1952
v 3.2648406 18.942154 5.4844837
vt 0.0 0.4609375
v 3.240309 21.849922 6.222233
vt 0.0 0.47265625
v 3.2935398 21.604769 7.190254
vt 0.00390625 0.47265625
v 3.3180714 18.697 6.452505
vt 0.00390625 0.4609375
f 1953/1953 1954/1954 1955/1955 1956/1956
v 3.3344257 16.758488 5.9606724
vt 0.00390625 0.67578125
v 3.309894 19.666256 6.6984215
vt 0.00390625 0.6875
v 3.3631248 19.421103 7.6664433
vt 0.0078125 0.6875
v 3.3876565 16.513332 6.9286942
vt 0.0078125 0.67578125
f 1957/1957 1958/1958 1959/1959 1960/1960
v 3.4040108 14.57482 6.4368615
vt 0.01953125 0.9765625
v 3.3794792 17.48259 7.1746106
vt 0.01953125 0.98828125
v 3.43271 17.237434 8.1426325
vt 0.0234375 0.98828125
v 3.4572415 14.329666 7.4048834
vt 0.0234375 0.9765625
f 1961/1961 1962/1962 1963/1963 1964/1964
v 2.8226402 22.8419 -1.7678566
vt 0.0 0.9921875
v 2.8062859 24.78041 -1.2760239
vt 0.0 1.0
v 2.8595166 24.535257 -0.308002
vt 0.00390625 1.0
v 2.875871 22.596745 -0.79983497
vt 0.00390625 0.9921875
f 1965/1965 1966/1966 1967/1967 1968/1968
v 2.7857637 21.14854 -3.2277107
vt 0.0 1.0
v 2.7775865 22.117796 -2.9817944
vt 0.00390625 1.0
v 2.8308172 21.872643 -2.013773
vt 0.00390625 0.99609375
v 2.8389945 20.903385 -2.2596893
vt 0.0 0.99609375
f 1969/1969 1970/1970 1971/1971 1972/1972
v 3.1256704 23.309486 4.5321054
vt 0.0078125 0.9921875
v 3.1174932 24.278744 4.7780223
vt 0.01171875 0.9921875
v 3.170724 24.03359 5.746044
vt 0.01171875 0.98828125
v 3.1789012 23.064333 5.500128
vt 0.0078125 0.98828125
f 1973/1973 1974/1974 1975/1975 1976/1976
v 3.1870782 22.095078 5.254211
vt 0.01953125 1.0
v 3.1789012 23.064333 5.500128
vt 0.0234375 1.0
v 3.232132 22.81918 6.4681497
vt 0.0234375 0.99609375
v 3.240309 21.849922 6.222233
vt 0.01953125 0.99609375
f 1977/1977 1978/1978 1979/1979 1980/1980
v 3.8170214 17.292519 -4.260966
vt 0.0 0.984375
v 3.7843127 21.169546 -3.2773004
vt 0.0 1.0
v 3.8375435 20.92439 -2.309279
vt 0.00390625 1.0
v 3.8702521 17.047365 -3.2929444
vt 0.00390625 0.984375
f 1981/1981 1982/1982 1983/1983 1984/1984
v 4.218336 18.239058 4.220956
vt 0.00390625 0.66796875
v 4.185627 22.116083 5.2046213
vt 0.00390625 0.68359375
v 4.2388577 21.87093 6.1726437
vt 0.0078125 0.68359375
v 4.271567 17.993904 5.188978
vt 0.0078125 0.66796875
f 1985/1985 1986/1986 1987/1987 1988/1988
v 3.8457208 19.955135 -2.5551953
vt 0.0 0.98828125
v 3.8211892 22.862906 -1.8174462
vt 0.0 1.0
v 3.87442 22.61775 -0.8494246
vt 0.00390625 1.0
v 3.8989515 19.709982 -1.5871735
vt 0.00390625 0.98828125
f 1989/1989 1990/1990 1991/1991 1992/1992
v 4.2797437 17.024647 4.943062
vt 0.01953125 0.98046875
v 4.2633896 18.96316 5.4348946
vt 0.01953125 0.98828125
v 4.3166203 18.718006 6.402915
vt 0.0234375 0.98828125
v 4.3329744 16.779493 5.9110823
vt 0.0234375 0.98046875
f 1993/1993 1994/1994 1995/1995 1996/1996
v 4.349329 14.84098 5.4192495
vt 0.01953125 0.98046875
v 4.3329744 16.779493 5.9110823
vt 0.01953125 0.98828125
v 4.386205 16.534338 6.8791046
vt 0.0234375 0.98828125
v 4.4025598 14.595825 6.387272
vt 0.0234375 0.98046875
f 1997/1997 1998/1998 1999/1999 2000/2000
v 3.8580656 24.556263 -0.35759163
vt 0.0 1.0
v 3.8498883 25.52552 -0.11167526
vt 0.00390625 1.0
v 3.903119 25.280367 0.8563466
vt 0.00390625 0.99609375
v 3.9112964 24.31111 0.61043024
vt 0.0 0.99609375
f 2001/2001 2002/2002 2003/2003 2004/2004
v 4.0709887 23.575647 3.514495
vt 0.0 1.0
v 4.0628114 24.544905 3.7604115
vt 0.00390625 1.0
v 4.116042 24.299751 4.7284327
vt 0.00390625 0.99609375
v 4.1242194 23.330494 4.4825163
vt 0.0 0.99609375
f 2005/2005 2006/2006 2007/2007 2008/2008
v 4.132396 22.361237 4.2366
vt 0.0078125 0.9921875
v 4.1242194 23.330494 4.4825163
vt 0.01171875 0.9921875
v 4.17745 23.085339 5.4505377
vt 0.01171875 0.98828125
v 4.185627 22.116083 5.2046213
vt 0.0078125 0.98828125
f 2009/2009 2010/2010 2011/2011 2012/2012
v 4.9056773 18.76173 -1.8826799
vt 0.0 0.953125
v 4.856614 24.57727 -0.40718126
vt 0.0 0.9765625
v 4.909845 24.332115 0.5608406
vt 0.00390625 0.9765625
v 4.958908 18.516577 -0.91465783
vt 0.00390625 0.953125
f 2013/2013 2014/2014 2015/2015 2016/2016
v 4.8688006 17.06837 -3.342534
vt 0.0 0.98828125
v 4.8442693 19.976141 -2.604785
vt 0.0 1.0
v 4.8975 19.730988 -1.6367636
vt 0.00390625 1.0
v 4.9220314 16.823217 -2.3745127
vt 0.00390625 0.98828125
f 2017/2017 2018/2018 2019/2019 2020/2020
v 4.909845 24.332115 0.5608406
vt 0.0 1.0
v 4.901668 25.301373 0.806757
vt 0.00390625 1.0
v 5.0613604 24.56591 3.7108219
vt 0.00390625 0.98828125
v 5.069537 23.596653 3.4649053
vt 0.0 0.98828125
f 2021/2021 2022/2022 2023/2023 2024/2024
v 5.1554766 19.474474 3.449261
vt 0.01953125 0.9765625
v 5.130945 22.382242 4.18701
vt 0.01953125 0.98828125
v 5.184176 22.137089 5.1550317
vt 0.0234375 0.98828125
v 5.2087073 19.22932 4.4172826
vt 0.0234375 0.9765625
f 2025/2025 2026/2026 2027/2027 2028/2028
v 5.2946467 15.10714 4.401639
vt 0.00390625 0.68359375
v 5.2782927 17.045652 4.8934717
vt 0.00390625 0.69140625
v 5.3315234 16.800499 5.861493
vt 0.0078125 0.69140625
v 5.3478775 14.861986 5.36966
vt 0.0078125 0.68359375
f 2029/2029 2030/2030 2031/2031 2032/2032
v 5.0777144 22.627396 3.218989
vt 0.0 1.0
v 5.069537 23.596653 3.4649053
vt 0.00390625 1.0
v 5.122768 23.3515 4.432926
vt 0.00390625 0.99609375
v 5.130945 22.382242 4.18701
vt 0.0 0.99609375
f 2033/2033 2034/2034 2035/2035 2036/2036
v 5.225062 17.290806 3.9254498
vt 0.01953125 1.0
v 5.2168846 18.260063 4.171366
vt 0.0234375 1.0
v 5.2701154 18.01491 5.139388
vt 0.0234375 0.99609375
v 5.2782927 17.045652 4.8934717
vt 0.01953125 0.99609375
f 2037/2037 2038/2038 2039/2039 2040/2040
v 5.941102 20.476095 -0.47241473
vt 0.0078125 0.97265625
v 5.9083934 24.35312 0.511251
vt 0.0078125 0.98828125
v 6.0680857 23.617659 3.4153156
vt 0.01953125 0.98828125
v 6.1007943 19.740633 2.4316502
vt 0.01953125 0.97265625
f 2041/2041 2042/2042 2043/2043 2044/2044
v 6.1007943 19.740633 2.4316502
vt 0.04296875 0.984375
v 6.076263 22.648403 3.1693993
vt 0.04296875 0.99609375
v 6.1294937 22.403248 4.1374207
vt 0.046875 0.99609375
v 6.154025 19.49548 3.3996713
vt 0.046875 0.984375
f 2045/2045 2046/2046 2047/2047 2048/2048
v 5.92058 16.844223 -2.4241018
vt 0.0 0.9921875
v 5.904226 18.782738 -1.9322691
vt 0.0 1.0
v 5.9574566 18.537582 -0.96424747
vt 0.00390625 1.0
v 5.9738107 16.59907 -1.4560804
vt 0.00390625 0.9921875
f 2049/2049 2050/2050 2051/2051 2052/2052
v 6.1703796 17.556967 2.9078386
vt 0.00390625 0.9921875
v 6.154025 19.49548 3.3996713
vt 0.00390625 1.0
v 6.207256 19.250326 4.367693
vt 0.0078125 1.0
v 6.2236104 17.311813 3.8758602
vt 0.0078125 0.9921875
f 2053/2053 2054/2054 2055/2055 2056/2056
v 6.2399645 15.3733 3.3840275
vt 0.0 0.9921875
v 6.2236104 17.311813 3.8758602
vt 0.0 1.0
v 6.276841 17.066658 4.8438826
vt 0.00390625 1.0
v 6.2931952 15.128145 4.35205
vt 0.00390625 0.9921875
f 2057/2057 2058/2058 2059/2059 2060/2060
v 5.9492793 19.50684 -0.7183311
vt 0.0 1.0
v 5.941102 20.476095 -0.47241473
vt 0.00390625 1.0
v 5.994333 20.230942 0.4956069
vt 0.00390625 0.99609375
v 6.00251 19.261684 0.24969053
vt 0.0 0.99609375
f 2061/2061 2062/2062 2063/2063 2064/2064
v 6.9723587 16.620075 -1.5056696
vt 0.0078125 0.98828125
v 6.9478273 19.527845 -0.76792073
vt 0.01953125 0.98828125
v 7.1607504 18.54723 3.1041653
vt 0.01953125 0.97265625
v 7.1852818 15.63946 2.3664162
vt 0.0078125 0.97265625
f 2065/2065 2066/2066 2067/2067 2068/2068
v 7.001058 19.282692 0.2001009
vt 0.0 1.0
v 6.992881 20.251947 0.44601727
vt 0.00390625 1.0
v 7.152573 19.516485 3.3500817
vt 0.00390625 0.98828125
v 7.1607504 18.54723 3.1041653
vt 0.0 0.98828125
f 2069/2069 2070/2070 2071/2071 2072/2072
v 7.1852818 15.63946 2.3664162
vt 0.0 0.9921875
v 7.1689277 17.577972 2.858249
vt 0.0 1.0
v 7.2221584 17.332819 3.8262706
vt 0.00390625 1.0
v 7.2385125 15.394306 3.3344378
vt 0.00390625 0.9921875
f 2073/2073 2074/2074 2075/2075 2076/2076
v -5.116687 16.85831 -2.8466377
vt 0.0390625 0.9296875
v 4.8688006 17.06837 -3.342534
vt 0.0390625 0.96875
v 5.3478775 14.861986 5.36966
vt 0.07421875 0.96875
v -4.63761 14.651926 5.8655562
vt 0.07421875 0.9296875
f 2077/2077 2078/2078 2079/2079 2080/2080
v -7.0073223 16.325993 -0.8114152
vt 0.03515625 0.98828125
v -5.0102253 16.368004 -0.91059446
vt 0.04296875 0.98828125
v -4.7440715 15.142234 3.9295135
vt 0.04296875 0.96875
v -6.7411685 15.100222 4.0286927
vt 0.03515625 0.96875
f 2081/2081 2082/2082 2083/2083 2084/2084
v 4.975262 16.578064 -1.4064908
vt 0.03515625 0.98828125
v 6.9723587 16.620075 -1.5056696
vt 0.04296875 0.98828125
v 7.2385125 15.394306 3.3344378
vt 0.04296875 0.96875
v 5.241416 15.352294 3.433617
vt 0.03515625 0.96875
f 2085/2085 2086/2086 2087/2087 2088/2088
v -4.171368 17.124472 -3.8642488
vt 0.0390625 0.95703125
v 3.8170214 17.292519 -4.260966
vt 0.0390625 0.98828125
v 3.8702521 17.047365 -3.2929444
vt 0.04296875 0.98828125
v -4.1181374 16.879318 -2.8962274
vt 0.04296875 0.95703125
f 2089/2089 2090/2090 2091/2091 2092/2092
v -3.6390605 14.672932 5.8159666
vt 0.05859375 0.9375
v 4.349329 14.84098 5.4192495
vt 0.05859375 0.96875
v 4.4025598 14.595825 6.387272
vt 0.0625 0.96875
v -3.5858297 14.427778 6.783989
vt 0.0625 0.9375
f 2093/2093 2094/2094 2095/2095 2096/2096
v -2.5872812 14.448784 6.734399
vt 0.05859375 0.9453125
v 3.4040108 14.57482 6.4368615
vt 0.05859375 0.96875
v 3.4572415 14.329666 7.4048834
vt 0.0625 0.96875
v -2.5340505 14.20363 7.702421
vt 0.0625 0.9453125
f 2097/2097 2098/2098 2099/2099 2100/2100
v -6.0620046 16.592152 -1.8290267
vt 0.0 1.0
v -5.063456 16.613157 -1.8786163
vt 0.00390625 1.0
v -5.0102253 16.368004 -0.91059446
vt 0.00390625 0.99609375
v -6.008774 16.346998 -0.8610048
vt 0.0 0.99609375
f 2101/2101 2102/2102 2103/2103 2104/2104
v 4.9220314 16.823217 -2.3745127
vt 0.0 1.0
v 5.92058 16.844223 -2.4241018
vt 0.00390625 1.0
v 5.9738107 16.59907 -1.4560804
vt 0.00390625 0.99609375
v 4.975262 16.578064 -1.4064908
vt 0.0 0.99609375
f 2105/2105 2106/2106 2107/2107 2108/2108
v -5.74262 15.121228 3.979103
vt 0.0 1.0
v -4.7440715 15.142234 3.9295135
vt 0.00390625 1.0
v -4.6908407 14.897079 4.8975353
vt 0.00390625 0.99609375
v -5.689389 14.876074 4.947125
vt 0.0 0.99609375
f 2109/2109 2110/2110 2111/2111 2112/2112
v 5.241416 15.352294 3.433617
vt 0.0 1.0
v 6.2399645 15.3733 3.3840275
vt 0.00390625 1.0
v 6.2931952 15.128145 4.35205
vt 0.00390625 0.99609375
v 5.2946467 15.10714 4.401639
vt 0.0 0.99609375
f 2113/2113 2114/2114 2115/2115 2116/2116
v -6.025128 18.285511 -0.3691721
vt 0.0 0.99609375
v -5.0265794 18.306517 -0.41876173
vt 0.00390625 0.99609375
v -5.07981 18.55167 -1.3867836
vt 0.00390625 1.0
v -6.0783587 18.530664 -1.337194
vt 0.0 1.0
f 2117/2117 2118/2118 2119/2119 2120/2120
v 4.958908 18.516577 -0.91465783
vt 0.0 0.99609375
v 5.9574566 18.537582 -0.96424747
vt 0.00390625 0.99609375
v 5.904226 18.782738 -1.9322691
vt 0.00390625 1.0
v 4.9056773 18.76173 -1.8826799
vt 0.0 1.0
f 2121/2121 2122/2122 2123/2123 2124/2124
v -6.7575226 17.038734 4.5205255
vt 0.0 0.99609375
v -5.758974 17.05974 4.470936
vt 0.00390625 0.99609375
v -5.812205 17.304895 3.502914
vt 0.00390625 1.0
v -6.8107533 17.28389 3.5525036
vt 0.0 1.0
f 2125/2125 2126/2126 2127/2127 2128/2128
v 6.2236104 17.311813 3.8758602
vt 0.0 0.99609375
v 7.2221584 17.332819 3.8262706
vt 0.00390625 0.99609375
v 7.1689277 17.577972 2.858249
vt 0.00390625 1.0
v 6.1703796 17.556967 2.9078386
vt 0.0 1.0
f 2129/2129 2130/2130 2131/2131 2132/2132
v -5.7057433 16.814587 5.4389577
vt 0.0 0.99609375
v -4.707195 16.835592 5.389368
vt 0.00390625 0.99609375
v -4.7604256 17.080748 4.421346
vt 0.00390625 1.0
v -5.758974 17.05974 4.470936
vt 0.0 1.0
f 2133/2133 2134/2134 2135/2135 2136/2136
v 5.2782927 17.045652 4.8934717
vt 0.0 0.99609375
v 6.276841 17.066658 4.8438826
vt 0.00390625 0.99609375
v 6.2236104 17.311813 3.8758602
vt 0.00390625 1.0
v 5.225062 17.290806 3.9254498
vt 0.0 1.0
f 2137/2137 2138/2138 2139/2139 2140/2140
v -4.653964 16.590439 6.357389
vt 0.01953125 0.99609375
v -3.6554148 16.611444 6.3077993
vt 0.0234375 0.99609375
v -3.7086456 16.856598 5.3397784
vt 0.0234375 1.0
v -4.707195 16.835592 5.389368
vt 0.01953125 1.0
f 2141/2141 2142/2142 2143/2143 2144/2144
v 4.3329744 16.779493 5.9110823
vt 0.01953125 0.99609375
v 5.3315234 16.800499 5.861493
vt 0.0234375 0.99609375
v 5.2782927 17.045652 4.8934717
vt 0.0234375 1.0
v 4.2797437 17.024647 4.943062
vt 0.01953125 1.0
f 2145/2145 2146/2146 2147/2147 2148/2148
v -3.602184 16.366291 7.2758217
vt 0.0078125 0.98828125
v -2.6036355 16.387297 7.226232
vt 0.01171875 0.98828125
v -2.6568663 16.63245 6.2582097
vt 0.01171875 0.9921875
v -3.6554148 16.611444 6.3077993
vt 0.0078125 0.9921875
f 2149/2149 2150/2150 2151/2151 2152/2152
v 3.3876565 16.513332 6.9286942
vt 0.0078125 0.98828125
v 4.386205 16.534338 6.8791046
vt 0.01171875 0.98828125
v 4.3329744 16.779493 5.9110823
vt 0.01171875 0.9921875
v 3.3344257 16.758488 5.9606724
vt 0.0078125 0.9921875
f 2153/2153 2154/2154 2155/2155 2156/2156
v -5.0879874 19.520927 -1.1408672
vt 0.0 0.99609375
v -4.0894384 19.541933 -1.1904569
vt 0.00390625 0.99609375
v -4.1426687 19.787088 -2.1584783
vt 0.00390625 1.0
v -5.141218 19.76608 -2.1088886
vt 0.0 1.0
f 2157/2157 2158/2158 2159/2159 2160/2160
v 3.8989515 19.709982 -1.5871735
vt 0.0 0.99609375
v 4.8975 19.730988 -1.6367636
vt 0.00390625 0.99609375
v 4.8442693 19.976141 -2.604785
vt 0.00390625 1.0
v 3.8457208 19.955135 -2.5551953
vt 0.0 1.0
f 2161/2161 2162/2162 2163/2163 2164/2164
v -6.978623 18.988607 0.89435554
vt 0.0 0.99609375
v -5.9800744 19.009613 0.8447659
vt 0.00390625 0.99609375
v -6.033305 19.254768 -0.12325573
vt 0.00390625 1.0
v -7.0318537 19.23376 -0.073666096
vt 0.0 1.0
f 2165/2165 2166/2166 2167/2167 2168/2168
v 6.00251 19.261684 0.24969053
vt 0.0 0.99609375
v 7.001058 19.282692 0.2001009
vt 0.00390625 0.99609375
v 6.9478273 19.527845 -0.76792073
vt 0.00390625 1.0
v 5.9492793 19.50684 -0.7183311
vt 0.0 1.0
f 2169/2169 2170/2170 2171/2171 2172/2172
v -4.715372 17.80485 5.6352844
vt 0.01953125 0.99609375
v -3.7168229 17.825855 5.585695
vt 0.0234375 0.99609375
v -3.7700536 18.071009 4.617673
vt 0.0234375 1.0
v -4.768603 18.050003 4.6672626
vt 0.01953125 1.0
f 2173/2173 2174/2174 2175/2175 2176/2176
v 4.271567 17.993904 5.188978
vt 0.01953125 0.99609375
v 5.2701154 18.01491 5.139388
vt 0.0234375 0.99609375
v 5.2168846 18.260063 4.171366
vt 0.0234375 1.0
v 4.218336 18.239058 4.220956
vt 0.01953125 1.0
f 2177/2177 2178/2178 2179/2179 2180/2180
v -2.558582 17.111399 8.44017
vt 0.0078125 0.98828125
v -1.5600334 17.132404 8.390581
vt 0.01171875 0.98828125
v -1.6132642 17.37756 7.422559
vt 0.01171875 0.9921875
v -2.6118128 17.356554 7.4721484
vt 0.0078125 0.9921875
f 2181/2181 2182/2182 2183/2183 2184/2184
v 2.4341617 17.216429 8.192223
vt 0.0078125 0.98828125
v 3.43271 17.237434 8.1426325
vt 0.01171875 0.98828125
v 3.3794792 17.48259 7.1746106
vt 0.01171875 0.9921875
v 2.380931 17.461582 7.2242002
vt 0.0078125 0.9921875
f 2185/2185 2186/2186 2187/2187 2188/2188
v -6.827108 19.222403 4.0443363
vt 0.0 0.98828125
v -5.8285594 19.243408 3.9947467
vt 0.00390625 0.98828125
v -5.9882517 19.97887 1.0906823
vt 0.00390625 1.0
v -6.9868 19.957863 1.1402719
vt 0.0 1.0
f 2189/2189 2190/2190 2191/2191 2192/2192
v 6.154025 19.49548 3.3996713
vt 0.0 0.98828125
v 7.152573 19.516485 3.3500817
vt 0.00390625 0.98828125
v 6.992881 20.251947 0.44601727
vt 0.00390625 1.0
v 5.994333 20.230942 0.4956069
vt 0.0 1.0
f 2193/2193 2194/2194 2195/2195 2196/2196
v -4.150846 20.756344 -1.9125619
vt 0.0 0.99609375
v -3.1522975 20.77735 -1.9621515
vt 0.00390625 0.99609375
v -3.2055283 21.022503 -2.930173
vt 0.00390625 1.0
v -4.204077 21.001497 -2.8805833
vt 0.0 1.0
f 2197/2197 2198/2198 2199/2199 2200/2200
v 2.8389945 20.903385 -2.2596893
vt 0.0 0.99609375
v 3.8375435 20.92439 -2.309279
vt 0.00390625 0.99609375
v 3.7843127 21.169546 -3.2773004
vt 0.00390625 1.0
v 2.7857637 21.14854 -3.2277107
vt 0.0 1.0
f 2201/2201 2202/2202 2203/2203 2204/2204
v -5.7753286 18.998253 4.9627686
vt 0.00390625 0.99609375
v -4.77678 19.01926 4.913179
vt 0.0078125 0.99609375
v -4.830011 19.264414 3.945157
vt 0.0078125 1.0
v -5.8285594 19.243408 3.9947467
vt 0.00390625 1.0
f 2205/2205 2206/2206 2207/2207 2208/2208
v 5.2087073 19.22932 4.4172826
vt 0.00390625 0.99609375
v 6.207256 19.250326 4.367693
vt 0.0078125 0.99609375
v 6.154025 19.49548 3.3996713
vt 0.0078125 1.0
v 5.1554766 19.474474 3.449261
vt 0.00390625 1.0
f 2209/2209 2210/2210 2211/2211 2212/2212
v -3.6717691 18.549957 6.799632
vt 0.0078125 0.98828125
v -2.6732206 18.570965 6.750043
vt 0.01171875 0.98828125
v -2.7264514 18.816118 5.7820215
vt 0.01171875 0.9921875
v -3.725 18.795113 5.831611
vt 0.0078125 0.9921875
f 2213/2213 2214/2214 2215/2215 2216/2216
v 3.3180714 18.697 6.452505
vt 0.0078125 0.98828125
v 4.3166203 18.718006 6.402915
vt 0.01171875 0.98828125
v 4.2633896 18.96316 5.4348946
vt 0.01171875 0.9921875
v 3.2648406 18.942154 5.4844837
vt 0.0078125 0.9921875
f 2217/2217 2218/2218 2219/2219 2220/2220
v -1.5682106 18.101662 8.6364975
vt 0.0078125 0.98828125
v -0.5696616 18.122667 8.586907
vt 0.01171875 0.98828125
v -0.6228924 18.36782 7.6188855
vt 0.01171875 0.9921875
v -1.6214414 18.346815 7.668475
vt 0.0078125 0.9921875
f 2221/2221 2222/2222 2223/2223 2224/2224
v 1.4274355 18.16468 8.487728
vt 0.0078125 0.98828125
v 2.4259846 18.185686 8.438139
vt 0.01171875 0.98828125
v 2.3727539 18.43084 7.4701166
vt 0.01171875 0.9921875
v 1.3742048 18.409834 7.5197062
vt 0.0078125 0.9921875
f 2225/2225 2226/2226 2227/2227 2228/2228
v -0.57783866 19.091925 8.832824
vt 0.0234375 0.9921875
v 1.4192584 19.133936 8.7336445
vt 0.0234375 1.0
v 1.3660276 19.37909 7.7656226
vt 0.01953125 1.0
v -0.6310694 19.337078 7.864802
vt 0.01953125 0.9921875
f 2229/2229 2230/2230 2231/2231 2232/2232
v -3.1604748 21.746607 -1.7162352
vt 0.0 0.99609375
v -2.161926 21.767612 -1.7658248
vt 0.00390625 0.99609375
v -2.2151568 22.012766 -2.7338462
vt 0.00390625 1.0
v -3.2137055 21.99176 -2.6842566
vt 0.0 1.0
f 2233/2233 2234/2234 2235/2235 2236/2236
v 1.8322691 21.851637 -1.9641833
vt 0.0 0.99609375
v 2.8308172 21.872643 -2.013773
vt 0.00390625 0.99609375
v 2.7775865 22.117796 -2.9817944
vt 0.00390625 1.0
v 1.7790383 22.09679 -2.9322047
vt 0.0 1.0
f 2237/2237 2238/2238 2239/2239 2240/2240
v -2.6281672 19.295067 7.963981
vt 0.0078125 0.98828125
v -1.6296184 19.316072 7.9143915
vt 0.01171875 0.98828125
v -1.6828492 19.561226 6.946369
vt 0.01171875 0.9921875
v -2.681398 19.54022 6.995959
vt 0.0078125 0.9921875
f 2241/2241 2242/2242 2243/2243 2244/2244
v 2.3645766 19.400097 7.716033
vt 0.0078125 0.98828125
v 3.3631248 19.421103 7.6664433
vt 0.01171875 0.98828125
v 3.309894 19.666256 6.6984215
vt 0.01171875 0.9921875
v 2.3113458 19.64525 6.7480106
vt 0.0078125 0.9921875
f 2245/2245 2246/2246 2247/2247 2248/2248
v -1.6377957 20.285328 8.160308
vt 0.0234375 0.97265625
v 2.3563995 20.369352 7.9619493
vt 0.0234375 0.98828125
v 2.3031688 20.614508 6.9939275
vt 0.01953125 0.98828125
v -1.6910264 20.530483 7.192286
vt 0.01953125 0.97265625
f 2249/2249 2250/2250 2251/2251 2252/2252
v -2.1701033 22.73687 -1.5199084
vt 0.00390625 0.99609375
v -1.1715542 22.757875 -1.5694981
vt 0.0078125 0.99609375
v -1.224785 23.003029 -2.5375195
vt 0.0078125 1.0
v -2.223334 22.982023 -2.4879298
vt 0.00390625 1.0
f 2253/2253 2254/2254 2255/2255 2256/2256
v 0.82554287 22.799887 -1.6686773
vt 0.00390625 0.99609375
v 1.8240919 22.820892 -1.718267
vt 0.0078125 0.99609375
v 1.7708611 23.066048 -2.6862884
vt 0.0078125 1.0
v 0.77231216 23.04504 -2.6366987
vt 0.00390625 1.0
f 2257/2257 2258/2258 2259/2259 2260/2260
v -4.11397 22.449703 -0.45270753
vt 0.0 0.99609375
v -3.115421 22.470709 -0.50229716
vt 0.00390625 0.99609375
v -3.1686518 22.715862 -1.4703188
vt 0.00390625 1.0
v -4.1672006 22.694857 -1.4207292
vt 0.0 1.0
f 2261/2261 2262/2262 2263/2263 2264/2264
v 2.875871 22.596745 -0.79983497
vt 0.0 0.99609375
v 3.87442 22.61775 -0.8494246
vt 0.00390625 0.99609375
v 3.8211892 22.862906 -1.8174462
vt 0.00390625 1.0
v 2.8226402 22.8419 -1.7678566
vt 0.0 1.0
f 2265/2265 2266/2266 2267/2267 2268/2268
v -2.6977522 21.478733 7.4877915
vt 0.0625 0.9453125
v 3.2935398 21.604769 7.190254
vt 0.0625 0.96875
v 3.240309 21.849922 6.222233
vt 0.05859375 0.96875
v -2.750983 21.723886 6.5197706
vt 0.05859375 0.9453125
f 2269/2269 2270/2270 2271/2271 2272/2272
v -1.1797314 23.72713 -1.3235817
vt 0.00390625 0.9921875
v 0.8173657 23.769142 -1.422761
vt 0.00390625 1.0
v 0.764135 24.014297 -2.3907824
vt 0.0 1.0
v -1.2329621 23.972284 -2.291603
vt 0.0 0.9921875
f 2273/2273 2274/2274 2275/2275 2276/2276
v -5.853091 22.151176 4.732496
vt 0.0 0.99609375
v -4.8545423 22.172184 4.682906
vt 0.00390625 0.99609375
v -4.907773 22.417337 3.7148852
vt 0.00390625 1.0
v -5.9063215 22.396332 3.7644749
vt 0.0 1.0
f 2277/2277 2278/2278 2279/2279 2280/2280
v 5.130945 22.382242 4.18701
vt 0.0 0.99609375
v 6.1294937 22.403248 4.1374207
vt 0.00390625 0.99609375
v 6.076263 22.648403 3.1693993
vt 0.00390625 1.0
v 5.0777144 22.627396 3.218989
vt 0.0 1.0
f 2281/2281 2282/2282 2283/2283 2284/2284
v -4.8013115 21.927029 5.650928
vt 0.0078125 0.98828125
v -3.802762 21.948034 5.6013384
vt 0.01171875 0.98828125
v -3.8559928 22.19319 4.6333165
vt 0.01171875 0.9921875
v -4.8545423 22.172184 4.682906
vt 0.0078125 0.9921875
f 2285/2285 2286/2286 2287/2287 2288/2288
v 4.185627 22.116083 5.2046213
vt 0.0078125 0.98828125
v 5.184176 22.137089 5.1550317
vt 0.01171875 0.98828125
v 5.130945 22.382242 4.18701
vt 0.01171875 0.9921875
v 4.132396 22.361237 4.2366
vt 0.0078125 0.9921875
f 2289/2289 2290/2290 2291/2291 2292/2292
v -3.7495313 21.70288 6.5693603
vt 0.01953125 0.99609375
v -2.750983 21.723886 6.5197706
vt 0.0234375 0.99609375
v -2.8042138 21.969042 5.5517488
vt 0.0234375 1.0
v -3.802762 21.948034 5.6013384
vt 0.01953125 1.0
f 2293/2293 2294/2294 2295/2295 2296/2296
v 3.240309 21.849922 6.222233
vt 0.01953125 0.99609375
v 4.2388577 21.87093 6.1726437
vt 0.0234375 0.99609375
v 4.185627 22.116083 5.2046213
vt 0.0234375 1.0
v 3.1870782 22.095078 5.254211
vt 0.01953125 1.0
f 2297/2297 2298/2298 2299/2299 2300/2300
v -3.1317754 24.409222 -0.01046443
vt 0.04296875 0.96484375
v 2.8595166 24.535257 -0.308002
vt 0.04296875 0.98828125
v 2.8062859 24.78041 -1.2760239
vt 0.0390625 0.98828125
v -3.1850061 24.654375 -0.97848606
vt 0.0390625 0.96484375
f 2301/2301 2302/2302 2303/2303 2304/2304
v -2.75916 22.693144 6.765687
vt 0.00390625 0.4375
v 3.232132 22.81918 6.4681497
vt 0.00390625 0.4609375
v 3.1789012 23.064333 5.500128
vt 0.0 0.4609375
v -2.8123908 22.938297 5.797665
vt 0.0 0.4375
f 2305/2305 2306/2306 2307/2307 2308/2308
v -5.914499 23.365587 4.010391
vt 0.0 0.98828125
v -4.9159503 23.386593 3.9608016
vt 0.00390625 0.98828125
v -5.0756426 24.122055 1.0567367
vt 0.00390625 1.0
v -6.074191 24.10105 1.1063263
vt 0.0 1.0
f 2309/2309 2310/2310 2311/2311 2312/2312
v 5.069537 23.596653 3.4649053
vt 0.0 0.98828125
v 6.0680857 23.617659 3.4153156
vt 0.00390625 0.98828125
v 5.9083934 24.35312 0.511251
vt 0.00390625 1.0
v 4.909845 24.332115 0.5608406
vt 0.0 1.0
f 2313/2313 2314/2314 2315/2315 2316/2316
v -5.0756426 24.122055 1.0567367
vt 0.0 0.99609375
v -4.077093 24.143063 1.0071471
vt 0.00390625 0.99609375
v -4.130324 24.388216 0.039125204
vt 0.00390625 1.0
v -5.1288733 24.36721 0.08871484
vt 0.0 1.0
f 2317/2317 2318/2318 2319/2319 2320/2320
v 3.9112964 24.31111 0.61043024
vt 0.0 0.99609375
v 4.909845 24.332115 0.5608406
vt 0.00390625 0.99609375
v 4.856614 24.57727 -0.40718126
vt 0.00390625 1.0
v 3.8580656 24.556263 -0.35759163
vt 0.0 1.0
f 2321/2321 2322/2322 2323/2323 2324/2324
v -4.8627195 23.14144 4.9288225
vt 0.0 0.99609375
v -3.86417 23.162445 4.8792334
vt 0.00390625 0.99609375
v -3.9174008 23.4076 3.911212
vt 0.00390625 1.0
v -4.9159503 23.386593 3.9608016
vt 0.0 1.0
f 2325/2325 2326/2326 2327/2327 2328/2328
v 4.1242194 23.330494 4.4825163
vt 0.0 0.99609375
v 5.122768 23.3515 4.432926
vt 0.00390625 0.99609375
v 5.069537 23.596653 3.4649053
vt 0.00390625 1.0
v 4.0709887 23.575647 3.514495
vt 0.0 1.0
f 2329/2329 2330/2330 2331/2331 2332/2332
v -3.8109393 22.917292 5.8472548
vt 0.0078125 0.98828125
v -2.8123908 22.938297 5.797665
vt 0.01171875 0.98828125
v -2.8656216 23.183453 4.8296432
vt 0.01171875 0.9921875
v -3.86417 23.162445 4.8792334
vt 0.0078125 0.9921875
f 2333/2333 2334/2334 2335/2335 2336/2336
v 3.1789012 23.064333 5.500128
vt 0.0078125 0.98828125
v 4.17745 23.085339 5.4505377
vt 0.01171875 0.98828125
v 4.1242194 23.330494 4.4825163
vt 0.01171875 0.9921875
v 3.1256704 23.309486 4.5321054
vt 0.0078125 0.9921875
f 2337/2337 2338/2338 2339/2339 2340/2340
v -3.8723474 24.131702 5.1251497
vt 0.0390625 0.859375
v 4.116042 24.299751 4.7284327
vt 0.0390625 0.890625
v 3.8498883 25.52552 -0.11167526
vt 0.01953125 0.890625
v -4.138501 25.357471 0.28504157
vt 0.01953125 0.859375
f 2341/2341 2342/2342 2343/2343 2344/2344
v -2.820568 23.907555 6.0435815
vt 0.0625 0.9453125
v 3.170724 24.03359 5.746044
vt 0.0625 0.96875
v 3.1174932 24.278744 4.7780223
vt 0.05859375 0.96875
v -2.8737988 24.152708 5.0755596
vt 0.05859375 0.9453125
f 2345/2345 2346/2346 2347/2347 2348/2348
v -4.924127 24.35585 4.206718
vt 0.0 0.98828125
v -3.925578 24.376856 4.1571283
vt 0.00390625 0.98828125
v -4.0852704 25.112318 1.2530634
vt 0.00390625 1.0
v -5.0838194 25.091312 1.3026531
vt 0.0 1.0
f 2349/2349 2350/2350 2351/2351 2352/2352
v 4.0628114 24.544905 3.7604115
vt 0.0 0.98828125
v 5.0613604 24.56591 3.7108219
vt 0.00390625 0.98828125
v 4.901668 25.301373 0.806757
vt 0.00390625 1.0
v 3.903119 25.280367 0.8563466
vt 0.0 1.0
f 2353/2353 2354/2354 2355/2355 2356/2356
v -4.204077 21.001497 -2.8805833
vt 0.03515625 0.828125
v 3.7843127 21.169546 -3.2773004
vt 0.03515625 0.859375
v 3.8170214 17.292519 -4.260966
vt 0.01953125 0.859375
v -4.171368 17.124472 -3.8642488
vt 0.01953125 0.828125
f 2357/2357 2358/2358 2359/2359 2360/2360
v -3.2137055 21.99176 -2.6842566
vt 0.0078125 0.4375
v 2.7775865 22.117796 -2.9817944
vt 0.0078125 0.4609375
v 2.7857637 21.14854 -3.2277107
vt 0.00390625 0.4609375
v -3.2055283 21.022503 -2.930173
vt 0.00390625 0.4375
f 2361/2361 2362/2362 2363/2363 2364/2364
v -2.223334 22.982023 -2.4879298
vt 0.00390625 0.69921875
v 1.7708611 23.066048 -2.6862884
vt 0.00390625 0.71484375
v 1.7790383 22.09679 -2.9322047
vt 0.0 0.71484375
v -2.2151568 22.012766 -2.7338462
vt 0.0 0.69921875
f 2365/2365 2366/2366 2367/2367 2368/2368
v -1.2329621 23.972284 -2.291603
vt 0.00390625 0.9921875
v 0.764135 24.014297 -2.3907824
vt 0.00390625 1.0
v 0.77231216 23.04504 -2.6366987
vt 0.0 1.0
v -1.224785 23.003029 -2.5375195
vt 0.0 0.9921875
f 2369/2369 2370/2370 2371/2371 2372/2372
v -3.1850061 24.654375 -0.97848606
vt 0.04296875 0.96484375
v 2.8062859 24.78041 -1.2760239
vt 0.04296875 0.98828125
v 2.814463 23.811155 -1.5219402
vt 0.0390625 0.98828125
v -3.176829 23.68512 -1.2244024
vt 0.0390625 0.96484375
f 2373/2373 2374/2374 2375/2375 2376/2376
v -5.141218 19.76608 -2.1088886
vt 0.0 0.98828125
v -4.1426687 19.787088 -2.1584783
vt 0.00390625 0.98828125
v -4.1181374 16.879318 -2.8962274
vt 0.00390625 1.0
v -5.116687 16.85831 -2.8466377
vt 0.0 1.0
f 2377/2377 2378/2378 2379/2379 2380/2380
v 3.8457208 19.955135 -2.5551953
vt 0.0 0.98828125
v 4.8442693 19.976141 -2.604785
vt 0.00390625 0.98828125
v 4.8688006 17.06837 -3.342534
vt 0.00390625 1.0
v 3.8702521 17.047365 -3.2929444
vt 0.0 1.0
f 2381/2381 2382/2382 2383/2383 2384/2384
v -4.1672006 22.694857 -1.4207292
vt 0.0 0.9921875
v -3.1686518 22.715862 -1.4703188
vt 0.00390625 0.9921875
v -3.1522975 20.77735 -1.9621515
vt 0.00390625 1.0
v -4.150846 20.756344 -1.9125619
vt 0.0 1.0
f 2385/2385 2386/2386 2387/2387 2388/2388
v 2.8226402 22.8419 -1.7678566
vt 0.0 0.9921875
v 3.8211892 22.862906 -1.8174462
vt 0.00390625 0.9921875
v 3.8375435 20.92439 -2.309279
vt 0.00390625 1.0
v 2.8389945 20.903385 -2.2596893
vt 0.0 1.0
f 2389/2389 2390/2390 2391/2391 2392/2392
v -3.176829 23.68512 -1.2244024
vt 0.0 0.9921875
v -2.1782804 23.706125 -1.2739921
vt 0.00390625 0.9921875
v -2.161926 21.767612 -1.7658248
vt 0.00390625 1.0
v -3.1604748 21.746607 -1.7162352
vt 0.0 1.0
f 2393/2393 2394/2394 2395/2395 2396/2396
v 1.8159148 23.79015 -1.4723506
vt 0.0 0.9921875
v 2.814463 23.811155 -1.5219402
vt 0.00390625 0.9921875
v 2.8308172 21.872643 -2.013773
vt 0.00390625 1.0
v 1.8322691 21.851637 -1.9641833
vt 0.0 1.0
f 2397/2397 2398/2398 2399/2399 2400/2400
v -2.1782804 23.706125 -1.2739921
vt 0.0 0.99609375
v -1.1797314 23.72713 -1.3235817
vt 0.00390625 0.99609375
v -1.1715542 22.757875 -1.5694981
vt 0.00390625 1.0
v -2.1701033 22.73687 -1.5199084
vt 0.0 1.0
f 2401/2401 2402/2402 2403/2403 2404/2404
v 0.8173657 23.769142 -1.422761
vt 0.0 0.99609375
v 1.8159148 23.79015 -1.4723506
vt 0.00390625 0.99609375
v 1.8240919 22.820892 -1.718267
vt 0.00390625 1.0
v 0.82554287 22.799887 -1.6686773
vt 0.0 1.0
f 2405/2405 2406/2406 2407/2407 2408/2408
v -4.138501 25.357471 0.28504157
vt 0.04296875 0.95703125
v 3.8498883 25.52552 -0.11167526
vt 0.04296875 0.98828125
v 3.8580656 24.556263 -0.35759163
vt 0.0390625 0.98828125
v -4.130324 24.388216 0.039125204
vt 0.0390625 0.95703125
f 2409/2409 2410/2410 2411/2411 2412/2412
v -5.1288733 24.36721 0.08871484
vt 0.03515625 0.96875
v -4.130324 24.388216 0.039125204
vt 0.0390625 0.96875
v -4.0894384 19.541933 -1.1904569
vt 0.0390625 0.98828125
v -5.0879874 19.520927 -1.1408672
vt 0.03515625 0.98828125
f 2413/2413 2414/2414 2415/2415 2416/2416
v 3.8580656 24.556263 -0.35759163
vt 0.03515625 0.96875
v 4.856614 24.57727 -0.40718126
vt 0.0390625 0.96875
v 4.8975 19.730988 -1.6367636
vt 0.0390625 0.98828125
v 3.8989515 19.709982 -1.5871735
vt 0.03515625 0.98828125
f 2417/2417 2418/2418 2419/2419 2420/2420
v -6.0783587 18.530664 -1.337194
vt 0.0 0.9921875
v -5.07981 18.55167 -1.3867836
vt 0.00390625 0.9921875
v -5.063456 16.613157 -1.8786163
vt 0.00390625 1.0
v -6.0620046 16.592152 -1.8290267
vt 0.0 1.0
f 2421/2421 2422/2422 2423/2423 2424/2424
v 4.9056773 18.76173 -1.8826799
vt 0.0 0.9921875
v 5.904226 18.782738 -1.9322691
vt 0.00390625 0.9921875
v 5.92058 16.844223 -2.4241018
vt 0.00390625 1.0
v 4.9220314 16.823217 -2.3745127
vt 0.0 1.0
f 2425/2425 2426/2426 2427/2427 2428/2428
v -4.130324 24.388216 0.039125204
vt 0.0 0.9921875
v -3.1317754 24.409222 -0.01046443
vt 0.00390625 0.9921875
v -3.115421 22.470709 -0.50229716
vt 0.00390625 1.0
v -4.11397 22.449703 -0.45270753
vt 0.0 1.0
f 2429/2429 2430/2430 2431/2431 2432/2432
v 2.8595166 24.535257 -0.308002
vt 0.0 0.9921875
v 3.8580656 24.556263 -0.35759163
vt 0.00390625 0.9921875
v 3.87442 22.61775 -0.8494246
vt 0.00390625 1.0
v 2.875871 22.596745 -0.79983497
vt 0.0 1.0
f 2433/2433 2434/2434 2435/2435 2436/2436
v -6.074191 24.10105 1.1063263
vt 0.0390625 0.96484375
v -5.0756426 24.122055 1.0567367
vt 0.04296875 0.96484375
v -5.0265794 18.306517 -0.41876173
vt 0.04296875 0.98828125
v -6.025128 18.285511 -0.3691721
vt 0.0390625 0.98828125
f 2437/2437 2438/2438 2439/2439 2440/2440
v 4.909845 24.332115 0.5608406
vt 0.03515625 0.96875
v 5.9083934 24.35312 0.511251
vt 0.0390625 0.96875
v 5.9492793 19.50684 -0.7183311
vt 0.0390625 0.98828125
v 4.950731 19.485834 -0.66874146
vt 0.03515625 0.98828125
f 2441/2441 2442/2442 2443/2443 2444/2444
v -7.0318537 19.23376 -0.073666096
vt 0.0 0.98828125
v -6.033305 19.254768 -0.12325573
vt 0.00390625 0.98828125
v -6.008774 16.346998 -0.8610048
vt 0.00390625 1.0
v -7.0073223 16.325993 -0.8114152
vt 0.0 1.0
f 2445/2445 2446/2446 2447/2447 2448/2448
v 5.9492793 19.50684 -0.7183311
vt 0.0 0.98828125
v 6.9478273 19.527845 -0.76792073
vt 0.00390625 0.98828125
v 6.9723587 16.620075 -1.5056696
vt 0.00390625 1.0
v 5.9738107 16.59907 -1.4560804
vt 0.0 1.0
f 2449/2449 2450/2450 2451/2451 2452/2452
v 4.950731 19.485834 -0.66874146
vt 0.0 0.99609375
v 5.9492793 19.50684 -0.7183311
vt 0.00390625 0.99609375
v 5.9574566 18.537582 -0.96424747
vt 0.00390625 1.0
v 4.958908 18.516577 -0.91465783
vt 0.0 1.0
f 2453/2453 2454/2454 2455/2455 2456/2456
v -5.0838194 25.091312 1.3026531
vt 0.0 0.99609375
v -4.0852704 25.112318 1.2530634
vt 0.00390625 0.99609375
v -4.077093 24.143063 1.0071471
vt 0.00390625 1.0
v -5.0756426 24.122055 1.0567367
vt 0.0 1.0
f 2457/2457 2458/2458 2459/2459 2460/2460
v 3.903119 25.280367 0.8563466
vt 0.0 0.99609375
v 4.901668 25.301373 0.806757
vt 0.00390625 0.99609375
v 4.909845 24.332115 0.5608406
vt 0.00390625 1.0
v 3.9112964 24.31111 0.61043024
vt 0.0 1.0
f 2461/2461 2462/2462 2463/2463 2464/2464
v -6.9868 19.957863 1.1402719
vt 0.0 0.99609375
v -5.9882517 19.97887 1.0906823
vt 0.00390625 0.99609375
v -5.9800744 19.009613 0.8447659
vt 0.00390625 1.0
v -6.978623 18.988607 0.89435554
vt 0.0 1.0
f 2465/2465 2466/2466 2467/2467 2468/2468
v 5.994333 20.230942 0.4956069
vt 0.0 0.99609375
v 6.992881 20.251947 0.44601727
vt 0.00390625 0.99609375
v 7.001058 19.282692 0.2001009
vt 0.00390625 1.0
v 6.00251 19.261684 0.24969053
vt 0.0 1.0
f 2469/2469 2470/2470 2471/2471 2472/2472
v -5.9063215 22.396332 3.7644749
vt 0.0 1.0
v -4.907773 22.417337 3.7148852
vt 0.00390625 1.0
v -4.9159503 23.386593 3.9608016
vt 0.00390625 0.99609375
v -5.914499 23.365587 4.010391
vt 0.0 0.99609375
f 2473/2473 2474/2474 2475/2475 2476/2476
v 5.0777144 22.627396 3.218989
vt 0.0 1.0
v 6.076263 22.648403 3.1693993
vt 0.00390625 1.0
v 6.0680857 23.617659 3.4153156
vt 0.00390625 0.99609375
v 5.069537 23.596653 3.4649053
vt 0.0 0.99609375
f 2477/2477 2478/2478 2479/2479 2480/2480
v -4.9159503 23.386593 3.9608016
vt 0.0 1.0
v -3.9174008 23.4076 3.911212
vt 0.00390625 1.0
v -3.925578 24.376856 4.1571283
vt 0.00390625 0.99609375
v -4.924127 24.35585 4.206718
vt 0.0 0.99609375
f 2481/2481 2482/2482 2483/2483 2484/2484
v 4.0709887 23.575647 3.514495
vt 0.0 1.0
v 5.069537 23.596653 3.4649053
vt 0.00390625 1.0
v 5.0613604 24.56591 3.7108219
vt 0.00390625 0.99609375
v 4.0628114 24.544905 3.7604115
vt 0.0 0.99609375
f 2485/2485 2486/2486 2487/2487 2488/2488
v -5.8285594 19.243408 3.9947467
vt 0.04296875 0.98828125
v -4.830011 19.264414 3.945157
vt 0.046875 0.98828125
v -4.8545423 22.172184 4.682906
vt 0.046875 0.9765625
v -5.853091 22.151176 4.732496
vt 0.04296875 0.9765625
f 2489/2489 2490/2490 2491/2491 2492/2492
v 5.1554766 19.474474 3.449261
vt 0.04296875 0.98828125
v 6.154025 19.49548 3.3996713
vt 0.046875 0.98828125
v 6.1294937 22.403248 4.1374207
vt 0.046875 0.9765625
v 5.130945 22.382242 4.18701
vt 0.04296875 0.9765625
f 2493/2493 2494/2494 2495/2495 2496/2496
v -6.8107533 17.28389 3.5525036
vt 0.0 1.0
v -5.812205 17.304895 3.502914
vt 0.00390625 1.0
v -5.8285594 19.243408 3.9947467
vt 0.00390625 0.9921875
v -6.827108 19.222403 4.0443363
vt 0.0 0.9921875
f 2497/2497 2498/2498 2499/2499 2500/2500
v 6.1703796 17.556967 2.9078386
vt 0.0 1.0
v 7.1689277 17.577972 2.858249
vt 0.00390625 1.0
v 7.152573 19.516485 3.3500817
vt 0.00390625 0.9921875
v 6.154025 19.49548 3.3996713
vt 0.0 0.9921875
f 2501/2501 2502/2502 2503/2503 2504/2504
v -4.8545423 22.172184 4.682906
vt 0.0 1.0
v -3.8559928 22.19319 4.6333165
vt 0.00390625 1.0
v -3.86417 23.162445 4.8792334
vt 0.00390625 0.99609375
v -4.8627195 23.14144 4.9288225
vt 0.0 0.99609375
f 2505/2505 2506/2506 2507/2507 2508/2508
v 4.132396 22.361237 4.2366
vt 0.0 1.0
v 5.130945 22.382242 4.18701
vt 0.00390625 1.0
v 5.122768 23.3515 4.432926
vt 0.00390625 0.99609375
v 4.1242194 23.330494 4.4825163
vt 0.0 0.99609375
f 2509/2509 2510/2510 2511/2511 2512/2512
v -3.86417 23.162445 4.8792334
vt 0.0 1.0
v -2.8656216 23.183453 4.8296432
vt 0.00390625 1.0
v -2.8737988 24.152708 5.0755596
vt 0.00390625 0.99609375
v -3.8723474 24.131702 5.1251497
vt 0.0 0.99609375
f 2513/2513 2514/2514 2515/2515 2516/2516
v 3.1256704 23.309486 4.5321054
vt 0.0 1.0
v 4.1242194 23.330494 4.4825163
vt 0.00390625 1.0
v 4.116042 24.299751 4.7284327
vt 0.00390625 0.99609375
v 3.1174932 24.278744 4.7780223
vt 0.0 0.99609375
f 2517/2517 2518/2518 2519/2519 2520/2520
v -2.8123908 22.938297 5.797665
vt 0.05859375 0.9453125
v 3.1789012 23.064333 5.500128
vt 0.05859375 0.96875
v 3.170724 24.03359 5.746044
vt 0.0625 0.96875
v -2.820568 23.907555 6.0435815
vt 0.0625 0.9453125
f 2521/2521 2522/2522 2523/2523 2524/2524
v -4.768603 18.050003 4.6672626
vt 0.01953125 0.98828125
v -3.7700536 18.071009 4.617673
vt 0.0234375 0.98828125
v -3.802762 21.948034 5.6013384
vt 0.0234375 0.97265625
v -4.8013115 21.927029 5.650928
vt 0.01953125 0.97265625
f 2525/2525 2526/2526 2527/2527 2528/2528
v 4.210159 19.208313 4.466872
vt 0.01953125 0.98828125
v 5.2087073 19.22932 4.4172826
vt 0.0234375 0.98828125
v 5.184176 22.137089 5.1550317
vt 0.0234375 0.9765625
v 4.185627 22.116083 5.2046213
vt 0.01953125 0.9765625
f 2529/2529 2530/2530 2531/2531 2532/2532
v -6.7411685 15.100222 4.0286927
vt 0.0 1.0
v -5.74262 15.121228 3.979103
vt 0.00390625 1.0
v -5.758974 17.05974 4.470936
vt 0.00390625 0.9921875
v -6.7575226 17.038734 4.5205255
vt 0.0 0.9921875
f 2533/2533 2534/2534 2535/2535 2536/2536
v 6.2399645 15.3733 3.3840275
vt 0.0 1.0
v 7.2385125 15.394306 3.3344378
vt 0.00390625 1.0
v 7.2221584 17.332819 3.8262706
vt 0.00390625 0.9921875
v 6.2236104 17.311813 3.8758602
vt 0.0 0.9921875
f 2537/2537 2538/2538 2539/2539 2540/2540
v -5.758974 17.05974 4.470936
vt 0.00390625 1.0
v -4.7604256 17.080748 4.421346
vt 0.0078125 1.0
v -4.77678 19.01926 4.913179
vt 0.0078125 0.9921875
v -5.7753286 18.998253 4.9627686
vt 0.00390625 0.9921875
f 2541/2541 2542/2542 2543/2543 2544/2544
v 5.225062 17.290806 3.9254498
vt 0.00390625 1.0
v 6.2236104 17.311813 3.8758602
vt 0.0078125 1.0
v 6.207256 19.250326 4.367693
vt 0.0078125 0.9921875
v 5.2087073 19.22932 4.4172826
vt 0.00390625 0.9921875
f 2545/2545 2546/2546 2547/2547 2548/2548
v 4.218336 18.239058 4.220956
vt 0.0078125 0.9921875
v 5.2168846 18.260063 4.171366
vt 0.01171875 0.9921875
v 5.2087073 19.22932 4.4172826
vt 0.01171875 0.98828125
v 4.210159 19.208313 4.466872
vt 0.0078125 0.98828125
f 2549/2549 2550/2550 2551/2551 2552/2552
v -3.802762 21.948034 5.6013384
vt 0.0078125 0.9921875
v -2.8042138 21.969042 5.5517488
vt 0.01171875 0.9921875
v -2.8123908 22.938297 5.797665
vt 0.01171875 0.98828125
v -3.8109393 22.917292 5.8472548
vt 0.0078125 0.98828125
f 2553/2553 2554/2554 2555/2555 2556/2556
v 3.1870782 22.095078 5.254211
vt 0.0078125 0.9921875
v 4.185627 22.116083 5.2046213
vt 0.01171875 0.9921875
v 4.17745 23.085339 5.4505377
vt 0.01171875 0.98828125
v 3.1789012 23.064333 5.500128
vt 0.0078125 0.98828125
f 2557/2557 2558/2558 2559/2559 2560/2560
v -2.750983 21.723886 6.5197706
vt 0.0 0.4375
v 3.240309 21.849922 6.222233
vt 0.0 0.4609375
v 3.232132 22.81918 6.4681497
vt 0.00390625 0.4609375
v -2.75916 22.693144 6.765687
vt 0.00390625 0.4375
f 2561/2561 2562/2562 2563/2563 2564/2564
v -3.725 18.795113 5.831611
vt 0.0 0.47265625
v -2.7264514 18.816118 5.7820215
vt 0.00390625 0.47265625
v -2.750983 21.723886 6.5197706
vt 0.00390625 0.4609375
v -3.7495313 21.70288 6.5693603
vt 0.0 0.4609375
f 2565/2565 2566/2566 2567/2567 2568/2568
v 3.2648406 18.942154 5.4844837
vt 0.0 0.47265625
v 4.2633896 18.96316 5.4348946
vt 0.00390625 0.47265625
v 4.2388577 21.87093 6.1726437
vt 0.00390625 0.4609375
v 3.240309 21.849922 6.222233
vt 0.0 0.4609375
f 2569/2569 2570/2570 2571/2571 2572/2572
v -5.689389 14.876074 4.947125
vt 0.0 1.0
v -4.6908407 14.897079 4.8975353
vt 0.00390625 1.0
v -4.707195 16.835592 5.389368
vt 0.00390625 0.9921875
v -5.7057433 16.814587 5.4389577
vt 0.0 0.9921875
f 2573/2573 2574/2574 2575/2575 2576/2576
v 5.2946467 15.10714 4.401639
vt 0.0 1.0
v 6.2931952 15.128145 4.35205
vt 0.00390625 1.0
v 6.276841 17.066658 4.8438826
vt 0.00390625 0.9921875
v 5.2782927 17.045652 4.8934717
vt 0.0 0.9921875
f 2577/2577 2578/2578 2579/2579 2580/2580
v -4.707195 16.835592 5.389368
vt 0.01953125 1.0
v -3.7086456 16.856598 5.3397784
vt 0.0234375 1.0
v -3.7168229 17.825855 5.585695
vt 0.0234375 0.99609375
v -4.715372 17.80485 5.6352844
vt 0.01953125 0.99609375
f 2581/2581 2582/2582 2583/2583 2584/2584
v 4.2797437 17.024647 4.943062
vt 0.01953125 1.0
v 5.2782927 17.045652 4.8934717
vt 0.0234375 1.0
v 5.2701154 18.01491 5.139388
vt 0.0234375 0.99609375
v 4.271567 17.993904 5.188978
vt 0.01953125 0.99609375
f 2585/2585 2586/2586 2587/2587 2588/2588
v -2.689575 20.509478 7.2418756
vt 0.05859375 0.9453125
v 3.301717 20.635513 6.944338
vt 0.05859375 0.96875
v 3.2935398 21.604769 7.190254
vt 0.0625 0.96875
v -2.6977522 21.478733 7.4877915
vt 0.0625 0.9453125
f 2589/2589 2590/2590 2591/2591 2592/2592
v -4.63761 14.651926 5.8655562
vt 0.00390625 0.78515625
v -3.6390605 14.672932 5.8159666
vt 0.0078125 0.78515625
v -3.6554148 16.611444 6.3077993
vt 0.0078125 0.77734375
v -4.653964 16.590439 6.357389
vt 0.00390625 0.77734375
f 2593/2593 2594/2594 2595/2595 2596/2596
v 4.349329 14.84098 5.4192495
vt 0.00390625 0.78515625
v 5.3478775 14.861986 5.36966
vt 0.0078125 0.78515625
v 5.3315234 16.800499 5.861493
vt 0.0078125 0.77734375
v 4.3329744 16.779493 5.9110823
vt 0.00390625 0.77734375
f 2597/2597 2598/2598 2599/2599 2600/2600
v -3.6554148 16.611444 6.3077993
vt 0.01953125 0.98828125
v -2.6568663 16.63245 6.2582097
vt 0.0234375 0.98828125
v -2.6732206 18.570965 6.750043
vt 0.0234375 0.98046875
v -3.6717691 18.549957 6.799632
vt 0.01953125 0.98046875
f 2601/2601 2602/2602 2603/2603 2604/2604
v 3.3344257 16.758488 5.9606724
vt 0.01953125 0.98828125
v 4.3329744 16.779493 5.9110823
vt 0.0234375 0.98828125
v 4.3166203 18.718006 6.402915
vt 0.0234375 0.98046875
v 3.3180714 18.697 6.452505
vt 0.01953125 0.98046875
f 2605/2605 2606/2606 2607/2607 2608/2608
v -2.681398 19.54022 6.995959
vt 0.0078125 0.9921875
v -1.6828492 19.561226 6.946369
vt 0.01171875 0.9921875
v -1.6910264 20.530483 7.192286
vt 0.01171875 0.98828125
v -2.689575 20.509478 7.2418756
vt 0.0078125 0.98828125
f 2609/2609 2610/2610 2611/2611 2612/2612
v 2.3113458 19.64525 6.7480106
vt 0.0078125 0.9921875
v 3.309894 19.666256 6.6984215
vt 0.01171875 0.9921875
v 3.301717 20.635513 6.944338
vt 0.01171875 0.98828125
v 2.3031688 20.614508 6.9939275
vt 0.0078125 0.98828125
f 2613/2613 2614/2614 2615/2615 2616/2616
v -1.6296184 19.316072 7.9143915
vt 0.01953125 0.97265625
v 2.3645766 19.400097 7.716033
vt 0.01953125 0.98828125
v 2.3563995 20.369352 7.9619493
vt 0.0234375 0.98828125
v -1.6377957 20.285328 8.160308
vt 0.0234375 0.97265625
f 2617/2617 2618/2618 2619/2619 2620/2620
v -3.5858297 14.427778 6.783989
vt 0.01953125 0.98828125
v -2.5872812 14.448784 6.734399
vt 0.0234375 0.98828125
v -2.6036355 16.387297 7.226232
vt 0.0234375 0.98046875
v -3.602184 16.366291 7.2758217
vt 0.01953125 0.98046875
f 2621/2621 2622/2622 2623/2623 2624/2624
v 3.4040108 14.57482 6.4368615
vt 0.01953125 0.98828125
v 4.4025598 14.595825 6.387272
vt 0.0234375 0.98828125
v 4.386205 16.534338 6.8791046
vt 0.0234375 0.98046875
v 3.3876565 16.513332 6.9286942
vt 0.01953125 0.98046875
f 2625/2625 2626/2626 2627/2627 2628/2628
v -2.6118128 17.356554 7.4721484
vt 0.00390625 0.69140625
v -1.6132642 17.37756 7.422559
vt 0.0078125 0.69140625
v -1.6296184 19.316072 7.9143915
vt 0.0078125 0.68359375
v -2.6281672 19.295067 7.963981
vt 0.00390625 0.68359375
f 2629/2629 2630/2630 2631/2631 2632/2632
v 2.380931 17.461582 7.2242002
vt 0.00390625 0.69140625
v 3.3794792 17.48259 7.1746106
vt 0.0078125 0.69140625
v 3.3631248 19.421103 7.6664433
vt 0.0078125 0.68359375
v 2.3645766 19.400097 7.716033
vt 0.00390625 0.68359375
f 2633/2633 2634/2634 2635/2635 2636/2636
v -1.6214414 18.346815 7.668475
vt 0.0078125 0.9921875
v -0.6228924 18.36782 7.6188855
vt 0.01171875 0.9921875
v -0.6310694 19.337078 7.864802
vt 0.01171875 0.98828125
v -1.6296184 19.316072 7.9143915
vt 0.0078125 0.98828125
f 2637/2637 2638/2638 2639/2639 2640/2640
v 1.3742048 18.409834 7.5197062
vt 0.0078125 0.9921875
v 2.3727539 18.43084 7.4701166
vt 0.01171875 0.9921875
v 2.3645766 19.400097 7.716033
vt 0.01171875 0.98828125
v 1.3660276 19.37909 7.7656226
vt 0.0078125 0.98828125
f 2641/2641 2642/2642 2643/2643 2644/2644
v -2.5340505 14.20363 7.702421
vt 0.05859375 0.9453125
v 3.4572415 14.329666 7.4048834
vt 0.05859375 0.96875
v 3.43271 17.237434 8.1426325
vt 0.0703125 0.96875
v -2.558582 17.111399 8.44017
vt 0.0703125 0.9453125
f 2645/2645 2646/2646 2647/2647 2648/2648
v -1.5600334 17.132404 8.390581
vt 0.01953125 0.97265625
v 2.4341617 17.216429 8.192223
vt 0.01953125 0.98828125
v 2.4259846 18.185686 8.438139
vt 0.0234375 0.98828125
v -1.5682106 18.101662 8.6364975
vt 0.0234375 0.97265625
f 2649/2649 2650/2650 2651/2651 2652/2652
v -0.5696616 18.122667 8.586907
vt 0.01953125 0.9921875
v 1.4274355 18.16468 8.487728
vt 0.01953125 1.0
v 1.4192584 19.133936 8.7336445
vt 0.0234375 1.0
v -0.57783866 19.091925 8.832824
vt 0.0234375 0.9921875
f 2653/2653 2654/2654 2655/2655 2656/2656
v 0.6430087 11.218869 12.746842
vt 0.0 0.4140625
v 0.8753029 12.499516 11.228296
vt 0.0078125 0.4140625
v 0.09119511 8.011821 7.323712
vt 0.0078125 0.4375
v -0.14109921 6.731175 8.842258
vt 0.0 0.4375
f 2657/2657 2658/2658 2659/2659 2660/2660
v 1.75829 11.792008 13.400798
vt 0.00390625 0.9296875
v 1.9905844 13.072655 11.882251
vt 0.00390625 0.9375
v 1.8598999 12.324705 11.231487
vt 0.0 0.9375
v 1.6276056 11.04406 12.750034
vt 0.0 0.9296875
f 2661/2661 2662/2662 2663/2663 2664/2664
v 3.5967996 10.69444 12.756418
vt 0.0 0.9296875
v 3.829094 11.975086 11.237871
vt 0.0 0.9375
v 3.9597783 12.723035 11.888635
vt 0.00390625 0.9375
v 3.7274842 11.442389 13.407181
vt 0.00390625 0.9296875
f 2665/2665 2666/2666 2667/2667 2668/2668
v 3.7972887 6.0319357 8.855025
vt 0.0 0.4375
v 4.029583 7.312582 7.336479
vt 0.0078125 0.4375
v 4.8136907 11.800276 11.241063
vt 0.0078125 0.4140625
v 4.581396 10.51963 12.759609
vt 0.0 0.4140625
f 2669/2669 2670/2670 2671/2671 2672/2672
v -0.14109921 6.731175 8.842258
vt 0.01953125 0.828125
v 3.7972887 6.0319357 8.855025
vt 0.03515625 0.828125
v 4.581396 10.51963 12.759609
vt 0.03515625 0.8046875
v 0.6430087 11.218869 12.746842
vt 0.01953125 0.8046875
f 2673/2673 2674/2674 2675/2675 2676/2676
v 1.6276056 11.04406 12.750034
vt 0.0 0.9296875
v 3.5967996 10.69444 12.756418
vt 0.0 0.9375
v 3.7274842 11.442389 13.407181
vt 0.00390625 0.9375
v 1.75829 11.792008 13.400798
vt 0.00390625 0.9296875
f 2677/2677 2678/2678 2679/2679 2680/2680
v 0.8753029 12.499516 11.228296
vt 0.01953125 0.78125
v 4.8136907 11.800276 11.241063
vt 0.03515625 0.78125
v 4.029583 7.312582 7.336479
vt 0.03515625 0.8046875
v 0.09119511 8.011821 7.323712
vt 0.01953125 0.8046875
f 2681/2681 2682/2682 2683/2683 2684/2684
v 1.9905844 13.072655 11.882251
vt 0.00390625 0.9296875
v 3.9597783 12.723035 11.888635
vt 0.00390625 0.9375
v 3.829094 11.975086 11.237871
vt 0.0 0.9375
v 1.8598999 12.324705 11.231487
vt 0.0 0.9296875
f 2685/2685 2686/2686 2687/2687 2688/2688
v 0.09119511 8.011821 7.323712
vt 0.015625 0.8984375
v 4.029583 7.312582 7.336479
vt 0.015625 0.9140625
v 3.7972887 6.0319357 8.855025
vt 0.0078125 0.9140625
v -0.14109921 6.731175 8.842258
vt 0.0078125 0.8984375
f 2689/2689 2690/2690 2691/2691 2692/2692
v 0.6430087 11.218869 12.746842
vt 0.0 0.9375
v 1.6276056 11.04406 12.750034
vt 0.00390625 0.9375
v 1.8598999 12.324705 11.231487
vt 0.00390625 0.9296875
v 0.8753029 12.499516 11.228296
vt 0.0 0.9296875
f 2693/2693 2694/2694 2695/2695 2696/2696
v 3.5967996 10.69444 12.756418
vt 0.0 0.9375
v 4.581396 10.51963 12.759609
vt 0.00390625 0.9375
v 4.8136907 11.800276 11.241063
vt 0.00390625 0.9296875
v 3.829094 11.975086 11.237871
vt 0.0 0.9296875
f 2697/2697 2698/2698 2699/2699 2700/2700
v 1.75829 11.792008 13.400798
vt 0.0 0.8984375
v 3.7274842 11.442389 13.407181
vt 0.0078125 0.8984375
v 3.9597783 12.723035 11.888635
vt 0.0078125 0.890625
v 1.9905844 13.072655 11.882251
vt 0.0 0.890625
f 2701/2701 2702/2702 2703/2703 2704/2704
v 0.69713414 11.444994 8.434725
vt 0.05859375 0.9296875
v 1.1617227 14.006287 5.3976307
vt 0.05859375 0.9453125
v 0.7696688 11.76244 3.445339
vt 0.046875 0.9453125
v 0.30508018 9.201147 6.4824324
vt 0.046875 0.9296875
f 2705/2705 2706/2706 2707/2707 2708/2708
v 0.45030212 10.056723 8.543234
vt 0.0 0.9921875
v 0.5664494 10.697045 7.7839603
vt 0.00390625 0.9921875
v 0.30508018 9.201147 6.4824324
vt 0.00390625 1.0
v 0.1889329 8.560824 7.241706
vt 0.0 1.0
f 2709/2709 2710/2710 2711/2711 2712/2712
v 1.17353 8.386015 7.2448974
vt 0.0390625 0.96875
v 1.7542658 11.587629 3.4485307
vt 0.0390625 0.98828125
v 1.6235812 10.839681 2.7977667
vt 0.03515625 0.98828125
v 1.0428452 7.6380653 6.5941334
vt 0.03515625 0.96875
f 2713/2713 2714/2714 2715/2715 2716/2716
v 1.8124156 12.018133 9.08868
vt 0.0234375 0.97265625
v 2.2770042 14.579426 6.0515866
vt 0.0234375 0.98828125
v 2.1463196 13.831476 5.4008226
vt 0.01953125 0.98828125
v 1.681731 11.2701845 8.437916
vt 0.01953125 0.97265625
f 2717/2717 2718/2718 2719/2719 2720/2720
v 1.4494367 9.989538 9.956463
vt 0.015625 0.94140625
v 1.5655838 10.629862 9.197189
vt 0.01953125 0.94140625
v 1.17353 8.386015 7.2448974
vt 0.01953125 0.953125
v 1.0573828 7.7456913 8.004171
vt 0.015625 0.953125
f 2721/2721 2722/2722 2723/2723 2724/2724
v 1.5655838 10.629862 9.197189
vt 0.0 0.99609375
v 1.681731 11.2701845 8.437916
vt 0.00390625 0.99609375
v 1.5510464 10.522236 7.787152
vt 0.00390625 1.0
v 1.4348992 9.881912 8.546425
vt 0.0 1.0
f 2725/2725 2726/2726 2727/2727 2728/2728
v 2.666328 11.095375 8.441108
vt 0.0078125 0.9921875
v 2.7824752 11.735698 7.681834
vt 0.01171875 0.9921875
v 2.9131598 12.483647 8.332599
vt 0.01171875 0.98828125
v 2.7970126 11.843324 9.091872
vt 0.0078125 0.98828125
f 2729/2729 2730/2730 2731/2731 2732/2732
v 3.0120392 7.288446 6.600517
vt 0.03515625 0.96875
v 3.5927749 10.490061 2.80415
vt 0.03515625 0.98828125
v 3.7234597 11.23801 3.454914
vt 0.0390625 0.98828125
v 3.142724 8.036395 7.251281
vt 0.0390625 0.96875
f 2733/2733 2734/2734 2735/2735 2736/2736
v 3.0265768 7.396072 8.010554
vt 0.015625 0.953125
v 3.142724 8.036395 7.251281
vt 0.01953125 0.953125
v 3.5347776 10.280242 9.203573
vt 0.01953125 0.94140625
v 3.4186306 9.639919 9.962847
vt 0.015625 0.94140625
f 2737/2737 2738/2738 2739/2739 2740/2740
v 3.7670722 11.560888 7.685026
vt 0.01953125 0.9765625
v 4.1155133 13.481857 5.407206
vt 0.01953125 0.98828125
v 4.246198 14.229807 6.05797
vt 0.0234375 0.98828125
v 3.8977566 12.308837 8.335791
vt 0.0234375 0.9765625
f 2741/2741 2742/2742 2743/2743 2744/2744
v 3.4040933 9.532293 8.552809
vt 0.0 1.0
v 3.5202403 10.172616 7.793535
vt 0.00390625 1.0
v 3.650925 10.920565 8.4443
vt 0.00390625 0.99609375
v 3.5347776 10.280242 9.203573
vt 0.0 0.99609375
f 2745/2745 2746/2746 2747/2747 2748/2748
v 4.2434683 8.501908 6.495199
vt 0.0078125 0.97265625
v 4.7080564 11.0632 3.4581058
vt 0.0078125 0.98828125
v 5.1001105 13.307048 5.4103975
vt 0.01953125 0.98828125
v 4.635522 10.745755 8.447492
vt 0.01953125 0.97265625
f 2749/2749 2750/2750 2751/2751 2752/2752
v 4.127321 7.861585 7.2544727
vt 0.0 1.0
v 4.2434683 8.501908 6.495199
vt 0.00390625 1.0
v 4.504837 9.997807 7.796727
vt 0.00390625 0.9921875
v 4.38869 9.357483 8.556001
vt 0.0 0.9921875
f 2753/2753 2754/2754 2755/2755 2756/2756
v 1.0573828 7.7456913 8.004171
vt 0.01953125 0.91796875
v 3.0265768 7.396072 8.010554
vt 0.02734375 0.91796875
v 3.4186306 9.639919 9.962847
vt 0.02734375 0.90625
v 1.4494367 9.989538 9.956463
vt 0.01953125 0.90625
f 2757/2757 2758/2758 2759/2759 2760/2760
v 1.0428452 7.6380653 6.5941334
vt 0.0 0.9921875
v 3.0120392 7.288446 6.600517
vt 0.0 1.0
v 3.142724 8.036395 7.251281
vt 0.00390625 1.0
v 1.17353 8.386015 7.2448974
vt 0.00390625 0.9921875
f 2761/2761 2762/2762 2763/2763 2764/2764
v 0.1889329 8.560824 7.241706
vt 0.0 1.0
v 1.17353 8.386015 7.2448974
vt 0.00390625 1.0
v 1.4348992 9.881912 8.546425
vt 0.00390625 0.9921875
v 0.45030212 10.056723 8.543234
vt 0.0 0.9921875
f 2765/2765 2766/2766 2767/2767 2768/2768
v 3.142724 8.036395 7.251281
vt 0.0 1.0
v 4.127321 7.861585 7.2544727
vt 0.00390625 1.0
v 4.38869 9.357483 8.556001
vt 0.00390625 0.9921875
v 3.4040933 9.532293 8.552809
vt 0.0 0.9921875
f 2769/2769 2770/2770 2771/2771 2772/2772
v 0.5664494 10.697045 7.7839603
vt 0.0 1.0
v 1.5510464 10.522236 7.787152
vt 0.00390625 1.0
v 1.681731 11.2701845 8.437916
vt 0.00390625 0.99609375
v 0.69713414 11.444994 8.434725
vt 0.0 0.99609375
f 2773/2773 2774/2774 2775/2775 2776/2776
v 3.5202403 10.172616 7.793535
vt 0.0 1.0
v 4.504837 9.997807 7.796727
vt 0.00390625 1.0
v 4.635522 10.745755 8.447492
vt 0.00390625 0.99609375
v 3.650925 10.920565 8.4443
vt 0.0 0.99609375
f 2777/2777 2778/2778 2779/2779 2780/2780
v 1.681731 11.2701845 8.437916
vt 0.0078125 0.9921875
v 2.666328 11.095375 8.441108
vt 0.01171875 0.9921875
v 2.7970126 11.843324 9.091872
vt 0.01171875 0.98828125
v 1.8124156 12.018133 9.08868
vt 0.0078125 0.98828125
f 2781/2781 2782/2782 2783/2783 2784/2784
v 2.7824752 11.735698 7.681834
vt 0.0078125 0.9921875
v 3.7670722 11.560888 7.685026
vt 0.01171875 0.9921875
v 3.8977566 12.308837 8.335791
vt 0.01171875 0.98828125
v 2.9131598 12.483647 8.332599
vt 0.0078125 0.98828125
f 2785/2785 2786/2786 2787/2787 2788/2788
v 1.1617227 14.006287 5.3976307
vt 0.01953125 0.7734375
v 5.1001105 13.307048 5.4103975
vt 0.01953125 0.7890625
v 4.7080564 11.0632 3.4581058
vt 0.0078125 0.7890625
v 0.7696688 11.76244 3.445339
vt 0.0078125 0.7734375
f 2789/2789 2790/2790 2791/2791 2792/2792
v 1.7542658 11.587629 3.4485307
vt 0.00390625 0.9921875
v 3.7234597 11.23801 3.454914
vt 0.00390625 1.0
v 3.5927749 10.490061 2.80415
vt 0.0 1.0
v 1.6235812 10.839681 2.7977667
vt 0.0 0.9921875
f 2793/2793 2794/2794 2795/2795 2796/2796
v 2.2770042 14.579426 6.0515866
vt 0.0234375 0.98046875
v 4.246198 14.229807 6.05797
vt 0.0234375 0.98828125
v 4.1155133 13.481857 5.407206
vt 0.01953125 0.98828125
v 2.1463196 13.831476 5.4008226
vt 0.01953125 0.98046875
f 2797/2797 2798/2798 2799/2799 2800/2800
v 1.6235812 10.839681 2.7977667
vt 0.03515625 0.96875
v 3.5927749 10.490061 2.80415
vt 0.04296875 0.96875
v 3.0120392 7.288446 6.600517
vt 0.04296875 0.98828125
v 1.0428452 7.6380653 6.5941334
vt 0.03515625 0.98828125
f 2801/2801 2802/2802 2803/2803 2804/2804
v 0.7696688 11.76244 3.445339
vt 0.03515625 0.96875
v 1.7542658 11.587629 3.4485307
vt 0.0390625 0.96875
v 1.17353 8.386015 7.2448974
vt 0.0390625 0.98828125
v 0.1889329 8.560824 7.241706
vt 0.03515625 0.98828125
f 2805/2805 2806/2806 2807/2807 2808/2808
v 3.7234597 11.23801 3.454914
vt 0.03515625 0.96875
v 4.7080564 11.0632 3.4581058
vt 0.0390625 0.96875
v 4.127321 7.861585 7.2544727
vt 0.0390625 0.98828125
v 3.142724 8.036395 7.251281
vt 0.03515625 0.98828125
f 2809/2809 2810/2810 2811/2811 2812/2812
v 1.17353 8.386015 7.2448974
vt 0.02734375 0.9921875
v 3.142724 8.036395 7.251281
vt 0.02734375 1.0
v 3.0265768 7.396072 8.010554
vt 0.0234375 1.0
v 1.0573828 7.7456913 8.004171
vt 0.0234375 0.9921875
f 2813/2813 2814/2814 2815/2815 2816/2816
v 0.45030212 10.056723 8.543234
vt 0.0 1.0
v 1.4348992 9.881912 8.546425
vt 0.00390625 1.0
v 1.5510464 10.522236 7.787152
vt 0.00390625 0.99609375
v 0.5664494 10.697045 7.7839603
vt 0.0 0.99609375
f 2817/2817 2818/2818 2819/2819 2820/2820
v 3.4040933 9.532293 8.552809
vt 0.0 1.0
v 4.38869 9.357483 8.556001
vt 0.00390625 1.0
v 4.504837 9.997807 7.796727
vt 0.00390625 0.99609375
v 3.5202403 10.172616 7.793535
vt 0.0 0.99609375
f 2821/2821 2822/2822 2823/2823 2824/2824
v 1.4494367 9.989538 9.956463
vt 0.01171875 0.90234375
v 3.4186306 9.639919 9.962847
vt 0.01953125 0.90234375
v 3.650925 10.920565 8.4443
vt 0.01953125 0.89453125
v 1.681731 11.2701845 8.437916
vt 0.01171875 0.89453125
f 2825/2825 2826/2826 2827/2827 2828/2828
v 0.69713414 11.444994 8.434725
vt 0.0078125 0.9765625
v 1.681731 11.2701845 8.437916
vt 0.01171875 0.9765625
v 2.1463196 13.831476 5.4008226
vt 0.01171875 0.9609375
v 1.1617227 14.006287 5.3976307
vt 0.0078125 0.9609375
f 2829/2829 2830/2830 2831/2831 2832/2832
v 3.650925 10.920565 8.4443
vt 0.0 1.0
v 4.635522 10.745755 8.447492
vt 0.00390625 1.0
v 5.1001105 13.307048 5.4103975
vt 0.00390625 0.984375
v 4.1155133 13.481857 5.407206
vt 0.0 0.984375
f 2833/2833 2834/2834 2835/2835 2836/2836
v 2.666328 11.095375 8.441108
vt 0.0 1.0
v 3.650925 10.920565 8.4443
vt 0.00390625 1.0
v 3.7670722 11.560888 7.685026
vt 0.00390625 0.99609375
v 2.7824752 11.735698 7.681834
vt 0.0 0.99609375
f 2837/2837 2838/2838 2839/2839 2840/2840
v 1.9285629 12.658457 8.329407
vt 0.01953125 0.98828125
v 3.8977566 12.308837 8.335791
vt 0.02734375 0.98828125
v 4.246198 14.229807 6.05797
vt 0.02734375 0.9765625
v 2.2770042 14.579426 6.0515866
vt 0.01953125 0.9765625
f 2841/2841 2842/2842 2843/2843 2844/2844
v 1.8124156 12.018133 9.08868
vt 0.0078125 0.9921875
v 2.7970126 11.843324 9.091872
vt 0.01171875 0.9921875
v 2.9131598 12.483647 8.332599
vt 0.01171875 0.98828125
v 1.9285629 12.658457 8.329407
vt 0.0078125 0.98828125
f 2845/2845 2846/2846 2847/2847 2848/2848
v 0.17322087 13.819918 5.4711404
vt 0.0703125 0.96875
v 0.75395656 17.021534 1.6747736
vt 0.08984375 0.96875
v 0.96532893 13.186826 -1.5268421
vt 0.08984375 0.98828125
v 0.38459325 9.98521 2.2695246
vt 0.0703125 0.98828125
f 2849/2849 2850/2850 2851/2851 2852/2852
v 0.05707383 13.179594 6.230414
vt 0.0703125 0.96875
v 0.17322087 13.819918 5.4711404
vt 0.07421875 0.96875
v 0.34231877 10.7521515 2.9098477
vt 0.07421875 0.984375
v 0.22617173 10.111829 3.6691213
vt 0.0703125 0.984375
f 2853/2853 2854/2854 2855/2855 2856/2856
v 1.0071313 13.904262 6.986884
vt 0.07421875 0.953125
v 1.7040142 17.7462 2.4312441
vt 0.07421875 0.9765625
v 1.7462887 16.97926 1.7909211
vt 0.0703125 0.9765625
v 1.0494058 13.1373205 6.3465614
vt 0.0703125 0.953125
f 2857/2857 2858/2858 2859/2859 2860/2860
v 4.353921 9.816114 2.7341142
vt 0.03515625 0.96875
v 4.934657 13.017731 -1.0622525
vt 0.03515625 0.98828125
v 4.8923826 13.784672 -0.42192936
vt 0.0390625 0.98828125
v 4.3116465 10.583056 3.3744373
vt 0.0390625 0.96875
f 2861/2861 2862/2862 2863/2863 2864/2864
v 4.1954994 9.942734 4.133711
vt 0.0 1.0
v 4.3116465 10.583056 3.3744373
vt 0.00390625 1.0
v 4.269372 11.349998 4.0147605
vt 0.00390625 0.99609375
v 4.153225 10.709675 4.774034
vt 0.0 0.99609375
f 2865/2865 2866/2866 2867/2867 2868/2868
v 4.0264015 13.010499 6.6950035
vt 0.0078125 0.9921875
v 4.1425486 13.650823 5.93573
vt 0.01171875 0.9921875
v 4.100274 14.417764 6.576053
vt 0.01171875 0.98828125
v 3.984127 13.77744 7.3353267
vt 0.0078125 0.98828125
f 2869/2869 2870/2870 2871/2871 2872/2872
v 5.3039784 10.540783 3.4905849
vt 0.03515625 0.96875
v 5.884714 13.742398 -0.30578184
vt 0.03515625 0.98828125
v 5.8424397 14.50934 0.33454108
vt 0.0390625 0.98828125
v 5.261704 11.307724 4.130908
vt 0.0390625 0.96875
f 2873/2873 2874/2874 2875/2875 2876/2876
v 5.145557 10.6674 4.8901815
vt 0.0 1.0
v 5.261704 11.307724 4.130908
vt 0.00390625 1.0
v 5.1348805 13.608549 6.0518775
vt 0.00390625 0.98828125
v 5.0187335 12.9682255 6.811151
vt 0.0 0.98828125
f 2877/2877 2878/2878 2879/2879 2880/2880
v 6.254036 11.2654505 4.247055
vt 0.0390625 0.9609375
v 6.834771 14.467066 0.4506886
vt 0.0390625 0.98046875
v 6.6656733 17.534832 3.011981
vt 0.0546875 0.98046875
v 6.084938 14.333216 6.8083477
vt 0.0546875 0.9609375
f 2881/2881 2882/2882 2883/2883 2884/2884
v 0.22617173 10.111829 3.6691213
vt 0.0703125 0.984375
v 4.1954994 9.942734 4.133711
vt 0.0859375 0.984375
v 4.0264015 13.010499 6.6950035
vt 0.0859375 0.96875
v 0.05707383 13.179594 6.230414
vt 0.0703125 0.96875
f 2885/2885 2886/2886 2887/2887 2888/2888
v 4.153225 10.709675 4.774034
vt 0.0 1.0
v 5.145557 10.6674 4.8901815
vt 0.00390625 1.0
v 5.0187335 12.9682255 6.811151
vt 0.00390625 0.98828125
v 4.0264015 13.010499 6.6950035
vt 0.0 0.98828125
f 2889/2889 2890/2890 2891/2891 2892/2892
v 1.0494058 13.1373205 6.3465614
vt 0.01953125 0.9765625
v 4.0264015 13.010499 6.6950035
vt 0.01953125 0.98828125
v 3.984127 13.77744 7.3353267
vt 0.0234375 0.98828125
v 1.0071313 13.904262 6.986884
vt 0.0234375 0.9765625
f 2893/2893 2894/2894 2895/2895 2896/2896
v 0.38459325 9.98521 2.2695246
vt 0.0 0.984375
v 4.353921 9.816114 2.7341142
vt 0.0 1.0
v 4.3116465 10.583056 3.3744373
vt 0.00390625 1.0
v 0.34231877 10.7521515 2.9098477
vt 0.00390625 0.984375
f 2897/2897 2898/2898 2899/2899 2900/2900
v 5.261704 11.307724 4.130908
vt 0.0 1.0
v 6.254036 11.2654505 4.247055
vt 0.00390625 1.0
v 6.084938 14.333216 6.8083477
vt 0.00390625 0.984375
v 5.092606 14.37549 6.6922007
vt 0.0 0.984375
f 2901/2901 2902/2902 2903/2903 2904/2904
v 4.3116465 10.583056 3.3744373
vt 0.0 1.0
v 5.3039784 10.540783 3.4905849
vt 0.00390625 1.0
v 5.261704 11.307724 4.130908
vt 0.00390625 0.99609375
v 4.269372 11.349998 4.0147605
vt 0.0 0.99609375
f 2905/2905 2906/2906 2907/2907 2908/2908
v 4.1425486 13.650823 5.93573
vt 0.0 1.0
v 5.1348805 13.608549 6.0518775
vt 0.00390625 1.0
v 5.092606 14.37549 6.6922007
vt 0.00390625 0.99609375
v 4.100274 14.417764 6.576053
vt 0.0 0.99609375
f 2909/2909 2910/2910 2911/2911 2912/2912
v 0.75395656 17.021534 1.6747736
vt 0.08984375 0.96875
v 4.7232847 16.852438 2.1393633
vt 0.10546875 0.96875
v 4.934657 13.017731 -1.0622525
vt 0.10546875 0.98828125
v 0.96532893 13.186826 -1.5268421
vt 0.08984375 0.98828125
f 2913/2913 2914/2914 2915/2915 2916/2916
v 4.6810102 17.619379 2.7796865
vt 0.0078125 0.97265625
v 6.6656733 17.534832 3.011981
vt 0.015625 0.97265625
v 6.834771 14.467066 0.4506886
vt 0.015625 0.98828125
v 4.850108 14.551614 0.2183938
vt 0.0078125 0.98828125
f 2917/2917 2918/2918 2919/2919 2920/2920
v 1.7040142 17.7462 2.4312441
vt 0.0234375 0.9765625
v 4.6810102 17.619379 2.7796865
vt 0.0234375 0.98828125
v 4.7232847 16.852438 2.1393633
vt 0.01953125 0.98828125
v 1.7462887 16.97926 1.7909211
vt 0.01953125 0.9765625
f 2921/2921 2922/2922 2923/2923 2924/2924
v 4.850108 14.551614 0.2183938
vt 0.0 0.99609375
v 5.8424397 14.50934 0.33454108
vt 0.00390625 0.99609375
v 5.884714 13.742398 -0.30578184
vt 0.00390625 1.0
v 4.8923826 13.784672 -0.42192936
vt 0.0 1.0
f 2925/2925 2926/2926 2927/2927 2928/2928
v 0.96532893 13.186826 -1.5268421
vt 0.0390625 0.9609375
v 4.934657 13.017731 -1.0622525
vt 0.0546875 0.9609375
v 4.353921 9.816114 2.7341142
vt 0.0546875 0.98046875
v 0.38459325 9.98521 2.2695246
vt 0.0390625 0.98046875
f 2929/2929 2930/2930 2931/2931 2932/2932
v 4.8923826 13.784672 -0.42192936
vt 0.03515625 0.96875
v 5.884714 13.742398 -0.30578184
vt 0.0390625 0.96875
v 5.3039784 10.540783 3.4905849
vt 0.0390625 0.98828125
v 4.3116465 10.583056 3.3744373
vt 0.03515625 0.98828125
f 2933/2933 2934/2934 2935/2935 2936/2936
v 0.34231877 10.7521515 2.9098477
vt 0.00390625 0.984375
v 4.3116465 10.583056 3.3744373
vt 0.00390625 1.0
v 4.1954994 9.942734 4.133711
vt 0.0 1.0
v 0.22617173 10.111829 3.6691213
vt 0.0 0.984375
f 2937/2937 2938/2938 2939/2939 2940/2940
v 5.8424397 14.50934 0.33454108
vt 0.03515625 0.96875
v 6.834771 14.467066 0.4506886
vt 0.0390625 0.96875
v 6.254036 11.2654505 4.247055
vt 0.0390625 0.98828125
v 5.261704 11.307724 4.130908
vt 0.03515625 0.98828125
f 2941/2941 2942/2942 2943/2943 2944/2944
v 4.269372 11.349998 4.0147605
vt 0.0 0.99609375
v 5.261704 11.307724 4.130908
vt 0.00390625 0.99609375
v 5.145557 10.6674 4.8901815
vt 0.00390625 1.0
v 4.153225 10.709675 4.774034
vt 0.0 1.0
f 2945/2945 2946/2946 2947/2947 2948/2948
v 0.05707383 13.179594 6.230414
vt 0.0703125 0.9765625
v 1.0494058 13.1373205 6.3465614
vt 0.07421875 0.9765625
v 1.7462887 16.97926 1.7909211
vt 0.07421875 0.953125
v 0.75395656 17.021534 1.6747736
vt 0.0703125 0.953125
f 2949/2949 2950/2950 2951/2951 2952/2952
v 4.0264015 13.010499 6.6950035
vt 0.0 1.0
v 5.0187335 12.9682255 6.811151
vt 0.00390625 1.0
v 5.1348805 13.608549 6.0518775
vt 0.00390625 0.99609375
v 4.1425486 13.650823 5.93573
vt 0.0 0.99609375
f 2953/2953 2954/2954 2955/2955 2956/2956
v 1.1232784 14.544585 6.227611
vt 0.10546875 0.98828125
v 6.084938 14.333216 6.8083477
vt 0.125 0.98828125
v 6.6656733 17.534832 3.011981
vt 0.125 0.96875
v 1.7040142 17.7462 2.4312441
vt 0.10546875 0.96875
f 2957/2957 2958/2958 2959/2959 2960/2960
v 1.0071313 13.904262 6.986884
vt 0.01953125 0.9765625
v 3.984127 13.77744 7.3353267
vt 0.01953125 0.98828125
v 4.100274 14.417764 6.576053
vt 0.0234375 0.98828125
v 1.1232784 14.544585 6.227611
vt 0.0234375 0.9765625
f 2961/2961 2962/2962 2963/2963 2964/2964
v -3.5299973 10.827363 -12.975128
vt 0.0 0.4140625
v -3.665114 9.272965 -11.723891
vt 0.0078125 0.4140625
v -4.5146804 13.042002 -7.1333995
vt 0.0078125 0.4375
v -4.3795643 14.596399 -8.384636
vt 0.0 0.4375
f 2965/2965 2966/2966 2967/2967 2968/2968
v -2.4007864 10.236088 -13.587725
vt 0.00390625 0.9296875
v -2.5359027 8.68169 -12.336488
vt 0.00390625 0.9375
v -2.677497 9.309862 -11.571406
vt 0.0 0.9375
v -2.5423808 10.86426 -12.822642
vt 0.0 0.9296875
f 2969/2969 2970/2970 2971/2971 2972/2972
v -0.567147 10.938053 -12.517672
vt 0.0 0.9296875
v -0.70226336 9.383656 -11.266436
vt 0.0 0.9375
v -0.56066906 8.755483 -12.031517
vt 0.00390625 0.9375
v -0.42555273 10.30988 -13.282754
vt 0.00390625 0.9296875
f 2973/2973 2974/2974 2975/2975 2976/2976
v -0.42909682 14.743985 -7.774695
vt 0.0 0.4375
v -0.5642133 13.189588 -6.5234585
vt 0.0078125 0.4375
v 0.2853533 9.420551 -11.113951
vt 0.0078125 0.4140625
v 0.42046964 10.974949 -12.365187
vt 0.0 0.4140625
f 2977/2977 2978/2978 2979/2979 2980/2980
v -4.3795643 14.596399 -8.384636
vt 0.01953125 0.828125
v -0.42909682 14.743985 -7.774695
vt 0.03515625 0.828125
v 0.42046964 10.974949 -12.365187
vt 0.03515625 0.8046875
v -3.5299973 10.827363 -12.975128
vt 0.01953125 0.8046875
f 2981/2981 2982/2982 2983/2983 2984/2984
v -2.5423808 10.86426 -12.822642
vt 0.0 0.9296875
v -0.567147 10.938053 -12.517672
vt 0.0 0.9375
v -0.42555273 10.30988 -13.282754
vt 0.00390625 0.9375
v -2.4007864 10.236088 -13.587725
vt 0.00390625 0.9296875
f 2985/2985 2986/2986 2987/2987 2988/2988
v -3.665114 9.272965 -11.723891
vt 0.01953125 0.78125
v 0.2853533 9.420551 -11.113951
vt 0.03515625 0.78125
v -0.5642133 13.189588 -6.5234585
vt 0.03515625 0.8046875
v -4.5146804 13.042002 -7.1333995
vt 0.01953125 0.8046875
f 2989/2989 2990/2990 2991/2991 2992/2992
v -2.5359027 8.68169 -12.336488
vt 0.00390625 0.9296875
v -0.56066906 8.755483 -12.031517
vt 0.00390625 0.9375
v -0.70226336 9.383656 -11.266436
vt 0.0 0.9375
v -2.677497 9.309862 -11.571406
vt 0.0 0.9296875
f 2993/2993 2994/2994 2995/2995 2996/2996
v -4.5146804 13.042002 -7.1333995
vt 0.015625 0.8984375
v -0.5642133 13.189588 -6.5234585
vt 0.015625 0.9140625
v -0.42909682 14.743985 -7.774695
vt 0.0078125 0.9140625
v -4.3795643 14.596399 -8.384636
vt 0.0078125 0.8984375
f 2997/2997 2998/2998 2999/2999 3000/3000
v -3.5299973 10.827363 -12.975128
vt 0.0 0.9375
v -2.5423808 10.86426 -12.822642
vt 0.00390625 0.9375
v -2.677497 9.309862 -11.571406
vt 0.00390625 0.9296875
v -3.665114 9.272965 -11.723891
vt 0.0 0.9296875
f 3001/3001 3002/3002 3003/3003 3004/3004
v -0.567147 10.938053 -12.517672
vt 0.0 0.9375
v 0.42046964 10.974949 -12.365187
vt 0.00390625 0.9375
v 0.2853533 9.420551 -11.113951
vt 0.00390625 0.9296875
v -0.70226336 9.383656 -11.266436
vt 0.0 0.9296875
f 3005/3005 3006/3006 3007/3007 3008/3008
v -2.4007864 10.236088 -13.587725
vt 0.0 0.8984375
v -0.42555273 10.30988 -13.282754
vt 0.0078125 0.8984375
v -0.56066906 8.755483 -12.031517
vt 0.0078125 0.890625
v -2.5359027 8.68169 -12.336488
vt 0.0 0.890625
f 3009/3009 3010/3010 3011/3011 3012/3012
v -4.18794 9.665346 -8.432591
vt 0.01953125 0.97265625
v -4.517761 6.846106 -5.6142397
vt 0.01953125 0.98828125
v -4.918171 8.971415 -3.5351202
vt 0.0078125 0.98828125
v -4.5883503 11.790654 -6.3534718
vt 0.0078125 0.97265625
f 3013/3013 3014/3014 3015/3015 3016/3016
v -4.238955 11.078592 -8.4441395
vt 0.0 0.9921875
v -4.32141 10.373782 -7.7395515
vt 0.00390625 0.9921875
v -4.5883503 11.790654 -6.3534718
vt 0.00390625 1.0
v -4.5058947 12.495464 -7.0580597
vt 0.0 1.0
f 3017/3017 3018/3018 3019/3019 3020/3020
v -3.518278 12.53236 -6.905575
vt 0.0390625 0.96875
v -3.9305542 9.00831 -3.382635
vt 0.0390625 0.98828125
v -4.064024 9.716747 -2.689595
vt 0.03515625 0.98828125
v -3.6517477 13.240797 -6.2125344
vt 0.03515625 0.96875
f 3021/3021 3022/3022 3023/3023 3024/3024
v -3.0354128 11.111862 -9.689282
vt 0.015625 0.94140625
v -3.1178682 10.407052 -8.9846945
vt 0.01953125 0.94140625
v -3.518278 12.53236 -6.905575
vt 0.01953125 0.953125
v -3.4358225 13.237171 -7.6101627
vt 0.015625 0.953125
f 3025/3025 3026/3026 3027/3027 3028/3028
v -3.1493087 8.288996 -8.2685585
vt 0.0234375 0.9765625
v -3.3966746 6.1745663 -6.1547947
vt 0.0234375 0.98828125
v -3.5301445 6.8830023 -5.461755
vt 0.01953125 0.98828125
v -3.2827787 8.997433 -7.5755186
vt 0.01953125 0.9765625
f 3029/3029 3030/3030 3031/3031 3032/3032
v -3.1178682 10.407052 -8.9846945
vt 0.0 0.99609375
v -3.2003233 9.702242 -8.280107
vt 0.00390625 0.99609375
v -3.3337932 10.410679 -7.587066
vt 0.00390625 1.0
v -3.251338 11.115488 -8.291655
vt 0.0 1.0
f 3033/3033 3034/3034 3035/3035 3036/3036
v -2.0792365 9.030703 -8.820662
vt 0.0078125 0.98828125
v -2.1616917 8.325892 -8.116074
vt 0.01171875 0.98828125
v -2.2951617 9.034328 -7.423033
vt 0.01171875 0.9921875
v -2.2127066 9.739139 -8.127621
vt 0.0078125 0.9921875
f 3037/3037 3038/3038 3039/3039 3040/3040
v -1.676514 13.3145895 -5.907564
vt 0.03515625 0.96875
v -2.0887904 9.79054 -2.3846245
vt 0.03515625 0.98828125
v -1.9553204 9.082104 -3.0776646
vt 0.0390625 0.98828125
v -1.5430441 12.6061535 -6.600604
vt 0.0390625 0.96875
f 3041/3041 3042/3042 3043/3043 3044/3044
v -1.2250897 9.776035 -7.975136
vt 0.01953125 0.97265625
v -1.5549107 6.956795 -5.156784
vt 0.01953125 0.98828125
v -1.4214408 6.248359 -5.8498244
vt 0.0234375 0.98828125
v -1.0916197 9.067599 -8.668176
vt 0.0234375 0.97265625
f 3045/3045 3046/3046 3047/3047 3048/3048
v -1.4605888 13.310964 -7.305192
vt 0.015625 0.953125
v -1.5430441 12.6061535 -6.600604
vt 0.01953125 0.953125
v -1.1426344 10.480845 -8.679724
vt 0.01953125 0.94140625
v -1.0601791 11.185656 -9.384312
vt 0.015625 0.94140625
f 3049/3049 3050/3050 3051/3051 3052/3052
v -1.2761043 11.189281 -7.986684
vt 0.0 1.0
v -1.3585596 10.484471 -7.282096
vt 0.00390625 1.0
v -1.2250897 9.776035 -7.975136
vt 0.00390625 0.99609375
v -1.1426344 10.480845 -8.679724
vt 0.0 0.99609375
f 3053/3053 3054/3054 3055/3055 3056/3056
v -0.6378825 11.93824 -5.743531
vt 0.046875 0.9296875
v -0.96770346 9.119 -2.9251792
vt 0.046875 0.9453125
v -0.56729376 6.993692 -5.004299
vt 0.05859375 0.9453125
v -0.23747277 9.812932 -7.822651
vt 0.05859375 0.9296875
f 3057/3057 3058/3058 3059/3059 3060/3060
v -0.5554271 12.64305 -6.448119
vt 0.0 1.0
v -0.6378825 11.93824 -5.743531
vt 0.00390625 1.0
v -0.3709426 10.521368 -7.1296105
vt 0.00390625 0.9921875
v -0.2884872 11.226178 -7.8341985
vt 0.0 0.9921875
f 3061/3061 3062/3062 3063/3063 3064/3064
v -3.4358225 13.237171 -7.6101627
vt 0.01953125 0.91796875
v -1.4605888 13.310964 -7.305192
vt 0.02734375 0.91796875
v -1.0601791 11.185656 -9.384312
vt 0.02734375 0.90625
v -3.0354128 11.111862 -9.689282
vt 0.01953125 0.90625
f 3065/3065 3066/3066 3067/3067 3068/3068
v -3.6517477 13.240797 -6.2125344
vt 0.0 0.9921875
v -1.676514 13.3145895 -5.907564
vt 0.0 1.0
v -1.5430441 12.6061535 -6.600604
vt 0.00390625 1.0
v -3.518278 12.53236 -6.905575
vt 0.00390625 0.9921875
f 3069/3069 3070/3070 3071/3071 3072/3072
v -4.5058947 12.495464 -7.0580597
vt 0.0 1.0
v -3.518278 12.53236 -6.905575
vt 0.00390625 1.0
v -3.251338 11.115488 -8.291655
vt 0.00390625 0.9921875
v -4.238955 11.078592 -8.4441395
vt 0.0 0.9921875
f 3073/3073 3074/3074 3075/3075 3076/3076
v -1.5430441 12.6061535 -6.600604
vt 0.0 1.0
v -0.5554271 12.64305 -6.448119
vt 0.00390625 1.0
v -0.2884872 11.226178 -7.8341985
vt 0.00390625 0.9921875
v -1.2761043 11.189281 -7.986684
vt 0.0 0.9921875
f 3077/3077 3078/3078 3079/3079 3080/3080
v -4.32141 10.373782 -7.7395515
vt 0.0 1.0
v -3.3337932 10.410679 -7.587066
vt 0.00390625 1.0
v -3.2003233 9.702242 -8.280107
vt 0.00390625 0.99609375
v -4.18794 9.665346 -8.432591
vt 0.0 0.99609375
f 3081/3081 3082/3082 3083/3083 3084/3084
v -1.3585596 10.484471 -7.282096
vt 0.0 1.0
v -0.3709426 10.521368 -7.1296105
vt 0.00390625 1.0
v -0.23747277 9.812932 -7.822651
vt 0.00390625 0.99609375
v -1.2250897 9.776035 -7.975136
vt 0.0 0.99609375
f 3085/3085 3086/3086 3087/3087 3088/3088
v -2.2127066 9.739139 -8.127621
vt 0.0078125 0.9921875
v -1.2250897 9.776035 -7.975136
vt 0.01171875 0.9921875
v -1.0916197 9.067599 -8.668176
vt 0.01171875 0.98828125
v -2.0792365 9.030703 -8.820662
vt 0.0078125 0.98828125
f 3089/3089 3090/3090 3091/3091 3092/3092
v -3.2827787 8.997433 -7.5755186
vt 0.0078125 0.9921875
v -2.2951617 9.034328 -7.423033
vt 0.01171875 0.9921875
v -2.1616917 8.325892 -8.116074
vt 0.01171875 0.98828125
v -3.1493087 8.288996 -8.2685585
vt 0.0078125 0.98828125
f 3093/3093 3094/3094 3095/3095 3096/3096
v -4.517761 6.846106 -5.6142397
vt 0.01953125 0.7578125
v -0.56729376 6.993692 -5.004299
vt 0.01953125 0.7734375
v -0.96770346 9.119 -2.9251792
vt 0.0078125 0.7734375
v -4.918171 8.971415 -3.5351202
vt 0.0078125 0.7578125
f 3097/3097 3098/3098 3099/3099 3100/3100
v -3.9305542 9.00831 -3.382635
vt 0.00390625 0.9921875
v -1.9553204 9.082104 -3.0776646
vt 0.00390625 1.0
v -2.0887904 9.79054 -2.3846245
vt 0.0 1.0
v -4.064024 9.716747 -2.689595
vt 0.0 0.9921875
f 3101/3101 3102/3102 3103/3103 3104/3104
v -3.3966746 6.1745663 -6.1547947
vt 0.0234375 0.98046875
v -1.4214408 6.248359 -5.8498244
vt 0.0234375 0.98828125
v -1.5549107 6.956795 -5.156784
vt 0.01953125 0.98828125
v -3.5301445 6.8830023 -5.461755
vt 0.01953125 0.98046875
f 3105/3105 3106/3106 3107/3107 3108/3108
v -4.064024 9.716747 -2.689595
vt 0.03515625 0.96875
v -2.0887904 9.79054 -2.3846245
vt 0.04296875 0.96875
v -1.676514 13.3145895 -5.907564
vt 0.04296875 0.98828125
v -3.6517477 13.240797 -6.2125344
vt 0.03515625 0.98828125
f 3109/3109 3110/3110 3111/3111 3112/3112
v -4.918171 8.971415 -3.5351202
vt 0.03515625 0.96875
v -3.9305542 9.00831 -3.382635
vt 0.0390625 0.96875
v -3.518278 12.53236 -6.905575
vt 0.0390625 0.98828125
v -4.5058947 12.495464 -7.0580597
vt 0.03515625 0.98828125
f 3113/3113 3114/3114 3115/3115 3116/3116
v -1.9553204 9.082104 -3.0776646
vt 0.03515625 0.96875
v -0.96770346 9.119 -2.9251792
vt 0.0390625 0.96875
v -0.5554271 12.64305 -6.448119
vt 0.0390625 0.98828125
v -1.5430441 12.6061535 -6.600604
vt 0.03515625 0.98828125
f 3117/3117 3118/3118 3119/3119 3120/3120
v -3.518278 12.53236 -6.905575
vt 0.02734375 0.9921875
v -1.5430441 12.6061535 -6.600604
vt 0.02734375 1.0
v -1.4605888 13.310964 -7.305192
vt 0.0234375 1.0
v -3.4358225 13.237171 -7.6101627
vt 0.0234375 0.9921875
f 3121/3121 3122/3122 3123/3123 3124/3124
v -4.238955 11.078592 -8.4441395
vt 0.0 1.0
v -3.251338 11.115488 -8.291655
vt 0.00390625 1.0
v -3.3337932 10.410679 -7.587066
vt 0.00390625 0.99609375
v -4.32141 10.373782 -7.7395515
vt 0.0 0.99609375
f 3125/3125 3126/3126 3127/3127 3128/3128
v -1.2761043 11.189281 -7.986684
vt 0.0 1.0
v -0.2884872 11.226178 -7.8341985
vt 0.00390625 1.0
v -0.3709426 10.521368 -7.1296105
vt 0.00390625 0.99609375
v -1.3585596 10.484471 -7.282096
vt 0.0 0.99609375
f 3129/3129 3130/3130 3131/3131 3132/3132
v -3.0354128 11.111862 -9.689282
vt 0.01171875 0.90234375
v -1.0601791 11.185656 -9.384312
vt 0.01953125 0.90234375
v -1.2250897 9.776035 -7.975136
vt 0.01953125 0.89453125
v -3.2003233 9.702242 -8.280107
vt 0.01171875 0.89453125
f 3133/3133 3134/3134 3135/3135 3136/3136
v -1.2250897 9.776035 -7.975136
vt 0.0703125 0.98046875
v -0.23747277 9.812932 -7.822651
vt 0.07421875 0.98046875
v -0.56729376 6.993692 -5.004299
vt 0.07421875 0.96484375
v -1.5549107 6.956795 -5.156784
vt 0.0703125 0.96484375
f 3137/3137 3138/3138 3139/3139 3140/3140
v -4.2703953 8.960536 -7.7280035
vt 0.0 1.0
v -3.2827787 8.997433 -7.5755186
vt 0.00390625 1.0
v -3.5301445 6.8830023 -5.461755
vt 0.00390625 0.98828125
v -4.517761 6.846106 -5.6142397
vt 0.0 0.98828125
f 3141/3141 3142/3142 3143/3143 3144/3144
v -4.18794 9.665346 -8.432591
vt 0.0 0.9921875
v -2.2127066 9.739139 -8.127621
vt 0.0 1.0
v -2.2951617 9.034328 -7.423033
vt 0.00390625 1.0
v -4.2703953 8.960536 -7.7280035
vt 0.00390625 0.9921875
f 3145/3145 3146/3146 3147/3147 3148/3148
v -3.1493087 8.288996 -8.2685585
vt 0.01953125 0.98828125
v -1.174075 8.362789 -7.9635878
vt 0.02734375 0.98828125
v -1.4214408 6.248359 -5.8498244
vt 0.02734375 0.9765625
v -3.3966746 6.1745663 -6.1547947
vt 0.01953125 0.9765625
f 3149/3149 3150/3150 3151/3151 3152/3152
v -2.0792365 9.030703 -8.820662
vt 0.0078125 0.9921875
v -1.0916197 9.067599 -8.668176
vt 0.01171875 0.9921875
v -1.174075 8.362789 -7.9635878
vt 0.01171875 0.98828125
v -2.1616917 8.325892 -8.116074
vt 0.0078125 0.98828125
f 3153/3153 3154/3154 3155/3155 3156/3156
v -6.9989386 9.19018 0.051650286
vt 0.0546875 0.9609375
v -7.485035 13.724036 2.1029563
vt 0.0546875 0.98046875
v -6.992507 15.4040575 -1.493562
vt 0.0390625 0.98046875
v -6.5064106 10.870201 -3.544868
vt 0.0390625 0.9609375
f 3157/3157 3158/3158 3159/3159 3160/3160
v -5.518793 10.907098 -3.392383
vt 0.0390625 0.96875
v -6.00489 15.440954 -1.3410769
vt 0.0390625 0.98828125
v -5.8817577 15.86096 -2.2402062
vt 0.03515625 0.98828125
v -5.3956614 11.327103 -4.2915125
vt 0.03515625 0.96875
f 3161/3161 3162/3162 3163/3163 3164/3164
v -5.79097 8.74031 -1.1052551
vt 0.0 0.98828125
v -5.8881893 9.647081 -0.69499385
vt 0.00390625 0.98828125
v -5.518793 10.907098 -3.392383
vt 0.00390625 1.0
v -5.421574 10.000326 -3.8026443
vt 0.0 1.0
f 3165/3165 3166/3166 3167/3167 3168/3168
v -4.408045 11.363999 -4.139027
vt 0.0390625 0.96875
v -4.894141 15.897856 -2.0877213
vt 0.0390625 0.98828125
v -4.7710094 16.317862 -2.986851
vt 0.03515625 0.98828125
v -4.2849126 11.784005 -5.038157
vt 0.03515625 0.96875
f 3169/3169 3170/3170 3171/3171 3172/3172
v -4.433957 10.037223 -3.650159
vt 0.0 0.99609375
v -4.5311766 10.9439945 -3.2398977
vt 0.00390625 0.99609375
v -4.408045 11.363999 -4.139027
vt 0.00390625 1.0
v -4.3108253 10.457228 -4.5492887
vt 0.0 1.0
f 3173/3173 3174/3174 3175/3175 3176/3176
v -4.926485 8.357201 -0.053640604
vt 0.0078125 0.98828125
v -5.0237045 9.263972 0.35662067
vt 0.01171875 0.98828125
v -4.900573 9.683978 -0.54250866
vt 0.01171875 0.9921875
v -4.8033533 8.777206 -0.95277
vt 0.0078125 0.9921875
f 3177/3177 3178/3178 3179/3179 3180/3180
v -1.8405025 8.887896 -0.49531424
vt 0.0703125 0.953125
v -2.4238186 14.328524 1.9662532
vt 0.0703125 0.9765625
v -2.5469506 13.908519 2.8653822
vt 0.07421875 0.9765625
v -1.9636345 8.467891 0.40381515
vt 0.07421875 0.953125
f 3181/3181 3182/3182 3183/3183 3184/3184
v -0.33444524 11.931591 -4.4282165
vt 0.0703125 0.98828125
v -0.82054186 16.465446 -2.3769102
vt 0.08984375 0.98828125
v -1.4362018 14.36542 2.1187382
vt 0.08984375 0.96875
v -0.9501052 9.831564 0.067432165
vt 0.0703125 0.96875
f 3185/3185 3186/3186 3187/3187 3188/3188
v -0.360358 10.604814 -3.9393477
vt 0.0703125 0.984375
v -0.45757723 11.511585 -3.5290866
vt 0.07421875 0.984375
v -0.9501052 9.831564 0.067432165
vt 0.07421875 0.96875
v -0.85288596 8.924792 -0.3428291
vt 0.0703125 0.96875
f 3189/3189 3190/3190 3191/3191 3192/3192
v -4.3108253 10.457228 -4.5492887
vt 0.0703125 0.984375
v -0.360358 10.604814 -3.9393477
vt 0.0859375 0.984375
v -0.85288596 8.924792 -0.3428291
vt 0.0859375 0.96875
v -4.8033533 8.777206 -0.95277
vt 0.0703125 0.96875
f 3193/3193 3194/3194 3195/3195 3196/3196
v -5.421574 10.000326 -3.8026443
vt 0.0 1.0
v -4.433957 10.037223 -3.650159
vt 0.00390625 1.0
v -4.8033533 8.777206 -0.95277
vt 0.00390625 0.98828125
v -5.79097 8.74031 -1.1052551
vt 0.0 0.98828125
f 3197/3197 3198/3198 3199/3199 3200/3200
v -4.8033533 8.777206 -0.95277
vt 0.01953125 0.9765625
v -1.8405025 8.887896 -0.49531424
vt 0.01953125 0.98828125
v -1.9636345 8.467891 0.40381515
vt 0.0234375 0.98828125
v -4.926485 8.357201 -0.053640604
vt 0.0234375 0.9765625
f 3201/3201 3202/3202 3203/3203 3204/3204
v -4.2849126 11.784005 -5.038157
vt 0.0 0.984375
v -0.33444524 11.931591 -4.4282165
vt 0.0 1.0
v -0.45757723 11.511585 -3.5290866
vt 0.00390625 1.0
v -4.408045 11.363999 -4.139027
vt 0.00390625 0.984375
f 3205/3205 3206/3206 3207/3207 3208/3208
v -6.5064106 10.870201 -3.544868
vt 0.0 1.0
v -5.518793 10.907098 -3.392383
vt 0.00390625 1.0
v -6.011321 9.227076 0.20413554
vt 0.00390625 0.984375
v -6.9989386 9.19018 0.051650286
vt 0.0 0.984375
f 3209/3209 3210/3210 3211/3211 3212/3212
v -5.3956614 11.327103 -4.2915125
vt 0.0 1.0
v -4.408045 11.363999 -4.139027
vt 0.00390625 1.0
v -4.5311766 10.9439945 -3.2398977
vt 0.00390625 0.99609375
v -5.518793 10.907098 -3.392383
vt 0.0 0.99609375
f 3213/3213 3214/3214 3215/3215 3216/3216
v -5.8881893 9.647081 -0.69499385
vt 0.0 1.0
v -4.900573 9.683978 -0.54250866
vt 0.00390625 1.0
v -5.0237045 9.263972 0.35662067
vt 0.00390625 0.99609375
v -6.011321 9.227076 0.20413554
vt 0.0 0.99609375
f 3217/3217 3218/3218 3219/3219 3220/3220
v -5.386669 14.217834 1.5087973
vt 0.04296875 0.95703125
v -1.4362018 14.36542 2.1187382
vt 0.05859375 0.95703125
v -0.82054186 16.465446 -2.3769102
vt 0.05859375 0.9765625
v -4.7710094 16.317862 -2.986851
vt 0.04296875 0.9765625
f 3221/3221 3222/3222 3223/3223 3224/3224
v -7.485035 13.724036 2.1029563
vt 0.0078125 0.97265625
v -5.509801 13.797829 2.4079266
vt 0.015625 0.97265625
v -5.017273 15.477851 -1.1885917
vt 0.015625 0.98828125
v -6.992507 15.4040575 -1.493562
vt 0.0078125 0.98828125
f 3225/3225 3226/3226 3227/3227 3228/3228
v -5.509801 13.797829 2.4079266
vt 0.0234375 0.9765625
v -2.5469506 13.908519 2.8653822
vt 0.0234375 0.98828125
v -2.4238186 14.328524 1.9662532
vt 0.01953125 0.98828125
v -5.386669 14.217834 1.5087973
vt 0.01953125 0.9765625
f 3229/3229 3230/3230 3231/3231 3232/3232
v -6.00489 15.440954 -1.3410769
vt 0.0 0.99609375
v -5.017273 15.477851 -1.1885917
vt 0.00390625 0.99609375
v -4.894141 15.897856 -2.0877213
vt 0.00390625 1.0
v -5.8817577 15.86096 -2.2402062
vt 0.0 1.0
f 3233/3233 3234/3234 3235/3235 3236/3236
v -4.7710094 16.317862 -2.986851
vt 0.0390625 0.9609375
v -0.82054186 16.465446 -2.3769102
vt 0.0546875 0.9609375
v -0.33444524 11.931591 -4.4282165
vt 0.0546875 0.98046875
v -4.2849126 11.784005 -5.038157
vt 0.0390625 0.98046875
f 3237/3237 3238/3238 3239/3239 3240/3240
v -5.8817577 15.86096 -2.2402062
vt 0.03515625 0.96875
v -4.894141 15.897856 -2.0877213
vt 0.0390625 0.96875
v -4.408045 11.363999 -4.139027
vt 0.0390625 0.98828125
v -5.3956614 11.327103 -4.2915125
vt 0.03515625 0.98828125
f 3241/3241 3242/3242 3243/3243 3244/3244
v -4.408045 11.363999 -4.139027
vt 0.00390625 0.984375
v -0.45757723 11.511585 -3.5290866
vt 0.00390625 1.0
v -0.360358 10.604814 -3.9393477
vt 0.0 1.0
v -4.3108253 10.457228 -4.5492887
vt 0.0 0.984375
f 3245/3245 3246/3246 3247/3247 3248/3248
v -6.992507 15.4040575 -1.493562
vt 0.03515625 0.96875
v -6.00489 15.440954 -1.3410769
vt 0.0390625 0.96875
v -5.518793 10.907098 -3.392383
vt 0.0390625 0.98828125
v -6.5064106 10.870201 -3.544868
vt 0.03515625 0.98828125
f 3249/3249 3250/3250 3251/3251 3252/3252
v -5.518793 10.907098 -3.392383
vt 0.0 0.99609375
v -4.5311766 10.9439945 -3.2398977
vt 0.00390625 0.99609375
v -4.433957 10.037223 -3.650159
vt 0.00390625 1.0
v -5.421574 10.000326 -3.8026443
vt 0.0 1.0
f 3253/3253 3254/3254 3255/3255 3256/3256
v -1.8405025 8.887896 -0.49531424
vt 0.0703125 0.9765625
v -0.85288596 8.924792 -0.3428291
vt 0.07421875 0.9765625
v -1.4362018 14.36542 2.1187382
vt 0.07421875 0.953125
v -2.4238186 14.328524 1.9662532
vt 0.0703125 0.953125
f 3257/3257 3258/3258 3259/3259 3260/3260
v -5.79097 8.74031 -1.1052551
vt 0.0 1.0
v -4.8033533 8.777206 -0.95277
vt 0.00390625 1.0
v -4.900573 9.683978 -0.54250866
vt 0.00390625 0.99609375
v -5.8881893 9.647081 -0.69499385
vt 0.0 0.99609375
f 3261/3261 3262/3262 3263/3263 3264/3264
v -6.9989386 9.19018 0.051650286
vt 0.09765625 0.98828125
v -2.060854 9.374662 0.81407654
vt 0.1171875 0.98828125
v -2.5469506 13.908519 2.8653822
vt 0.1171875 0.96875
v -7.485035 13.724036 2.1029563
vt 0.09765625 0.96875
f 3265/3265 3266/3266 3267/3267 3268/3268
v -4.926485 8.357201 -0.053640604
vt 0.01953125 0.9765625
v -1.9636345 8.467891 0.40381515
vt 0.01953125 0.98828125
v -2.060854 9.374662 0.81407654
vt 0.0234375 0.98828125
v -5.0237045 9.263972 0.35662067
vt 0.0234375 0.9765625
f 3269/3269 3270/3270 3271/3271 3272/3272
v -2.6873705 18.873466 -11.172004
vt 0.01953125 0.91015625
v -2.8107617 20.16317 -9.648376
vt 0.02734375 0.91015625
v -2.4894507 22.452581 -11.560274
vt 0.02734375 0.921875
v -2.3660595 21.162878 -13.0839
vt 0.01953125 0.921875
f 3273/3273 3274/3274 3275/3275 3276/3276
v -1.3737278 21.120604 -12.967752
vt 0.0 0.3984375
v -1.497119 22.410307 -11.444125
vt 0.0078125 0.3984375
v -1.0687044 25.462858 -13.993321
vt 0.0078125 0.4140625
v -0.9453132 24.173155 -15.516949
vt 0.0 0.4140625
f 3277/3277 3278/3278 3279/3279 3280/3280
v -1.6333432 18.18634 -11.817669
vt 0.0078125 0.92578125
v -1.6950388 18.831192 -11.055856
vt 0.01171875 0.92578125
v -1.3737278 21.120604 -12.967752
vt 0.01171875 0.9375
v -1.3120322 20.475752 -13.729566
vt 0.0078125 0.9375
f 3281/3281 3282/3282 3283/3283 3284/3284
v -1.81843 20.120895 -9.532228
vt 0.0078125 0.92578125
v -1.8801255 20.765747 -8.770415
vt 0.01171875 0.92578125
v -1.5588145 23.055159 -10.682312
vt 0.01171875 0.9375
v -1.497119 22.410307 -11.444125
vt 0.0078125 0.9375
f 3285/3285 3286/3286 3287/3287 3288/3288
v 0.047018647 24.13088 -15.4008
vt 0.01171875 0.89453125
v -0.076372385 25.420584 -13.877173
vt 0.01953125 0.89453125
v 0.1378349 26.94686 -15.151771
vt 0.01953125 0.90234375
v 0.26122594 25.657154 -16.675398
vt 0.01171875 0.90234375
f 3289/3289 3290/3290 3291/3291 3292/3292
v -0.31970048 20.433477 -13.613418
vt 0.0 0.3984375
v -0.38139606 21.07833 -12.851604
vt 0.00390625 0.3984375
v 0.047018647 24.13088 -15.4008
vt 0.00390625 0.4140625
v 0.10871422 23.486029 -16.162613
vt 0.0 0.4140625
f 3293/3293 3294/3294 3295/3295 3296/3296
v -0.50478697 22.368032 -11.327977
vt 0.0 0.3984375
v -0.56648254 23.012884 -10.566164
vt 0.00390625 0.3984375
v -0.13806796 26.065435 -13.115359
vt 0.00390625 0.4140625
v -0.076372385 25.420584 -13.877173
vt 0.0 0.4140625
f 3297/3297 3298/3298 3299/3299 3300/3300
v -0.5793159 17.499214 -12.463335
vt 0.0078125 0.92578125
v -0.6410115 18.144066 -11.701521
vt 0.01171875 0.92578125
v -0.31970048 20.433477 -13.613418
vt 0.01171875 0.9375
v -0.2580049 19.788626 -14.375231
vt 0.0078125 0.9375
f 3301/3301 3302/3302 3303/3303 3304/3304
v -0.88779354 20.723473 -8.654267
vt 0.0078125 0.92578125
v -0.9494891 21.368324 -7.892454
vt 0.01171875 0.92578125
v -0.6281781 23.657736 -9.80435
vt 0.01171875 0.9375
v -0.56648254 23.012884 -10.566164
vt 0.0078125 0.9375
f 3305/3305 3306/3306 3307/3307 3308/3308
v 0.19953036 26.302006 -15.913585
vt 0.0234375 0.99609375
v 0.1378349 26.94686 -15.151771
vt 0.02734375 0.99609375
v 0.24493861 27.709995 -15.78907
vt 0.02734375 1.0
v 0.30663407 27.065144 -16.550884
vt 0.0234375 1.0
f 3309/3309 3310/3310 3311/3311 3312/3312
v 0.73432696 19.746351 -14.259083
vt 0.0 0.3984375
v 0.6726314 20.391203 -13.49727
vt 0.00390625 0.3984375
v 1.1010461 23.443754 -16.046465
vt 0.00390625 0.4140625
v 1.1627417 22.7989 -16.808279
vt 0.0 0.4140625
f 3313/3313 3314/3314 3315/3315 3316/3316
v 0.42584908 22.97061 -10.450016
vt 0.0 0.3984375
v 0.3641535 23.615461 -9.688202
vt 0.00390625 0.3984375
v 0.7925682 26.668013 -12.237398
vt 0.00390625 0.4140625
v 0.8542638 26.02316 -12.999211
vt 0.0 0.4140625
f 3317/3317 3318/3318 3319/3319 3320/3320
v 0.91595936 25.37831 -13.761024
vt 0.01171875 0.89453125
v 0.8542638 26.02316 -12.999211
vt 0.015625 0.89453125
v 1.1755748 28.312572 -14.911108
vt 0.015625 0.90625
v 1.2372704 27.66772 -15.672922
vt 0.01171875 0.90625
f 3321/3321 3322/3322 3323/3323 3324/3324
v 0.47471154 16.812088 -13.108999
vt 0.0078125 0.92578125
v 0.41301596 17.45694 -12.347186
vt 0.01171875 0.92578125
v 0.73432696 19.746351 -14.259083
vt 0.01171875 0.9375
v 0.79602253 19.1015 -15.020896
vt 0.0078125 0.9375
f 3325/3325 3326/3326 3327/3327 3328/3328
v 0.042842627 21.32605 -7.7763057
vt 0.0078125 0.92578125
v -0.01885295 21.970901 -7.014492
vt 0.01171875 0.92578125
v 0.30245793 24.260315 -8.926389
vt 0.01171875 0.9375
v 0.3641535 23.615461 -9.688202
vt 0.0078125 0.9375
f 3329/3329 3330/3330 3331/3331 3332/3332
v 1.3606614 26.378017 -17.196548
vt 0.00390625 0.9921875
v 1.2372704 27.66772 -15.672922
vt 0.00390625 1.0
v 1.344374 28.430859 -16.31022
vt 0.0 1.0
v 1.4677651 27.141155 -17.833847
vt 0.0 0.9921875
f 3333/3333 3334/3334 3335/3335 3336/3336
v 1.3152534 24.970028 -17.321064
vt 0.02734375 0.9921875
v 1.1918622 26.259731 -15.797436
vt 0.02734375 1.0
v 1.2989658 27.02287 -16.434734
vt 0.0234375 1.0
v 1.422357 25.733166 -17.958363
vt 0.0234375 0.9921875
f 3337/3337 3338/3338 3339/3339 3340/3340
v 1.1010461 23.443754 -16.046465
vt 0.01171875 0.89453125
v 1.0393505 24.088606 -15.284652
vt 0.015625 0.89453125
v 1.2535578 25.61488 -16.55925
vt 0.015625 0.90234375
v 1.3152534 24.970028 -17.321064
vt 0.01171875 0.90234375
f 3341/3341 3342/3342 3343/3343 3344/3344
v 3.1474051 22.714352 -16.575983
vt 0.0 0.4140625
v 3.0857096 23.359205 -15.814169
vt 0.00390625 0.4140625
v 2.6572948 20.306654 -13.264973
vt 0.00390625 0.3984375
v 2.7189903 19.661802 -14.026787
vt 0.0 0.3984375
f 3345/3345 3346/3346 3347/3347 3348/3348
v 2.8389273 25.938612 -12.766915
vt 0.0 0.4140625
v 2.7772317 26.583464 -12.005102
vt 0.00390625 0.4140625
v 2.348817 23.530912 -9.455906
vt 0.00390625 0.3984375
v 2.4105127 22.88606 -10.217719
vt 0.0 0.3984375
f 3349/3349 3350/3350 3351/3351 3352/3352
v 3.2219338 27.583172 -15.440625
vt 0.01171875 0.90625
v 3.1602383 28.228024 -14.678812
vt 0.015625 0.90625
v 2.8389273 25.938612 -12.766915
vt 0.015625 0.89453125
v 2.9006228 25.29376 -13.5287285
vt 0.01171875 0.89453125
f 3353/3353 3354/3354 3355/3355 3356/3356
v 2.780686 19.01695 -14.7886
vt 0.0078125 0.9375
v 2.7189903 19.661802 -14.026787
vt 0.01171875 0.9375
v 2.3976796 17.37239 -12.11489
vt 0.01171875 0.92578125
v 2.4593751 16.72754 -12.876703
vt 0.0078125 0.92578125
f 3357/3357 3358/3358 3359/3359 3360/3360
v 2.348817 23.530912 -9.455906
vt 0.0078125 0.9375
v 2.2871215 24.175766 -8.694092
vt 0.01171875 0.9375
v 1.9658105 21.886353 -6.7821956
vt 0.01171875 0.92578125
v 2.027506 21.2415 -7.544009
vt 0.0078125 0.92578125
f 3361/3361 3362/3362 3363/3363 3364/3364
v 3.4524286 27.056606 -17.601551
vt 0.0 0.9921875
v 3.3290377 28.34631 -16.077925
vt 0.0 1.0
v 3.2219338 27.583172 -15.440625
vt 0.00390625 1.0
v 3.345325 26.293468 -16.964252
vt 0.00390625 0.9921875
f 3365/3365 3366/3366 3367/3367 3368/3368
v 3.4070206 25.648617 -17.726067
vt 0.0234375 0.9921875
v 3.2836294 26.93832 -16.202438
vt 0.0234375 1.0
v 3.1765258 26.175182 -15.56514
vt 0.02734375 1.0
v 3.2999167 24.885479 -17.088766
vt 0.02734375 0.9921875
f 3369/3369 3370/3370 3371/3371 3372/3372
v 3.2999167 24.885479 -17.088766
vt 0.01171875 0.90234375
v 3.2382212 25.53033 -16.326954
vt 0.015625 0.90234375
v 3.024014 24.004057 -15.052355
vt 0.015625 0.89453125
v 3.0857096 23.359205 -15.814169
vt 0.01171875 0.89453125
f 3373/3373 3374/3374 3375/3375 3376/3376
v 4.230553 25.488056 -16.210804
vt 0.01171875 0.90234375
v 4.107162 26.777761 -14.687178
vt 0.01953125 0.90234375
v 3.8929546 25.251486 -13.4125805
vt 0.01953125 0.89453125
v 4.016346 23.961782 -14.936207
vt 0.01171875 0.89453125
f 3377/3377 3378/3378 3379/3379 3380/3380
v 4.078041 23.31693 -15.698021
vt 0.0 0.4140625
v 4.016346 23.961782 -14.936207
vt 0.00390625 0.4140625
v 3.5879312 20.909231 -12.387012
vt 0.00390625 0.3984375
v 3.6496267 20.26438 -13.148825
vt 0.0 0.3984375
f 3381/3381 3382/3382 3383/3383 3384/3384
v 3.8929546 25.251486 -13.4125805
vt 0.0 0.4140625
v 3.831259 25.896338 -12.650766
vt 0.00390625 0.4140625
v 3.4028444 22.843786 -10.101571
vt 0.00390625 0.3984375
v 3.46454 22.198935 -10.863384
vt 0.0 0.3984375
f 3385/3385 3386/3386 3387/3387 3388/3388
v 3.7113223 19.619528 -13.910638
vt 0.0078125 0.9375
v 3.6496267 20.26438 -13.148825
vt 0.01171875 0.9375
v 3.3283157 17.974968 -11.236928
vt 0.01171875 0.92578125
v 3.3900113 17.330116 -11.998741
vt 0.0078125 0.92578125
f 3389/3389 3390/3390 3391/3391 3392/3392
v 3.4028444 22.843786 -10.101571
vt 0.0078125 0.9375
v 3.3411489 23.488638 -9.339758
vt 0.01171875 0.9375
v 3.0198379 21.199226 -7.427861
vt 0.01171875 0.92578125
v 3.0815334 20.554375 -8.189674
vt 0.0078125 0.92578125
f 3393/3393 3394/3394 3395/3395 3396/3396
v 4.275961 26.896046 -16.08629
vt 0.0234375 1.0
v 4.214266 27.540897 -15.324477
vt 0.02734375 1.0
v 4.107162 26.777761 -14.687178
vt 0.02734375 0.99609375
v 4.1688576 26.132908 -15.448992
vt 0.0234375 0.99609375
f 3397/3397 3398/3398 3399/3399 3400/3400
v 5.0086775 23.919508 -14.820059
vt 0.0 0.4140625
v 4.8852863 25.209211 -13.296432
vt 0.0078125 0.4140625
v 4.4568715 22.15666 -10.747236
vt 0.0078125 0.3984375
v 4.5802627 20.866957 -12.270863
vt 0.0 0.3984375
f 3401/3401 3402/3402 3403/3403 3404/3404
v 4.641958 20.222105 -13.032677
vt 0.0078125 0.9375
v 4.5802627 20.866957 -12.270863
vt 0.01171875 0.9375
v 4.2589517 18.577545 -10.358967
vt 0.01171875 0.92578125
v 4.3206472 17.932693 -11.12078
vt 0.0078125 0.92578125
f 3405/3405 3406/3406 3407/3407 3408/3408
v 4.4568715 22.15666 -10.747236
vt 0.0078125 0.9375
v 4.395176 22.801512 -9.985422
vt 0.01171875 0.9375
v 4.073865 20.5121 -8.073526
vt 0.01171875 0.92578125
v 4.1355605 19.867249 -8.83534
vt 0.0078125 0.92578125
f 3409/3409 3410/3410 3411/3411 3412/3412
v 5.5725946 20.824682 -12.154715
vt 0.01953125 0.921875
v 5.4492035 22.114386 -10.631088
vt 0.02734375 0.921875
v 5.1278925 19.824974 -8.719192
vt 0.02734375 0.91015625
v 5.2512836 18.53527 -10.242819
vt 0.01953125 0.91015625
f 3413/3413 3414/3414 3415/3415 3416/3416
v 0.79602253 19.1015 -15.020896
vt 0.01953125 0.921875
v 2.780686 19.01695 -14.7886
vt 0.02734375 0.921875
v 2.4593751 16.72754 -12.876703
vt 0.02734375 0.91015625
v 0.47471154 16.812088 -13.108999
vt 0.01953125 0.91015625
f 3417/3417 3418/3418 3419/3419 3420/3420
v 1.1627417 22.7989 -16.808279
vt 0.0 0.4140625
v 3.1474051 22.714352 -16.575983
vt 0.0078125 0.4140625
v 2.7189903 19.661802 -14.026787
vt 0.0078125 0.3984375
v 0.73432696 19.746351 -14.259083
vt 0.0 0.3984375
f 3421/3421 3422/3422 3423/3423 3424/3424
v -0.2580049 19.788626 -14.375231
vt 0.0078125 0.9375
v 0.73432696 19.746351 -14.259083
vt 0.01171875 0.9375
v 0.41301596 17.45694 -12.347186
vt 0.01171875 0.92578125
v -0.5793159 17.499214 -12.463335
vt 0.0078125 0.92578125
f 3425/3425 3426/3426 3427/3427 3428/3428
v 2.7189903 19.661802 -14.026787
vt 0.0078125 0.9375
v 3.7113223 19.619528 -13.910638
vt 0.01171875 0.9375
v 3.3900113 17.330116 -11.998741
vt 0.01171875 0.92578125
v 2.3976796 17.37239 -12.11489
vt 0.0078125 0.92578125
f 3429/3429 3430/3430 3431/3431 3432/3432
v 1.422357 25.733166 -17.958363
vt 0.01171875 0.90625
v 3.4070206 25.648617 -17.726067
vt 0.01953125 0.90625
v 3.0857096 23.359205 -15.814169
vt 0.01953125 0.89453125
v 1.1010461 23.443754 -16.046465
vt 0.01171875 0.89453125
f 3433/3433 3434/3434 3435/3435 3436/3436
v 0.10871422 23.486029 -16.162613
vt 0.0 0.4140625
v 1.1010461 23.443754 -16.046465
vt 0.00390625 0.4140625
v 0.6726314 20.391203 -13.49727
vt 0.00390625 0.3984375
v -0.31970048 20.433477 -13.613418
vt 0.0 0.3984375
f 3437/3437 3438/3438 3439/3439 3440/3440
v 3.0857096 23.359205 -15.814169
vt 0.0 0.4140625
v 4.078041 23.31693 -15.698021
vt 0.00390625 0.4140625
v 3.6496267 20.26438 -13.148825
vt 0.00390625 0.3984375
v 2.6572948 20.306654 -13.264973
vt 0.0 0.3984375
f 3441/3441 3442/3442 3443/3443 3444/3444
v -1.3120322 20.475752 -13.729566
vt 0.0078125 0.9375
v -0.31970048 20.433477 -13.613418
vt 0.01171875 0.9375
v -0.6410115 18.144066 -11.701521
vt 0.01171875 0.92578125
v -1.6333432 18.18634 -11.817669
vt 0.0078125 0.92578125
f 3445/3445 3446/3446 3447/3447 3448/3448
v 3.6496267 20.26438 -13.148825
vt 0.0078125 0.9375
v 4.641958 20.222105 -13.032677
vt 0.01171875 0.9375
v 4.3206472 17.932693 -11.12078
vt 0.01171875 0.92578125
v 3.3283157 17.974968 -11.236928
vt 0.0078125 0.92578125
f 3449/3449 3450/3450 3451/3451 3452/3452
v -0.9453132 24.173155 -15.516949
vt 0.0 0.4140625
v 0.047018647 24.13088 -15.4008
vt 0.00390625 0.4140625
v -0.38139606 21.07833 -12.851604
vt 0.00390625 0.3984375
v -1.3737278 21.120604 -12.967752
vt 0.0 0.3984375
f 3453/3453 3454/3454 3455/3455 3456/3456
v 4.016346 23.961782 -14.936207
vt 0.0 0.4140625
v 5.0086775 23.919508 -14.820059
vt 0.00390625 0.4140625
v 4.5802627 20.866957 -12.270863
vt 0.00390625 0.3984375
v 3.5879312 20.909231 -12.387012
vt 0.0 0.3984375
f 3457/3457 3458/3458 3459/3459 3460/3460
v -2.3660595 21.162878 -13.0839
vt 0.0078125 0.9375
v -1.3737278 21.120604 -12.967752
vt 0.01171875 0.9375
v -1.6950388 18.831192 -11.055856
vt 0.01171875 0.92578125
v -2.6873705 18.873466 -11.172004
vt 0.0078125 0.92578125
f 3461/3461 3462/3462 3463/3463 3464/3464
v 4.5802627 20.866957 -12.270863
vt 0.0078125 0.9375
v 5.5725946 20.824682 -12.154715
vt 0.01171875 0.9375
v 5.2512836 18.53527 -10.242819
vt 0.01171875 0.92578125
v 4.2589517 18.577545 -10.358967
vt 0.0078125 0.92578125
f 3465/3465 3466/3466 3467/3467 3468/3468
v 1.4677651 27.141155 -17.833847
vt 0.0 0.9921875
v 3.4524286 27.056606 -17.601551
vt 0.0 1.0
v 3.345325 26.293468 -16.964252
vt 0.00390625 1.0
v 1.3606614 26.378017 -17.196548
vt 0.00390625 0.9921875
f 3469/3469 3470/3470 3471/3471 3472/3472
v 0.26122594 25.657154 -16.675398
vt 0.01171875 0.90234375
v 1.2535578 25.61488 -16.55925
vt 0.015625 0.90234375
v 1.0393505 24.088606 -15.284652
vt 0.015625 0.89453125
v 0.047018647 24.13088 -15.4008
vt 0.01171875 0.89453125
f 3473/3473 3474/3474 3475/3475 3476/3476
v 3.2382212 25.53033 -16.326954
vt 0.01171875 0.90234375
v 4.230553 25.488056 -16.210804
vt 0.015625 0.90234375
v 4.016346 23.961782 -14.936207
vt 0.015625 0.89453125
v 3.024014 24.004057 -15.052355
vt 0.01171875 0.89453125
f 3477/3477 3478/3478 3479/3479 3480/3480
v 0.30663407 27.065144 -16.550884
vt 0.0234375 1.0
v 1.2989658 27.02287 -16.434734
vt 0.02734375 1.0
v 1.1918622 26.259731 -15.797436
vt 0.02734375 0.99609375
v 0.19953036 26.302006 -15.913585
vt 0.0234375 0.99609375
f 3481/3481 3482/3482 3483/3483 3484/3484
v 3.2836294 26.93832 -16.202438
vt 0.0234375 1.0
v 4.275961 26.896046 -16.08629
vt 0.02734375 1.0
v 4.1688576 26.132908 -15.448992
vt 0.02734375 0.99609375
v 3.1765258 26.175182 -15.56514
vt 0.0234375 0.99609375
f 3485/3485 3486/3486 3487/3487 3488/3488
v -1.497119 22.410307 -11.444125
vt 0.0 0.3984375
v -0.50478697 22.368032 -11.327977
vt 0.00390625 0.3984375
v -0.076372385 25.420584 -13.877173
vt 0.00390625 0.4140625
v -1.0687044 25.462858 -13.993321
vt 0.0 0.4140625
f 3489/3489 3490/3490 3491/3491 3492/3492
v 3.46454 22.198935 -10.863384
vt 0.0 0.3984375
v 4.4568715 22.15666 -10.747236
vt 0.00390625 0.3984375
v 4.8852863 25.209211 -13.296432
vt 0.00390625 0.4140625
v 3.8929546 25.251486 -13.4125805
vt 0.0 0.4140625
f 3493/3493 3494/3494 3495/3495 3496/3496
v -0.076372385 25.420584 -13.877173
vt 0.01171875 0.89453125
v 0.91595936 25.37831 -13.761024
vt 0.015625 0.89453125
v 1.2372704 27.66772 -15.672922
vt 0.015625 0.90625
v 0.24493861 27.709995 -15.78907
vt 0.01171875 0.90625
f 3497/3497 3498/3498 3499/3499 3500/3500
v 2.9006228 25.29376 -13.5287285
vt 0.01171875 0.89453125
v 3.8929546 25.251486 -13.4125805
vt 0.015625 0.89453125
v 4.214266 27.540897 -15.324477
vt 0.015625 0.90625
v 3.2219338 27.583172 -15.440625
vt 0.01171875 0.90625
f 3501/3501 3502/3502 3503/3503 3504/3504
v -2.8107617 20.16317 -9.648376
vt 0.0078125 0.92578125
v -1.81843 20.120895 -9.532228
vt 0.01171875 0.92578125
v -1.497119 22.410307 -11.444125
vt 0.01171875 0.9375
v -2.4894507 22.452581 -11.560274
vt 0.0078125 0.9375
f 3505/3505 3506/3506 3507/3507 3508/3508
v 4.1355605 19.867249 -8.83534
vt 0.0078125 0.92578125
v 5.1278925 19.824974 -8.719192
vt 0.01171875 0.92578125
v 5.4492035 22.114386 -10.631088
vt 0.01171875 0.9375
v 4.4568715 22.15666 -10.747236
vt 0.0078125 0.9375
f 3509/3509 3510/3510 3511/3511 3512/3512
v 1.2372704 27.66772 -15.672922
vt 0.00390625 0.9921875
v 3.2219338 27.583172 -15.440625
vt 0.00390625 1.0
v 3.3290377 28.34631 -16.077925
vt 0.0 1.0
v 1.344374 28.430859 -16.31022
vt 0.0 0.9921875
f 3513/3513 3514/3514 3515/3515 3516/3516
v 0.8542638 26.02316 -12.999211
vt 0.01171875 0.89453125
v 2.8389273 25.938612 -12.766915
vt 0.01953125 0.89453125
v 3.1602383 28.228024 -14.678812
vt 0.01953125 0.90625
v 1.1755748 28.312572 -14.911108
vt 0.01171875 0.90625
f 3517/3517 3518/3518 3519/3519 3520/3520
v -0.56648254 23.012884 -10.566164
vt 0.0 0.3984375
v 0.42584908 22.97061 -10.450016
vt 0.00390625 0.3984375
v 0.8542638 26.02316 -12.999211
vt 0.00390625 0.4140625
v -0.13806796 26.065435 -13.115359
vt 0.0 0.4140625
f 3521/3521 3522/3522 3523/3523 3524/3524
v 2.4105127 22.88606 -10.217719
vt 0.0 0.3984375
v 3.4028444 22.843786 -10.101571
vt 0.00390625 0.3984375
v 3.831259 25.896338 -12.650766
vt 0.00390625 0.4140625
v 2.8389273 25.938612 -12.766915
vt 0.0 0.4140625
f 3525/3525 3526/3526 3527/3527 3528/3528
v -1.8801255 20.765747 -8.770415
vt 0.0078125 0.92578125
v -0.88779354 20.723473 -8.654267
vt 0.01171875 0.92578125
v -0.56648254 23.012884 -10.566164
vt 0.01171875 0.9375
v -1.5588145 23.055159 -10.682312
vt 0.0078125 0.9375
f 3529/3529 3530/3530 3531/3531 3532/3532
v 3.0815334 20.554375 -8.189674
vt 0.0078125 0.92578125
v 4.073865 20.5121 -8.073526
vt 0.01171875 0.92578125
v 4.395176 22.801512 -9.985422
vt 0.01171875 0.9375
v 3.4028444 22.843786 -10.101571
vt 0.0078125 0.9375
f 3533/3533 3534/3534 3535/3535 3536/3536
v 0.3641535 23.615461 -9.688202
vt 0.0 0.3984375
v 2.348817 23.530912 -9.455906
vt 0.0078125 0.3984375
v 2.7772317 26.583464 -12.005102
vt 0.0078125 0.4140625
v 0.7925682 26.668013 -12.237398
vt 0.0 0.4140625
f 3537/3537 3538/3538 3539/3539 3540/3540
v -0.9494891 21.368324 -7.892454
vt 0.0078125 0.92578125
v 0.042842627 21.32605 -7.7763057
vt 0.01171875 0.92578125
v 0.3641535 23.615461 -9.688202
vt 0.01171875 0.9375
v -0.6281781 23.657736 -9.80435
vt 0.0078125 0.9375
f 3541/3541 3542/3542 3543/3543 3544/3544
v 2.027506 21.2415 -7.544009
vt 0.0078125 0.92578125
v 3.0198379 21.199226 -7.427861
vt 0.01171875 0.92578125
v 3.3411489 23.488638 -9.339758
vt 0.01171875 0.9375
v 2.348817 23.530912 -9.455906
vt 0.0078125 0.9375
f 3545/3545 3546/3546 3547/3547 3548/3548
v -0.01885295 21.970901 -7.014492
vt 0.01953125 0.91015625
v 1.9658105 21.886353 -6.7821956
vt 0.02734375 0.91015625
v 2.2871215 24.175766 -8.694092
vt 0.02734375 0.921875
v 0.30245793 24.260315 -8.926389
vt 0.01953125 0.921875
f 3549/3549 3550/3550 3551/3551 3552/3552
v 1.344374 28.430859 -16.31022
vt 0.0078125 0.9921875
v 3.3290377 28.34631 -16.077925
vt 0.015625 0.9921875
v 3.4524286 27.056606 -17.601551
vt 0.015625 1.0
v 1.4677651 27.141155 -17.833847
vt 0.0078125 1.0
f 3553/3553 3554/3554 3555/3555 3556/3556
v 1.3606614 26.378017 -17.196548
vt 0.02734375 0.9921875
v 3.345325 26.293468 -16.964252
vt 0.02734375 1.0
v 3.4070206 25.648617 -17.726067
vt 0.0234375 1.0
v 1.422357 25.733166 -17.958363
vt 0.0234375 0.9921875
f 3557/3557 3558/3558 3559/3559 3560/3560
v 1.1755748 28.312572 -14.911108
vt 0.02734375 0.9921875
v 3.1602383 28.228024 -14.678812
vt 0.02734375 1.0
v 3.2219338 27.583172 -15.440625
vt 0.0234375 1.0
v 1.2372704 27.66772 -15.672922
vt 0.0234375 0.9921875
f 3561/3561 3562/3562 3563/3563 3564/3564
v 0.24493861 27.709995 -15.78907
vt 0.0234375 0.99609375
v 1.2372704 27.66772 -15.672922
vt 0.02734375 0.99609375
v 1.2989658 27.02287 -16.434734
vt 0.02734375 1.0
v 0.30663407 27.065144 -16.550884
vt 0.0234375 1.0
f 3565/3565 3566/3566 3567/3567 3568/3568
v 3.2219338 27.583172 -15.440625
vt 0.0234375 0.99609375
v 4.214266 27.540897 -15.324477
vt 0.02734375 0.99609375
v 4.275961 26.896046 -16.08629
vt 0.02734375 1.0
v 3.2836294 26.93832 -16.202438
vt 0.0234375 1.0
f 3569/3569 3570/3570 3571/3571 3572/3572
v 0.19953036 26.302006 -15.913585
vt 0.0234375 0.99609375
v 1.1918622 26.259731 -15.797436
vt 0.02734375 0.99609375
v 1.2535578 25.61488 -16.55925
vt 0.02734375 1.0
v 0.26122594 25.657154 -16.675398
vt 0.0234375 1.0
f 3573/3573 3574/3574 3575/3575 3576/3576
v 3.1765258 26.175182 -15.56514
vt 0.0234375 0.99609375
v 4.1688576 26.132908 -15.448992
vt 0.02734375 0.99609375
v 4.230553 25.488056 -16.210804
vt 0.02734375 1.0
v 3.2382212 25.53033 -16.326954
vt 0.0234375 1.0
f 3577/3577 3578/3578 3579/3579 3580/3580
v 1.1010461 23.443754 -16.046465
vt 0.00390625 0.9921875
v 3.0857096 23.359205 -15.814169
vt 0.00390625 1.0
v 3.1474051 22.714352 -16.575983
vt 0.0 1.0
v 1.1627417 22.7989 -16.808279
vt 0.0 0.9921875
f 3581/3581 3582/3582 3583/3583 3584/3584
v -1.0687044 25.462858 -13.993321
vt 0.0 0.9921875
v -0.076372385 25.420584 -13.877173
vt 0.00390625 0.9921875
v 0.047018647 24.13088 -15.4008
vt 0.00390625 1.0
v -0.9453132 24.173155 -15.516949
vt 0.0 1.0
f 3585/3585 3586/3586 3587/3587 3588/3588
v 3.8929546 25.251486 -13.4125805
vt 0.0 0.9921875
v 4.8852863 25.209211 -13.296432
vt 0.00390625 0.9921875
v 5.0086775 23.919508 -14.820059
vt 0.00390625 1.0
v 4.016346 23.961782 -14.936207
vt 0.0 1.0
f 3589/3589 3590/3590 3591/3591 3592/3592
v 0.7925682 26.668013 -12.237398
vt 0.00390625 0.9921875
v 2.7772317 26.583464 -12.005102
vt 0.00390625 1.0
v 2.8389273 25.938612 -12.766915
vt 0.0 1.0
v 0.8542638 26.02316 -12.999211
vt 0.0 0.9921875
f 3593/3593 3594/3594 3595/3595 3596/3596
v 0.047018647 24.13088 -15.4008
vt 0.0 0.99609375
v 1.0393505 24.088606 -15.284652
vt 0.00390625 0.99609375
v 1.1010461 23.443754 -16.046465
vt 0.00390625 1.0
v 0.10871422 23.486029 -16.162613
vt 0.0 1.0
f 3597/3597 3598/3598 3599/3599 3600/3600
v 3.024014 24.004057 -15.052355
vt 0.0 0.99609375
v 4.016346 23.961782 -14.936207
vt 0.00390625 0.99609375
v 4.078041 23.31693 -15.698021
vt 0.00390625 1.0
v 3.0857096 23.359205 -15.814169
vt 0.0 1.0
f 3601/3601 3602/3602 3603/3603 3604/3604
v -0.13806796 26.065435 -13.115359
vt 0.0 0.99609375
v 0.8542638 26.02316 -12.999211
vt 0.00390625 0.99609375
v 0.91595936 25.37831 -13.761024
vt 0.00390625 1.0
v -0.076372385 25.420584 -13.877173
vt 0.0 1.0
f 3605/3605 3606/3606 3607/3607 3608/3608
v 2.8389273 25.938612 -12.766915
vt 0.0 0.99609375
v 3.831259 25.896338 -12.650766
vt 0.00390625 0.99609375
v 3.8929546 25.251486 -13.4125805
vt 0.00390625 1.0
v 2.9006228 25.29376 -13.5287285
vt 0.0 1.0
f 3609/3609 3610/3610 3611/3611 3612/3612
v 0.73432696 19.746351 -14.259083
vt 0.00390625 0.9921875
v 2.7189903 19.661802 -14.026787
vt 0.00390625 1.0
v 2.780686 19.01695 -14.7886
vt 0.0 1.0
v 0.79602253 19.1015 -15.020896
vt 0.0 0.9921875
f 3613/3613 3614/3614 3615/3615 3616/3616
v -2.4894507 22.452581 -11.560274
vt 0.0 0.9921875
v -1.497119 22.410307 -11.444125
vt 0.00390625 0.9921875
v -1.3737278 21.120604 -12.967752
vt 0.00390625 1.0
v -2.3660595 21.162878 -13.0839
vt 0.0 1.0
f 3617/3617 3618/3618 3619/3619 3620/3620
v 4.4568715 22.15666 -10.747236
vt 0.0 0.9921875
v 5.4492035 22.114386 -10.631088
vt 0.00390625 0.9921875
v 5.5725946 20.824682 -12.154715
vt 0.00390625 1.0
v 4.5802627 20.866957 -12.270863
vt 0.0 1.0
f 3621/3621 3622/3622 3623/3623 3624/3624
v 0.30245793 24.260315 -8.926389
vt 0.00390625 0.9921875
v 2.2871215 24.175766 -8.694092
vt 0.00390625 1.0
v 2.348817 23.530912 -9.455906
vt 0.0 1.0
v 0.3641535 23.615461 -9.688202
vt 0.0 0.9921875
f 3625/3625 3626/3626 3627/3627 3628/3628
v -0.31970048 20.433477 -13.613418
vt 0.0 0.99609375
v 0.6726314 20.391203 -13.49727
vt 0.00390625 0.99609375
v 0.73432696 19.746351 -14.259083
vt 0.00390625 1.0
v -0.2580049 19.788626 -14.375231
vt 0.0 1.0
f 3629/3629 3630/3630 3631/3631 3632/3632
v 2.6572948 20.306654 -13.264973
vt 0.0 0.99609375
v 3.6496267 20.26438 -13.148825
vt 0.00390625 0.99609375
v 3.7113223 19.619528 -13.910638
vt 0.00390625 1.0
v 2.7189903 19.661802 -14.026787
vt 0.0 1.0
f 3633/3633 3634/3634 3635/3635 3636/3636
v -1.3737278 21.120604 -12.967752
vt 0.0 0.99609375
v -0.38139606 21.07833 -12.851604
vt 0.00390625 0.99609375
v -0.31970048 20.433477 -13.613418
vt 0.00390625 1.0
v -1.3120322 20.475752 -13.729566
vt 0.0 1.0
f 3637/3637 3638/3638 3639/3639 3640/3640
v 3.5879312 20.909231 -12.387012
vt 0.0 0.99609375
v 4.5802627 20.866957 -12.270863
vt 0.00390625 0.99609375
v 4.641958 20.222105 -13.032677
vt 0.00390625 1.0
v 3.6496267 20.26438 -13.148825
vt 0.0 1.0
f 3641/3641 3642/3642 3643/3643 3644/3644
v -1.5588145 23.055159 -10.682312
vt 0.0 0.99609375
v -0.56648254 23.012884 -10.566164
vt 0.00390625 0.99609375
v -0.50478697 22.368032 -11.327977
vt 0.00390625 1.0
v -1.497119 22.410307 -11.444125
vt 0.0 1.0
f 3645/3645 3646/3646 3647/3647 3648/3648
v 3.4028444 22.843786 -10.101571
vt 0.0 0.99609375
v 4.395176 22.801512 -9.985422
vt 0.00390625 0.99609375
v 4.4568715 22.15666 -10.747236
vt 0.00390625 1.0
v 3.46454 22.198935 -10.863384
vt 0.0 1.0
f 3649/3649 3650/3650 3651/3651 3652/3652
v -0.6281781 23.657736 -9.80435
vt 0.0 0.99609375
v 0.3641535 23.615461 -9.688202
vt 0.00390625 0.99609375
v 0.42584908 22.97061 -10.450016
vt 0.00390625 1.0
v -0.56648254 23.012884 -10.566164
vt 0.0 1.0
f 3653/3653 3654/3654 3655/3655 3656/3656
v 2.348817 23.530912 -9.455906
vt 0.0 0.99609375
v 3.3411489 23.488638 -9.339758
vt 0.00390625 0.99609375
v 3.4028444 22.843786 -10.101571
vt 0.00390625 1.0
v 2.4105127 22.88606 -10.217719
vt 0.0 1.0
f 3657/3657 3658/3658 3659/3659 3660/3660
v -0.5793159 17.499214 -12.463335
vt 0.01953125 0.78125
v 3.3900113 17.330116 -11.998741
vt 0.03515625 0.78125
v 3.0198379 21.199226 -7.427861
vt 0.03515625 0.7578125
v -0.9494891 21.368324 -7.892454
vt 0.01953125 0.7578125
f 3661/3661 3662/3662 3663/3663 3664/3664
v -1.6333432 18.18634 -11.817669
vt 0.015625 0.953125
v -0.6410115 18.144066 -11.701521
vt 0.01953125 0.953125
v -0.88779354 20.723473 -8.654267
vt 0.01953125 0.9375
v -1.8801255 20.765747 -8.770415
vt 0.015625 0.9375
f 3665/3665 3666/3666 3667/3667 3668/3668
v 3.3283157 17.974968 -11.236928
vt 0.015625 0.953125
v 4.3206472 17.932693 -11.12078
vt 0.01953125 0.953125
v 4.073865 20.5121 -8.073526
vt 0.01953125 0.9375
v 3.0815334 20.554375 -8.189674
vt 0.015625 0.9375
f 3669/3669 3670/3670 3671/3671 3672/3672
v 0.47471154 16.812088 -13.108999
vt 0.0234375 0.9921875
v 2.4593751 16.72754 -12.876703
vt 0.0234375 1.0
v 2.3976796 17.37239 -12.11489
vt 0.02734375 1.0
v 0.41301596 17.45694 -12.347186
vt 0.02734375 0.9921875
f 3673/3673 3674/3674 3675/3675 3676/3676
v -2.6873705 18.873466 -11.172004
vt 0.0234375 1.0
v -1.6950388 18.831192 -11.055856
vt 0.02734375 1.0
v -1.81843 20.120895 -9.532228
vt 0.02734375 0.9921875
v -2.8107617 20.16317 -9.648376
vt 0.0234375 0.9921875
f 3677/3677 3678/3678 3679/3679 3680/3680
v 4.2589517 18.577545 -10.358967
vt 0.0234375 1.0
v 5.2512836 18.53527 -10.242819
vt 0.02734375 1.0
v 5.1278925 19.824974 -8.719192
vt 0.02734375 0.9921875
v 4.1355605 19.867249 -8.83534
vt 0.0234375 0.9921875
f 3681/3681 3682/3682 3683/3683 3684/3684
v 0.042842627 21.32605 -7.7763057
vt 0.0234375 0.9921875
v 2.027506 21.2415 -7.544009
vt 0.0234375 1.0
v 1.9658105 21.886353 -6.7821956
vt 0.02734375 1.0
v -0.01885295 21.970901 -7.014492
vt 0.02734375 0.9921875
f 3685/3685 3686/3686 3687/3687 3688/3688
v -3.1270535 17.160969 -8.582208
vt 0.01171875 0.890625
v -3.1864946 18.821995 -7.4697976
vt 0.01953125 0.890625
v -2.7065907 21.043562 -10.761352
vt 0.01953125 0.90625
v -2.6471496 19.382536 -11.873762
vt 0.01171875 0.90625
f 3689/3689 3690/3690 3691/3691 3692/3692
v -2.3141387 18.224329 -6.530761
vt 0.01171875 0.88671875
v -2.3438592 19.054842 -5.974556
vt 0.015625 0.88671875
v -1.7439795 21.831802 -10.088999
vt 0.015625 0.90625
v -1.7142589 21.001287 -10.645204
vt 0.01171875 0.90625
f 3693/3693 3694/3694 3695/3695 3696/3696
v -2.1050012 16.28818 -9.0222645
vt 0.01171875 0.890625
v -2.1347218 17.118694 -8.46606
vt 0.015625 0.890625
v -1.6548178 19.340261 -11.757614
vt 0.015625 0.90625
v -1.6250973 18.509747 -12.313818
vt 0.01171875 0.90625
f 3697/3697 3698/3698 3699/3699 3700/3700
v -2.3746736 16.00791 -6.8202825
vt 0.01953125 0.9140625
v -2.4341147 17.668936 -5.7078724
vt 0.02734375 0.9140625
v -2.1941628 18.77972 -7.353649
vt 0.02734375 0.921875
v -2.1347218 17.118694 -8.46606
vt 0.01953125 0.921875
f 3701/3701 3702/3702 3703/3703 3704/3704
v -1.3515275 19.012568 -5.858408
vt 0.01171875 0.88671875
v -1.381248 19.84308 -5.3022027
vt 0.015625 0.88671875
v -0.7813684 22.62004 -9.416645
vt 0.015625 0.90625
v -0.75164783 21.789528 -9.972851
vt 0.01171875 0.90625
f 3705/3705 3706/3706 3707/3707 3708/3708
v -1.0829487 15.415392 -9.462321
vt 0.01171875 0.890625
v -1.1126692 16.245905 -8.9061165
vt 0.015625 0.890625
v -0.6327654 18.467472 -12.19767
vt 0.015625 0.90625
v -0.60304487 17.63696 -12.753876
vt 0.01171875 0.90625
f 3709/3709 3710/3710 3711/3711 3712/3712
v -1.3526211 15.135121 -7.260339
vt 0.0078125 0.9296875
v -1.3823416 15.965635 -6.704134
vt 0.01171875 0.9296875
v -1.1423898 17.076418 -8.349911
vt 0.01171875 0.9375
v -1.1126692 16.245905 -8.9061165
vt 0.0078125 0.9375
f 3713/3713 3714/3714 3715/3715 3716/3716
v -1.441783 17.626661 -5.5917244
vt 0.0234375 0.99609375
v -1.4715035 18.457176 -5.035519
vt 0.02734375 0.99609375
v -1.3515275 19.012568 -5.858408
vt 0.02734375 1.0
v -1.3218069 18.182055 -6.414613
vt 0.0234375 1.0
f 3717/3717 3718/3718 3719/3719 3720/3720
v -0.060896218 14.542604 -9.902378
vt 0.01171875 0.890625
v -0.09061682 15.373117 -9.346173
vt 0.015625 0.890625
v 0.389287 17.594685 -12.637727
vt 0.015625 0.90625
v 0.41900754 16.764172 -13.193932
vt 0.01171875 0.90625
f 3721/3721 3722/3722 3723/3723 3724/3724
v -0.2689402 20.356197 -6.008943
vt 0.01171875 0.890625
v -0.29866087 21.186712 -5.452738
vt 0.015625 0.890625
v 0.18124282 23.40828 -8.744292
vt 0.015625 0.90625
v 0.21096349 22.577766 -9.300497
vt 0.01171875 0.90625
f 3725/3725 3726/3726 3727/3727 3728/3728
v -0.33056867 14.262333 -7.7003956
vt 0.0078125 0.9296875
v -0.36028922 15.092847 -7.144191
vt 0.01171875 0.9296875
v -0.12033737 16.20363 -8.789968
vt 0.01171875 0.9375
v -0.09061682 15.373117 -9.346173
vt 0.0078125 0.9375
f 3729/3729 3730/3730 3731/3731 3732/3732
v -0.4791715 18.414902 -4.919371
vt 0.0234375 0.99609375
v -0.50889206 19.245415 -4.363166
vt 0.02734375 0.99609375
v -0.38891613 19.800806 -5.1860547
vt 0.02734375 1.0
v -0.3591956 18.970293 -5.7422595
vt 0.0234375 1.0
f 3733/3733 3734/3734 3735/3735 3736/3736
v 2.4036713 16.679623 -12.961636
vt 0.01171875 0.90625
v 2.3739505 17.510136 -12.405431
vt 0.015625 0.90625
v 1.8940468 15.2885685 -9.113876
vt 0.015625 0.890625
v 1.9237674 14.4580555 -9.670081
vt 0.01171875 0.890625
f 3737/3737 3738/3738 3739/3739 3740/3740
v 2.1956272 22.493217 -9.068201
vt 0.01171875 0.90625
v 2.1659064 23.32373 -8.511995
vt 0.015625 0.90625
v 1.6860027 21.102163 -5.220442
vt 0.015625 0.890625
v 1.7157233 20.271648 -5.7766466
vt 0.01171875 0.890625
f 3741/3741 3742/3742 3743/3743 3744/3744
v 1.8940468 15.2885685 -9.113876
vt 0.0078125 0.9375
v 1.8643262 16.119081 -8.557672
vt 0.01171875 0.9375
v 1.6243744 15.008298 -6.9118943
vt 0.01171875 0.9296875
v 1.6540949 14.177784 -7.4680996
vt 0.0078125 0.9296875
f 3745/3745 3746/3746 3747/3747 3748/3748
v 1.625468 18.885744 -5.509963
vt 0.0234375 1.0
v 1.5957475 19.716257 -4.9537582
vt 0.02734375 1.0
v 1.4757714 19.160866 -4.13087
vt 0.02734375 0.99609375
v 1.5054921 18.330353 -4.6870747
vt 0.0234375 0.99609375
f 3749/3749 3750/3750 3751/3751 3752/3752
v 3.2176795 21.62043 -9.508258
vt 0.01171875 0.90625
v 3.187959 22.450943 -8.952053
vt 0.015625 0.90625
v 2.5880792 19.673983 -4.83761
vt 0.015625 0.88671875
v 2.6177998 18.84347 -5.393815
vt 0.01171875 0.88671875
f 3753/3753 3754/3754 3755/3755 3756/3756
v 3.3662825 17.467861 -12.289282
vt 0.01171875 0.90625
v 3.336562 18.298374 -11.733078
vt 0.015625 0.90625
v 2.856658 16.076807 -8.441524
vt 0.015625 0.890625
v 2.8863788 15.246294 -8.997728
vt 0.01171875 0.890625
f 3757/3757 3758/3758 3759/3759 3760/3760
v 2.856658 16.076807 -8.441524
vt 0.0078125 0.9375
v 2.8269377 16.90732 -7.8853183
vt 0.01171875 0.9375
v 2.5869856 15.796537 -6.239541
vt 0.01171875 0.9296875
v 2.6167064 14.966023 -6.7957463
vt 0.0078125 0.9296875
f 3761/3761 3762/3762 3763/3763 3764/3764
v 2.6475205 18.012957 -5.95002
vt 0.0234375 1.0
v 2.6177998 18.84347 -5.393815
vt 0.02734375 1.0
v 2.4978237 18.288078 -4.5709267
vt 0.02734375 0.99609375
v 2.5275445 17.457563 -5.1271315
vt 0.0234375 0.99609375
f 3765/3765 3766/3766 3767/3767 3768/3768
v 4.239732 20.74764 -9.948315
vt 0.01171875 0.90625
v 4.2100115 21.578156 -9.392109
vt 0.015625 0.90625
v 3.6101317 18.801195 -5.2776666
vt 0.015625 0.88671875
v 3.6398523 17.970682 -5.833872
vt 0.01171875 0.88671875
f 3769/3769 3770/3770 3771/3771 3772/3772
v 4.3288937 18.2561 -11.616929
vt 0.01171875 0.90625
v 4.2991734 19.086615 -11.060724
vt 0.015625 0.90625
v 3.8192692 16.865046 -7.7691703
vt 0.015625 0.890625
v 3.8489897 16.034533 -8.325376
vt 0.01171875 0.890625
f 3773/3773 3774/3774 3775/3775 3776/3776
v 3.8192692 16.865046 -7.7691703
vt 0.01953125 0.921875
v 3.759828 18.526073 -6.65676
vt 0.02734375 0.921875
v 3.5198762 17.415289 -5.010983
vt 0.02734375 0.9140625
v 3.5793173 15.754263 -6.123393
vt 0.01953125 0.9140625
f 3777/3777 3778/3778 3779/3779 3780/3780
v 5.291505 19.04434 -10.944576
vt 0.01171875 0.90625
v 5.2320633 20.705366 -9.832167
vt 0.01953125 0.90625
v 4.75216 18.483799 -6.540612
vt 0.01953125 0.890625
v 4.8116007 16.822771 -7.653022
vt 0.01171875 0.890625
f 3781/3781 3782/3782 3783/3783 3784/3784
v 0.41900754 16.764172 -13.193932
vt 0.01171875 0.90625
v 2.4036713 16.679623 -12.961636
vt 0.01953125 0.90625
v 1.9237674 14.4580555 -9.670081
vt 0.01953125 0.890625
v -0.060896218 14.542604 -9.902378
vt 0.01171875 0.890625
f 3785/3785 3786/3786 3787/3787 3788/3788
v -0.60304487 17.63696 -12.753876
vt 0.01171875 0.90625
v 0.389287 17.594685 -12.637727
vt 0.015625 0.90625
v -0.09061682 15.373117 -9.346173
vt 0.015625 0.890625
v -1.0829487 15.415392 -9.462321
vt 0.01171875 0.890625
f 3789/3789 3790/3790 3791/3791 3792/3792
v 2.3739505 17.510136 -12.405431
vt 0.01171875 0.90625
v 3.3662825 17.467861 -12.289282
vt 0.015625 0.90625
v 2.8863788 15.246294 -8.997728
vt 0.015625 0.890625
v 1.8940468 15.2885685 -9.113876
vt 0.01171875 0.890625
f 3793/3793 3794/3794 3795/3795 3796/3796
v -0.09061682 15.373117 -9.346173
vt 0.01953125 0.921875
v 1.8940468 15.2885685 -9.113876
vt 0.02734375 0.921875
v 1.6540949 14.177784 -7.4680996
vt 0.02734375 0.9140625
v -0.33056867 14.262333 -7.7003956
vt 0.01953125 0.9140625
f 3797/3797 3798/3798 3799/3799 3800/3800
v -1.6250973 18.509747 -12.313818
vt 0.01171875 0.90625
v -0.6327654 18.467472 -12.19767
vt 0.015625 0.90625
v -1.1126692 16.245905 -8.9061165
vt 0.015625 0.890625
v -2.1050012 16.28818 -9.0222645
vt 0.01171875 0.890625
f 3801/3801 3802/3802 3803/3803 3804/3804
v 3.336562 18.298374 -11.733078
vt 0.01171875 0.90625
v 4.3288937 18.2561 -11.616929
vt 0.015625 0.90625
v 3.8489897 16.034533 -8.325376
vt 0.015625 0.890625
v 2.856658 16.076807 -8.441524
vt 0.01171875 0.890625
f 3805/3805 3806/3806 3807/3807 3808/3808
v -1.1126692 16.245905 -8.9061165
vt 0.0078125 0.9375
v -0.12033737 16.20363 -8.789968
vt 0.01171875 0.9375
v -0.36028922 15.092847 -7.144191
vt 0.01171875 0.9296875
v -1.3526211 15.135121 -7.260339
vt 0.0078125 0.9296875
f 3809/3809 3810/3810 3811/3811 3812/3812
v 1.8643262 16.119081 -8.557672
vt 0.0078125 0.9375
v 2.856658 16.076807 -8.441524
vt 0.01171875 0.9375
v 2.6167064 14.966023 -6.7957463
vt 0.01171875 0.9296875
v 1.6243744 15.008298 -6.9118943
vt 0.0078125 0.9296875
f 3813/3813 3814/3814 3815/3815 3816/3816
v -2.6471496 19.382536 -11.873762
vt 0.01171875 0.90625
v -1.6548178 19.340261 -11.757614
vt 0.015625 0.90625
v -2.1347218 17.118694 -8.46606
vt 0.015625 0.890625
v -3.1270535 17.160969 -8.582208
vt 0.01171875 0.890625
f 3817/3817 3818/3818 3819/3819 3820/3820
v 4.2991734 19.086615 -11.060724
vt 0.01171875 0.90625
v 5.291505 19.04434 -10.944576
vt 0.015625 0.90625
v 4.8116007 16.822771 -7.653022
vt 0.015625 0.890625
v 3.8192692 16.865046 -7.7691703
vt 0.01171875 0.890625
f 3821/3821 3822/3822 3823/3823 3824/3824
v -2.1347218 17.118694 -8.46606
vt 0.0078125 0.9375
v -1.1423898 17.076418 -8.349911
vt 0.01171875 0.9375
v -1.3823416 15.965635 -6.704134
vt 0.01171875 0.9296875
v -2.3746736 16.00791 -6.8202825
vt 0.0078125 0.9296875
f 3825/3825 3826/3826 3827/3827 3828/3828
v 2.8269377 16.90732 -7.8853183
vt 0.0078125 0.9375
v 3.8192692 16.865046 -7.7691703
vt 0.01171875 0.9375
v 3.5793173 15.754263 -6.123393
vt 0.01171875 0.9296875
v 2.5869856 15.796537 -6.239541
vt 0.0078125 0.9296875
f 3829/3829 3830/3830 3831/3831 3832/3832
v -3.1864946 18.821995 -7.4697976
vt 0.01171875 0.890625
v -2.1941628 18.77972 -7.353649
vt 0.015625 0.890625
v -1.7142589 21.001287 -10.645204
vt 0.015625 0.90625
v -2.7065907 21.043562 -10.761352
vt 0.01171875 0.90625
f 3833/3833 3834/3834 3835/3835 3836/3836
v 3.759828 18.526073 -6.65676
vt 0.01171875 0.890625
v 4.75216 18.483799 -6.540612
vt 0.015625 0.890625
v 5.2320633 20.705366 -9.832167
vt 0.015625 0.90625
v 4.239732 20.74764 -9.948315
vt 0.01171875 0.90625
f 3837/3837 3838/3838 3839/3839 3840/3840
v -2.4341147 17.668936 -5.7078724
vt 0.0234375 0.99609375
v -1.441783 17.626661 -5.5917244
vt 0.02734375 0.99609375
v -1.3218069 18.182055 -6.414613
vt 0.02734375 1.0
v -2.3141387 18.224329 -6.530761
vt 0.0234375 1.0
f 3841/3841 3842/3842 3843/3843 3844/3844
v 2.5275445 17.457563 -5.1271315
vt 0.0234375 0.99609375
v 3.5198762 17.415289 -5.010983
vt 0.02734375 0.99609375
v 3.6398523 17.970682 -5.833872
vt 0.02734375 1.0
v 2.6475205 18.012957 -5.95002
vt 0.0234375 1.0
f 3845/3845 3846/3846 3847/3847 3848/3848
v -2.3438592 19.054842 -5.974556
vt 0.01171875 0.88671875
v -1.3515275 19.012568 -5.858408
vt 0.015625 0.88671875
v -0.75164783 21.789528 -9.972851
vt 0.015625 0.90625
v -1.7439795 21.831802 -10.088999
vt 0.01171875 0.90625
f 3849/3849 3850/3850 3851/3851 3852/3852
v 2.6177998 18.84347 -5.393815
vt 0.01171875 0.88671875
v 3.6101317 18.801195 -5.2776666
vt 0.015625 0.88671875
v 4.2100115 21.578156 -9.392109
vt 0.015625 0.90625
v 3.2176795 21.62043 -9.508258
vt 0.01171875 0.90625
f 3853/3853 3854/3854 3855/3855 3856/3856
v -1.4715035 18.457176 -5.035519
vt 0.0234375 0.99609375
v -0.4791715 18.414902 -4.919371
vt 0.02734375 0.99609375
v -0.3591956 18.970293 -5.7422595
vt 0.02734375 1.0
v -1.3515275 19.012568 -5.858408
vt 0.0234375 1.0
f 3857/3857 3858/3858 3859/3859 3860/3860
v 1.5054921 18.330353 -4.6870747
vt 0.0234375 0.99609375
v 2.4978237 18.288078 -4.5709267
vt 0.02734375 0.99609375
v 2.6177998 18.84347 -5.393815
vt 0.02734375 1.0
v 1.625468 18.885744 -5.509963
vt 0.0234375 1.0
f 3861/3861 3862/3862 3863/3863 3864/3864
v -1.381248 19.84308 -5.3022027
vt 0.01171875 0.88671875
v -0.38891613 19.800806 -5.1860547
vt 0.015625 0.88671875
v 0.21096349 22.577766 -9.300497
vt 0.015625 0.90625
v -0.7813684 22.62004 -9.416645
vt 0.01171875 0.90625
f 3865/3865 3866/3866 3867/3867 3868/3868
v 1.5957475 19.716257 -4.9537582
vt 0.01171875 0.88671875
v 2.5880792 19.673983 -4.83761
vt 0.015625 0.88671875
v 3.187959 22.450943 -8.952053
vt 0.015625 0.90625
v 2.1956272 22.493217 -9.068201
vt 0.01171875 0.90625
f 3869/3869 3870/3870 3871/3871 3872/3872
v -0.50889206 19.245415 -4.363166
vt 0.01953125 0.9140625
v 1.4757714 19.160866 -4.13087
vt 0.02734375 0.9140625
v 1.7157233 20.271648 -5.7766466
vt 0.02734375 0.921875
v -0.2689402 20.356197 -6.008943
vt 0.01953125 0.921875
f 3873/3873 3874/3874 3875/3875 3876/3876
v -0.29866087 21.186712 -5.452738
vt 0.01171875 0.890625
v 1.6860027 21.102163 -5.220442
vt 0.01953125 0.890625
v 2.1659064 23.32373 -8.511995
vt 0.01953125 0.90625
v 0.18124282 23.40828 -8.744292
vt 0.01171875 0.90625
f 3877/3877 3878/3878 3879/3879 3880/3880
v -0.7813684 22.62004 -9.416645
vt 0.01953125 0.7578125
v 3.187959 22.450943 -8.952053
vt 0.03515625 0.7578125
v 3.3662825 17.467861 -12.289282
vt 0.03515625 0.78125
v -0.60304487 17.63696 -12.753876
vt 0.01953125 0.78125
f 3881/3881 3882/3882 3883/3883 3884/3884
v -1.7439795 21.831802 -10.088999
vt 0.015625 0.9375
v -0.75164783 21.789528 -9.972851
vt 0.01953125 0.9375
v -0.6327654 18.467472 -12.19767
vt 0.01953125 0.953125
v -1.6250973 18.509747 -12.313818
vt 0.015625 0.953125
f 3885/3885 3886/3886 3887/3887 3888/3888
v 3.2176795 21.62043 -9.508258
vt 0.015625 0.9375
v 4.2100115 21.578156 -9.392109
vt 0.01953125 0.9375
v 4.3288937 18.2561 -11.616929
vt 0.01953125 0.953125
v 3.336562 18.298374 -11.733078
vt 0.015625 0.953125
f 3889/3889 3890/3890 3891/3891 3892/3892
v 0.389287 17.594685 -12.637727
vt 0.02734375 0.9921875
v 2.3739505 17.510136 -12.405431
vt 0.02734375 1.0
v 2.4036713 16.679623 -12.961636
vt 0.0234375 1.0
v 0.41900754 16.764172 -13.193932
vt 0.0234375 0.9921875
f 3893/3893 3894/3894 3895/3895 3896/3896
v -2.7065907 21.043562 -10.761352
vt 0.0234375 0.9921875
v -1.7142589 21.001287 -10.645204
vt 0.02734375 0.9921875
v -1.6548178 19.340261 -11.757614
vt 0.02734375 1.0
v -2.6471496 19.382536 -11.873762
vt 0.0234375 1.0
f 3897/3897 3898/3898 3899/3899 3900/3900
v 4.239732 20.74764 -9.948315
vt 0.0234375 0.9921875
v 5.2320633 20.705366 -9.832167
vt 0.02734375 0.9921875
v 5.291505 19.04434 -10.944576
vt 0.02734375 1.0
v 4.2991734 19.086615 -11.060724
vt 0.0234375 1.0
f 3901/3901 3902/3902 3903/3903 3904/3904
v 0.18124282 23.40828 -8.744292
vt 0.02734375 0.9921875
v 2.1659064 23.32373 -8.511995
vt 0.02734375 1.0
v 2.1956272 22.493217 -9.068201
vt 0.0234375 1.0
v 0.21096349 22.577766 -9.300497
vt 0.0234375 0.9921875
f 3905/3905 3906/3906 3907/3907 3908/3908
v -0.060896218 14.542604 -9.902378
vt 0.0 0.9921875
v 1.9237674 14.4580555 -9.670081
vt 0.0 1.0
v 1.8940468 15.2885685 -9.113876
vt 0.00390625 1.0
v -0.09061682 15.373117 -9.346173
vt 0.00390625 0.9921875
f 3909/3909 3910/3910 3911/3911 3912/3912
v -3.1270535 17.160969 -8.582208
vt 0.0 1.0
v -2.1347218 17.118694 -8.46606
vt 0.00390625 1.0
v -2.1941628 18.77972 -7.353649
vt 0.00390625 0.9921875
v -3.1864946 18.821995 -7.4697976
vt 0.0 0.9921875
f 3913/3913 3914/3914 3915/3915 3916/3916
v 3.8192692 16.865046 -7.7691703
vt 0.0 1.0
v 4.8116007 16.822771 -7.653022
vt 0.00390625 1.0
v 4.75216 18.483799 -6.540612
vt 0.00390625 0.9921875
v 3.759828 18.526073 -6.65676
vt 0.0 0.9921875
f 3917/3917 3918/3918 3919/3919 3920/3920
v -0.2689402 20.356197 -6.008943
vt 0.0 0.9921875
v 1.7157233 20.271648 -5.7766466
vt 0.0 1.0
v 1.6860027 21.102163 -5.220442
vt 0.00390625 1.0
v -0.29866087 21.186712 -5.452738
vt 0.00390625 0.9921875
f 3921/3921 3922/3922 3923/3923 3924/3924
v -1.0829487 15.415392 -9.462321
vt 0.0 1.0
v -0.09061682 15.373117 -9.346173
vt 0.00390625 1.0
v -0.12033737 16.20363 -8.789968
vt 0.00390625 0.99609375
v -1.1126692 16.245905 -8.9061165
vt 0.0 0.99609375
f 3925/3925 3926/3926 3927/3927 3928/3928
v 1.8940468 15.2885685 -9.113876
vt 0.0 1.0
v 2.8863788 15.246294 -8.997728
vt 0.00390625 1.0
v 2.856658 16.076807 -8.441524
vt 0.00390625 0.99609375
v 1.8643262 16.119081 -8.557672
vt 0.0 0.99609375
f 3929/3929 3930/3930 3931/3931 3932/3932
v -2.1050012 16.28818 -9.0222645
vt 0.0 1.0
v -1.1126692 16.245905 -8.9061165
vt 0.00390625 1.0
v -1.1423898 17.076418 -8.349911
vt 0.00390625 0.99609375
v -2.1347218 17.118694 -8.46606
vt 0.0 0.99609375
f 3933/3933 3934/3934 3935/3935 3936/3936
v 2.856658 16.076807 -8.441524
vt 0.0 1.0
v 3.8489897 16.034533 -8.325376
vt 0.00390625 1.0
v 3.8192692 16.865046 -7.7691703
vt 0.00390625 0.99609375
v 2.8269377 16.90732 -7.8853183
vt 0.0 0.99609375
f 3937/3937 3938/3938 3939/3939 3940/3940
v -2.3141387 18.224329 -6.530761
vt 0.0 1.0
v -1.3218069 18.182055 -6.414613
vt 0.00390625 1.0
v -1.3515275 19.012568 -5.858408
vt 0.00390625 0.99609375
v -2.3438592 19.054842 -5.974556
vt 0.0 0.99609375
f 3941/3941 3942/3942 3943/3943 3944/3944
v 2.6475205 18.012957 -5.95002
vt 0.0 1.0
v 3.6398523 17.970682 -5.833872
vt 0.00390625 1.0
v 3.6101317 18.801195 -5.2776666
vt 0.00390625 0.99609375
v 2.6177998 18.84347 -5.393815
vt 0.0 0.99609375
f 3945/3945 3946/3946 3947/3947 3948/3948
v -1.3515275 19.012568 -5.858408
vt 0.0 1.0
v -0.3591956 18.970293 -5.7422595
vt 0.00390625 1.0
v -0.38891613 19.800806 -5.1860547
vt 0.00390625 0.99609375
v -1.381248 19.84308 -5.3022027
vt 0.0 0.99609375
f 3949/3949 3950/3950 3951/3951 3952/3952
v 1.625468 18.885744 -5.509963
vt 0.0 1.0
v 2.6177998 18.84347 -5.393815
vt 0.00390625 1.0
v 2.5880792 19.673983 -4.83761
vt 0.00390625 0.99609375
v 1.5957475 19.716257 -4.9537582
vt 0.0 0.99609375
f 3953/3953 3954/3954 3955/3955 3956/3956
v -1.3526211 15.135121 -7.260339
vt 0.01171875 0.9140625
v 2.6167064 14.966023 -6.7957463
vt 0.02734375 0.9140625
v 2.4978237 18.288078 -4.5709267
vt 0.02734375 0.8984375
v -1.4715035 18.457176 -5.035519
vt 0.01171875 0.8984375
f 3957/3957 3958/3958 3959/3959 3960/3960
v -0.33056867 14.262333 -7.7003956
vt 0.0234375 0.9921875
v 1.6540949 14.177784 -7.4680996
vt 0.0234375 1.0
v 1.6243744 15.008298 -6.9118943
vt 0.02734375 1.0
v -0.36028922 15.092847 -7.144191
vt 0.02734375 0.9921875
f 3961/3961 3962/3962 3963/3963 3964/3964
v -2.3746736 16.00791 -6.8202825
vt 0.0234375 1.0
v -1.3823416 15.965635 -6.704134
vt 0.02734375 1.0
v -1.441783 17.626661 -5.5917244
vt 0.02734375 0.9921875
v -2.4341147 17.668936 -5.7078724
vt 0.0234375 0.9921875
f 3965/3965 3966/3966 3967/3967 3968/3968
v 2.5869856 15.796537 -6.239541
vt 0.0234375 1.0
v 3.5793173 15.754263 -6.123393
vt 0.02734375 1.0
v 3.5198762 17.415289 -5.010983
vt 0.02734375 0.9921875
v 2.5275445 17.457563 -5.1271315
vt 0.0234375 0.9921875
f 3969/3969 3970/3970 3971/3971 3972/3972
v -0.4791715 18.414902 -4.919371
vt 0.0234375 0.9921875
v 1.5054921 18.330353 -4.6870747
vt 0.0234375 1.0
v 1.4757714 19.160866 -4.13087
vt 0.02734375 1.0
v -0.50889206 19.245415 -4.363166
vt 0.02734375 0.9921875
f 3973/3973 3974/3974 3975/3975 3976/3976
v -2.647638 14.324032 -4.9076138
vt 0.01953125 0.8828125
v -2.7298448 16.847229 -3.286899
vt 0.03125 0.8828125
v -2.3682652 18.465063 -5.7872725
vt 0.03125 0.89453125
v -2.2860584 15.941867 -7.4079876
vt 0.01953125 0.89453125
f 3977/3977 3978/3978 3979/3979 3980/3980
v -2.7955668 14.625818 -3.5339177
vt 0.00390625 0.9921875
v -2.8503714 16.307951 -2.4534411
vt 0.00390625 1.0
v -2.7298448 16.847229 -3.286899
vt 0.0 1.0
v -2.6750402 15.165097 -4.3673754
vt 0.0 0.9921875
f 3981/3981 3982/3982 3983/3983 3984/3984
v -1.8580394 16.265676 -2.337293
vt 0.01171875 0.88671875
v -1.8854415 17.10674 -1.7970543
vt 0.015625 0.88671875
v -1.4033353 19.263855 -5.130886
vt 0.015625 0.90234375
v -1.3759332 18.422789 -5.6711245
vt 0.01171875 0.90234375
f 3985/3985 3986/3986 3987/3987 3988/3988
v -1.6279039 13.440691 -5.331704
vt 0.01171875 0.890625
v -1.6553061 14.281757 -4.7914658
vt 0.015625 0.890625
v -1.2937264 15.899592 -7.291839
vt 0.015625 0.90234375
v -1.2663243 15.058526 -7.8320775
vt 0.01171875 0.90234375
f 3989/3989 3990/3990 3991/3991 3992/3992
v -1.7758327 13.742478 -3.9580078
vt 0.0 0.99609375
v -1.803235 14.583544 -3.4177694
vt 0.00390625 0.99609375
v -1.6827085 15.122823 -4.2512274
vt 0.00390625 1.0
v -1.6553061 14.281757 -4.7914658
vt 0.0 1.0
f 3993/3993 3994/3994 3995/3995 3996/3996
v 2.5933943 18.25369 -5.2065315
vt 0.01171875 0.90234375
v 2.565992 19.094757 -4.666293
vt 0.015625 0.90234375
v 2.0838857 16.937643 -1.3324616
vt 0.015625 0.88671875
v 2.111288 16.096579 -1.8727
vt 0.01171875 0.88671875
f 3997/3997 3998/3998 3999/3999 4000/4000
v 2.703003 14.889428 -7.367485
vt 0.01171875 0.90234375
v 2.6756008 15.7304945 -6.8272467
vt 0.015625 0.90234375
v 2.314021 14.112659 -4.326873
vt 0.015625 0.890625
v 2.3414233 13.271593 -4.867111
vt 0.01171875 0.890625
f 4001/4001 4002/4002 4003/4003 4004/4004
v 2.314021 14.112659 -4.326873
vt 0.0 1.0
v 2.286619 14.953725 -3.7866344
vt 0.00390625 1.0
v 2.1660924 14.414446 -2.9531765
vt 0.00390625 0.99609375
v 2.1934946 13.57338 -3.4934149
vt 0.0 0.99609375
f 4005/4005 4006/4006 4007/4007 4008/4008
v 3.6679325 15.68822 -6.711098
vt 0.01953125 0.89453125
v 3.5857258 18.211416 -5.0903835
vt 0.03125 0.89453125
v 3.2241461 16.593582 -2.5900097
vt 0.03125 0.8828125
v 3.3063529 14.070385 -4.210725
vt 0.01953125 0.8828125
f 4009/4009 4010/4010 4011/4011 4012/4012
v 3.2789507 14.91145 -3.6704865
vt 0.0 0.9921875
v 3.2241461 16.593582 -2.5900097
vt 0.0 1.0
v 3.1036196 16.054304 -1.7565517
vt 0.00390625 1.0
v 3.1584241 14.372171 -2.8370285
vt 0.00390625 0.9921875
f 4013/4013 4014/4014 4015/4015 4016/4016
v -1.2663243 15.058526 -7.8320775
vt 0.015625 0.9375
v 2.703003 14.889428 -7.367485
vt 0.015625 0.953125
v 2.3414233 13.271593 -4.867111
vt 0.02734375 0.953125
v -1.6279039 13.440691 -5.331704
vt 0.02734375 0.9375
f 4017/4017 4018/4018 4019/4019 4020/4020
v -1.6553061 14.281757 -4.7914658
vt 0.0 0.984375
v 2.314021 14.112659 -4.326873
vt 0.0 1.0
v 2.1934946 13.57338 -3.4934149
vt 0.00390625 1.0
v -1.7758327 13.742478 -3.9580078
vt 0.00390625 0.984375
f 4021/4021 4022/4022 4023/4023 4024/4024
v -2.2860584 15.941867 -7.4079876
vt 0.01171875 0.90234375
v -1.2937264 15.899592 -7.291839
vt 0.015625 0.90234375
v -1.6553061 14.281757 -4.7914658
vt 0.015625 0.890625
v -2.647638 14.324032 -4.9076138
vt 0.01171875 0.890625
f 4025/4025 4026/4026 4027/4027 4028/4028
v 2.6756008 15.7304945 -6.8272467
vt 0.01171875 0.90234375
v 3.6679325 15.68822 -6.711098
vt 0.015625 0.90234375
v 3.3063529 14.070385 -4.210725
vt 0.015625 0.890625
v 2.314021 14.112659 -4.326873
vt 0.01171875 0.890625
f 4029/4029 4030/4030 4031/4031 4032/4032
v -2.6750402 15.165097 -4.3673754
vt 0.0 1.0
v -1.6827085 15.122823 -4.2512274
vt 0.00390625 1.0
v -1.803235 14.583544 -3.4177694
vt 0.00390625 0.99609375
v -2.7955668 14.625818 -3.5339177
vt 0.0 0.99609375
f 4033/4033 4034/4034 4035/4035 4036/4036
v 2.286619 14.953725 -3.7866344
vt 0.0 1.0
v 3.2789507 14.91145 -3.6704865
vt 0.00390625 1.0
v 3.1584241 14.372171 -2.8370285
vt 0.00390625 0.99609375
v 2.1660924 14.414446 -2.9531765
vt 0.0 0.99609375
f 4037/4037 4038/4038 4039/4039 4040/4040
v -2.8503714 16.307951 -2.4534411
vt 0.01171875 0.88671875
v -1.8580394 16.265676 -2.337293
vt 0.015625 0.88671875
v -1.3759332 18.422789 -5.6711245
vt 0.015625 0.90234375
v -2.3682652 18.465063 -5.7872725
vt 0.01171875 0.90234375
f 4041/4041 4042/4042 4043/4043 4044/4044
v 2.111288 16.096579 -1.8727
vt 0.01171875 0.88671875
v 3.1036196 16.054304 -1.7565517
vt 0.015625 0.88671875
v 3.5857258 18.211416 -5.0903835
vt 0.015625 0.90234375
v 2.5933943 18.25369 -5.2065315
vt 0.01171875 0.90234375
f 4045/4045 4046/4046 4047/4047 4048/4048
v -1.8854415 17.10674 -1.7970543
vt 0.01953125 0.87890625
v 2.0838857 16.937643 -1.3324616
vt 0.03515625 0.87890625
v 2.565992 19.094757 -4.666293
vt 0.03515625 0.89453125
v -1.4033353 19.263855 -5.130886
vt 0.01953125 0.89453125
f 4049/4049 4050/4050 4051/4051 4052/4052
v -1.4033353 19.263855 -5.130886
vt 0.01953125 0.78515625
v 2.565992 19.094757 -4.666293
vt 0.03515625 0.78515625
v 2.703003 14.889428 -7.367485
vt 0.03515625 0.8046875
v -1.2663243 15.058526 -7.8320775
vt 0.01953125 0.8046875
f 4053/4053 4054/4054 4055/4055 4056/4056
v -2.3682652 18.465063 -5.7872725
vt 0.015625 0.94140625
v -1.3759332 18.422789 -5.6711245
vt 0.01953125 0.94140625
v -1.2937264 15.899592 -7.291839
vt 0.01953125 0.953125
v -2.2860584 15.941867 -7.4079876
vt 0.015625 0.953125
f 4057/4057 4058/4058 4059/4059 4060/4060
v 2.5933943 18.25369 -5.2065315
vt 0.015625 0.94140625
v 3.5857258 18.211416 -5.0903835
vt 0.01953125 0.94140625
v 3.6679325 15.68822 -6.711098
vt 0.01953125 0.953125
v 2.6756008 15.7304945 -6.8272467
vt 0.015625 0.953125
f 4061/4061 4062/4062 4063/4063 4064/4064
v -1.6279039 13.440691 -5.331704
vt 0.0 0.984375
v 2.3414233 13.271593 -4.867111
vt 0.0 1.0
v 2.314021 14.112659 -4.326873
vt 0.00390625 1.0
v -1.6553061 14.281757 -4.7914658
vt 0.00390625 0.984375
f 4065/4065 4066/4066 4067/4067 4068/4068
v -2.647638 14.324032 -4.9076138
vt 0.0 1.0
v -1.6553061 14.281757 -4.7914658
vt 0.00390625 1.0
v -1.6827085 15.122823 -4.2512274
vt 0.00390625 0.99609375
v -2.6750402 15.165097 -4.3673754
vt 0.0 0.99609375
f 4069/4069 4070/4070 4071/4071 4072/4072
v 2.314021 14.112659 -4.326873
vt 0.0 1.0
v 3.3063529 14.070385 -4.210725
vt 0.00390625 1.0
v 3.2789507 14.91145 -3.6704865
vt 0.00390625 0.99609375
v 2.286619 14.953725 -3.7866344
vt 0.0 0.99609375
f 4073/4073 4074/4074 4075/4075 4076/4076
v -1.7758327 13.742478 -3.9580078
vt 0.03515625 0.984375
v 2.1934946 13.57338 -3.4934149
vt 0.05078125 0.984375
v 2.0838857 16.937643 -1.3324616
vt 0.05078125 0.96875
v -1.8854415 17.10674 -1.7970543
vt 0.03515625 0.96875
f 4077/4077 4078/4078 4079/4079 4080/4080
v -2.7955668 14.625818 -3.5339177
vt 0.0 1.0
v -1.803235 14.583544 -3.4177694
vt 0.00390625 1.0
v -1.8580394 16.265676 -2.337293
vt 0.00390625 0.9921875
v -2.8503714 16.307951 -2.4534411
vt 0.0 0.9921875
f 4081/4081 4082/4082 4083/4083 4084/4084
v 2.1660924 14.414446 -2.9531765
vt 0.0 1.0
v 3.1584241 14.372171 -2.8370285
vt 0.00390625 1.0
v 3.1036196 16.054304 -1.7565517
vt 0.00390625 0.9921875
v 2.111288 16.096579 -1.8727
vt 0.0 0.9921875
f 4085/4085 4086/4086 4087/4087 4088/4088
v -7.1935267 13.295695 -0.6581646
vt 0.01953125 0.97265625
v -7.1935267 17.054466 0.709916
vt 0.01953125 0.98828125
v -6.8227196 18.072659 -2.0875444
vt 0.0078125 0.98828125
v -6.8227196 14.313888 -3.455625
vt 0.0078125 0.97265625
f 4089/4089 4090/4090 4091/4091 4092/4092
v -7.317129 12.956298 0.27432168
vt 0.00390625 0.98828125
v -7.317129 15.775376 1.3003823
vt 0.00390625 1.0
v -7.1935267 16.114773 0.36789596
vt 0.0 1.0
v -7.1935267 13.295695 -0.6581646
vt 0.0 0.98828125
f 4093/4093 4094/4094 4095/4095 4096/4096
v -6.4484 16.333397 2.6910374
vt 0.0390625 0.96484375
v -6.4484 17.273088 3.0330577
vt 0.04296875 0.96484375
v -5.706786 19.309475 -2.5618632
vt 0.04296875 0.98828125
v -5.706786 18.369781 -2.9038835
vt 0.0390625 0.98828125
f 4097/4097 4098/4098 4099/4099 4100/4100
v -5.830388 14.271613 -3.339477
vt 0.01953125 0.79296875
v -5.830388 18.030384 -1.9713964
vt 0.01953125 0.80859375
v -5.706786 18.369781 -2.9038835
vt 0.015625 0.80859375
v -5.706786 14.6110115 -4.271964
vt 0.015625 0.79296875
f 4101/4101 4102/4102 4103/4103 4104/4104
v -6.3247976 11.974331 0.048449636
vt 0.04296875 0.984375
v -6.3247976 12.914023 0.3904698
vt 0.046875 0.984375
v -5.830388 14.271613 -3.339477
vt 0.046875 1.0
v -5.830388 13.331921 -3.681497
vt 0.04296875 1.0
f 4105/4105 4106/4106 4107/4107 4108/4108
v -6.4484 13.514318 1.6649771
vt 0.00390625 0.98828125
v -6.4484 16.333397 2.6910374
vt 0.00390625 1.0
v -6.3247976 16.672794 1.7585504
vt 0.0 1.0
v -6.3247976 13.853716 0.73249
vt 0.0 0.98828125
f 4109/4109 4110/4110 4111/4111 4112/4112
v -6.3247976 15.733102 1.4165304
vt 0.00390625 0.99609375
v -6.3247976 16.672794 1.7585504
vt 0.0078125 0.99609375
v -6.2011952 17.012192 0.82606417
vt 0.0078125 1.0
v -6.2011952 16.072498 0.48404413
vt 0.00390625 1.0
f 4113/4113 4114/4114 4115/4115 4116/4116
v -5.5796704 12.192954 2.3715923
vt 0.00390625 0.453125
v -5.5796704 16.891417 4.081693
vt 0.00390625 0.47265625
v -5.456068 17.230814 3.149206
vt 0.0 0.47265625
v -5.456068 12.5323515 1.439105
vt 0.0 0.453125
f 4117/4117 4118/4118 4119/4119 4120/4120
v -4.7144537 15.508429 -3.8137956
vt 0.00390625 0.984375
v -4.7144537 19.2672 -2.445715
vt 0.00390625 1.0
v -4.590852 19.606598 -3.3782015
vt 0.0 1.0
v -4.590852 15.847826 -4.746282
vt 0.0 0.984375
f 4121/4121 4122/4122 4123/4123 4124/4124
v -5.456068 11.592659 1.0970849
vt 0.0078125 0.46484375
v -5.456068 13.472044 1.7811253
vt 0.0078125 0.47265625
v -5.3324656 13.811441 0.84863824
vt 0.00390625 0.47265625
v -5.3324656 11.932056 0.16459787
vt 0.00390625 0.46484375
f 4125/4125 4126/4126 4127/4127 4128/4128
v -4.838056 13.289646 -3.565349
vt 0.00390625 0.99609375
v -4.838056 14.229339 -3.2233288
vt 0.0078125 0.99609375
v -4.7144537 14.568736 -4.1558156
vt 0.0078125 1.0
v -4.7144537 13.629044 -4.497836
vt 0.00390625 1.0
f 4129/4129 4130/4130 4131/4131 4132/4132
v -4.463736 10.610691 0.87121296
vt 0.0390625 0.96484375
v -4.463736 11.5503845 1.2132331
vt 0.04296875 0.96484375
v -3.7221217 13.586769 -4.3816876
vt 0.04296875 0.98828125
v -3.7221217 12.647077 -4.723708
vt 0.0390625 0.98828125
f 4133/4133 4134/4134 4135/4135 4136/4136
v -4.7109404 11.811282 3.4202266
vt 0.00390625 0.4375
v -4.7109404 16.509745 5.1303277
vt 0.00390625 0.45703125
v -4.5873384 16.849142 4.1978416
vt 0.0 0.45703125
v -4.5873384 12.15068 2.4877405
vt 0.0 0.4375
f 4137/4137 4138/4138 4139/4139 4140/4140
v -3.5985193 15.805552 -4.630134
vt 0.00390625 0.984375
v -3.5985193 19.564323 -3.2620533
vt 0.00390625 1.0
v -3.4749172 19.90372 -4.19454
vt 0.0 1.0
v -3.4749172 16.144949 -5.562621
vt 0.0 0.984375
f 4141/4141 4142/4142 4143/4143 4144/4144
v -3.7221217 13.586769 -4.3816876
vt 0.00390625 0.9921875
v -3.7221217 15.466154 -3.6976476
vt 0.00390625 1.0
v -3.5985193 15.805552 -4.630134
vt 0.0 1.0
v -3.5985193 13.926167 -5.314174
vt 0.0 0.9921875
f 4145/4145 4146/4146 4147/4147 4148/4148
v -4.5873384 11.210987 2.1457205
vt 0.0078125 0.98828125
v -4.5873384 12.15068 2.4877405
vt 0.01171875 0.98828125
v -4.463736 12.490077 1.5552533
vt 0.01171875 0.9921875
v -4.463736 11.5503845 1.2132331
vt 0.0078125 0.9921875
f 4149/4149 4150/4150 4151/4151 4152/4152
v -3.471404 9.628725 0.6453409
vt 0.0390625 0.96484375
v -3.471404 10.568417 0.9873611
vt 0.04296875 0.96484375
v -2.7297902 12.604802 -4.6075597
vt 0.04296875 0.98828125
v -2.7297902 11.66511 -4.94958
vt 0.0390625 0.98828125
f 4153/4153 4154/4154 4155/4155 4156/4156
v -3.9658134 12.969597 6.0853896
vt 0.0078125 0.38671875
v -3.9658134 15.788675 7.11145
vt 0.0078125 0.3984375
v -3.7186089 16.46747 5.2464757
vt 0.0 0.3984375
v -3.7186089 13.648393 4.220415
vt 0.0 0.38671875
f 4157/4157 4158/4158 4159/4159 4160/4160
v -2.6061878 13.883892 -5.198026
vt 0.00390625 0.9921875
v -2.6061878 15.763277 -4.5139856
vt 0.00390625 1.0
v -2.4825857 16.102674 -5.4464726
vt 0.0 1.0
v -2.4825857 14.2232895 -6.130513
vt 0.0 0.9921875
f 4161/4161 4162/4162 4163/4163 4164/4164
v -3.842211 11.42961 4.4688616
vt 0.0234375 0.98046875
v -3.842211 13.308995 5.152902
vt 0.0234375 0.98828125
v -3.7186089 13.648393 4.220415
vt 0.01953125 0.98828125
v -3.7186089 11.769008 3.5363748
vt 0.01953125 0.98046875
f 4165/4165 4166/4166 4167/4167 4168/4168
v -2.7297902 12.604802 -4.6075597
vt 0.0 0.99609375
v -2.7297902 13.544495 -4.2655396
vt 0.00390625 0.99609375
v -2.6061878 13.883892 -5.198026
vt 0.00390625 1.0
v -2.6061878 12.9442 -5.540046
vt 0.0 1.0
f 4169/4169 4170/4170 4171/4171 4172/4172
v -3.5950065 10.229019 1.9198483
vt 0.0078125 0.98828125
v -3.5950065 11.168713 2.2618685
vt 0.01171875 0.98828125
v -3.471404 11.50811 1.3293812
vt 0.01171875 0.9921875
v -3.471404 10.568417 0.9873611
vt 0.0078125 0.9921875
f 4173/4173 4174/4174 4175/4175 4176/4176
v -3.7186089 10.829315 3.1943545
vt 0.0078125 0.98828125
v -3.7186089 11.769008 3.5363748
vt 0.01171875 0.98828125
v -3.5950065 12.108405 2.6038888
vt 0.01171875 0.9921875
v -3.5950065 11.168713 2.2618685
vt 0.0078125 0.9921875
f 4177/4177 4178/4178 4179/4179 4180/4180
v -2.9734817 11.047937 5.5174975
vt 0.0078125 0.68359375
v -2.9734817 12.927322 6.2015376
vt 0.0078125 0.69140625
v -2.8498795 13.266721 5.26905
vt 0.00390625 0.69140625
v -2.8498795 11.387336 4.58501
vt 0.00390625 0.68359375
f 4181/4181 4182/4182 4183/4183 4184/4184
v -1.6138562 12.901925 -5.423898
vt 0.0 0.99609375
v -1.6138562 13.841618 -5.0818777
vt 0.00390625 0.99609375
v -1.490254 14.181015 -6.014365
vt 0.00390625 1.0
v -1.490254 13.2413225 -6.356385
vt 0.0 1.0
f 4185/4185 4186/4186 4187/4187 4188/4188
v -1.7374586 11.622835 -4.8334317
vt 0.0 0.99609375
v -1.7374586 12.562528 -4.4914117
vt 0.00390625 0.99609375
v -1.6138562 12.901925 -5.423898
vt 0.00390625 1.0
v -1.6138562 11.962233 -5.7659183
vt 0.0 1.0
f 4189/4189 4190/4190 4191/4191 4192/4192
v -2.726277 9.847347 2.9684825
vt 0.0078125 0.98828125
v -2.726277 10.787041 3.3105028
vt 0.01171875 0.98828125
v -2.6026747 11.126438 2.3780167
vt 0.01171875 0.9921875
v -2.6026747 10.186745 2.0359964
vt 0.0078125 0.9921875
f 4193/4193 4194/4194 4195/4195 4196/4196
v -2.8498795 10.447643 4.2429895
vt 0.0078125 0.98828125
v -2.8498795 11.387336 4.58501
vt 0.01171875 0.98828125
v -2.726277 11.726733 3.652523
vt 0.01171875 0.9921875
v -2.726277 10.787041 3.3105028
vt 0.0078125 0.9921875
f 4197/4197 4198/4198 4199/4199 4200/4200
v 1.1194478 11.218238 5.049603
vt 0.00390625 0.68359375
v 1.1194478 13.097623 5.733643
vt 0.00390625 0.69140625
v 0.99584544 12.7582245 6.6661305
vt 0.0078125 0.69140625
v 0.99584544 10.8788395 5.9820905
vt 0.0078125 0.68359375
f 4201/4201 4202/4202 4203/4203 4204/4204
v 2.4790735 13.072225 -5.8917923
vt 0.0 1.0
v 2.4790735 14.011917 -5.5497723
vt 0.00390625 1.0
v 2.3554711 13.67252 -4.6172853
vt 0.00390625 0.99609375
v 2.3554711 12.732827 -4.9593053
vt 0.0 0.99609375
f 4205/4205 4206/4206 4207/4207 4208/4208
v 2.3554711 11.793135 -5.3013253
vt 0.0 1.0
v 2.3554711 12.732827 -4.9593053
vt 0.00390625 1.0
v 2.231869 12.39343 -4.0268188
vt 0.00390625 0.99609375
v 2.231869 11.453737 -4.368839
vt 0.0 0.99609375
f 4209/4209 4210/4210 4211/4211 4212/4212
v 1.3666525 10.017647 2.5005894
vt 0.0078125 0.9921875
v 1.3666525 10.95734 2.8426096
vt 0.01171875 0.9921875
v 1.2430502 10.617943 3.7750957
vt 0.01171875 0.98828125
v 1.2430502 9.678249 3.4330754
vt 0.0078125 0.98828125
f 4213/4213 4214/4214 4215/4215 4216/4216
v 1.2430502 10.617943 3.7750957
vt 0.0078125 0.9921875
v 1.2430502 11.557635 4.117116
vt 0.01171875 0.9921875
v 1.1194478 11.218238 5.049603
vt 0.01171875 0.98828125
v 1.1194478 10.278545 4.7075825
vt 0.0078125 0.98828125
f 4217/4217 4218/4218 4219/4219 4220/4220
v 3.2242002 11.411463 -4.252691
vt 0.0390625 0.98828125
v 3.2242002 12.351155 -3.9106708
vt 0.04296875 0.98828125
v 2.4825864 10.31477 1.6842504
vt 0.04296875 0.96484375
v 2.4825864 9.375078 1.3422301
vt 0.0390625 0.96484375
f 4221/4221 4222/4222 4223/4223 4224/4224
v 2.2353816 13.394746 4.9173045
vt 0.0 0.38671875
v 2.2353816 16.213823 5.943365
vt 0.0 0.3984375
v 1.988177 15.535028 7.808339
vt 0.0078125 0.3984375
v 1.988177 12.71595 6.782279
vt 0.0078125 0.38671875
f 4225/4225 4226/4226 4227/4227 4228/4228
v 3.4714048 13.969643 -5.433624
vt 0.0 0.9921875
v 3.4714048 15.849028 -4.7495837
vt 0.0 1.0
v 3.3478026 15.50963 -3.8170967
vt 0.00390625 1.0
v 3.3478026 13.630245 -4.501137
vt 0.00390625 0.9921875
f 4229/4229 4230/4230 4231/4231 4232/4232
v 2.2353816 11.515361 4.233264
vt 0.01953125 0.98046875
v 2.2353816 13.394746 4.9173045
vt 0.01953125 0.98828125
v 2.1117795 13.055348 5.8497915
vt 0.0234375 0.98828125
v 2.1117795 11.175963 5.165751
vt 0.0234375 0.98046875
f 4233/4233 4234/4234 4235/4235 4236/4236
v 3.3478026 12.690553 -4.8431573
vt 0.0 1.0
v 3.3478026 13.630245 -4.501137
vt 0.00390625 1.0
v 3.2242002 13.290848 -3.5686502
vt 0.00390625 0.99609375
v 3.2242002 12.351155 -3.9106708
vt 0.0 0.99609375
f 4237/4237 4238/4238 4239/4239 4240/4240
v 2.4825864 10.31477 1.6842504
vt 0.0078125 0.9921875
v 2.4825864 11.254463 2.0262704
vt 0.01171875 0.9921875
v 2.358984 10.915066 2.9587579
vt 0.01171875 0.98828125
v 2.358984 9.975372 2.6167376
vt 0.0078125 0.98828125
f 4241/4241 4242/4242 4243/4243 4244/4244
v 2.358984 10.915066 2.9587579
vt 0.0078125 0.9921875
v 2.358984 11.854758 3.300778
vt 0.01171875 0.9921875
v 2.2353816 11.515361 4.233264
vt 0.01171875 0.98828125
v 2.2353816 10.575668 3.891244
vt 0.0078125 0.98828125
f 4245/4245 4246/4246 4247/4247 4248/4248
v 4.2165318 12.308881 -3.7945223
vt 0.0390625 0.98828125
v 4.2165318 13.248573 -3.4525023
vt 0.04296875 0.98828125
v 3.4749184 11.212189 2.1424189
vt 0.04296875 0.96484375
v 3.4749184 10.272495 1.8003986
vt 0.0390625 0.96484375
f 4249/4249 4250/4250 4251/4251 4252/4252
v 3.351316 11.812483 3.4169261
vt 0.0 0.4375
v 3.351316 16.510946 5.127027
vt 0.0 0.45703125
v 3.2277136 16.171549 6.059513
vt 0.00390625 0.45703125
v 3.2277136 11.473086 4.349412
vt 0.00390625 0.4375
f 4253/4253 4254/4254 4255/4255 4256/4256
v 4.4637365 15.806753 -4.6334352
vt 0.0 0.984375
v 4.4637365 19.565525 -3.2653546
vt 0.0 1.0
v 4.340134 19.226128 -2.3328676
vt 0.00390625 1.0
v 4.340134 15.467356 -3.7009482
vt 0.00390625 0.984375
f 4257/4257 4258/4258 4259/4259 4260/4260
v 4.340134 13.587971 -4.384989
vt 0.0 0.9921875
v 4.340134 15.467356 -3.7009482
vt 0.0 1.0
v 4.2165318 15.127958 -2.7684617
vt 0.00390625 1.0
v 4.2165318 13.248573 -3.4525023
vt 0.00390625 0.9921875
f 4261/4261 4262/4262 4263/4263 4264/4264
v 3.4749184 11.212189 2.1424189
vt 0.0078125 0.9921875
v 3.4749184 12.151881 2.484439
vt 0.01171875 0.9921875
v 3.351316 11.812483 3.4169261
vt 0.01171875 0.98828125
v 3.351316 10.872791 3.0749059
vt 0.0078125 0.98828125
f 4265/4265 4266/4266 4267/4267 4268/4268
v 4.46725 12.109607 2.6005871
vt 0.0 0.453125
v 4.46725 16.80807 4.310688
vt 0.0 0.47265625
v 4.3436475 16.468672 5.2431755
vt 0.00390625 0.47265625
v 4.3436475 11.770208 3.5330744
vt 0.00390625 0.453125
f 4269/4269 4270/4270 4271/4271 4272/4272
v 5.332466 15.425081 -3.5848002
vt 0.0 0.984375
v 5.332466 19.183853 -2.2167194
vt 0.0 1.0
v 5.208864 18.844456 -1.2842329
vt 0.00390625 1.0
v 5.208864 15.085684 -2.6523135
vt 0.00390625 0.984375
f 4273/4273 4274/4274 4275/4275 4276/4276
v 4.5908523 11.509312 1.32608
vt 0.00390625 0.46484375
v 4.5908523 13.388697 2.0101204
vt 0.00390625 0.47265625
v 4.46725 13.049299 2.9426074
vt 0.0078125 0.47265625
v 4.46725 11.169914 2.2585669
vt 0.0078125 0.46484375
f 4277/4277 4278/4278 4279/4279 4280/4280
v 5.208864 13.206299 -3.3363538
vt 0.00390625 1.0
v 5.208864 14.145991 -2.9943337
vt 0.0078125 1.0
v 5.085262 13.806594 -2.0618467
vt 0.0078125 0.99609375
v 5.085262 12.866901 -2.4038668
vt 0.00390625 0.99609375
f 4281/4281 4282/4282 4283/4283 4284/4284
v 6.2011957 17.862488 -1.5101049
vt 0.0390625 0.98828125
v 6.2011957 18.802181 -1.1680846
vt 0.04296875 0.98828125
v 5.4595814 16.765795 4.426836
vt 0.04296875 0.96484375
v 5.4595814 15.826102 4.084816
vt 0.0390625 0.96484375
f 4285/4285 4286/4286 4287/4287 4288/4288
v 6.2011957 14.103717 -2.8781855
vt 0.015625 0.79296875
v 6.2011957 17.862488 -1.5101049
vt 0.015625 0.80859375
v 6.0775933 17.52309 -0.5776179
vt 0.01953125 0.80859375
v 6.0775933 13.764319 -1.9456985
vt 0.01953125 0.79296875
f 4289/4289 4290/4290 4291/4291 4292/4292
v 6.0775933 12.824627 -2.2877188
vt 0.04296875 1.0
v 6.0775933 13.764319 -1.9456985
vt 0.046875 1.0
v 5.583184 12.40673 1.7842484
vt 0.046875 0.984375
v 5.583184 11.467037 1.4422281
vt 0.04296875 0.984375
f 4293/4293 4294/4294 4295/4295 4296/4296
v 5.583184 13.346422 2.1262684
vt 0.0 0.98828125
v 5.583184 16.1655 3.152329
vt 0.0 1.0
v 5.4595814 15.826102 4.084816
vt 0.00390625 1.0
v 5.4595814 13.007025 3.0587554
vt 0.00390625 0.98828125
f 4297/4297 4298/4298 4299/4299 4300/4300
v 5.706786 15.565205 1.8778226
vt 0.00390625 1.0
v 5.706786 16.504898 2.2198427
vt 0.0078125 1.0
v 5.583184 16.1655 3.152329
vt 0.0078125 0.99609375
v 5.583184 15.225807 2.810309
vt 0.00390625 0.99609375
f 4301/4301 4302/4302 4303/4303 4304/4304
v 7.0699244 13.722045 -1.8295503
vt 0.0078125 0.97265625
v 7.0699244 17.480816 -0.46146977
vt 0.0078125 0.98828125
v 6.699117 16.462624 2.335991
vt 0.01953125 0.98828125
v 6.699117 12.703853 0.9679102
vt 0.01953125 0.97265625
f 4305/4305 4306/4306 4307/4307 4308/4308
v 6.699117 12.703853 0.9679102
vt 0.0 0.98828125
v 6.699117 15.52293 1.9939708
vt 0.0 1.0
v 6.575515 15.183533 2.926457
vt 0.00390625 1.0
v 6.575515 12.364455 1.9003965
vt 0.00390625 0.98828125
f 4309/4309 4310/4310 4311/4311 4312/4312
v -2.7297902 11.66511 -4.94958
vt 0.07421875 0.96875
v 3.2242002 11.411463 -4.252691
vt 0.09765625 0.96875
v 2.4825864 9.375078 1.3422301
vt 0.09765625 0.9453125
v -3.471404 9.628725 0.6453409
vt 0.07421875 0.9453125
f 4313/4313 4314/4314 4315/4315 4316/4316
v -1.6138562 11.962233 -5.7659183
vt 0.0 0.984375
v 2.3554711 11.793135 -5.3013253
vt 0.0 1.0
v 2.231869 11.453737 -4.368839
vt 0.00390625 1.0
v -1.7374586 11.622835 -4.8334317
vt 0.00390625 0.984375
f 4317/4317 4318/4318 4319/4319 4320/4320
v -3.7221217 12.647077 -4.723708
vt 0.0390625 0.98828125
v -2.7297902 12.604802 -4.6075597
vt 0.04296875 0.98828125
v -3.471404 10.568417 0.9873611
vt 0.04296875 0.96484375
v -4.463736 10.610691 0.87121296
vt 0.0390625 0.96484375
f 4321/4321 4322/4322 4323/4323 4324/4324
v 3.2242002 12.351155 -3.9106708
vt 0.0390625 0.98828125
v 4.2165318 12.308881 -3.7945223
vt 0.04296875 0.98828125
v 3.4749184 10.272495 1.8003986
vt 0.04296875 0.96484375
v 2.4825864 10.31477 1.6842504
vt 0.0390625 0.96484375
f 4325/4325 4326/4326 4327/4327 4328/4328
v -3.471404 10.568417 0.9873611
vt 0.0703125 0.953125
v 2.4825864 10.31477 1.6842504
vt 0.0703125 0.9765625
v 2.358984 9.975372 2.6167376
vt 0.07421875 0.9765625
v -3.5950065 10.229019 1.9198483
vt 0.07421875 0.953125
f 4329/4329 4330/4330 4331/4331 4332/4332
v -1.490254 13.2413225 -6.356385
vt 0.0 0.984375
v 2.4790735 13.072225 -5.8917923
vt 0.0 1.0
v 2.3554711 12.732827 -4.9593053
vt 0.00390625 1.0
v -1.6138562 12.901925 -5.423898
vt 0.00390625 0.984375
f 4333/4333 4334/4334 4335/4335 4336/4336
v -2.6026747 10.186745 2.0359964
vt 0.0 0.453125
v 1.3666525 10.017647 2.5005894
vt 0.0 0.46875
v 1.2430502 9.678249 3.4330754
vt 0.00390625 0.46875
v -2.726277 9.847347 2.9684825
vt 0.00390625 0.453125
f 4337/4337 4338/4338 4339/4339 4340/4340
v -2.6061878 12.9442 -5.540046
vt 0.0 1.0
v -1.6138562 12.901925 -5.423898
vt 0.00390625 1.0
v -1.7374586 12.562528 -4.4914117
vt 0.00390625 0.99609375
v -2.7297902 12.604802 -4.6075597
vt 0.0 0.99609375
f 4341/4341 4342/4342 4343/4343 4344/4344
v 2.3554711 12.732827 -4.9593053
vt 0.0 1.0
v 3.3478026 12.690553 -4.8431573
vt 0.00390625 1.0
v 3.2242002 12.351155 -3.9106708
vt 0.00390625 0.99609375
v 2.231869 12.39343 -4.0268188
vt 0.0 0.99609375
f 4345/4345 4346/4346 4347/4347 4348/4348
v -5.830388 13.331921 -3.681497
vt 0.04296875 1.0
v -3.845724 13.247372 -3.4492006
vt 0.05078125 1.0
v -4.3401337 11.889782 0.2807461
vt 0.05078125 0.984375
v -6.3247976 11.974331 0.048449636
vt 0.04296875 0.984375
f 4349/4349 4350/4350 4351/4351 4352/4352
v 4.09293 12.909176 -2.5200152
vt 0.04296875 1.0
v 6.0775933 12.824627 -2.2877188
vt 0.05078125 1.0
v 5.583184 11.467037 1.4422281
vt 0.05078125 0.984375
v 3.5985208 11.551586 1.2099317
vt 0.04296875 0.984375
f 4353/4353 4354/4354 4355/4355 4356/4356
v -2.726277 10.787041 3.3105028
vt 0.01953125 0.97265625
v 1.2430502 10.617943 3.7750957
vt 0.01953125 0.98828125
v 1.1194478 10.278545 4.7075825
vt 0.0234375 0.98828125
v -2.8498795 10.447643 4.2429895
vt 0.0234375 0.97265625
f 4357/4357 4358/4358 4359/4359 4360/4360
v -2.4825857 14.2232895 -6.130513
vt 0.0 1.0
v -1.490254 14.181015 -6.014365
vt 0.00390625 1.0
v -1.6138562 13.841618 -5.0818777
vt 0.00390625 0.99609375
v -2.6061878 13.883892 -5.198026
vt 0.0 0.99609375
f 4361/4361 4362/4362 4363/4363 4364/4364
v 2.4790735 14.011917 -5.5497723
vt 0.0 1.0
v 3.4714048 13.969643 -5.433624
vt 0.00390625 1.0
v 3.3478026 13.630245 -4.501137
vt 0.00390625 0.99609375
v 2.3554711 13.67252 -4.6172853
vt 0.0 0.99609375
f 4365/4365 4366/4366 4367/4367 4368/4368
v -3.5985193 13.926167 -5.314174
vt 0.0 1.0
v -2.6061878 13.883892 -5.198026
vt 0.00390625 1.0
v -2.7297902 13.544495 -4.2655396
vt 0.00390625 0.99609375
v -3.7221217 13.586769 -4.3816876
vt 0.0 0.99609375
f 4369/4369 4370/4370 4371/4371 4372/4372
v 3.3478026 13.630245 -4.501137
vt 0.0 1.0
v 4.340134 13.587971 -4.384989
vt 0.00390625 1.0
v 4.2165318 13.248573 -3.4525023
vt 0.00390625 0.99609375
v 3.2242002 13.290848 -3.5686502
vt 0.0 0.99609375
f 4373/4373 4374/4374 4375/4375 4376/4376
v -4.7144537 13.629044 -4.497836
vt 0.00390625 1.0
v -3.7221217 13.586769 -4.3816876
vt 0.0078125 1.0
v -3.845724 13.247372 -3.4492006
vt 0.0078125 0.99609375
v -4.838056 13.289646 -3.565349
vt 0.00390625 0.99609375
f 4377/4377 4378/4378 4379/4379 4380/4380
v 4.2165318 13.248573 -3.4525023
vt 0.00390625 1.0
v 5.208864 13.206299 -3.3363538
vt 0.0078125 1.0
v 5.085262 12.866901 -2.4038668
vt 0.0078125 0.99609375
v 4.09293 12.909176 -2.5200152
vt 0.00390625 0.99609375
f 4381/4381 4382/4382 4383/4383 4384/4384
v -5.3324656 11.932056 0.16459787
vt 0.00390625 1.0
v -4.3401337 11.889782 0.2807461
vt 0.0078125 1.0
v -4.463736 11.5503845 1.2132331
vt 0.0078125 0.99609375
v -5.456068 11.592659 1.0970849
vt 0.00390625 0.99609375
f 4385/4385 4386/4386 4387/4387 4388/4388
v 3.5985208 11.551586 1.2099317
vt 0.00390625 1.0
v 4.5908523 11.509312 1.32608
vt 0.0078125 1.0
v 4.46725 11.169914 2.2585669
vt 0.0078125 0.99609375
v 3.4749184 11.212189 2.1424189
vt 0.00390625 0.99609375
f 4389/4389 4390/4390 4391/4391 4392/4392
v -4.463736 11.5503845 1.2132331
vt 0.0078125 0.9921875
v -3.471404 11.50811 1.3293812
vt 0.01171875 0.9921875
v -3.5950065 11.168713 2.2618685
vt 0.01171875 0.98828125
v -4.5873384 11.210987 2.1457205
vt 0.0078125 0.98828125
f 4393/4393 4394/4394 4395/4395 4396/4396
v 2.4825864 11.254463 2.0262704
vt 0.0078125 0.9921875
v 3.4749184 11.212189 2.1424189
vt 0.01171875 0.9921875
v 3.351316 10.872791 3.0749059
vt 0.01171875 0.98828125
v 2.358984 10.915066 2.9587579
vt 0.0078125 0.98828125
f 4397/4397 4398/4398 4399/4399 4400/4400
v -3.5950065 11.168713 2.2618685
vt 0.0078125 0.9921875
v -2.6026747 11.126438 2.3780167
vt 0.01171875 0.9921875
v -2.726277 10.787041 3.3105028
vt 0.01171875 0.98828125
v -3.7186089 10.829315 3.1943545
vt 0.0078125 0.98828125
f 4401/4401 4402/4402 4403/4403 4404/4404
v 1.3666525 10.95734 2.8426096
vt 0.0078125 0.9921875
v 2.358984 10.915066 2.9587579
vt 0.01171875 0.9921875
v 2.2353816 10.575668 3.891244
vt 0.01171875 0.98828125
v 1.2430502 10.617943 3.7750957
vt 0.0078125 0.98828125
f 4405/4405 4406/4406 4407/4407 4408/4408
v -6.8227196 14.313888 -3.455625
vt 0.0 1.0
v -5.830388 14.271613 -3.339477
vt 0.00390625 1.0
v -6.3247976 12.914023 0.3904698
vt 0.00390625 0.984375
v -7.317129 12.956298 0.27432168
vt 0.0 0.984375
f 4409/4409 4410/4410 4411/4411 4412/4412
v 6.0775933 13.764319 -1.9456985
vt 0.0 1.0
v 7.0699244 13.722045 -1.8295503
vt 0.00390625 1.0
v 6.575515 12.364455 1.9003965
vt 0.00390625 0.984375
v 5.583184 12.40673 1.7842484
vt 0.0 0.984375
f 4413/4413 4414/4414 4415/4415 4416/4416
v -2.8498795 11.387336 4.58501
vt 0.01953125 0.97265625
v 1.1194478 11.218238 5.049603
vt 0.01953125 0.98828125
v 0.99584544 10.8788395 5.9820905
vt 0.0234375 0.98828125
v -2.9734817 11.047937 5.5174975
vt 0.0234375 0.97265625
f 4417/4417 4418/4418 4419/4419 4420/4420
v -5.706786 14.6110115 -4.271964
vt 0.00390625 1.0
v -4.7144537 14.568736 -4.1558156
vt 0.0078125 1.0
v -4.838056 14.229339 -3.2233288
vt 0.0078125 0.99609375
v -5.830388 14.271613 -3.339477
vt 0.00390625 0.99609375
f 4421/4421 4422/4422 4423/4423 4424/4424
v 5.208864 14.145991 -2.9943337
vt 0.00390625 1.0
v 6.2011957 14.103717 -2.8781855
vt 0.0078125 1.0
v 6.0775933 13.764319 -1.9456985
vt 0.0078125 0.99609375
v 5.085262 13.806594 -2.0618467
vt 0.00390625 0.99609375
f 4425/4425 4426/4426 4427/4427 4428/4428
v -5.456068 12.5323515 1.439105
vt 0.0078125 0.9921875
v -4.463736 12.490077 1.5552533
vt 0.01171875 0.9921875
v -4.5873384 12.15068 2.4877405
vt 0.01171875 0.98828125
v -5.5796704 12.192954 2.3715923
vt 0.0078125 0.98828125
f 4429/4429 4430/4430 4431/4431 4432/4432
v 3.4749184 12.151881 2.484439
vt 0.0078125 0.9921875
v 4.46725 12.109607 2.6005871
vt 0.01171875 0.9921875
v 4.3436475 11.770208 3.5330744
vt 0.01171875 0.98828125
v 3.351316 11.812483 3.4169261
vt 0.0078125 0.98828125
f 4433/4433 4434/4434 4435/4435 4436/4436
v -4.5873384 12.15068 2.4877405
vt 0.01953125 1.0
v -3.5950065 12.108405 2.6038888
vt 0.0234375 1.0
v -3.7186089 11.769008 3.5363748
vt 0.0234375 0.99609375
v -4.7109404 11.811282 3.4202266
vt 0.01953125 0.99609375
f 4437/4437 4438/4438 4439/4439 4440/4440
v 2.358984 11.854758 3.300778
vt 0.01953125 1.0
v 3.351316 11.812483 3.4169261
vt 0.0234375 1.0
v 3.2277136 11.473086 4.349412
vt 0.0234375 0.99609375
v 2.2353816 11.515361 4.233264
vt 0.01953125 0.99609375
f 4441/4441 4442/4442 4443/4443 4444/4444
v -3.7186089 11.769008 3.5363748
vt 0.0078125 0.9921875
v -2.726277 11.726733 3.652523
vt 0.01171875 0.9921875
v -2.8498795 11.387336 4.58501
vt 0.01171875 0.98828125
v -3.842211 11.42961 4.4688616
vt 0.0078125 0.98828125
f 4445/4445 4446/4446 4447/4447 4448/4448
v 1.2430502 11.557635 4.117116
vt 0.0078125 0.9921875
v 2.2353816 11.515361 4.233264
vt 0.01171875 0.9921875
v 2.1117795 11.175963 5.165751
vt 0.01171875 0.98828125
v 1.1194478 11.218238 5.049603
vt 0.0078125 0.98828125
f 4449/4449 4450/4450 4451/4451 4452/4452
v -3.4749172 16.144949 -5.562621
vt 0.0 1.0
v -2.4825857 16.102674 -5.4464726
vt 0.00390625 1.0
v -2.6061878 15.763277 -4.5139856
vt 0.00390625 0.99609375
v -3.5985193 15.805552 -4.630134
vt 0.0 0.99609375
f 4453/4453 4454/4454 4455/4455 4456/4456
v 3.4714048 15.849028 -4.7495837
vt 0.0 1.0
v 4.4637365 15.806753 -4.6334352
vt 0.00390625 1.0
v 4.340134 15.467356 -3.7009482
vt 0.00390625 0.99609375
v 3.3478026 15.50963 -3.8170967
vt 0.0 0.99609375
f 4457/4457 4458/4458 4459/4459 4460/4460
v -4.590852 15.847826 -4.746282
vt 0.0 1.0
v -3.5985193 15.805552 -4.630134
vt 0.00390625 1.0
v -3.7221217 15.466154 -3.6976476
vt 0.00390625 0.99609375
v -4.7144537 15.508429 -3.8137956
vt 0.0 0.99609375
f 4461/4461 4462/4462 4463/4463 4464/4464
v 4.340134 15.467356 -3.7009482
vt 0.0 1.0
v 5.332466 15.425081 -3.5848002
vt 0.00390625 1.0
v 5.208864 15.085684 -2.6523135
vt 0.00390625 0.99609375
v 4.2165318 15.127958 -2.7684617
vt 0.0 0.99609375
f 4465/4465 4466/4466 4467/4467 4468/4468
v -6.3247976 13.853716 0.73249
vt 0.0 1.0
v -5.3324656 13.811441 0.84863824
vt 0.00390625 1.0
v -5.456068 13.472044 1.7811253
vt 0.00390625 0.99609375
v -6.4484 13.514318 1.6649771
vt 0.0 0.99609375
f 4469/4469 4470/4470 4471/4471 4472/4472
v 4.5908523 13.388697 2.0101204
vt 0.0 1.0
v 5.583184 13.346422 2.1262684
vt 0.00390625 1.0
v 5.4595814 13.007025 3.0587554
vt 0.00390625 0.99609375
v 4.46725 13.049299 2.9426074
vt 0.0 0.99609375
f 4473/4473 4474/4474 4475/4475 4476/4476
v -3.842211 13.308995 5.152902
vt 0.01953125 1.0
v -2.8498795 13.266721 5.26905
vt 0.0234375 1.0
v -2.9734817 12.927322 6.2015376
vt 0.0234375 0.99609375
v -3.9658134 12.969597 6.0853896
vt 0.01953125 0.99609375
f 4477/4477 4478/4478 4479/4479 4480/4480
v 1.1194478 13.097623 5.733643
vt 0.01953125 1.0
v 2.1117795 13.055348 5.8497915
vt 0.0234375 1.0
v 1.988177 12.71595 6.782279
vt 0.0234375 0.99609375
v 0.99584544 12.7582245 6.6661305
vt 0.01953125 0.99609375
f 4481/4481 4482/4482 4483/4483 4484/4484
v -7.317129 15.775376 1.3003823
vt 0.0 0.99609375
v -6.3247976 15.733102 1.4165304
vt 0.00390625 0.99609375
v -6.2011952 16.072498 0.48404413
vt 0.00390625 1.0
v -7.1935267 16.114773 0.36789596
vt 0.0 1.0
f 4485/4485 4486/4486 4487/4487 4488/4488
v 5.583184 15.225807 2.810309
vt 0.0 0.99609375
v 6.575515 15.183533 2.926457
vt 0.00390625 0.99609375
v 6.699117 15.52293 1.9939708
vt 0.00390625 1.0
v 5.706786 15.565205 1.8778226
vt 0.0 1.0
f 4489/4489 4490/4490 4491/4491 4492/4492
v -7.1935267 17.054466 0.709916
vt 0.0 0.98828125
v -6.2011952 17.012192 0.82606417
vt 0.00390625 0.98828125
v -5.830388 18.030384 -1.9713964
vt 0.00390625 1.0
v -6.8227196 18.072659 -2.0875444
vt 0.0 1.0
f 4493/4493 4494/4494 4495/4495 4496/4496
v 5.706786 16.504898 2.2198427
vt 0.0 0.98828125
v 6.699117 16.462624 2.335991
vt 0.00390625 0.98828125
v 7.0699244 17.480816 -0.46146977
vt 0.00390625 1.0
v 6.0775933 17.52309 -0.5776179
vt 0.0 1.0
f 4497/4497 4498/4498 4499/4499 4500/4500
v -4.7109404 16.509745 5.1303277
vt 0.09765625 0.9296875
v 3.2277136 16.171549 6.059513
vt 0.12890625 0.9296875
v 4.4637365 19.565525 -3.2653546
vt 0.12890625 0.96875
v -3.4749172 19.90372 -4.19454
vt 0.09765625 0.96875
f 4501/4501 4502/4502 4503/4503 4504/4504
v -6.4484 17.273088 3.0330577
vt 0.0 0.36328125
v -4.463736 17.18854 3.2653542
vt 0.0078125 0.36328125
v -3.7221217 19.224926 -2.3295667
vt 0.0078125 0.38671875
v -5.706786 19.309475 -2.5618632
vt 0.0 0.38671875
f 4505/4505 4506/4506 4507/4507 4508/4508
v 3.4749184 16.850344 4.19454
vt 0.0 0.33984375
v 5.4595814 16.765795 4.426836
vt 0.0078125 0.33984375
v 6.2011957 18.802181 -1.1680846
vt 0.0078125 0.36328125
v 4.2165318 18.88673 -1.4003811
vt 0.0 0.36328125
f 4509/4509 4510/4510 4511/4511 4512/4512
v -3.9658134 15.788675 7.11145
vt 0.06640625 0.9453125
v 1.988177 15.535028 7.808339
vt 0.06640625 0.96875
v 2.2353816 16.213823 5.943365
vt 0.05859375 0.96875
v -3.7186089 16.46747 5.2464757
vt 0.05859375 0.9453125
f 4513/4513 4514/4514 4515/4515 4516/4516
v -4.7144537 19.2672 -2.445715
vt 0.0 0.99609375
v -3.7221217 19.224926 -2.3295667
vt 0.00390625 0.99609375
v -3.5985193 19.564323 -3.2620533
vt 0.00390625 1.0
v -4.590852 19.606598 -3.3782015
vt 0.0 1.0
f 4517/4517 4518/4518 4519/4519 4520/4520
v 4.2165318 18.88673 -1.4003811
vt 0.0 0.99609375
v 5.208864 18.844456 -1.2842329
vt 0.00390625 0.99609375
v 5.332466 19.183853 -2.2167194
vt 0.00390625 1.0
v 4.340134 19.226128 -2.3328676
vt 0.0 1.0
f 4521/4521 4522/4522 4523/4523 4524/4524
v -5.5796704 16.891417 4.081693
vt 0.0078125 0.98828125
v -4.5873384 16.849142 4.1978416
vt 0.01171875 0.98828125
v -4.463736 17.18854 3.2653542
vt 0.01171875 0.9921875
v -5.456068 17.230814 3.149206
vt 0.0078125 0.9921875
f 4525/4525 4526/4526 4527/4527 4528/4528
v 3.351316 16.510946 5.127027
vt 0.0078125 0.98828125
v 4.3436475 16.468672 5.2431755
vt 0.01171875 0.98828125
v 4.46725 16.80807 4.310688
vt 0.01171875 0.9921875
v 3.4749184 16.850344 4.19454
vt 0.0078125 0.9921875
f 4529/4529 4530/4530 4531/4531 4532/4532
v -2.4825857 19.861446 -4.078392
vt 0.07421875 0.9453125
v 3.4714048 19.6078 -3.3815029
vt 0.09765625 0.9453125
v 3.4714048 13.969643 -5.433624
vt 0.09765625 0.96875
v -2.4825857 14.2232895 -6.130513
vt 0.07421875 0.96875
f 4533/4533 4534/4534 4535/4535 4536/4536
v -1.490254 14.181015 -6.014365
vt 0.00390625 0.984375
v 2.4790735 14.011917 -5.5497723
vt 0.00390625 1.0
v 2.4790735 13.072225 -5.8917923
vt 0.0 1.0
v -1.490254 13.2413225 -6.356385
vt 0.0 0.984375
f 4537/4537 4538/4538 4539/4539 4540/4540
v -3.4749172 19.90372 -4.19454
vt 0.0 0.984375
v -2.4825857 19.861446 -4.078392
vt 0.00390625 0.984375
v -2.4825857 16.102674 -5.4464726
vt 0.00390625 1.0
v -3.4749172 16.144949 -5.562621
vt 0.0 1.0
f 4541/4541 4542/4542 4543/4543 4544/4544
v 3.4714048 19.6078 -3.3815029
vt 0.0 0.984375
v 4.4637365 19.565525 -3.2653546
vt 0.00390625 0.984375
v 4.4637365 15.806753 -4.6334352
vt 0.00390625 1.0
v 3.4714048 15.849028 -4.7495837
vt 0.0 1.0
f 4545/4545 4546/4546 4547/4547 4548/4548
v -1.6138562 12.901925 -5.423898
vt 0.00390625 0.984375
v 2.3554711 12.732827 -4.9593053
vt 0.00390625 1.0
v 2.3554711 11.793135 -5.3013253
vt 0.0 1.0
v -1.6138562 11.962233 -5.7659183
vt 0.0 0.984375
f 4549/4549 4550/4550 4551/4551 4552/4552
v -4.590852 19.606598 -3.3782015
vt 0.0 0.984375
v -3.5985193 19.564323 -3.2620533
vt 0.00390625 0.984375
v -3.5985193 15.805552 -4.630134
vt 0.00390625 1.0
v -4.590852 15.847826 -4.746282
vt 0.0 1.0
f 4553/4553 4554/4554 4555/4555 4556/4556
v 4.340134 19.226128 -2.3328676
vt 0.0 0.984375
v 5.332466 19.183853 -2.2167194
vt 0.00390625 0.984375
v 5.332466 15.425081 -3.5848002
vt 0.00390625 1.0
v 4.340134 15.467356 -3.7009482
vt 0.0 1.0
f 4557/4557 4558/4558 4559/4559 4560/4560
v -3.5985193 15.805552 -4.630134
vt 0.0 0.9921875
v -2.6061878 15.763277 -4.5139856
vt 0.00390625 0.9921875
v -2.6061878 13.883892 -5.198026
vt 0.00390625 1.0
v -3.5985193 13.926167 -5.314174
vt 0.0 1.0
f 4561/4561 4562/4562 4563/4563 4564/4564
v 3.3478026 15.50963 -3.8170967
vt 0.0 0.9921875
v 4.340134 15.467356 -3.7009482
vt 0.00390625 0.9921875
v 4.340134 13.587971 -4.384989
vt 0.00390625 1.0
v 3.3478026 13.630245 -4.501137
vt 0.0 1.0
f 4565/4565 4566/4566 4567/4567 4568/4568
v -2.6061878 13.883892 -5.198026
vt 0.0 0.99609375
v -1.6138562 13.841618 -5.0818777
vt 0.00390625 0.99609375
v -1.6138562 12.901925 -5.423898
vt 0.00390625 1.0
v -2.6061878 12.9442 -5.540046
vt 0.0 1.0
f 4569/4569 4570/4570 4571/4571 4572/4572
v 2.3554711 13.67252 -4.6172853
vt 0.0 0.99609375
v 3.3478026 13.630245 -4.501137
vt 0.00390625 0.99609375
v 3.3478026 12.690553 -4.8431573
vt 0.00390625 1.0
v 2.3554711 12.732827 -4.9593053
vt 0.0 1.0
f 4573/4573 4574/4574 4575/4575 4576/4576
v 5.208864 18.844456 -1.2842329
vt 0.03125 0.95703125
v 6.2011957 18.802181 -1.1680846
vt 0.03515625 0.95703125
v 6.2011957 14.103717 -2.8781855
vt 0.03515625 0.9765625
v 5.208864 14.145991 -2.9943337
vt 0.03125 0.9765625
f 4577/4577 4578/4578 4579/4579 4580/4580
v -5.706786 19.309475 -2.5618632
vt 0.04296875 0.97265625
v -4.7144537 19.2672 -2.445715
vt 0.046875 0.97265625
v -4.7144537 15.508429 -3.8137956
vt 0.046875 0.98828125
v -5.706786 15.550703 -3.929944
vt 0.04296875 0.98828125
f 4581/4581 4582/4582 4583/4583 4584/4584
v -4.7144537 15.508429 -3.8137956
vt 0.05078125 0.984375
v -3.7221217 15.466154 -3.6976476
vt 0.0546875 0.984375
v -3.7221217 13.586769 -4.3816876
vt 0.0546875 0.9921875
v -4.7144537 13.629044 -4.497836
vt 0.05078125 0.9921875
f 4585/4585 4586/4586 4587/4587 4588/4588
v 4.2165318 15.127958 -2.7684617
vt 0.05078125 0.984375
v 5.208864 15.085684 -2.6523135
vt 0.0546875 0.984375
v 5.208864 13.206299 -3.3363538
vt 0.0546875 0.9921875
v 4.2165318 13.248573 -3.4525023
vt 0.05078125 0.9921875
f 4589/4589 4590/4590 4591/4591 4592/4592
v -2.7297902 12.604802 -4.6075597
vt 0.0 0.99609375
v -1.7374586 12.562528 -4.4914117
vt 0.00390625 0.99609375
v -1.7374586 11.622835 -4.8334317
vt 0.00390625 1.0
v -2.7297902 11.66511 -4.94958
vt 0.0 1.0
f 4593/4593 4594/4594 4595/4595 4596/4596
v 2.231869 12.39343 -4.0268188
vt 0.0 0.99609375
v 3.2242002 12.351155 -3.9106708
vt 0.00390625 0.99609375
v 3.2242002 11.411463 -4.252691
vt 0.00390625 1.0
v 2.231869 11.453737 -4.368839
vt 0.0 1.0
f 4597/4597 4598/4598 4599/4599 4600/4600
v -3.7221217 13.586769 -4.3816876
vt 0.0 0.99609375
v -2.7297902 13.544495 -4.2655396
vt 0.00390625 0.99609375
v -2.7297902 12.604802 -4.6075597
vt 0.00390625 1.0
v -3.7221217 12.647077 -4.723708
vt 0.0 1.0
f 4601/4601 4602/4602 4603/4603 4604/4604
v 3.2242002 13.290848 -3.5686502
vt 0.0 0.99609375
v 4.2165318 13.248573 -3.4525023
vt 0.00390625 0.99609375
v 4.2165318 12.308881 -3.7945223
vt 0.00390625 1.0
v 3.2242002 12.351155 -3.9106708
vt 0.0 1.0
f 4605/4605 4606/4606 4607/4607 4608/4608
v -5.706786 15.550703 -3.929944
vt 0.00390625 0.99609375
v -4.7144537 15.508429 -3.8137956
vt 0.0078125 0.99609375
v -4.7144537 14.568736 -4.1558156
vt 0.0078125 1.0
v -5.706786 14.6110115 -4.271964
vt 0.00390625 1.0
f 4609/4609 4610/4610 4611/4611 4612/4612
v -6.8227196 18.072659 -2.0875444
vt 0.0 0.984375
v -5.830388 18.030384 -1.9713964
vt 0.00390625 0.984375
v -5.830388 14.271613 -3.339477
vt 0.00390625 1.0
v -6.8227196 14.313888 -3.455625
vt 0.0 1.0
f 4613/4613 4614/4614 4615/4615 4616/4616
v 6.0775933 17.52309 -0.5776179
vt 0.0 0.984375
v 7.0699244 17.480816 -0.46146977
vt 0.00390625 0.984375
v 7.0699244 13.722045 -1.8295503
vt 0.00390625 1.0
v 6.0775933 13.764319 -1.9456985
vt 0.0 1.0
f 4617/4617 4618/4618 4619/4619 4620/4620
v -5.830388 14.271613 -3.339477
vt 0.0 0.99609375
v -4.838056 14.229339 -3.2233288
vt 0.00390625 0.99609375
v -4.838056 13.289646 -3.565349
vt 0.00390625 1.0
v -5.830388 13.331921 -3.681497
vt 0.0 1.0
f 4621/4621 4622/4622 4623/4623 4624/4624
v 5.085262 13.806594 -2.0618467
vt 0.0 0.99609375
v 6.0775933 13.764319 -1.9456985
vt 0.00390625 0.99609375
v 6.0775933 12.824627 -2.2877188
vt 0.00390625 1.0
v 5.085262 12.866901 -2.4038668
vt 0.0 1.0
f 4625/4625 4626/4626 4627/4627 4628/4628
v -7.1935267 16.114773 0.36789596
vt 0.0 1.0
v -6.2011952 16.072498 0.48404413
vt 0.00390625 1.0
v -6.2011952 17.012192 0.82606417
vt 0.00390625 0.99609375
v -7.1935267 17.054466 0.709916
vt 0.0 0.99609375
f 4629/4629 4630/4630 4631/4631 4632/4632
v 5.706786 15.565205 1.8778226
vt 0.0 1.0
v 6.699117 15.52293 1.9939708
vt 0.00390625 1.0
v 6.699117 16.462624 2.335991
vt 0.00390625 0.99609375
v 5.706786 16.504898 2.2198427
vt 0.0 0.99609375
f 4633/4633 4634/4634 4635/4635 4636/4636
v 5.583184 12.40673 1.7842484
vt 0.0 1.0
v 6.575515 12.364455 1.9003965
vt 0.00390625 1.0
v 6.575515 15.183533 2.926457
vt 0.00390625 0.98828125
v 5.583184 15.225807 2.810309
vt 0.0 0.98828125
f 4637/4637 4638/4638 4639/4639 4640/4640
v -6.3247976 11.974331 0.048449636
vt 0.05078125 0.9921875
v -5.3324656 11.932056 0.16459787
vt 0.0546875 0.9921875
v -5.3324656 13.811441 0.84863824
vt 0.0546875 0.984375
v -6.3247976 13.853716 0.73249
vt 0.05078125 0.984375
f 4641/4641 4642/4642 4643/4643 4644/4644
v -7.317129 12.956298 0.27432168
vt 0.0 1.0
v -6.3247976 12.914023 0.3904698
vt 0.00390625 1.0
v -6.3247976 15.733102 1.4165304
vt 0.00390625 0.98828125
v -7.317129 15.775376 1.3003823
vt 0.0 0.98828125
f 4645/4645 4646/4646 4647/4647 4648/4648
v 4.5908523 11.509312 1.32608
vt 0.05078125 0.9921875
v 5.583184 11.467037 1.4422281
vt 0.0546875 0.9921875
v 5.583184 13.346422 2.1262684
vt 0.0546875 0.984375
v 4.5908523 13.388697 2.0101204
vt 0.05078125 0.984375
f 4649/4649 4650/4650 4651/4651 4652/4652
v -3.471404 9.628725 0.6453409
vt 0.0390625 0.96484375
v 2.4825864 9.375078 1.3422301
vt 0.0390625 0.98828125
v 2.4825864 10.31477 1.6842504
vt 0.04296875 0.98828125
v -3.471404 10.568417 0.9873611
vt 0.04296875 0.96484375
f 4653/4653 4654/4654 4655/4655 4656/4656
v -6.4484 13.514318 1.6649771
vt 0.0 1.0
v -5.456068 13.472044 1.7811253
vt 0.00390625 1.0
v -5.456068 17.230814 3.149206
vt 0.00390625 0.984375
v -6.4484 17.273088 3.0330577
vt 0.0 0.984375
f 4657/4657 4658/4658 4659/4659 4660/4660
v 4.46725 13.049299 2.9426074
vt 0.0 1.0
v 5.4595814 13.007025 3.0587554
vt 0.00390625 1.0
v 5.4595814 16.765795 4.426836
vt 0.00390625 0.984375
v 4.46725 16.80807 4.310688
vt 0.0 0.984375
f 4661/4661 4662/4662 4663/4663 4664/4664
v -4.463736 10.610691 0.87121296
vt 0.0 1.0
v -3.471404 10.568417 0.9873611
vt 0.00390625 1.0
v -3.471404 11.50811 1.3293812
vt 0.00390625 0.99609375
v -4.463736 11.5503845 1.2132331
vt 0.0 0.99609375
f 4665/4665 4666/4666 4667/4667 4668/4668
v 2.4825864 10.31477 1.6842504
vt 0.0 1.0
v 3.4749184 10.272495 1.8003986
vt 0.00390625 1.0
v 3.4749184 11.212189 2.1424189
vt 0.00390625 0.99609375
v 2.4825864 11.254463 2.0262704
vt 0.0 0.99609375
f 4669/4669 4670/4670 4671/4671 4672/4672
v -5.456068 11.592659 1.0970849
vt 0.00390625 1.0
v -4.463736 11.5503845 1.2132331
vt 0.0078125 1.0
v -4.463736 12.490077 1.5552533
vt 0.0078125 0.99609375
v -5.456068 12.5323515 1.439105
vt 0.00390625 0.99609375
f 4673/4673 4674/4674 4675/4675 4676/4676
v 3.4749184 11.212189 2.1424189
vt 0.00390625 1.0
v 4.46725 11.169914 2.2585669
vt 0.0078125 1.0
v 4.46725 12.109607 2.6005871
vt 0.0078125 0.99609375
v 3.4749184 12.151881 2.484439
vt 0.00390625 0.99609375
f 4677/4677 4678/4678 4679/4679 4680/4680
v -5.5796704 12.192954 2.3715923
vt 0.0 0.46875
v -4.5873384 12.15068 2.4877405
vt 0.00390625 0.46875
v -4.5873384 16.849142 4.1978416
vt 0.00390625 0.44921875
v -5.5796704 16.891417 4.081693
vt 0.0 0.44921875
f 4681/4681 4682/4682 4683/4683 4684/4684
v 3.351316 11.812483 3.4169261
vt 0.0 0.46875
v 4.3436475 11.770208 3.5330744
vt 0.00390625 0.46875
v 4.3436475 16.468672 5.2431755
vt 0.00390625 0.44921875
v 3.351316 16.510946 5.127027
vt 0.0 0.44921875
f 4685/4685 4686/4686 4687/4687 4688/4688
v -3.5950065 10.229019 1.9198483
vt 0.0078125 0.9921875
v -2.6026747 10.186745 2.0359964
vt 0.01171875 0.9921875
v -2.6026747 11.126438 2.3780167
vt 0.01171875 0.98828125
v -3.5950065 11.168713 2.2618685
vt 0.0078125 0.98828125
f 4689/4689 4690/4690 4691/4691 4692/4692
v 1.3666525 10.017647 2.5005894
vt 0.0078125 0.9921875
v 2.358984 9.975372 2.6167376
vt 0.01171875 0.9921875
v 2.358984 10.915066 2.9587579
vt 0.01171875 0.98828125
v 1.3666525 10.95734 2.8426096
vt 0.0078125 0.98828125
f 4693/4693 4694/4694 4695/4695 4696/4696
v -4.5873384 11.210987 2.1457205
vt 0.0078125 0.9921875
v -3.5950065 11.168713 2.2618685
vt 0.01171875 0.9921875
v -3.5950065 12.108405 2.6038888
vt 0.01171875 0.98828125
v -4.5873384 12.15068 2.4877405
vt 0.0078125 0.98828125
f 4697/4697 4698/4698 4699/4699 4700/4700
v 2.358984 10.915066 2.9587579
vt 0.0078125 0.9921875
v 3.351316 10.872791 3.0749059
vt 0.01171875 0.9921875
v 3.351316 11.812483 3.4169261
vt 0.01171875 0.98828125
v 2.358984 11.854758 3.300778
vt 0.0078125 0.98828125
f 4701/4701 4702/4702 4703/4703 4704/4704
v -4.7109404 11.811282 3.4202266
vt 0.0 0.4609375
v -3.7186089 11.769008 3.5363748
vt 0.00390625 0.4609375
v -3.7186089 16.46747 5.2464757
vt 0.00390625 0.44140625
v -4.7109404 16.509745 5.1303277
vt 0.0 0.44140625
f 4705/4705 4706/4706 4707/4707 4708/4708
v 2.2353816 11.515361 4.233264
vt 0.0 0.4609375
v 3.2277136 11.473086 4.349412
vt 0.00390625 0.4609375
v 3.2277136 16.171549 6.059513
vt 0.00390625 0.44140625
v 2.2353816 16.213823 5.943365
vt 0.0 0.44140625
f 4709/4709 4710/4710 4711/4711 4712/4712
v -2.726277 9.847347 2.9684825
vt 0.0 0.453125
v 1.2430502 9.678249 3.4330754
vt 0.0 0.46875
v 1.2430502 10.617943 3.7750957
vt 0.00390625 0.46875
v -2.726277 10.787041 3.3105028
vt 0.00390625 0.453125
f 4713/4713 4714/4714 4715/4715 4716/4716
v -3.7186089 10.829315 3.1943545
vt 0.0078125 0.9921875
v -2.726277 10.787041 3.3105028
vt 0.01171875 0.9921875
v -2.726277 11.726733 3.652523
vt 0.01171875 0.98828125
v -3.7186089 11.769008 3.5363748
vt 0.0078125 0.98828125
f 4717/4717 4718/4718 4719/4719 4720/4720
v 1.2430502 10.617943 3.7750957
vt 0.0078125 0.9921875
v 2.2353816 10.575668 3.891244
vt 0.01171875 0.9921875
v 2.2353816 11.515361 4.233264
vt 0.01171875 0.98828125
v 1.2430502 11.557635 4.117116
vt 0.0078125 0.98828125
f 4721/4721 4722/4722 4723/4723 4724/4724
v -2.8498795 10.447643 4.2429895
vt 0.01953125 0.97265625
v 1.1194478 10.278545 4.7075825
vt 0.01953125 0.98828125
v 1.1194478 11.218238 5.049603
vt 0.0234375 0.98828125
v -2.8498795 11.387336 4.58501
vt 0.0234375 0.97265625
f 4725/4725 4726/4726 4727/4727 4728/4728
v -3.842211 11.42961 4.4688616
vt 0.01953125 0.98828125
v -2.8498795 11.387336 4.58501
vt 0.0234375 0.98828125
v -2.8498795 13.266721 5.26905
vt 0.0234375 0.98046875
v -3.842211 13.308995 5.152902
vt 0.01953125 0.98046875
f 4729/4729 4730/4730 4731/4731 4732/4732
v 1.1194478 11.218238 5.049603
vt 0.01953125 0.98828125
v 2.1117795 11.175963 5.165751
vt 0.0234375 0.98828125
v 2.1117795 13.055348 5.8497915
vt 0.0234375 0.98046875
v 1.1194478 13.097623 5.733643
vt 0.01953125 0.98046875
f 4733/4733 4734/4734 4735/4735 4736/4736
v -2.9734817 11.047937 5.5174975
vt 0.125 0.98828125
v 0.99584544 10.8788395 5.9820905
vt 0.140625 0.98828125
v 0.99584544 15.577303 7.692191
vt 0.140625 0.96875
v -2.9734817 15.746401 7.227598
vt 0.125 0.96875
f 4737/4737 4738/4738 4739/4739 4740/4740
v -3.9658134 12.969597 6.0853896
vt 0.125 0.984375
v -2.9734817 12.927322 6.2015376
vt 0.12890625 0.984375
v -2.9734817 15.746401 7.227598
vt 0.12890625 0.97265625
v -3.9658134 15.788675 7.11145
vt 0.125 0.97265625
f 4741/4741 4742/4742 4743/4743 4744/4744
v 0.99584544 12.7582245 6.6661305
vt 0.125 0.984375
v 1.988177 12.71595 6.782279
vt 0.12890625 0.984375
v 1.988177 15.535028 7.808339
vt 0.12890625 0.97265625
v 0.99584544 15.577303 7.692191
vt 0.125 0.97265625
f 4745/4745 4746/4746 4747/4747 4748/4748

