# MagicaVoxel @ Ephtracy

# group
o 

# material
mtllib Main__Menu_Plateau.mtl
usemtl palette

# normals
vn -1 0 0
vn 1 0 0
vn 0 0 1
vn 0 0 -1
vn 0 -1 0
vn 0 1 0

# texcoords
vt 0.537109 0.5
vt 0.650391 0.5
vt 0.912109 0.5
vt 0.916016 0.5
vt 0.986328 0.5
vt 0.990234 0.5
vt 0.994141 0.5

# verts
v -3.7 0 3.7
v -3.7 0 -3.8
v -3.7 0.2 3.7
v -3.7 0.2 3.4
v -3.7 0.2 0.9
v -3.7 0.2 -3.8
v -3.7 0.4 3.4
v -3.7 0.4 3.3
v -3.7 0.4 1
v -3.7 0.4 0.9
v -3.7 0.5 3.3
v -3.7 0.5 2.5
v -3.7 0.5 1.2
v -3.7 0.5 1
v -3.7 0.6 2.5
v -3.7 0.6 1.2
v -3.6 0.2 3.5
v -3.6 0.2 3.4
v -3.6 0.2 0.9
v -3.6 0.2 0.8
v -3.6 0.4 3.5
v -3.6 0.4 3.4
v -3.6 0.4 3.3
v -3.6 0.4 1
v -3.6 0.4 0.9
v -3.6 0.4 0.8
v -3.6 0.5 3.4
v -3.6 0.5 3.3
v -3.6 0.5 3.2
v -3.6 0.5 2.5
v -3.6 0.5 1.2
v -3.6 0.5 1.1
v -3.6 0.5 1
v -3.6 0.5 0.9
v -3.6 0.6 3.2
v -3.6 0.6 2.5
v -3.6 0.6 1.2
v -3.6 0.6 1.1
v -3.5 0.2 3.6
v -3.5 0.2 3.5
v -3.5 0.2 0.8
v -3.5 0.2 0.7
v -3.5 0.4 3.6
v -3.5 0.4 3.5
v -3.5 0.4 3.4
v -3.5 0.4 0.9
v -3.5 0.4 0.8
v -3.5 0.4 0.7
v -3.5 0.5 3.5
v -3.5 0.5 3.4
v -3.5 0.5 3.3
v -3.5 0.5 3.2
v -3.5 0.5 1.1
v -3.5 0.5 1
v -3.5 0.5 0.9
v -3.5 0.5 0.8
v -3.5 0.6 3.3
v -3.5 0.6 3.2
v -3.5 0.6 1.1
v -3.5 0.6 1
v -3.4 0.2 3.7
v -3.4 0.2 3.6
v -3.4 0.2 0.7
v -3.4 0.2 0.6
v -3.4 0.3 0.7
v -3.4 0.3 0.6
v -3.4 0.4 3.7
v -3.4 0.4 3.6
v -3.4 0.4 3.5
v -3.4 0.4 0.8
v -3.4 0.4 0.7
v -3.4 0.5 3.6
v -3.4 0.5 3.5
v -3.4 0.5 3.4
v -3.4 0.5 3.3
v -3.4 0.5 1
v -3.4 0.5 0.9
v -3.4 0.5 0.8
v -3.4 0.5 0.7
v -3.4 0.6 3.4
v -3.4 0.6 3.3
v -3.4 0.6 1
v -3.4 0.6 0.9
v -3.3 0.3 0.7
v -3.3 0.3 0.6
v -3.3 0.4 3.7
v -3.3 0.4 3.6
v -3.3 0.4 0.7
v -3.3 0.4 0.6
v -3.3 0.5 3.7
v -3.3 0.5 3.6
v -3.3 0.5 3.5
v -3.3 0.5 3.4
v -3.3 0.5 0.9
v -3.3 0.5 0.8
v -3.3 0.6 3.5
v -3.3 0.6 3.4
v -3.3 0.6 0.9
v -3.3 0.6 0.8
v -3.2 0.2 0.6
v -3.2 0.2 0.5
v -3.2 0.3 0.6
v -3.2 0.3 0.5
v -3.2 0.4 0.7
v -3.2 0.4 0.6
v -3.2 0.5 3.6
v -3.2 0.5 3.5
v -3.2 0.5 0.7
v -3.2 0.5 0.6
v -3.2 0.6 3.6
v -3.2 0.6 3.5
v -3.1 0.3 0.6
v -3.1 0.3 0.5
v -3.1 0.4 0.6
v -3.1 0.4 0.5
v -3.1 0.5 0.8
v -3.1 0.5 0.7
v -3.1 0.6 0.8
v -3.1 0.6 0.7
v -3 0.2 0.5
v -3 0.2 0.4
v -3 0.3 0.5
v -3 0.3 0.4
v -3 0.4 0.6
v -3 0.4 0.5
v -3 0.5 0.6
v -3 0.5 0.5
v -2.9 0.3 0.5
v -2.9 0.3 0.4
v -2.9 0.4 0.5
v -2.9 0.4 0.4
v -2.9 0.5 0.7
v -2.9 0.5 0.6
v -2.9 0.6 0.7
v -2.9 0.6 0.6
v -2.8 0.2 0.4
v -2.8 0.2 0.3
v -2.8 0.4 0.5
v -2.8 0.4 0.4
v -2.8 0.4 0.3
v -2.8 0.5 0.5
v -2.8 0.5 0.4
v -2.7 0.2 0.3
v -2.7 0.2 0.2
v -2.7 0.3 0.3
v -2.7 0.3 0.2
v -2.7 0.4 0.4
v -2.7 0.4 0.3
v -2.7 0.5 0.6
v -2.7 0.5 0.5
v -2.7 0.5 0.4
v -2.7 0.5 0.3
v -2.7 0.6 0.6
v -2.7 0.6 0.5
v -2.6 0.3 0.3
v -2.6 0.3 0.2
v -2.6 0.4 0.3
v -2.6 0.4 0.2
v -2.6 0.5 0.5
v -2.6 0.5 0.4
v -2.6 0.6 0.5
v -2.6 0.6 0.4
v -2.3 0.2 0.2
v -2.3 0.2 0.0999999
v -2.3 0.2 -0.3
v -2.3 0.2 -0.7
v -2.3 0.2 -0.8
v -2.3 0.2 -1.6
v -2.3 0.2 -2.8
v -2.3 0.3 0.2
v -2.3 0.3 0.0999999
v -2.3 0.3 -0.3
v -2.3 0.3 -0.4
v -2.3 0.3 -0.7
v -2.3 0.3 -0.8
v -2.3 0.3 -1.6
v -2.3 0.3 -1.7
v -2.3 0.3 -2.7
v -2.3 0.3 -2.8
v -2.3 0.4 0.3
v -2.3 0.4 0.2
v -2.3 0.4 -0.4
v -2.3 0.4 -0.7
v -2.3 0.4 -1.7
v -2.3 0.4 -2.7
v -2.3 0.5 0.3
v -2.3 0.5 0.2
v -2.2 0.2 -0.1
v -2.2 0.2 -0.2
v -2.2 0.2 -0.3
v -2.2 0.2 -0.8
v -2.2 0.2 -0.9
v -2.2 0.2 -1.4
v -2.2 0.2 -1.6
v -2.2 0.2 -2.8
v -2.2 0.2 -2.9
v -2.2 0.3 0.2
v -2.2 0.3 0.0999999
v -2.2 0.3 -0.1
v -2.2 0.3 -0.2
v -2.2 0.3 -0.3
v -2.2 0.3 -0.4
v -2.2 0.3 -0.7
v -2.2 0.3 -0.8
v -2.2 0.3 -0.9
v -2.2 0.3 -1.4
v -2.2 0.3 -1.5
v -2.2 0.3 -1.6
v -2.2 0.3 -1.7
v -2.2 0.3 -2.7
v -2.2 0.3 -2.8
v -2.2 0.4 0.2
v -2.2 0.4 0.0999999
v -2.2 0.4 -0.2
v -2.2 0.4 -0.3
v -2.2 0.4 -0.4
v -2.2 0.4 -0.7
v -2.2 0.4 -0.8
v -2.2 0.4 -0.9
v -2.2 0.4 -1.5
v -2.2 0.4 -1.6
v -2.2 0.4 -1.7
v -2.2 0.4 -2.7
v -2.2 0.4 -2.8
v -2.2 0.4 -2.9
v -2.2 0.5 0.4
v -2.2 0.5 0.3
v -2.2 0.5 -0.3
v -2.2 0.5 -0.8
v -2.2 0.5 -1.6
v -2.2 0.5 -2.8
v -2.2 0.6 0.4
v -2.2 0.6 0.3
v -2.1 0.2 0.0999999
v -2.1 0.2 -0.1
v -2.1 0.2 -0.9
v -2.1 0.2 -1
v -2.1 0.2 -1.3
v -2.1 0.2 -1.4
v -2.1 0.2 -2.9
v -2.1 0.2 -3.1
v -2.1 0.3 0.0999999
v -2.1 0.3 0
v -2.1 0.3 -0.1
v -2.1 0.3 -0.2
v -2.1 0.3 -0.9
v -2.1 0.3 -1.4
v -2.1 0.3 -1.5
v -2.1 0.3 -3
v -2.1 0.3 -3.1
v -2.1 0.4 0.2
v -2.1 0.4 0.0999999
v -2.1 0.4 0
v -2.1 0.4 -0.1
v -2.1 0.4 -0.2
v -2.1 0.4 -0.3
v -2.1 0.4 -0.8
v -2.1 0.4 -0.9
v -2.1 0.4 -1
v -2.1 0.4 -1.3
v -2.1 0.4 -1.4
v -2.1 0.4 -1.5
v -2.1 0.4 -1.6
v -2.1 0.4 -2.8
v -2.1 0.4 -2.9
v -2.1 0.4 -3
v -2.1 0.5 0.3
v -2.1 0.5 0.2
v -2.1 0.5 0.0999999
v -2.1 0.5 -0.1
v -2.1 0.5 -0.3
v -2.1 0.5 -0.4
v -2.1 0.5 -0.5
v -2.1 0.5 -0.7
v -2.1 0.5 -0.8
v -2.1 0.5 -0.9
v -2.1 0.5 -1.4
v -2.1 0.5 -1.6
v -2.1 0.5 -1.7
v -2.1 0.5 -2.7
v -2.1 0.5 -2.8
v -2.1 0.5 -2.9
v -2.1 0.6 0.7
v -2.1 0.6 0.6
v -2.1 0.6 0.4
v -2.1 0.6 0.3
v -2.1 0.6 0.2
v -2.1 0.6 -0.4
v -2.1 0.6 -0.5
v -2.1 0.6 -0.7
v -2.1 0.6 -1.7
v -2.1 0.6 -2.7
v -2.1 0.7 0.7
v -2.1 0.7 0.6
v -2.1 0.7 0.3
v -2 0.2 -1
v -2 0.2 -1.1
v -2 0.2 -1.2
v -2 0.2 -1.3
v -2 0.2 -3.1
v -2 0.2 -3.3
v -2 0.3 0.0999999
v -2 0.3 0
v -2 0.3 -1.2
v -2 0.3 -1.3
v -2 0.3 -3
v -2 0.3 -3.1
v -2 0.3 -3.2
v -2 0.3 -3.3
v -2 0.4 0
v -2 0.4 -0.1
v -2 0.4 -0.9
v -2 0.4 -1
v -2 0.4 -1.1
v -2 0.4 -1.2
v -2 0.4 -1.3
v -2 0.4 -1.4
v -2 0.4 -2.9
v -2 0.4 -3
v -2 0.4 -3.1
v -2 0.4 -3.2
v -2 0.5 0.0999999
v -2 0.5 -0.1
v -2 0.5 -0.2
v -2 0.5 -0.3
v -2 0.5 -0.4
v -2 0.5 -0.7
v -2 0.5 -0.8
v -2 0.5 -0.9
v -2 0.5 -1
v -2 0.5 -1.3
v -2 0.5 -1.4
v -2 0.5 -1.5
v -2 0.5 -1.7
v -2 0.5 -2.7
v -2 0.5 -2.8
v -2 0.5 -2.9
v -2 0.5 -3.1
v -2 0.6 0.8
v -2 0.6 0.7
v -2 0.6 0.3
v -2 0.6 0.2
v -2 0.6 -0.2
v -2 0.6 -0.3
v -2 0.6 -0.4
v -2 0.6 -0.7
v -2 0.6 -0.8
v -2 0.6 -1.5
v -2 0.6 -1.7
v -2 0.6 -2.7
v -2 0.6 -2.8
v -2 0.7 0.8
v -2 0.7 0.7
v -2 0.7 0.6
v -2 0.7 0.4
v -2 0.7 0.3
v -2 0.7 0.2
v -2 0.7 -1.7
v -2 0.7 -1.8
v -2 0.7 -2.6
v -2 0.7 -2.7
v -2 0.8 0.6
v -2 0.8 0.4
v -2 0.8 -1.8
v -2 0.8 -2.6
v -1.9 0.2 -1.1
v -1.9 0.2 -1.2
v -1.9 0.2 -3.3
v -1.9 0.2 -3.4
v -1.9 0.3 -1.2
v -1.9 0.3 -3.2
v -1.9 0.3 -3.3
v -1.9 0.4 -1
v -1.9 0.4 -1.1
v -1.9 0.4 -1.2
v -1.9 0.4 -1.3
v -1.9 0.4 -3.1
v -1.9 0.4 -3.2
v -1.9 0.4 -3.3
v -1.9 0.4 -3.4
v -1.9 0.5 0.2
v -1.9 0.5 0.0999999
v -1.9 0.5 0
v -1.9 0.5 -0.2
v -1.9 0.5 -0.8
v -1.9 0.5 -0.9
v -1.9 0.5 -1
v -1.9 0.5 -1.1
v -1.9 0.5 -1.2
v -1.9 0.5 -1.3
v -1.9 0.5 -1.4
v -1.9 0.5 -1.5
v -1.9 0.5 -2.8
v -1.9 0.5 -3
v -1.9 0.5 -3.1
v -1.9 0.5 -3.3
v -1.9 0.6 0.2
v -1.9 0.6 0.0999999
v -1.9 0.6 0
v -1.9 0.6 -0.2
v -1.9 0.6 -0.8
v -1.9 0.6 -0.9
v -1.9 0.6 -1.4
v -1.9 0.6 -1.5
v -1.9 0.6 -1.6
v -1.9 0.6 -1.7
v -1.9 0.6 -2.7
v -1.9 0.6 -2.8
v -1.9 0.7 0.7
v -1.9 0.7 0.6
v -1.9 0.7 0.4
v -1.9 0.7 0.3
v -1.9 0.7 -1.6
v -1.9 0.7 -1.7
v -1.9 0.7 -1.8
v -1.9 0.7 -2.6
v -1.9 0.7 -2.7
v -1.9 0.7 -2.9
v -1.9 0.7 -3
v -1.9 0.8 0.7
v -1.9 0.8 0.6
v -1.9 0.8 0.4
v -1.9 0.8 0.3
v -1.9 0.8 -1.7
v -1.9 0.8 -1.8
v -1.9 0.8 -2.6
v -1.9 0.8 -2.9
v -1.9 1.4 -1.8
v -1.9 1.4 -2
v -1.9 1.5 -2
v -1.9 1.5 -2.1
v -1.9 1.5 -2.4
v -1.9 1.5 -2.6
v -1.9 1.6 -1.8
v -1.9 1.6 -1.9
v -1.9 1.6 -2.1
v -1.9 1.6 -2.4
v -1.9 1.6 -2.5
v -1.9 1.6 -2.6
v -1.9 1.7 -1.9
v -1.9 1.7 -2.5
v -1.8 0.2 -3.4
v -1.8 0.2 -3.5
v -1.8 0.4 -1.1
v -1.8 0.4 -1.2
v -1.8 0.4 -3.3
v -1.8 0.4 -3.4
v -1.8 0.4 -3.5
v -1.8 0.5 0.0999999
v -1.8 0.5 0
v -1.8 0.5 -0.9
v -1.8 0.5 -1
v -1.8 0.5 -1.1
v -1.8 0.5 -1.2
v -1.8 0.5 -1.3
v -1.8 0.5 -1.4
v -1.8 0.5 -3
v -1.8 0.5 -3.2
v -1.8 0.5 -3.3
v -1.8 0.5 -3.4
v -1.8 0.6 0.0999999
v -1.8 0.6 0
v -1.8 0.6 -0.9
v -1.8 0.6 -1
v -1.8 0.6 -1.3
v -1.8 0.6 -1.4
v -1.8 0.6 -1.5
v -1.8 0.6 -1.6
v -1.8 0.7 -1.4
v -1.8 0.7 -1.5
v -1.8 0.7 -1.6
v -1.8 0.7 -1.7
v -1.8 0.7 -2.9
v -1.8 0.7 -3
v -1.8 0.7 -3.1
v -1.8 0.7 -3.2
v -1.8 0.8 -1.4
v -1.8 0.8 -1.5
v -1.8 0.8 -1.7
v -1.8 0.8 -1.8
v -1.8 0.8 -2.6
v -1.8 0.8 -2.9
v -1.8 0.8 -3.1
v -1.8 0.9 -1.4
v -1.8 0.9 -1.5
v -1.8 1.2 -1.5
v -1.8 1.2 -1.6
v -1.8 1.3 -1.5
v -1.8 1.3 -1.6
v -1.8 1.3 -1.7
v -1.8 1.4 -1.7
v -1.8 1.4 -1.8
v -1.8 1.4 -2.7
v -1.8 1.4 -2.9
v -1.8 1.5 -1.5
v -1.8 1.5 -1.7
v -1.8 1.5 -2.6
v -1.8 1.5 -2.7
v -1.8 1.5 -2.8
v -1.8 1.5 -2.9
v -1.8 1.6 -1.7
v -1.8 1.6 -1.8
v -1.8 1.6 -1.9
v -1.8 1.6 -2.5
v -1.8 1.6 -2.6
v -1.8 1.6 -2.7
v -1.8 1.6 -2.8
v -1.8 1.7 -1.8
v -1.8 1.7 -1.9
v -1.8 1.7 -2.5
v -1.8 1.7 -2.7
v -1.8 1.8 -1.9
v -1.8 1.8 -2.5
v -1.7 0.2 -3.5
v -1.7 0.2 -3.6
v -1.7 0.4 -3.4
v -1.7 0.4 -3.5
v -1.7 0.4 -3.6
v -1.7 0.5 -1
v -1.7 0.5 -1.1
v -1.7 0.5 -3.2
v -1.7 0.5 -3.4
v -1.7 0.5 -3.5
v -1.7 0.6 -1
v -1.7 0.6 -1.1
v -1.7 0.6 -1.4
v -1.7 0.6 -1.5
v -1.7 0.7 -1.3
v -1.7 0.7 -1.4
v -1.7 0.7 -1.5
v -1.7 0.7 -3.1
v -1.7 0.7 -3.2
v -1.7 0.7 -3.3
v -1.7 0.7 -3.4
v -1.7 0.8 -1.4
v -1.7 0.8 -2.9
v -1.7 0.8 -3.1
v -1.7 0.8 -3.3
v -1.7 0.9 -1.3
v -1.7 0.9 -1.4
v -1.7 0.9 -1.5
v -1.7 1 -1.4
v -1.7 1 -1.5
v -1.7 1.3 -3
v -1.7 1.3 -3.1
v -1.7 1.4 -2.9
v -1.7 1.4 -3
v -1.7 1.5 -1.6
v -1.7 1.5 -1.7
v -1.7 1.5 -2.8
v -1.7 1.5 -2.9
v -1.7 1.5 -3.1
v -1.7 1.6 -1.6
v -1.7 1.6 -1.7
v -1.7 1.6 -1.8
v -1.7 1.6 -2.7
v -1.7 1.6 -2.8
v -1.7 1.6 -2.9
v -1.7 1.7 -1.7
v -1.7 1.7 -1.8
v -1.7 1.7 -1.9
v -1.7 1.7 -2.5
v -1.7 1.7 -2.7
v -1.7 1.7 -2.8
v -1.7 1.8 -1.8
v -1.7 1.8 -1.9
v -1.7 1.8 -2.5
v -1.7 1.8 -2.7
v -1.6 0.2 -3.6
v -1.6 0.2 -3.8
v -1.6 0.3 -3.7
v -1.6 0.3 -3.8
v -1.6 0.4 -3.5
v -1.6 0.4 -3.6
v -1.6 0.4 -3.7
v -1.6 0.5 -1.1
v -1.6 0.5 -1.2
v -1.6 0.5 -1.3
v -1.6 0.5 -3.4
v -1.6 0.5 -3.5
v -1.6 0.5 -3.6
v -1.6 0.6 -1.1
v -1.6 0.6 -1.2
v -1.6 0.6 -1.3
v -1.6 0.6 -1.4
v -1.6 0.7 -1.3
v -1.6 0.7 -1.4
v -1.6 0.7 -3.3
v -1.6 0.7 -3.4
v -1.6 0.7 -3.5
v -1.6 0.8 -3.1
v -1.6 0.8 -3.3
v -1.6 0.8 -3.4
v -1.6 0.9 -1.3
v -1.6 0.9 -1.4
v -1.6 1 -1.3
v -1.6 1 -1.4
v -1.6 1 -1.5
v -1.6 1.1 -1.4
v -1.6 1.1 -1.5
v -1.6 1.3 -3.1
v -1.6 1.3 -3.3
v -1.6 1.5 -2.9
v -1.6 1.5 -3
v -1.6 1.5 -3.1
v -1.6 1.5 -3.3
v -1.6 1.6 -1.6
v -1.6 1.6 -1.7
v -1.6 1.6 -2.8
v -1.6 1.6 -2.9
v -1.6 1.6 -3
v -1.6 1.7 -1.6
v -1.6 1.7 -1.7
v -1.6 1.7 -1.8
v -1.6 1.7 -2.7
v -1.6 1.7 -2.8
v -1.6 1.7 -2.9
v -1.6 1.8 -1.7
v -1.6 1.8 -1.8
v -1.6 1.8 -2.7
v -1.6 1.8 -2.8
v -1.5 0.3 -3.7
v -1.5 0.3 -3.8
v -1.5 0.4 -3.6
v -1.5 0.4 -3.7
v -1.5 0.5 -3.5
v -1.5 0.5 -3.6
v -1.5 0.5 -3.8
v -1.5 0.7 -3.4
v -1.5 0.7 -3.5
v -1.5 0.7 -3.6
v -1.5 0.8 -1.2
v -1.5 0.8 -1.3
v -1.5 0.8 -3.3
v -1.5 0.8 -3.4
v -1.5 0.8 -3.5
v -1.5 0.9 -1.2
v -1.5 0.9 -1.3
v -1.5 0.9 -3.3
v -1.5 0.9 -3.4
v -1.5 1 -1.2
v -1.5 1 -1.3
v -1.5 1 -1.4
v -1.5 1.1 -1.3
v -1.5 1.1 -1.4
v -1.5 1.1 -1.5
v -1.5 1.2 -1.4
v -1.5 1.2 -1.5
v -1.5 1.3 -1.4
v -1.5 1.3 -1.5
v -1.5 1.5 -1.4
v -1.5 1.5 -1.5
v -1.5 1.6 -2.9
v -1.5 1.6 -3
v -1.5 1.7 -2.8
v -1.5 1.7 -2.9
v -1.5 1.7 -3
v -1.5 1.8 -2.8
v -1.5 1.8 -2.9
v -1.4 0.5 -3.6
v -1.4 0.5 -3.7
v -1.4 0.6 -3.6
v -1.4 0.6 -3.7
v -1.4 0.7 -1.2
v -1.4 0.7 -1.3
v -1.4 0.7 -3.5
v -1.4 0.7 -3.6
v -1.4 0.8 -1.2
v -1.4 0.8 -1.3
v -1.4 0.8 -3.4
v -1.4 0.8 -3.5
v -1.4 0.8 -3.6
v -1.4 0.9 -3.3
v -1.4 0.9 -3.4
v -1.4 0.9 -3.5
v -1.4 1 -1.2
v -1.4 1 -1.3
v -1.4 1 -3.3
v -1.4 1 -3.4
v -1.4 1.1 -1.2
v -1.4 1.1 -1.3
v -1.4 1.1 -1.4
v -1.4 1.2 -1.4
v -1.4 1.3 -1.3
v -1.4 1.3 -1.4
v -1.4 1.5 -1.3
v -1.4 1.5 -1.4
v -1.4 1.5 -3
v -1.4 1.5 -3.1
v -1.4 1.6 -3
v -1.4 1.6 -3.1
v -1.3 0.5 -3.7
v -1.3 0.5 -3.8
v -1.3 0.6 0.7
v -1.3 0.6 0.6
v -1.3 0.6 0
v -1.3 0.6 -1
v -1.3 0.6 -1.2
v -1.3 0.6 -1.3
v -1.3 0.6 -3.7
v -1.3 0.6 -3.8
v -1.3 0.7 0.7
v -1.3 0.7 0.6
v -1.3 0.7 0.0999999
v -1.3 0.7 0
v -1.3 0.7 -1
v -1.3 0.7 -1.1
v -1.3 0.7 -1.2
v -1.3 0.7 -1.3
v -1.3 0.8 0.6
v -1.3 0.8 0.0999999
v -1.3 0.8 -1.1
v -1.3 0.8 -1.2
v -1.3 0.9 -3.4
v -1.3 0.9 -3.5
v -1.3 1 -3.3
v -1.3 1 -3.4
v -1.3 1 -3.5
v -1.3 1.1 -3.3
v -1.3 1.1 -3.4
v -1.3 1.5 -1.5
v -1.3 1.5 -1.6
v -1.3 1.6 -1.5
v -1.3 1.6 -1.6
v -1.3 1.6 -3
v -1.3 1.6 -3.1
v -1.3 1.7 -2.9
v -1.3 1.7 -3
v -1.3 1.7 -3.1
v -1.3 1.8 -2.9
v -1.3 1.8 -3
v -1.2 0.6 0.9
v -1.2 0.6 0.7
v -1.2 0.6 0
v -1.2 0.6 -0.5
v -1.2 0.6 -0.7
v -1.2 0.6 -0.9
v -1.2 0.6 -1
v -1.2 0.7 0.9
v -1.2 0.7 0.8
v -1.2 0.7 0.7
v -1.2 0.7 0.6
v -1.2 0.7 0.0999999
v -1.2 0.7 0
v -1.2 0.7 -1
v -1.2 0.7 -1.1
v -1.2 0.8 0.8
v -1.2 0.8 0.6
v -1.2 0.8 0.5
v -1.2 0.8 0.2
v -1.2 0.8 0.0999999
v -1.2 0.8 0
v -1.2 0.8 -0.9
v -1.2 0.8 -1
v -1.2 0.8 -1.1
v -1.2 0.8 -1.2
v -1.2 0.9 0.6
v -1.2 0.9 0.5
v -1.2 0.9 0.2
v -1.2 0.9 0.0999999
v -1.2 1 -1.1
v -1.2 1 -1.2
v -1.2 1 -3.4
v -1.2 1 -3.5
v -1.2 1.1 -3.3
v -1.2 1.1 -3.4
v -1.2 1.1 -3.5
v -1.2 1.3 -3.3
v -1.2 1.3 -3.4
v -1.2 1.5 -3.1
v -1.2 1.5 -3.2
v -1.2 1.5 -3.3
v -1.2 1.5 -3.4
v -1.2 1.6 -1.5
v -1.2 1.6 -1.6
v -1.2 1.6 -3.1
v -1.2 1.6 -3.2
v -1.2 1.7 -1.5
v -1.2 1.7 -1.6
v -1.2 1.7 -1.7
v -1.2 1.8 -1.6
v -1.2 1.8 -1.7
v -1.1 0.4 3.7
v -1.1 0.4 3.6
v -1.1 0.5 3.7
v -1.1 0.5 3.6
v -1.1 0.6 1
v -1.1 0.6 0.9
v -1.1 0.6 -3.6
v -1.1 0.6 -3.8
v -1.1 0.7 1
v -1.1 0.7 0.9
v -1.1 0.7 0.8
v -1.1 0.7 -3.5
v -1.1 0.7 -3.6
v -1.1 0.7 -3.7
v -1.1 0.7 -3.8
v -1.1 0.8 0.9
v -1.1 0.8 0.8
v -1.1 0.8 0.7
v -1.1 0.8 0.6
v -1.1 0.8 0.0999999
v -1.1 0.8 0
v -1.1 0.8 -0.1
v -1.1 0.8 -0.2
v -1.1 0.8 -0.5
v -1.1 0.8 -0.9
v -1.1 0.8 -1
v -1.1 0.8 -1.1
v -1.1 0.8 -3.5
v -1.1 0.8 -3.7
v -1.1 0.9 0.8
v -1.1 0.9 0.7
v -1.1 0.9 0.6
v -1.1 0.9 0.0999999
v -1.1 0.9 -0.1
v -1.1 0.9 -0.2
v -1.1 0.9 -0.5
v -1.1 0.9 -0.9
v -1.1 0.9 -1.1
v -1.1 1 -1.1
v -1.1 1 -1.2
v -1.1 1.1 -1.1
v -1.1 1.1 -1.2
v -1.1 1.1 -1.3
v -1.1 1.3 -1.2
v -1.1 1.3 -1.3
v -1.1 1.4 -1.2
v -1.1 1.4 -1.3
v -1.1 1.5 -1.2
v -1.1 1.5 -1.3
v -1.1 1.6 -3.1
v -1.1 1.6 -3.2
v -1.1 1.7 -3
v -1.1 1.7 -3.1
v -1.1 1.7 -3.2
v -1.1 1.8 -1.7
v -1.1 1.8 -1.9
v -1.1 1.8 -3
v -1.1 1.8 -3.1
v -1.1 1.9 -1.7
v -1.1 1.9 -1.9
v -1 0.5 3.7
v -1 0.5 3.6
v -1 0.6 3.7
v -1 0.6 3.6
v -1 0.6 1.1
v -1 0.6 1
v -1 0.7 1.1
v -1 0.7 1
v -1 0.7 0.9
v -1 0.7 -3.7
v -1 0.7 -3.8
v -1 0.8 1
v -1 0.8 0.9
v -1 0.8 0.8
v -1 0.8 -3.5
v -1 0.8 -3.6
v -1 0.8 -3.7
v -1 0.9 0.9
v -1 0.9 0.8
v -1 0.9 -3.5
v -1 0.9 -3.6
v -1 0.9 -3.8
v -1 1 -1
v -1 1 -1.1
v -1 1.1 -1.1
v -1 1.1 -1.2
v -1 1.2 -1
v -1 1.2 -1.1
v -1 1.3 -1.2
v -1 1.4 -1.1
v -1 1.4 -1.2
v -1 1.5 -1.1
v -1 1.5 -1.2
v -1 1.5 -3.2
v -1 1.5 -3.3
v -1 1.6 -3.2
v -1 1.6 -3.3
v -1 1.7 -1.5
v -1 1.7 -1.6
v -1 1.8 -1.5
v -1 1.8 -1.6
v -1 1.8 -1.7
v -1 1.8 -1.9
v -1 1.8 -2
v -1 1.9 -1.6
v -1 1.9 -1.7
v -1 1.9 -1.9
v -1 1.9 -2
v -1 2 -1.7
v -1 2 -1.9
v -0.9 0.5 3.6
v -0.9 0.5 3.5
v -0.9 0.6 3.6
v -0.9 0.6 3.5
v -0.9 0.7 1.1
v -0.9 0.7 1
v -0.9 0.8 1.1
v -0.9 0.8 1
v -0.9 0.8 0.9
v -0.9 0.9 1
v -0.9 0.9 0.9
v -0.9 0.9 -1
v -0.9 0.9 -1.1
v -0.9 0.9 -3.7
v -0.9 0.9 -3.8
v -0.9 1 -0.9
v -0.9 1 -1
v -0.9 1 -1.1
v -0.9 1 -3.7
v -0.9 1 -3.8
v -0.9 1.2 -0.9
v -0.9 1.2 -1
v -0.9 1.2 -1.1
v -0.9 1.3 -1
v -0.9 1.3 -1.1
v -0.9 1.6 -3.2
v -0.9 1.6 -3.3
v -0.9 1.7 -3.1
v -0.9 1.7 -3.2
v -0.9 1.7 -3.3
v -0.9 1.8 -1.5
v -0.9 1.8 -1.6
v -0.9 1.8 -2
v -0.9 1.8 -2.1
v -0.9 1.8 -3.1
v -0.9 1.8 -3.2
v -0.9 1.9 -1.5
v -0.9 1.9 -1.6
v -0.9 1.9 -1.7
v -0.9 1.9 -1.9
v -0.9 1.9 -2
v -0.9 1.9 -2.1
v -0.9 2 -1.6
v -0.9 2 -1.7
v -0.9 2 -1.9
v -0.9 2 -2
v -0.8 0.9 -0.9
v -0.8 0.9 -1
v -0.8 0.9 -3.5
v -0.8 0.9 -3.7
v -0.8 1 -0.9
v -0.8 1 -1
v -0.8 1 -3.7
v -0.8 1.1 -3.5
v -0.8 1.1 -3.7
v -0.8 1.2 -0.9
v -0.8 1.2 -1
v -0.8 1.3 -0.9
v -0.8 1.3 -1
v -0.8 1.3 -1.1
v -0.8 1.4 -1
v -0.8 1.4 -1.1
v -0.8 1.5 -2.1
v -0.8 1.5 -2.2
v -0.8 1.5 -2.3
v -0.8 1.5 -2.4
v -0.8 1.5 -2.5
v -0.8 1.5 -3.3
v -0.8 1.5 -3.4
v -0.8 1.6 -2.1
v -0.8 1.6 -2.3
v -0.8 1.6 -2.4
v -0.8 1.6 -2.5
v -0.8 1.6 -3.3
v -0.8 1.6 -3.4
v -0.8 1.7 -2.1
v -0.8 1.7 -2.3
v -0.8 1.7 -2.4
v -0.8 1.7 -2.5
v -0.7 0.6 1.2
v -0.7 0.6 1.1
v -0.7 0.7 1.2
v -0.7 0.7 1.1
v -0.7 0.9 -0.1
v -0.7 0.9 -0.3
v -0.7 0.9 -0.5
v -0.7 0.9 -0.6
v -0.7 0.9 -0.9
v -0.7 1 -0.1
v -0.7 1 -0.2
v -0.7 1 -0.3
v -0.7 1 -3.7
v -0.7 1 -3.8
v -0.7 1.1 -0.2
v -0.7 1.1 -0.3
v -0.7 1.1 -0.9
v -0.7 1.1 -3.5
v -0.7 1.1 -3.7
v -0.7 1.1 -3.8
v -0.7 1.2 -3.5
v -0.7 1.2 -3.7
v -0.7 1.3 -0.9
v -0.7 1.3 -1
v -0.7 1.4 -0.9
v -0.7 1.4 -1
v -0.7 1.4 -1.1
v -0.7 1.4 -3.4
v -0.7 1.4 -3.5
v -0.7 1.5 -1
v -0.7 1.5 -1.1
v -0.7 1.6 -2.5
v -0.7 1.6 -2.6
v -0.7 1.6 -3.3
v -0.7 1.6 -3.4
v -0.7 1.6 -3.5
v -0.7 1.7 -2.1
v -0.7 1.7 -2.3
v -0.7 1.7 -2.4
v -0.7 1.7 -2.5
v -0.7 1.7 -2.6
v -0.7 1.7 -3.2
v -0.7 1.7 -3.3
v -0.7 1.7 -3.4
v -0.7 1.8 -2.1
v -0.7 1.8 -2.3
v -0.7 1.8 -2.5
v -0.7 1.8 -3.2
v -0.7 1.8 -3.3
v -0.6 0.7 1.2
v -0.6 0.7 1.1
v -0.6 0.8 1.2
v -0.6 0.8 1.1
v -0.6 0.8 1
v -0.6 0.9 1.1
v -0.6 0.9 1
v -0.6 0.9 0.0999999
v -0.6 0.9 0
v -0.6 0.9 -0.1
v -0.6 1 0.0999999
v -0.6 1 0
v -0.6 1 -0.1
v -0.6 1 -0.2
v -0.6 1.1 0
v -0.6 1.1 -0.1
v -0.6 1.1 -0.2
v -0.6 1.1 -0.3
v -0.6 1.1 -0.4
v -0.6 1.1 -0.8
v -0.6 1.1 -0.9
v -0.6 1.1 -3.4
v -0.6 1.1 -3.5
v -0.6 1.1 -3.7
v -0.6 1.1 -3.8
v -0.6 1.2 -0.2
v -0.6 1.2 -0.4
v -0.6 1.2 -0.8
v -0.6 1.2 -0.9
v -0.6 1.2 -3.4
v -0.6 1.2 -3.5
v -0.6 1.2 -3.6
v -0.6 1.2 -3.7
v -0.6 1.2 -3.8
v -0.6 1.3 -0.8
v -0.6 1.3 -0.9
v -0.6 1.3 -3.4
v -0.6 1.3 -3.5
v -0.6 1.3 -3.6
v -0.6 1.3 -3.7
v -0.6 1.4 -3.4
v -0.6 1.4 -3.5
v -0.6 1.5 -1.4
v -0.6 1.5 -1.5
v -0.6 1.6 -1.4
v -0.6 1.6 -1.5
v -0.6 1.6 -2.6
v -0.6 1.6 -2.7
v -0.6 1.6 -3.4
v -0.6 1.6 -3.5
v -0.6 1.7 -2.5
v -0.6 1.7 -2.6
v -0.6 1.7 -2.7
v -0.6 1.7 -3.3
v -0.6 1.7 -3.4
v -0.6 1.7 -3.5
v -0.6 1.8 -2.5
v -0.6 1.8 -2.6
v -0.6 1.8 -3.3
v -0.6 1.8 -3.4
v -0.5 0.9 0.2
v -0.5 0.9 0.0999999
v -0.5 1 0.2
v -0.5 1 0.0999999
v -0.5 1 0
v -0.5 1.1 0.0999999
v -0.5 1.1 0
v -0.5 1.1 -0.1
v -0.5 1.1 -0.2
v -0.5 1.2 0
v -0.5 1.2 -0.2
v -0.5 1.2 -3.4
v -0.5 1.2 -3.5
v -0.5 1.2 -3.7
v -0.5 1.2 -3.8
v -0.5 1.3 -0.8
v -0.5 1.3 -0.9
v -0.5 1.3 -3.4
v -0.5 1.3 -3.5
v -0.5 1.3 -3.7
v -0.5 1.3 -3.8
v -0.5 1.4 -0.8
v -0.5 1.4 -0.9
v -0.5 1.4 -1
v -0.5 1.5 -0.9
v -0.5 1.5 -1
v -0.5 1.5 -1.3
v -0.5 1.5 -1.4
v -0.5 1.6 -1.3
v -0.5 1.6 -1.4
v -0.5 1.6 -1.5
v -0.5 1.6 -2.7
v -0.5 1.6 -2.8
v -0.5 1.7 -1.4
v -0.5 1.7 -1.5
v -0.5 1.7 -1.6
v -0.5 1.7 -2.6
v -0.5 1.7 -2.7
v -0.5 1.7 -2.8
v -0.5 1.8 -1.5
v -0.5 1.8 -1.6
v -0.5 1.8 -2.1
v -0.5 1.8 -2.3
v -0.5 1.8 -2.5
v -0.5 1.8 -2.6
v -0.5 1.8 -2.7
v -0.5 1.9 -2.1
v -0.5 1.9 -2.2
v -0.5 1.9 -2.3
v -0.5 1.9 -2.4
v -0.5 1.9 -2.5
v -0.5 2 -2.2
v -0.5 2 -2.4
v -0.4 0.6 1.3
v -0.4 0.6 1.2
v -0.4 0.7 1.3
v -0.4 0.7 1.2
v -0.4 0.9 0.3
v -0.4 0.9 0.2
v -0.4 1 0.3
v -0.4 1 0.2
v -0.4 1 0.0999999
v -0.4 1.1 0.2
v -0.4 1.1 0.0999999
v -0.4 1.1 0
v -0.4 1.2 0.0999999
v -0.4 1.2 0
v -0.4 1.6 -1.3
v -0.4 1.6 -1.4
v -0.4 1.6 -2.8
v -0.4 1.6 -2.9
v -0.4 1.7 -1.3
v -0.4 1.7 -1.4
v -0.4 1.7 -1.5
v -0.4 1.7 -2.7
v -0.4 1.7 -2.8
v -0.4 1.7 -2.9
v -0.4 1.8 -1.4
v -0.4 1.8 -1.5
v -0.4 1.8 -1.9
v -0.4 1.8 -2.1
v -0.4 1.8 -2.5
v -0.4 1.8 -2.6
v -0.4 1.8 -2.7
v -0.4 1.8 -2.8
v -0.4 1.9 -1.9
v -0.4 1.9 -2
v -0.4 1.9 -2.1
v -0.4 1.9 -2.2
v -0.4 1.9 -2.4
v -0.4 1.9 -2.5
v -0.4 1.9 -2.6
v -0.4 2 -2
v -0.4 2 -2.1
v -0.4 2 -2.2
v -0.4 2 -2.4
v -0.4 2 -2.5
v -0.4 2.1 -2.2
v -0.4 2.1 -2.4
v -0.3 0.7 1.3
v -0.3 0.7 1.2
v -0.3 0.8 1.3
v -0.3 0.8 1.2
v -0.3 0.8 1.1
v -0.3 0.9 1.2
v -0.3 0.9 1.1
v -0.3 1 0.3
v -0.3 1 0.2
v -0.3 1.1 0.3
v -0.3 1.1 0.2
v -0.3 1.1 0.0999999
v -0.3 1.2 0.2
v -0.3 1.2 0.0999999
v -0.3 1.8 -1.8
v -0.3 1.8 -1.9
v -0.3 1.8 -2.6
v -0.3 1.8 -2.7
v -0.3 1.9 -1.8
v -0.3 1.9 -1.9
v -0.3 1.9 -2
v -0.3 1.9 -2.5
v -0.3 1.9 -2.6
v -0.3 1.9 -2.7
v -0.3 2 -1.9
v -0.3 2 -2
v -0.3 2 -2.1
v -0.3 2 -2.2
v -0.3 2 -2.4
v -0.3 2 -2.5
v -0.3 2 -2.6
v -0.3 2.1 -2
v -0.3 2.1 -2.2
v -0.3 2.1 -2.4
v -0.3 2.1 -2.5
v -0.2 0.9 0.4
v -0.2 0.9 0.3
v -0.2 1 0.4
v -0.2 1 0.3
v -0.2 1.6 -2.9
v -0.2 1.6 -3
v -0.2 1.7 -2.8
v -0.2 1.7 -2.9
v -0.2 1.7 -3
v -0.2 1.8 -2.8
v -0.2 1.8 -2.9
v -0.2 1.9 -1.8
v -0.2 1.9 -1.9
v -0.2 1.9 -2.6
v -0.2 1.9 -2.7
v -0.2 2 -1.8
v -0.2 2 -1.9
v -0.2 2 -2
v -0.2 2 -2.5
v -0.2 2 -2.6
v -0.2 2 -2.7
v -0.2 2.1 -1.9
v -0.2 2.1 -2
v -0.2 2.1 -2.5
v -0.2 2.1 -2.6
v -0.0999999 0.9 0.5
v -0.0999999 0.9 0.4
v -0.0999999 1 0.5
v -0.0999999 1 0.4
v -0.0999999 1 0.3
v -0.0999999 1.1 0.4
v -0.0999999 1.1 0.3
v -0.0999999 1.1 0.2
v -0.0999999 1.2 0.3
v -0.0999999 1.2 0.2
v -0.0999999 1.2 -3.3
v -0.0999999 1.2 -3.4
v -0.0999999 1.3 -3.3
v -0.0999999 1.3 -3.4
v -0.0999999 1.3 -3.5
v -0.0999999 1.4 -3.4
v -0.0999999 1.4 -3.5
v -0.0999999 1.6 -3.4
v -0.0999999 1.6 -3.5
v -0.0999999 1.7 -3
v -0.0999999 1.7 -3.1
v -0.0999999 1.7 -3.3
v -0.0999999 1.7 -3.4
v -0.0999999 1.7 -3.5
v -0.0999999 1.8 -3
v -0.0999999 1.8 -3.1
v -0.0999999 1.8 -3.3
v -0.0999999 1.8 -3.4
v 0 0.6 1.4
v 0 0.6 1.3
v 0 0.7 1.4
v 0 0.7 1.3
v 0 1 0.5
v 0 1 0.4
v 0 1.1 0.5
v 0 1.1 0.4
v 0 1.1 0.3
v 0 1.2 0.4
v 0 1.2 0.3
v 0 1.8 -2.7
v 0 1.8 -2.8
v 0 1.9 -2.7
v 0 1.9 -2.8
v 0.1 0.7 1.4
v 0.1 0.7 1.3
v 0.1 0.8 1.4
v 0.1 0.8 1.3
v 0.1 0.8 1.2
v 0.1 0.9 1.3
v 0.1 0.9 1.2
v 0.1 0.9 0.6
v 0.1 0.9 0.5
v 0.1 1 0.6
v 0.1 1 0.5
v 0.1 1.7 -2.9
v 0.1 1.7 -3
v 0.1 1.8 -2.9
v 0.1 1.8 -3
v 0.1 1.9 -2.7
v 0.1 1.9 -2.8
v 0.1 2 -2.6
v 0.1 2 -2.7
v 0.1 2 -2.8
v 0.1 2.1 -2.6
v 0.1 2.1 -2.7
v 0.2 1 0.6
v 0.2 1 0.5
v 0.2 1.1 0.6
v 0.2 1.1 0.5
v 0.2 1.1 0.4
v 0.2 1.2 0.5
v 0.2 1.2 0.4
v 0.3 1.2 -3.3
v 0.3 1.2 -3.4
v 0.3 1.3 -3.3
v 0.3 1.3 -3.4
v 0.3 1.3 -3.5
v 0.3 1.4 -3.4
v 0.3 1.4 -3.5
v 0.3 1.6 -3.4
v 0.3 1.6 -3.5
v 0.3 1.7 -3
v 0.3 1.7 -3.1
v 0.3 1.7 -3.3
v 0.3 1.7 -3.4
v 0.3 1.7 -3.5
v 0.3 1.8 -3
v 0.3 1.8 -3.1
v 0.3 1.8 -3.3
v 0.3 1.8 -3.4
v 0.5 0.9 0.7
v 0.5 0.9 0.6
v 0.5 1 0.7
v 0.5 1 0.6
v 0.6 0.5 3.5
v 0.6 0.5 3.4
v 0.6 0.6 3.5
v 0.6 0.6 3.4
v 0.6 1 0.7
v 0.6 1 0.6
v 0.6 1.1 0.7
v 0.6 1.1 0.6
v 0.6 1.1 0.5
v 0.6 1.2 0.6
v 0.6 1.2 0.5
v 0.7 0.5 3.4
v 0.7 0.5 3.3
v 0.7 0.6 3.4
v 0.7 0.6 3.3
v 0.9 1.7 -2.9
v 0.9 1.7 -3
v 0.9 1.8 -2.9
v 0.9 1.8 -3
v 1.1 1.6 -2.7
v 1.1 1.6 -2.8
v 1.1 1.7 -2.7
v 1.1 1.7 -2.8
v 1.1 1.7 -2.9
v 1.1 1.8 -2.8
v 1.1 1.8 -2.9
v 1.3 1.5 -1.4
v 1.3 1.5 -1.5
v 1.3 1.5 -1.8
v 1.3 1.5 -2.5
v 1.3 1.5 -2.6
v 1.3 1.6 -1.4
v 1.3 1.6 -1.5
v 1.3 1.6 -1.6
v 1.3 1.6 -1.8
v 1.3 1.6 -1.9
v 1.3 1.6 -2.4
v 1.3 1.6 -2.5
v 1.3 1.6 -2.6
v 1.3 1.6 -2.7
v 1.3 1.7 -1.5
v 1.3 1.7 -1.6
v 1.3 1.7 -1.8
v 1.3 1.7 -1.9
v 1.3 1.7 -2.1
v 1.3 1.7 -2.2
v 1.3 1.7 -2.3
v 1.3 1.7 -2.4
v 1.3 1.7 -2.7
v 1.3 1.7 -2.8
v 1.3 1.8 -1.9
v 1.3 1.8 -2.1
v 1.3 1.8 -2.2
v 1.3 1.8 -2.3
v 1.3 1.8 -2.4
v 1.3 1.8 -2.7
v 1.3 1.8 -2.8
v 1.4 0.6 1.5
v 1.4 0.6 1.4
v 1.4 0.7 1.5
v 1.4 0.7 1.4
v 1.4 1.5 -1.3
v 1.4 1.5 -1.4
v 1.4 1.6 -1.3
v 1.4 1.6 -1.4
v 1.4 1.6 -1.5
v 1.4 1.7 -1.4
v 1.4 1.7 -1.5
v 1.4 1.7 -1.6
v 1.4 1.7 -1.8
v 1.4 1.7 -1.9
v 1.4 1.7 -2.4
v 1.4 1.7 -2.6
v 1.4 1.7 -2.7
v 1.4 1.8 -1.5
v 1.4 1.8 -1.9
v 1.4 1.8 -2.4
v 1.4 1.8 -2.6
v 1.4 1.8 -2.7
v 1.5 0.7 1.5
v 1.5 0.7 1.4
v 1.5 0.8 1.5
v 1.5 0.8 1.4
v 1.5 0.8 1.3
v 1.5 0.9 1.4
v 1.5 0.9 1.3
v 1.5 1.6 -1.3
v 1.5 1.6 -1.4
v 1.5 1.7 -1.3
v 1.5 1.7 -1.4
v 1.5 1.7 -1.5
v 1.5 1.8 -1.4
v 1.5 1.8 -1.5
v 1.6 0.8 -1.8
v 1.6 0.8 -1.9
v 1.6 1 -1.8
v 1.6 1 -1.9
v 2.2 0.6 1.2
v 2.2 0.6 1.1
v 2.2 0.7 1.2
v 2.2 0.7 1.1
v 2.3 0.6 1.3
v 2.3 0.6 1.2
v 2.3 0.6 1
v 2.3 0.6 0.9
v 2.3 0.7 1.3
v 2.3 0.7 1.2
v 2.3 0.7 1
v 2.3 0.7 0.9
v 2.6 0.5 2.5
v 2.6 0.5 2.4
v 2.6 0.6 2.5
v 2.6 0.6 2.4
v 2.7 0.5 3.5
v 2.7 0.5 3.4
v 2.7 0.6 3.5
v 2.7 0.6 3.4
v 2.9 0.5 2.2
v 2.9 0.5 2.1
v 2.9 0.6 2.2
v 2.9 0.6 2.1
v 3 0.5 2.3
v 3 0.5 2.2
v 3 0.6 2.3
v 3 0.6 2.2
v 3.1 0.5 2.4
v 3.1 0.5 2.3
v 3.1 0.6 2.4
v 3.1 0.6 2.3
v 3.2 0.4 3.3
v 3.2 0.4 3.1
v 3.2 0.5 3.3
v 3.2 0.5 3.1
v 3.3 0.4 3.1
v 3.3 0.4 3
v 3.3 0.5 3.4
v 3.3 0.5 3.2
v 3.3 0.5 3.1
v 3.3 0.5 3
v 3.3 0.6 3.4
v 3.3 0.6 3.2
v 3.4 0.5 3.2
v 3.4 0.5 2.8
v 3.4 0.6 3.2
v 3.4 0.6 2.8
v -1.7 0.7 0.7
v -1.7 0.7 0.6
v -1.7 0.7 0.4
v -1.7 0.7 0.3
v -1.7 0.8 0.7
v -1.7 0.8 0.6
v -1.7 0.8 0.4
v -1.7 0.8 0.3
v -1.6 0.6 0.8
v -1.6 0.6 0.7
v -1.6 0.6 0.3
v -1.6 0.6 0.2
v -1.6 0.7 0.8
v -1.6 0.7 0.7
v -1.6 0.7 0.6
v -1.6 0.7 0.4
v -1.6 0.7 0.3
v -1.6 0.7 0.2
v -1.6 0.8 0.6
v -1.6 0.8 0.4
v -1.5 0.6 0.7
v -1.5 0.6 0.3
v -1.5 0.7 0.7
v -1.5 0.7 0.3
v -1.4 1.7 -2.1
v -1.4 1.7 -2.2
v -1.4 1.7 -2.3
v -1.4 1.8 -2.1
v -1.4 1.8 -2.3
v -1.3 0.5 3.6
v -1.3 0.5 3.5
v -1.3 0.6 3.6
v -1.3 0.6 3.5
v -1.3 1.6 -2.2
v -1.3 1.6 -2.3
v -1.3 1.7 -2.2
v -1.3 1.7 -2.3
v -1.3 1.7 -2.4
v -1.3 1.7 -2.5
v -1.3 1.8 -2.3
v -1.3 1.8 -2.5
v -1.2 0.4 3.7
v -1.2 0.4 3.6
v -1.2 0.5 3.7
v -1.2 0.5 3.6
v -1.2 0.7 -3.5
v -1.2 0.7 -3.6
v -1.2 0.8 -3.5
v -1.2 0.8 -3.6
v -1.2 1.5 -2.2
v -1.2 1.5 -2.3
v -1.2 1.5 -2.4
v -1.2 1.6 -2.2
v -1.2 1.6 -2.3
v -1.2 1.6 -2.4
v -1.2 1.7 -2.3
v -1.2 1.7 -2.4
v -1.1 1.6 -2.4
v -1.1 1.6 -2.5
v -1.1 1.7 -2.4
v -1.1 1.7 -2.5
v -1.1 1.7 -2.6
v -1.1 1.8 -2.5
v -1.1 1.8 -2.6
v -1 1.5 -2.4
v -1 1.5 -2.5
v -1 1.6 -2.1
v -1 1.6 -2.2
v -1 1.6 -2.4
v -1 1.6 -2.5
v -1 1.7 -2.1
v -1 1.7 -2.2
v -0.9 1.5 -2.1
v -0.9 1.5 -2.2
v -0.9 1.6 -2.1
v -0.9 1.6 -2.2
v -0.9 1.6 -2.5
v -0.9 1.6 -2.6
v -0.9 1.7 -2.5
v -0.9 1.7 -2.6
v -0.9 1.7 -2.7
v -0.9 1.8 -2.6
v -0.9 1.8 -2.7
v -0.7 1.6 -2.6
v -0.7 1.6 -2.7
v -0.7 1.7 -2.6
v -0.7 1.7 -2.7
v -0.7 1.7 -2.8
v -0.7 1.8 -1.5
v -0.7 1.8 -1.6
v -0.7 1.8 -2
v -0.7 1.8 -2.1
v -0.7 1.8 -2.7
v -0.7 1.8 -2.8
v -0.7 1.9 -1.5
v -0.7 1.9 -1.6
v -0.7 1.9 -1.7
v -0.7 1.9 -1.9
v -0.7 1.9 -2
v -0.7 1.9 -2.1
v -0.7 2 -1.6
v -0.7 2 -1.7
v -0.7 2 -1.9
v -0.7 2 -2
v -0.6 1.6 -2.7
v -0.6 1.6 -2.8
v -0.6 1.7 -1.5
v -0.6 1.7 -1.6
v -0.6 1.7 -2.7
v -0.6 1.7 -2.8
v -0.6 1.7 -2.9
v -0.6 1.7 -3
v -0.6 1.8 -1.5
v -0.6 1.8 -1.6
v -0.6 1.8 -1.7
v -0.6 1.8 -1.9
v -0.6 1.8 -2
v -0.6 1.8 -2.8
v -0.6 1.8 -2.9
v -0.6 1.8 -3
v -0.6 1.9 -1.6
v -0.6 1.9 -1.7
v -0.6 1.9 -1.9
v -0.6 1.9 -2
v -0.6 2 -1.7
v -0.6 2 -1.9
v -0.5 1.6 -2.8
v -0.5 1.6 -2.9
v -0.5 1.7 -2.8
v -0.5 1.7 -2.9
v -0.5 1.8 -1.7
v -0.5 1.8 -1.9
v -0.5 1.9 -1.7
v -0.5 1.9 -1.9
v -0.3 1.2 -3.3
v -0.3 1.2 -3.4
v -0.3 1.3 -3.3
v -0.3 1.3 -3.4
v -0.3 1.3 -3.5
v -0.3 1.4 -3.4
v -0.3 1.4 -3.5
v -0.3 1.6 -2.9
v -0.3 1.6 -3
v -0.3 1.6 -3.4
v -0.3 1.6 -3.5
v -0.3 1.7 -2.9
v -0.3 1.7 -3
v -0.3 1.7 -3.1
v -0.3 1.7 -3.3
v -0.3 1.7 -3.4
v -0.3 1.7 -3.5
v -0.3 1.8 -3
v -0.3 1.8 -3.1
v -0.3 1.8 -3.3
v -0.3 1.8 -3.4
v 0.1 0.5 3.5
v 0.1 0.5 3.4
v 0.1 0.6 3.5
v 0.1 0.6 3.4
v 0.1 1.2 -3.3
v 0.1 1.2 -3.4
v 0.1 1.3 -3.3
v 0.1 1.3 -3.4
v 0.1 1.3 -3.5
v 0.1 1.4 -3.4
v 0.1 1.4 -3.5
v 0.1 1.6 -3.4
v 0.1 1.6 -3.5
v 0.1 1.7 -3
v 0.1 1.7 -3.1
v 0.1 1.7 -3.3
v 0.1 1.7 -3.4
v 0.1 1.7 -3.5
v 0.1 1.8 -3
v 0.1 1.8 -3.1
v 0.1 1.8 -3.3
v 0.1 1.8 -3.4
v 0.3 0.5 3.4
v 0.3 0.5 3.3
v 0.3 0.6 3.4
v 0.3 0.6 3.3
v 0.3 1.1 -3.3
v 0.3 1.1 -3.4
v 0.3 1.2 -3.3
v 0.3 1.2 -3.4
v 0.3 1.2 -3.5
v 0.3 1.2 -3.7
v 0.3 1.2 -3.8
v 0.3 1.3 -3.4
v 0.3 1.3 -3.5
v 0.3 1.3 -3.7
v 0.3 1.3 -3.8
v 0.4 1.2 -3.5
v 0.4 1.2 -3.6
v 0.4 1.2 -3.7
v 0.4 1.3 -3.5
v 0.4 1.3 -3.6
v 0.4 1.3 -3.7
v 0.5 1.1 -3.4
v 0.5 1.1 -3.5
v 0.5 1.1 -3.7
v 0.5 1.1 -3.8
v 0.5 1.2 -3.4
v 0.5 1.2 -3.5
v 0.5 1.2 -3.7
v 0.5 1.2 -3.8
v 0.5 1.6 -1.3
v 0.5 1.6 -1.4
v 0.5 1.7 -1.3
v 0.5 1.7 -1.4
v 0.5 1.7 -1.5
v 0.5 1.8 -1.4
v 0.5 1.8 -1.5
v 0.6 1 -3.4
v 0.6 1 -3.5
v 0.6 1 -3.7
v 0.6 1 -3.8
v 0.6 1.1 -3.4
v 0.6 1.1 -3.5
v 0.6 1.1 -3.6
v 0.6 1.1 -3.7
v 0.6 1.1 -3.8
v 0.6 1.2 -3.5
v 0.6 1.2 -3.6
v 0.6 1.2 -3.7
v 0.6 1.5 -1.3
v 0.6 1.5 -1.4
v 0.6 1.6 -1.3
v 0.6 1.6 -1.4
v 0.6 1.7 -2.9
v 0.6 1.7 -3
v 0.6 1.8 -2.9
v 0.6 1.8 -3
v 0.7 0.9 -3.4
v 0.7 0.9 -3.5
v 0.7 0.9 -3.6
v 0.7 1 -3.4
v 0.7 1 -3.5
v 0.7 1 -3.6
v 0.7 1 -3.7
v 0.7 1.1 -3.5
v 0.7 1.1 -3.7
v 0.7 1.7 -2.8
v 0.7 1.7 -2.9
v 0.7 1.8 -2.8
v 0.7 1.8 -2.9
v 0.7 1.9 -1.8
v 0.7 1.9 -1.9
v 0.7 2 -1.8
v 0.7 2 -1.9
v 0.7 2 -2
v 0.7 2.1 -1.9
v 0.7 2.1 -2
v 0.8 1.6 -1.4
v 0.8 1.6 -1.5
v 0.8 1.7 -1.4
v 0.8 1.7 -1.5
v 0.8 1.7 -1.6
v 0.8 1.8 -1.5
v 0.8 1.8 -1.6
v 0.8 1.8 -1.8
v 0.8 1.8 -1.9
v 0.8 1.9 -1.8
v 0.8 1.9 -1.9
v 0.8 1.9 -2
v 0.8 1.9 -2.7
v 0.8 1.9 -2.8
v 0.8 2 -1.9
v 0.8 2 -2
v 0.8 2 -2.1
v 0.8 2 -2.6
v 0.8 2 -2.7
v 0.8 2 -2.8
v 0.8 2.1 -2
v 0.8 2.1 -2.1
v 0.8 2.1 -2.6
v 0.8 2.1 -2.7
v 0.9 1.5 -1.4
v 0.9 1.5 -1.5
v 0.9 1.6 -1.4
v 0.9 1.6 -1.5
v 0.9 1.6 -1.6
v 0.9 1.7 -1.5
v 0.9 1.7 -1.6
v 0.9 1.7 -1.7
v 0.9 1.7 -2.7
v 0.9 1.7 -2.8
v 0.9 1.8 -1.6
v 0.9 1.8 -1.7
v 0.9 1.8 -1.9
v 0.9 1.8 -2
v 0.9 1.8 -2.7
v 0.9 1.8 -2.8
v 0.9 1.9 -1.9
v 0.9 1.9 -2
v 0.9 1.9 -2.1
v 0.9 1.9 -2.6
v 0.9 1.9 -2.7
v 0.9 1.9 -2.8
v 0.9 2 -2
v 0.9 2 -2.1
v 0.9 2 -2.3
v 0.9 2 -2.6
v 0.9 2 -2.7
v 0.9 2.1 -2.1
v 0.9 2.1 -2.3
v 0.9 2.1 -2.6
v 1 0.9 -3.6
v 1 0.9 -3.7
v 1 1 -3.6
v 1 1 -3.7
v 1 1.5 -1.5
v 1 1.5 -1.6
v 1 1.6 -1.5
v 1 1.6 -1.6
v 1 1.6 -1.7
v 1 1.6 -2.7
v 1 1.6 -2.8
v 1 1.7 -1.6
v 1 1.7 -1.7
v 1 1.7 -1.8
v 1 1.7 -2.6
v 1 1.7 -2.7
v 1 1.7 -2.8
v 1 1.8 -1.7
v 1 1.8 -1.8
v 1 1.8 -2
v 1 1.8 -2.2
v 1 1.8 -2.5
v 1 1.8 -2.6
v 1 1.8 -2.7
v 1 1.9 -2
v 1 1.9 -2.1
v 1 1.9 -2.3
v 1 1.9 -2.5
v 1 1.9 -2.6
v 1 1.9 -2.7
v 1 2 -2.1
v 1 2 -2.3
v 1 2 -2.6
v 1.1 0.9 -3.7
v 1.1 0.9 -3.8
v 1.1 1 -3.3
v 1.1 1 -3.4
v 1.1 1 -3.7
v 1.1 1 -3.8
v 1.1 1.1 -0.6
v 1.1 1.1 -0.7
v 1.1 1.1 -0.8
v 1.1 1.1 -3.3
v 1.1 1.1 -3.4
v 1.1 1.2 -0.6
v 1.1 1.2 -0.7
v 1.1 1.2 -0.8
v 1.1 1.2 -3.3
v 1.1 1.2 -3.4
v 1.1 1.3 -0.8
v 1.1 1.3 -0.9
v 1.1 1.3 -3.3
v 1.1 1.3 -3.4
v 1.1 1.3 -3.5
v 1.1 1.4 -0.8
v 1.1 1.4 -0.9
v 1.1 1.4 -1
v 1.1 1.4 -3.4
v 1.1 1.4 -3.5
v 1.1 1.5 -0.9
v 1.1 1.5 -1
v 1.1 1.5 -1.6
v 1.1 1.5 -1.7
v 1.1 1.6 -1.6
v 1.1 1.6 -1.7
v 1.1 1.6 -1.8
v 1.1 1.6 -2.6
v 1.1 1.6 -2.7
v 1.1 1.6 -3.4
v 1.1 1.6 -3.5
v 1.1 1.7 -1.7
v 1.1 1.7 -1.8
v 1.1 1.7 -2
v 1.1 1.7 -2.2
v 1.1 1.7 -2.3
v 1.1 1.7 -2.6
v 1.1 1.7 -2.7
v 1.1 1.7 -3.3
v 1.1 1.7 -3.4
v 1.1 1.7 -3.5
v 1.1 1.8 -1.8
v 1.1 1.8 -2
v 1.1 1.8 -2.2
v 1.1 1.8 -2.6
v 1.1 1.8 -3.3
v 1.1 1.8 -3.4
v 1.2 0.9 -0.7
v 1.2 0.9 -0.8
v 1.2 0.9 -0.9
v 1.2 0.9 -3.3
v 1.2 0.9 -3.4
v 1.2 1 -0.6
v 1.2 1 -0.7
v 1.2 1 -0.9
v 1.2 1 -3.3
v 1.2 1 -3.4
v 1.2 1.1 -0.4
v 1.2 1.1 -0.5
v 1.2 1.1 -0.6
v 1.2 1.1 -0.7
v 1.2 1.1 -0.8
v 1.2 1.2 -0.4
v 1.2 1.2 -0.6
v 1.2 1.2 -0.8
v 1.2 1.2 -0.9
v 1.2 1.3 -0.8
v 1.2 1.3 -0.9
v 1.2 1.3 -1
v 1.2 1.4 -0.9
v 1.2 1.4 -1
v 1.2 1.4 -3.4
v 1.2 1.4 -3.5
v 1.2 1.5 -1.7
v 1.2 1.5 -1.8
v 1.2 1.5 -2.5
v 1.2 1.5 -2.6
v 1.2 1.6 -1.7
v 1.2 1.6 -1.8
v 1.2 1.6 -1.9
v 1.2 1.6 -2.4
v 1.2 1.6 -2.5
v 1.2 1.6 -2.6
v 1.2 1.6 -3.4
v 1.2 1.6 -3.5
v 1.2 1.7 -1.8
v 1.2 1.7 -1.9
v 1.2 1.7 -2.4
v 1.2 1.7 -2.6
v 1.3 0.8 -3.7
v 1.3 0.8 -3.8
v 1.3 0.9 -0.5
v 1.3 0.9 -0.6
v 1.3 0.9 -0.7
v 1.3 0.9 -3.7
v 1.3 0.9 -3.8
v 1.3 1 -0.4
v 1.3 1 -0.5
v 1.3 1 -0.6
v 1.3 1 -0.7
v 1.3 1.1 -0.3
v 1.3 1.1 -0.4
v 1.3 1.1 -0.5
v 1.3 1.1 -0.6
v 1.3 1.1 -0.9
v 1.3 1.1 -1
v 1.3 1.2 -0.3
v 1.3 1.2 -0.4
v 1.3 1.2 -0.9
v 1.3 1.2 -1
v 1.3 1.3 -0.9
v 1.3 1.3 -1
v 1.3 1.3 -3.3
v 1.3 1.3 -3.4
v 1.3 1.4 -3.3
v 1.3 1.4 -3.4
v 1.3 1.6 -3.3
v 1.3 1.6 -3.4
v 1.3 1.7 -3.2
v 1.3 1.7 -3.3
v 1.3 1.7 -3.4
v 1.3 1.8 -3.2
v 1.3 1.8 -3.3
v 1.4 0.7 -3.7
v 1.4 0.7 -3.8
v 1.4 0.8 -3.5
v 1.4 0.8 -3.7
v 1.4 0.8 -3.8
v 1.4 0.9 -0.4
v 1.4 0.9 -0.5
v 1.4 0.9 -3.5
v 1.4 0.9 -3.7
v 1.4 1 -0.3
v 1.4 1 -0.4
v 1.4 1 -0.5
v 1.4 1 -0.9
v 1.4 1 -1
v 1.4 1.1 -0.2
v 1.4 1.1 -0.3
v 1.4 1.1 -0.4
v 1.4 1.1 -0.9
v 1.4 1.1 -1
v 1.4 1.1 -1.1
v 1.4 1.2 -0.2
v 1.4 1.2 -0.3
v 1.4 1.2 -1
v 1.4 1.2 -1.1
v 1.4 1.3 -1.1
v 1.4 1.4 -3.3
v 1.4 1.4 -3.4
v 1.4 1.5 -1
v 1.4 1.5 -1.1
v 1.4 1.6 -3.3
v 1.4 1.6 -3.4
v 1.5 0.6 -3.6
v 1.5 0.6 -3.8
v 1.5 0.7 -3.5
v 1.5 0.7 -3.6
v 1.5 0.7 -3.7
v 1.5 0.7 -3.8
v 1.5 0.8 -1.8
v 1.5 0.8 -1.9
v 1.5 0.8 -3.3
v 1.5 0.8 -3.5
v 1.5 0.8 -3.7
v 1.5 0.9 -0.3
v 1.5 0.9 -0.4
v 1.5 0.9 -0.9
v 1.5 0.9 -1
v 1.5 0.9 -3.3
v 1.5 0.9 -3.5
v 1.5 1 -0.2
v 1.5 1 -0.3
v 1.5 1 -0.4
v 1.5 1 -0.9
v 1.5 1 -1
v 1.5 1 -1.1
v 1.5 1 -1.8
v 1.5 1 -1.9
v 1.5 1.1 -0.1
v 1.5 1.1 -0.2
v 1.5 1.1 -0.3
v 1.5 1.1 -1
v 1.5 1.1 -1.1
v 1.5 1.2 -0.1
v 1.5 1.2 -0.2
v 1.5 1.6 -3.2
v 1.5 1.6 -3.3
v 1.5 1.7 -3.1
v 1.5 1.7 -3.2
v 1.5 1.7 -3.3
v 1.5 1.8 -3.1
v 1.5 1.8 -3.2
v 1.6 0.6 -3.4
v 1.6 0.6 -3.6
v 1.6 0.7 -1
v 1.6 0.7 -1.1
v 1.6 0.7 -3.5
v 1.6 0.7 -3.6
v 1.6 0.8 -0.9
v 1.6 0.8 -1
v 1.6 0.8 -1.1
v 1.6 0.8 -3.4
v 1.6 0.8 -3.5
v 1.6 0.9 -0.2
v 1.6 0.9 -0.3
v 1.6 0.9 -0.9
v 1.6 0.9 -1
v 1.6 0.9 -1.1
v 1.6 0.9 -1.2
v 1.6 1 0.7
v 1.6 1 0.6
v 1.6 1 -0.1
v 1.6 1 -0.2
v 1.6 1 -0.3
v 1.6 1 -1
v 1.6 1 -1.1
v 1.6 1 -1.2
v 1.6 1 -1.3
v 1.6 1.1 0.7
v 1.6 1.1 0.6
v 1.6 1.1 0.5
v 1.6 1.1 0.3
v 1.6 1.1 0.2
v 1.6 1.1 0
v 1.6 1.1 -0.1
v 1.6 1.1 -0.2
v 1.6 1.1 -1.2
v 1.6 1.1 -1.3
v 1.6 1.2 0.6
v 1.6 1.2 0.5
v 1.6 1.2 0.3
v 1.6 1.2 0.2
v 1.6 1.2 0
v 1.6 1.2 -0.1
v 1.6 1.2 -1.2
v 1.6 1.2 -1.3
v 1.6 1.3 -1.2
v 1.6 1.3 -1.3
v 1.6 1.4 -1.1
v 1.6 1.4 -1.2
v 1.6 1.5 -1.1
v 1.6 1.5 -1.3
v 1.6 1.5 -3.2
v 1.6 1.5 -3.3
v 1.6 1.6 -3.1
v 1.6 1.6 -3.2
v 1.6 1.6 -3.3
v 1.6 1.7 -3
v 1.6 1.7 -3.1
v 1.6 1.7 -3.2
v 1.6 1.8 -3
v 1.6 1.8 -3.1
v 1.7 0.6 -1
v 1.7 0.6 -1.2
v 1.7 0.7 1.5
v 1.7 0.7 1.4
v 1.7 0.7 -0.9
v 1.7 0.7 -1
v 1.7 0.7 -1.1
v 1.7 0.8 1.5
v 1.7 0.8 1.4
v 1.7 0.8 1.3
v 1.7 0.8 -0.6
v 1.7 0.8 -0.7
v 1.7 0.8 -0.9
v 1.7 0.8 -1
v 1.7 0.8 -1.1
v 1.7 0.8 -1.2
v 1.7 0.9 1.4
v 1.7 0.9 1.3
v 1.7 0.9 0.7
v 1.7 0.9 0.6
v 1.7 0.9 -0.1
v 1.7 0.9 -0.2
v 1.7 0.9 -0.6
v 1.7 0.9 -0.7
v 1.7 0.9 -0.9
v 1.7 0.9 -1.1
v 1.7 0.9 -1.2
v 1.7 0.9 -1.3
v 1.7 1 0.7
v 1.7 1 0.6
v 1.7 1 0.5
v 1.7 1 0.3
v 1.7 1 0.2
v 1.7 1 0
v 1.7 1 -0.1
v 1.7 1 -0.2
v 1.7 1 -1.2
v 1.7 1 -1.3
v 1.7 1.1 0.6
v 1.7 1.1 0.5
v 1.7 1.1 0.3
v 1.7 1.1 0.2
v 1.7 1.1 0.0999999
v 1.7 1.1 0
v 1.7 1.1 -0.1
v 1.7 1.2 0.5
v 1.7 1.2 0.3
v 1.7 1.2 0.2
v 1.7 1.2 0
v 1.7 1.5 -3.1
v 1.7 1.5 -3.2
v 1.7 1.6 -1.3
v 1.7 1.6 -1.4
v 1.7 1.6 -3
v 1.7 1.6 -3.1
v 1.7 1.6 -3.2
v 1.7 1.7 -1.3
v 1.7 1.7 -1.4
v 1.7 1.7 -1.5
v 1.7 1.7 -1.9
v 1.7 1.7 -2
v 1.7 1.7 -2.1
v 1.7 1.7 -2.3
v 1.7 1.7 -2.9
v 1.7 1.7 -3
v 1.7 1.7 -3.1
v 1.7 1.8 -1.4
v 1.7 1.8 -1.5
v 1.7 1.8 -1.9
v 1.7 1.8 -2
v 1.7 1.8 -2.3
v 1.7 1.8 -2.9
v 1.7 1.8 -3
v 1.8 0.5 -3.7
v 1.8 0.5 -3.8
v 1.8 0.6 1.5
v 1.8 0.6 1.4
v 1.8 0.6 -0.7
v 1.8 0.6 -1
v 1.8 0.6 -1.2
v 1.8 0.6 -1.3
v 1.8 0.6 -3.7
v 1.8 0.6 -3.8
v 1.8 0.7 1.5
v 1.8 0.7 1.4
v 1.8 0.7 1.3
v 1.8 0.7 -0.6
v 1.8 0.7 -0.7
v 1.8 0.7 -0.9
v 1.8 0.7 -1
v 1.8 0.7 -1.3
v 1.8 0.7 -1.4
v 1.8 0.7 -3.3
v 1.8 0.7 -3.4
v 1.8 0.8 1.4
v 1.8 0.8 1.3
v 1.8 0.8 1.2
v 1.8 0.8 -0.2
v 1.8 0.8 -0.5
v 1.8 0.8 -0.6
v 1.8 0.8 -0.9
v 1.8 0.8 -1.4
v 1.8 0.8 -1.5
v 1.8 0.8 -3.2
v 1.8 0.8 -3.3
v 1.8 0.8 -3.4
v 1.8 0.9 1.3
v 1.8 0.9 1.2
v 1.8 0.9 0.6
v 1.8 0.9 0.5
v 1.8 0.9 0.0999999
v 1.8 0.9 -0.1
v 1.8 0.9 -0.2
v 1.8 0.9 -0.5
v 1.8 0.9 -0.6
v 1.8 0.9 -1.2
v 1.8 0.9 -1.3
v 1.8 1 0.6
v 1.8 1 0.5
v 1.8 1 0.3
v 1.8 1 0.2
v 1.8 1 0.0999999
v 1.8 1 0
v 1.8 1 -0.1
v 1.8 1 -1.3
v 1.8 1 -1.4
v 1.8 1.1 0.5
v 1.8 1.1 0.3
v 1.8 1.1 0.2
v 1.8 1.1 0.0999999
v 1.8 1.1 0
v 1.8 1.1 -1.4
v 1.8 1.1 -1.5
v 1.8 1.2 -1.4
v 1.8 1.2 -1.5
v 1.8 1.3 -1.3
v 1.8 1.3 -1.4
v 1.8 1.4 -1.4
v 1.8 1.4 -1.5
v 1.8 1.5 -1.3
v 1.8 1.5 -1.4
v 1.8 1.5 -2
v 1.8 1.5 -2.2
v 1.8 1.5 -3
v 1.8 1.5 -3.1
v 1.8 1.5 -3.2
v 1.8 1.5 -3.3
v 1.8 1.6 -1.3
v 1.8 1.6 -1.4
v 1.8 1.6 -1.5
v 1.8 1.6 -1.9
v 1.8 1.6 -2
v 1.8 1.6 -2.1
v 1.8 1.6 -2.2
v 1.8 1.6 -2.3
v 1.8 1.6 -2.9
v 1.8 1.6 -3
v 1.8 1.6 -3.1
v 1.8 1.7 -1.4
v 1.8 1.7 -1.5
v 1.8 1.7 -1.6
v 1.8 1.7 -1.9
v 1.8 1.7 -2.1
v 1.8 1.7 -2.3
v 1.8 1.7 -2.4
v 1.8 1.7 -2.6
v 1.8 1.7 -2.7
v 1.8 1.7 -2.8
v 1.8 1.7 -2.9
v 1.8 1.7 -3
v 1.8 1.8 -1.5
v 1.8 1.8 -1.6
v 1.8 1.8 -1.9
v 1.8 1.8 -2.3
v 1.8 1.8 -2.4
v 1.8 1.8 -2.6
v 1.8 1.8 -2.9
v 1.9 0.5 -3.3
v 1.9 0.5 -3.7
v 1.9 0.6 1.4
v 1.9 0.6 1.3
v 1.9 0.6 -0.3
v 1.9 0.6 -0.6
v 1.9 0.6 -0.7
v 1.9 0.6 -1.3
v 1.9 0.6 -1.4
v 1.9 0.6 -3.4
v 1.9 0.6 -3.7
v 1.9 0.7 1.4
v 1.9 0.7 1.3
v 1.9 0.7 1.2
v 1.9 0.7 -0.2
v 1.9 0.7 -0.3
v 1.9 0.7 -0.6
v 1.9 0.7 -0.7
v 1.9 0.7 -1.3
v 1.9 0.7 -1.4
v 1.9 0.7 -1.5
v 1.9 0.7 -3.2
v 1.9 0.7 -3.3
v 1.9 0.7 -3.4
v 1.9 0.8 1.3
v 1.9 0.8 1.2
v 1.9 0.8 1.1
v 1.9 0.8 0.4
v 1.9 0.8 0.0999999
v 1.9 0.8 -0.1
v 1.9 0.8 -0.2
v 1.9 0.8 -0.6
v 1.9 0.8 -1.4
v 1.9 0.8 -1.5
v 1.9 0.8 -1.7
v 1.9 0.8 -3.1
v 1.9 0.8 -3.2
v 1.9 0.8 -3.3
v 1.9 0.9 1.2
v 1.9 0.9 1.1
v 1.9 0.9 0.4
v 1.9 0.9 0.0999999
v 1.9 0.9 -0.1
v 1.9 0.9 -0.2
v 1.9 1.4 -1.4
v 1.9 1.4 -1.5
v 1.9 1.5 -1.7
v 1.9 1.5 -2
v 1.9 1.5 -2.2
v 1.9 1.5 -3
v 1.9 1.5 -3.1
v 1.9 1.5 -3.2
v 1.9 1.6 -1.4
v 1.9 1.6 -1.5
v 1.9 1.6 -1.9
v 1.9 1.6 -2
v 1.9 1.6 -2.2
v 1.9 1.6 -2.3
v 1.9 1.6 -2.7
v 1.9 1.6 -2.8
v 1.9 1.6 -2.9
v 1.9 1.6 -3
v 1.9 1.7 -1.5
v 1.9 1.7 -1.9
v 1.9 1.7 -2.3
v 1.9 1.7 -2.7
v 1.9 1.7 -2.8
v 1.9 1.7 -2.9
v 2 0.2 -1.6
v 2 0.2 -1.7
v 2 0.3 -1.7
v 2 0.3 -1.8
v 2 0.3 -3.7
v 2 0.3 -3.8
v 2 0.4 -1.5
v 2 0.4 -1.6
v 2 0.4 -1.7
v 2 0.4 -1.8
v 2 0.4 -3.1
v 2 0.4 -3.7
v 2 0.5 -1.3
v 2 0.5 -1.4
v 2 0.5 -1.5
v 2 0.5 -1.6
v 2 0.5 -1.7
v 2 0.5 -3.1
v 2 0.5 -3.2
v 2 0.5 -3.3
v 2 0.5 -3.8
v 2 0.6 1.3
v 2 0.6 1.2
v 2 0.6 0.3
v 2 0.6 -0.3
v 2 0.6 -1.3
v 2 0.6 -1.4
v 2 0.7 1.3
v 2 0.7 1.2
v 2 0.7 1.1
v 2 0.7 0.4
v 2 0.7 0.3
v 2 0.7 -0.2
v 2 0.7 -0.3
v 2 0.7 -1.4
v 2 0.7 -1.5
v 2 0.7 -1.6
v 2 0.7 -1.7
v 2 0.7 -3.1
v 2 0.7 -3.2
v 2 0.7 -3.3
v 2 0.8 1.2
v 2 0.8 1.1
v 2 0.8 1
v 2 0.8 0.8
v 2 0.8 0.4
v 2 0.8 -0.2
v 2 0.8 -1.5
v 2 0.8 -1.7
v 2 0.8 -2.4
v 2 0.8 -2.6
v 2 0.8 -3.1
v 2 0.8 -3.2
v 2 0.9 1.1
v 2 0.9 1
v 2 0.9 0.8
v 2 0.9 0.4
v 2 1.5 -1.7
v 2 1.5 -2.4
v 2 1.5 -2.6
v 2 1.5 -3.1
v 2.1 0.2 -1.5
v 2.1 0.2 -1.6
v 2.1 0.2 -1.7
v 2.1 0.2 -1.9
v 2.1 0.2 -2.2
v 2.1 0.2 -2.9
v 2.1 0.2 -3.6
v 2.1 0.2 -3.8
v 2.1 0.3 -1.7
v 2.1 0.3 -1.8
v 2.1 0.3 -2.2
v 2.1 0.3 -2.3
v 2.1 0.3 -2.8
v 2.1 0.3 -2.9
v 2.1 0.3 -3.7
v 2.1 0.3 -3.8
v 2.1 0.4 -1.4
v 2.1 0.4 -1.5
v 2.1 0.4 -1.6
v 2.1 0.4 -1.7
v 2.1 0.4 -1.8
v 2.1 0.4 -2.3
v 2.1 0.4 -2.4
v 2.1 0.4 -2.6
v 2.1 0.4 -2.8
v 2.1 0.4 -3.1
v 2.1 0.4 -3.7
v 2.1 0.5 -1.2
v 2.1 0.5 -1.3
v 2.1 0.5 -1.4
v 2.1 0.5 -1.5
v 2.1 0.5 -1.6
v 2.1 0.5 -1.7
v 2.1 0.5 -2.3
v 2.1 0.5 -2.4
v 2.1 0.5 -2.6
v 2.1 0.5 -2.7
v 2.1 0.5 -3.1
v 2.1 0.5 -3.2
v 2.1 0.6 1.2
v 2.1 0.6 1.1
v 2.1 0.6 0.7
v 2.1 0.6 0.3
v 2.1 0.6 -1.2
v 2.1 0.6 -1.3
v 2.1 0.7 1.2
v 2.1 0.7 1.1
v 2.1 0.7 1
v 2.1 0.7 0.8
v 2.1 0.7 0.7
v 2.1 0.7 0.4
v 2.1 0.7 0.3
v 2.1 0.7 -1.6
v 2.1 0.7 -1.7
v 2.1 0.7 -2.3
v 2.1 0.7 -2.4
v 2.1 0.7 -2.6
v 2.1 0.7 -2.7
v 2.1 0.7 -3.1
v 2.1 0.7 -3.2
v 2.1 0.8 1.1
v 2.1 0.8 1
v 2.1 0.8 0.9
v 2.1 0.8 0.8
v 2.1 0.8 0.4
v 2.1 0.8 -1.7
v 2.1 0.8 -2.4
v 2.1 0.8 -2.6
v 2.1 0.8 -3.1
v 2.1 0.9 1
v 2.1 0.9 0.9
v 2.1 0.9 0.8
v 2.1 1.5 -2.4
v 2.1 1.5 -2.6
v 2.2 0.2 -1.4
v 2.2 0.2 -1.5
v 2.2 0.2 -2.2
v 2.2 0.2 -2.6
v 2.2 0.2 -2.9
v 2.2 0.3 -2.2
v 2.2 0.3 -2.3
v 2.2 0.3 -2.8
v 2.2 0.3 -2.9
v 2.2 0.4 -1.3
v 2.2 0.4 -1.4
v 2.2 0.4 -1.5
v 2.2 0.4 -2.3
v 2.2 0.4 -2.4
v 2.2 0.4 -2.6
v 2.2 0.4 -2.8
v 2.2 0.5 -1
v 2.2 0.5 -1.1
v 2.2 0.5 -1.2
v 2.2 0.5 -1.3
v 2.2 0.5 -1.4
v 2.2 0.5 -2.3
v 2.2 0.5 -2.4
v 2.2 0.5 -2.6
v 2.2 0.5 -2.7
v 2.2 0.6 1
v 2.2 0.6 0.7
v 2.2 0.6 -1
v 2.2 0.6 -1.1
v 2.2 0.6 -1.2
v 2.2 0.7 1
v 2.2 0.7 0.8
v 2.2 0.7 0.7
v 2.2 0.7 -2.3
v 2.2 0.7 -2.4
v 2.2 0.7 -2.6
v 2.2 0.7 -2.7
v 2.2 0.8 1
v 2.2 0.8 0.8
v 2.2 0.8 -2.4
v 2.2 0.8 -2.6
v 2.3 0.2 -1.3
v 2.3 0.2 -1.4
v 2.3 0.3 -1.2
v 2.3 0.3 -1.3
v 2.3 0.4 -1.1
v 2.3 0.4 -1.2
v 2.3 0.4 -1.3
v 2.3 0.4 -1.4
v 2.3 0.5 -0.5
v 2.3 0.5 -0.9
v 2.3 0.5 -1
v 2.3 0.5 -1.1
v 2.3 0.5 -1.3
v 2.3 0.6 -0.5
v 2.3 0.6 -0.9
v 2.3 0.6 -1
v 2.4 0.2 -1.1
v 2.4 0.2 -1.2
v 2.4 0.2 -1.3
v 2.4 0.3 -1
v 2.4 0.3 -1.1
v 2.4 0.3 -1.2
v 2.4 0.3 -1.3
v 2.4 0.4 -0.6
v 2.4 0.4 -1
v 2.4 0.4 -1.1
v 2.4 0.4 -1.2
v 2.4 0.5 3.5
v 2.4 0.5 3.4
v 2.4 0.5 2.5
v 2.4 0.5 2.4
v 2.4 0.5 0.8
v 2.4 0.5 0.7
v 2.4 0.5 -0.2
v 2.4 0.5 -0.5
v 2.4 0.5 -0.6
v 2.4 0.5 -1.1
v 2.4 0.6 3.5
v 2.4 0.6 3.4
v 2.4 0.6 2.5
v 2.4 0.6 2.4
v 2.4 0.6 0.8
v 2.4 0.6 0.7
v 2.4 0.6 -0.2
v 2.4 0.6 -0.5
v 2.5 0.2 -0.6
v 2.5 0.2 -0.9
v 2.5 0.2 -1.1
v 2.5 0.3 -0.5
v 2.5 0.3 -0.6
v 2.5 0.3 -1
v 2.5 0.3 -1.1
v 2.5 0.4 -0.3
v 2.5 0.4 -0.5
v 2.5 0.4 -0.6
v 2.5 0.4 -1
v 2.5 0.5 0.7
v 2.5 0.5 0.5
v 2.5 0.5 -0.2
v 2.5 0.5 -0.3
v 2.5 0.5 -0.6
v 2.5 0.6 1.3
v 2.5 0.6 1.2
v 2.5 0.6 1
v 2.5 0.6 0.9
v 2.5 0.6 0.7
v 2.5 0.6 0.5
v 2.5 0.6 -0.2
v 2.5 0.7 1.3
v 2.5 0.7 1.2
v 2.5 0.7 1
v 2.5 0.7 0.9
v 2.6 0.2 -0.3
v 2.6 0.2 -0.6
v 2.6 0.3 0.8
v 2.6 0.3 0.7
v 2.6 0.3 -0.2
v 2.6 0.3 -0.3
v 2.6 0.3 -0.5
v 2.6 0.3 -0.6
v 2.6 0.4 0.7
v 2.6 0.4 -0.2
v 2.6 0.4 -0.3
v 2.6 0.4 -0.5
v 2.6 0.5 2.4
v 2.6 0.5 2.3
v 2.6 0.5 1.6
v 2.6 0.5 1.5
v 2.6 0.5 0.9
v 2.6 0.5 0.8
v 2.6 0.5 -0.3
v 2.6 0.6 2.4
v 2.6 0.6 2.3
v 2.6 0.6 1.6
v 2.6 0.6 1.5
v 2.6 0.6 1.2
v 2.6 0.6 1
v 2.6 0.6 0.9
v 2.6 0.6 0.8
v 2.6 0.7 1.2
v 2.6 0.7 1
v 2.7 0.2 0.8
v 2.7 0.2 -0.3
v 2.7 0.3 0.8
v 2.7 0.3 0.7
v 2.7 0.3 -0.2
v 2.7 0.3 -0.3
v 2.7 0.4 0.9
v 2.7 0.4 0.8
v 2.7 0.4 0.7
v 2.7 0.4 -0.2
v 2.7 0.5 2.3
v 2.7 0.5 2.2
v 2.7 0.5 1.5
v 2.7 0.5 0.9
v 2.7 0.5 0.8
v 2.7 0.6 2.3
v 2.7 0.6 2.2
v 2.7 0.6 1.5
v 2.7 0.6 0.9
v 2.8 0.2 0.9
v 2.8 0.2 0.8
v 2.8 0.3 1
v 2.8 0.3 0.9
v 2.8 0.4 1.5
v 2.8 0.4 1
v 2.8 0.4 0.9
v 2.8 0.4 0.8
v 2.8 0.5 2.2
v 2.8 0.5 2.1
v 2.8 0.5 1.5
v 2.8 0.5 0.9
v 2.8 0.6 2.2
v 2.8 0.6 2.1
v 2.9 0.2 1.4
v 2.9 0.2 1
v 2.9 0.2 0.9
v 2.9 0.3 1.5
v 2.9 0.3 1.4
v 2.9 0.3 1
v 2.9 0.3 0.9
v 2.9 0.4 1.5
v 2.9 0.4 1
v 2.9 0.5 3.4
v 2.9 0.5 3.3
v 2.9 0.5 1.7
v 2.9 0.5 1.6
v 2.9 0.6 3.4
v 2.9 0.6 3.3
v 2.9 0.6 1.7
v 2.9 0.6 1.6
v 3 0.2 1.5
v 3 0.2 1.4
v 3 0.3 1.5
v 3 0.3 1.4
v 3 0.4 1.6
v 3 0.4 1.5
v 3 0.5 3.3
v 3 0.5 3
v 3 0.5 1.6
v 3 0.5 1.5
v 3 0.6 3.3
v 3 0.6 3
v 3.1 0.3 1.6
v 3.1 0.3 1.5
v 3.1 0.4 3.3
v 3.1 0.4 3.1
v 3.1 0.4 1.6
v 3.1 0.4 1.5
v 3.1 0.5 3.3
v 3.1 0.5 3.1
v 3.1 0.5 3
v 3.1 0.5 2.9
v 3.1 0.5 1.8
v 3.1 0.5 1.7
v 3.1 0.6 3
v 3.1 0.6 2.9
v 3.1 0.6 1.8
v 3.1 0.6 1.7
v 3.2 0.2 1.6
v 3.2 0.2 1.5
v 3.2 0.3 1.6
v 3.2 0.3 1.5
v 3.2 0.4 3.1
v 3.2 0.4 3
v 3.2 0.4 1.7
v 3.2 0.4 1.6
v 3.2 0.5 3.1
v 3.2 0.5 3
v 3.2 0.5 2.9
v 3.2 0.5 2.8
v 3.2 0.5 1.9
v 3.2 0.5 1.8
v 3.2 0.5 1.7
v 3.2 0.5 1.6
v 3.2 0.6 2.9
v 3.2 0.6 2.8
v 3.2 0.6 1.9
v 3.2 0.6 1.8
v 3.3 0.2 1.7
v 3.3 0.2 1.6
v 3.3 0.4 1.8
v 3.3 0.4 1.7
v 3.3 0.4 1.6
v 3.3 0.5 2
v 3.3 0.5 1.9
v 3.3 0.5 1.8
v 3.3 0.5 1.7
v 3.3 0.6 2
v 3.3 0.6 1.9
v 3.4 0.2 1.8
v 3.4 0.2 1.7
v 3.4 0.3 1.9
v 3.4 0.3 1.8
v 3.4 0.4 1.8
v 3.4 0.4 1.7
v 3.4 0.5 2.1
v 3.4 0.5 2
v 3.4 0.5 1.9
v 3.4 0.5 1.8
v 3.4 0.6 2.1
v 3.4 0.6 2
v 3.5 0.2 1.9
v 3.5 0.2 1.8
v 3.5 0.3 1.9
v 3.5 0.3 1.8
v 3.5 0.4 2
v 3.5 0.4 1.9
v 3.5 0.5 2
v 3.5 0.5 1.9
v 3.6 0.3 2
v 3.6 0.3 1.9
v 3.6 0.4 2
v 3.6 0.4 1.9
v 3.6 0.5 2.2
v 3.6 0.5 2.1
v 3.6 0.6 2.2
v 3.6 0.6 2.1
v 3.7 0.2 2
v 3.7 0.2 1.9
v 3.7 0.3 2
v 3.7 0.3 1.9
v 3.7 0.4 2.1
v 3.7 0.4 2
v 3.7 0.5 3.7
v 3.7 0.5 3.4
v 3.7 0.5 2.6
v 3.7 0.5 2.2
v 3.7 0.5 2.1
v 3.7 0.5 2
v 3.7 0.6 3.7
v 3.7 0.6 3.4
v 3.7 0.6 2.6
v 3.7 0.6 2.2
v 3.8 0 3.7
v 3.8 0 -3.8
v 3.8 0.2 3.7
v 3.8 0.2 2
v 3.8 0.2 -3.8
v 3.8 0.4 2.1
v 3.8 0.4 2
v 3.8 0.5 3.7
v 3.8 0.5 3.4
v 3.8 0.5 2.6
v 3.8 0.5 2.1
v 3.8 0.6 3.4
v 3.8 0.6 2.6
v -3.7 0 3.7
v -3.7 0.2 3.7
v -3.4 0.2 3.7
v -3.4 0.4 3.7
v -3.3 0.4 3.7
v -3.3 0.5 3.7
v -1.2 0.4 3.7
v -1.2 0.5 3.7
v -1.1 0.4 3.7
v -1.1 0.5 3.7
v -1 0.5 3.7
v -1 0.6 3.7
v 3.6 0.3 3.7
v 3.6 0.5 3.7
v 3.7 0.2 3.7
v 3.7 0.3 3.7
v 3.7 0.5 3.7
v 3.7 0.6 3.7
v 3.8 0 3.7
v 3.8 0.2 3.7
v 3.8 0.5 3.7
v -3.5 0.2 3.6
v -3.5 0.4 3.6
v -3.4 0.2 3.6
v -3.4 0.4 3.6
v -3.4 0.5 3.6
v -3.3 0.4 3.6
v -3.3 0.5 3.6
v -3.2 0.5 3.6
v -3.2 0.6 3.6
v -1.3 0.5 3.6
v -1.3 0.6 3.6
v -1.2 0.4 3.6
v -1.2 0.5 3.6
v -1.1 0.4 3.6
v -1.1 0.5 3.6
v -3.6 0.2 3.5
v -3.6 0.4 3.5
v -3.5 0.2 3.5
v -3.5 0.4 3.5
v -3.5 0.5 3.5
v -3.4 0.4 3.5
v -3.4 0.5 3.5
v -3.3 0.5 3.5
v -3.3 0.6 3.5
v -3.2 0.5 3.5
v -3.2 0.6 3.5
v -1.3 0.5 3.5
v -1.3 0.6 3.5
v -0.9 0.5 3.5
v -0.9 0.6 3.5
v -3.7 0.2 3.4
v -3.7 0.4 3.4
v -3.6 0.2 3.4
v -3.6 0.4 3.4
v -3.6 0.5 3.4
v -3.5 0.4 3.4
v -3.5 0.5 3.4
v -3.4 0.5 3.4
v -3.4 0.6 3.4
v -3.3 0.5 3.4
v -3.3 0.6 3.4
v 0.1 0.5 3.4
v 0.1 0.6 3.4
v 0.3 0.5 3.4
v 0.3 0.6 3.4
v 2.4 0.5 3.4
v 2.4 0.6 3.4
v 2.7 0.5 3.4
v 2.7 0.6 3.4
v 3.7 0.5 3.4
v 3.7 0.6 3.4
v 3.8 0.5 3.4
v 3.8 0.6 3.4
v -3.7 0.4 3.3
v -3.7 0.5 3.3
v -3.6 0.4 3.3
v -3.6 0.5 3.3
v -3.5 0.5 3.3
v -3.5 0.6 3.3
v -3.4 0.5 3.3
v -3.4 0.6 3.3
v 0.3 0.5 3.3
v 0.3 0.6 3.3
v 0.7 0.5 3.3
v 0.7 0.6 3.3
v 2.9 0.5 3.3
v 2.9 0.6 3.3
v 3 0.5 3.3
v 3 0.6 3.3
v -3.6 0.5 3.2
v -3.6 0.6 3.2
v -3.5 0.5 3.2
v -3.5 0.6 3.2
v 3.1 0.4 3.1
v 3.1 0.5 3.1
v 3.2 0.4 3.1
v 3.2 0.5 3.1
v 3 0.5 3
v 3 0.6 3
v 3.1 0.5 3
v 3.1 0.6 3
v 3.2 0.4 3
v 3.2 0.5 3
v 3.3 0.4 3
v 3.3 0.5 3
v 3.1 0.5 2.9
v 3.1 0.6 2.9
v 3.2 0.5 2.9
v 3.2 0.6 2.9
v 3.2 0.5 2.8
v 3.2 0.6 2.8
v 3.4 0.5 2.8
v 3.4 0.6 2.8
v -3.7 0.5 2.5
v -3.7 0.6 2.5
v -3.6 0.5 2.5
v -3.6 0.6 2.5
v 2.4 0.5 2.4
v 2.4 0.6 2.4
v 2.6 0.5 2.4
v 2.6 0.6 2.4
v 2.6 0.5 2.3
v 2.6 0.6 2.3
v 2.7 0.5 2.3
v 2.7 0.6 2.3
v 3 0.5 2.3
v 3 0.6 2.3
v 3.1 0.5 2.3
v 3.1 0.6 2.3
v 2.7 0.5 2.2
v 2.7 0.6 2.2
v 2.8 0.5 2.2
v 2.8 0.6 2.2
v 2.9 0.5 2.2
v 2.9 0.6 2.2
v 3 0.5 2.2
v 3 0.6 2.2
v 2.8 0.5 2.1
v 2.8 0.6 2.1
v 2.9 0.5 2.1
v 2.9 0.6 2.1
v 1.4 0.6 1.5
v 1.4 0.7 1.5
v 1.5 0.7 1.5
v 1.5 0.8 1.5
v 1.7 0.7 1.5
v 1.7 0.8 1.5
v 1.8 0.6 1.5
v 1.8 0.7 1.5
v 2.6 0.5 1.5
v 2.6 0.6 1.5
v 2.7 0.5 1.5
v 2.7 0.6 1.5
v 0 0.6 1.4
v 0 0.7 1.4
v 0.1 0.7 1.4
v 0.1 0.8 1.4
v 1.4 0.6 1.4
v 1.4 0.7 1.4
v 1.5 0.7 1.4
v 1.5 0.8 1.4
v 1.5 0.9 1.4
v 1.7 0.7 1.4
v 1.7 0.8 1.4
v 1.7 0.9 1.4
v 1.8 0.6 1.4
v 1.8 0.7 1.4
v 1.8 0.8 1.4
v 1.9 0.6 1.4
v 1.9 0.7 1.4
v -0.4 0.6 1.3
v -0.4 0.7 1.3
v -0.3 0.7 1.3
v -0.3 0.8 1.3
v 0 0.6 1.3
v 0 0.7 1.3
v 0.1 0.7 1.3
v 0.1 0.8 1.3
v 0.1 0.9 1.3
v 1.5 0.8 1.3
v 1.5 0.9 1.3
v 1.7 0.8 1.3
v 1.7 0.9 1.3
v 1.8 0.7 1.3
v 1.8 0.8 1.3
v 1.8 0.9 1.3
v 1.9 0.6 1.3
v 1.9 0.7 1.3
v 1.9 0.8 1.3
v 2 0.6 1.3
v 2 0.7 1.3
v 2.3 0.6 1.3
v 2.3 0.7 1.3
v 2.5 0.6 1.3
v 2.5 0.7 1.3
v -0.7 0.6 1.2
v -0.7 0.7 1.2
v -0.6 0.7 1.2
v -0.6 0.8 1.2
v -0.4 0.6 1.2
v -0.4 0.7 1.2
v -0.3 0.7 1.2
v -0.3 0.8 1.2
v -0.3 0.9 1.2
v 0.1 0.8 1.2
v 0.1 0.9 1.2
v 1.8 0.8 1.2
v 1.8 0.9 1.2
v 1.9 0.7 1.2
v 1.9 0.8 1.2
v 1.9 0.9 1.2
v 2 0.6 1.2
v 2 0.7 1.2
v 2 0.8 1.2
v 2.1 0.6 1.2
v 2.1 0.7 1.2
v 2.2 0.6 1.2
v 2.2 0.7 1.2
v 2.3 0.6 1.2
v 2.3 0.7 1.2
v 2.5 0.6 1.2
v 2.5 0.7 1.2
v 2.6 0.6 1.2
v 2.6 0.7 1.2
v -1 0.6 1.1
v -1 0.7 1.1
v -0.9 0.7 1.1
v -0.9 0.8 1.1
v -0.7 0.6 1.1
v -0.7 0.7 1.1
v -0.6 0.7 1.1
v -0.6 0.8 1.1
v -0.6 0.9 1.1
v -0.3 0.8 1.1
v -0.3 0.9 1.1
v 1.9 0.8 1.1
v 1.9 0.9 1.1
v 2 0.7 1.1
v 2 0.8 1.1
v 2 0.9 1.1
v 2.1 0.6 1.1
v 2.1 0.7 1.1
v 2.1 0.8 1.1
v 2.2 0.6 1.1
v 2.2 0.7 1.1
v -1.1 0.6 1
v -1.1 0.7 1
v -1 0.6 1
v -1 0.7 1
v -1 0.8 1
v -0.9 0.7 1
v -0.9 0.8 1
v -0.9 0.9 1
v -0.8 0.8 1
v -0.8 0.9 1
v -0.6 0.8 1
v -0.6 0.9 1
v 2 0.8 1
v 2 0.9 1
v 2.1 0.7 1
v 2.1 0.8 1
v 2.1 0.9 1
v 2.2 0.7 1
v 2.2 0.8 1
v -1.2 0.6 0.9
v -1.2 0.7 0.9
v -1.1 0.6 0.9
v -1.1 0.7 0.9
v -1.1 0.8 0.9
v -1 0.7 0.9
v -1 0.8 0.9
v -1 0.9 0.9
v -0.9 0.8 0.9
v -0.9 0.9 0.9
v -2 0.6 0.8
v -2 0.7 0.8
v -1.7 0.6 0.8
v -1.7 0.7 0.8
v -1.6 0.6 0.8
v -1.6 0.7 0.8
v -1.2 0.7 0.8
v -1.2 0.8 0.8
v -1.1 0.7 0.8
v -1.1 0.8 0.8
v -1.1 0.9 0.8
v -1 0.8 0.8
v -1 0.9 0.8
v -2.1 0.6 0.7
v -2.1 0.7 0.7
v -2 0.6 0.7
v -2 0.7 0.7
v -1.9 0.7 0.7
v -1.9 0.8 0.7
v -1.7 0.7 0.7
v -1.7 0.8 0.7
v -1.6 0.6 0.7
v -1.6 0.7 0.7
v -1.5 0.6 0.7
v -1.5 0.7 0.7
v -1.3 0.6 0.7
v -1.3 0.7 0.7
v -1.2 0.6 0.7
v -1.2 0.7 0.7
v 0.5 0.9 0.7
v 0.5 1 0.7
v 0.6 0.9 0.7
v 0.6 1 0.7
v 0.6 1.1 0.7
v 0.9 0.9 0.7
v 0.9 1 0.7
v 0.9 1.1 0.7
v 1 0.9 0.7
v 1 1 0.7
v 1 1.1 0.7
v 1.1 0.9 0.7
v 1.2 0.9 0.7
v 1.2 1.1 0.7
v 1.5 0.9 0.7
v 1.5 1.1 0.7
v 1.6 0.9 0.7
v 1.6 1 0.7
v 1.6 1.1 0.7
v 1.7 0.9 0.7
v 1.7 1 0.7
v 2.4 0.5 0.7
v 2.4 0.6 0.7
v 2.5 0.5 0.7
v 2.5 0.6 0.7
v 2.6 0.3 0.7
v 2.6 0.4 0.7
v 2.7 0.3 0.7
v 2.7 0.4 0.7
v -2 0.7 0.6
v -2 0.8 0.6
v -1.9 0.7 0.6
v -1.9 0.8 0.6
v -1.7 0.7 0.6
v -1.7 0.8 0.6
v -1.6 0.7 0.6
v -1.6 0.8 0.6
v -1.3 0.7 0.6
v -1.3 0.8 0.6
v -1.2 0.7 0.6
v -1.2 0.8 0.6
v -1.2 0.9 0.6
v -1.1 0.8 0.6
v -1.1 0.9 0.6
v 0.1 0.9 0.6
v 0.1 1 0.6
v 0.2 1 0.6
v 0.2 1.1 0.6
v 0.3 0.9 0.6
v 0.5 0.9 0.6
v 0.5 1 0.6
v 0.5 1.1 0.6
v 0.6 1 0.6
v 0.6 1.1 0.6
v 0.6 1.2 0.6
v 0.9 1.1 0.6
v 1 1.1 0.6
v 1 1.2 0.6
v 1.2 1.1 0.6
v 1.2 1.2 0.6
v 1.3 1.1 0.6
v 1.3 1.2 0.6
v 1.4 1.1 0.6
v 1.4 1.2 0.6
v 1.5 1.1 0.6
v 1.6 1 0.6
v 1.6 1.1 0.6
v 1.6 1.2 0.6
v 1.7 0.9 0.6
v 1.7 1 0.6
v 1.7 1.1 0.6
v 1.8 0.9 0.6
v 1.8 1 0.6
v -0.0999999 0.9 0.5
v -0.0999999 1 0.5
v 0 0.9 0.5
v 0 1 0.5
v 0 1.1 0.5
v 0.1 0.9 0.5
v 0.1 1 0.5
v 0.1 1.1 0.5
v 0.2 1 0.5
v 0.2 1.1 0.5
v 0.2 1.2 0.5
v 0.5 1.1 0.5
v 0.6 1.1 0.5
v 0.6 1.2 0.5
v 1.6 1.1 0.5
v 1.6 1.2 0.5
v 1.7 1 0.5
v 1.7 1.1 0.5
v 1.7 1.2 0.5
v 1.8 1 0.5
v 1.8 1.1 0.5
v -0.2 0.9 0.4
v -0.2 1 0.4
v -0.0999999 0.9 0.4
v -0.0999999 1 0.4
v -0.0999999 1.1 0.4
v 0 1 0.4
v 0 1.1 0.4
v 0 1.2 0.4
v 0.1 1.1 0.4
v 0.2 1.1 0.4
v 0.2 1.2 0.4
v -0.4 0.9 0.3
v -0.4 1 0.3
v -0.3 0.9 0.3
v -0.3 1 0.3
v -0.3 1.1 0.3
v -0.2 0.9 0.3
v -0.2 1 0.3
v -0.2 1.1 0.3
v -0.0999999 1 0.3
v -0.0999999 1.1 0.3
v -0.0999999 1.2 0.3
v 0 1.1 0.3
v 0 1.2 0.3
v -0.5 0.9 0.2
v -0.5 1 0.2
v -0.4 0.9 0.2
v -0.4 1 0.2
v -0.4 1.1 0.2
v -0.3 1 0.2
v -0.3 1.1 0.2
v -0.3 1.2 0.2
v -0.2 1.1 0.2
v -0.2 1.2 0.2
v -0.0999999 1.1 0.2
v -0.0999999 1.2 0.2
v 1.6 1.1 0.2
v 1.6 1.2 0.2
v 1.7 1 0.2
v 1.7 1.1 0.2
v 1.7 1.2 0.2
v 1.8 1 0.2
v 1.8 1.1 0.2
v -0.6 0.9 0.0999999
v -0.6 1 0.0999999
v -0.5 0.9 0.0999999
v -0.5 1 0.0999999
v -0.5 1.1 0.0999999
v -0.4 1 0.0999999
v -0.4 1.1 0.0999999
v -0.4 1.2 0.0999999
v -0.3 1.1 0.0999999
v -0.3 1.2 0.0999999
v -2.1 0.3 0
v -2.1 0.4 0
v -2 0.3 0
v -2 0.4 0
v -1.9 0.5 0
v -1.9 0.6 0
v -1.8 0.5 0
v -1.8 0.6 0
v -0.6 1 0
v -0.6 1.1 0
v -0.5 1 0
v -0.5 1.1 0
v -0.5 1.2 0
v -0.4 1.1 0
v -0.4 1.2 0
v -2.2 0.2 -0.1
v -2.2 0.3 -0.1
v -2.1 0.2 -0.1
v -2.1 0.3 -0.1
v -2.1 0.4 -0.1
v -2.1 0.5 -0.1
v -2 0.4 -0.1
v -2 0.5 -0.1
v -0.7 0.9 -0.1
v -0.7 1 -0.1
v -0.6 0.9 -0.1
v -0.6 1 -0.1
v -2.2 0.3 -0.2
v -2.2 0.4 -0.2
v -2.1 0.3 -0.2
v -2.1 0.4 -0.2
v -2 0.5 -0.2
v -2 0.6 -0.2
v -1.9 0.5 -0.2
v -1.9 0.6 -0.2
v -0.7 1 -0.2
v -0.7 1.1 -0.2
v -0.6 1 -0.2
v -0.6 1.1 -0.2
v -0.6 1.2 -0.2
v -0.5 1.1 -0.2
v -0.5 1.2 -0.2
v -2.3 0.2 -0.3
v -2.3 0.3 -0.3
v -2.2 0.2 -0.3
v -2.2 0.3 -0.3
v -2.2 0.4 -0.3
v -2.2 0.5 -0.3
v -2.1 0.4 -0.3
v -2.1 0.5 -0.3
v -2.3 0.3 -0.4
v -2.3 0.4 -0.4
v -2.2 0.3 -0.4
v -2.2 0.4 -0.4
v -2.1 0.5 -0.4
v -2.1 0.6 -0.4
v -2 0.5 -0.4
v -2 0.6 -0.4
v -0.6 1.2 -0.8
v -0.6 1.3 -0.8
v -0.5 1.2 -0.8
v -0.5 1.3 -0.8
v -0.5 1.4 -0.8
v -0.3 1.2 -0.8
v -0.2 1.2 -0.8
v -0.0999999 1.2 -0.8
v -0.0999999 1.4 -0.8
v 0 1.2 -0.8
v 0.3 1.3 -0.8
v 0.3 1.4 -0.8
v 0.5 1.2 -0.8
v 0.5 1.3 -0.8
v 0.5 1.4 -0.8
v 0.6 1.2 -0.8
v 0.6 1.4 -0.8
v 0.7 1.2 -0.8
v 0.9 1.2 -0.8
v 0.9 1.4 -0.8
v 1 1.2 -0.8
v 1 1.3 -0.8
v 1.1 1.1 -0.8
v 1.1 1.2 -0.8
v 1.1 1.3 -0.8
v 1.1 1.4 -0.8
v 1.2 1.1 -0.8
v 1.2 1.2 -0.8
v 1.2 1.3 -0.8
v -0.9 1 -0.9
v -0.9 1.2 -0.9
v -0.8 0.9 -0.9
v -0.8 1 -0.9
v -0.8 1.2 -0.9
v -0.8 1.3 -0.9
v -0.7 0.9 -0.9
v -0.7 1.1 -0.9
v -0.7 1.2 -0.9
v -0.7 1.3 -0.9
v -0.7 1.4 -0.9
v -0.6 1.1 -0.9
v -0.6 1.2 -0.9
v -0.6 1.3 -0.9
v -0.6 1.4 -0.9
v -0.5 1.3 -0.9
v -0.5 1.4 -0.9
v -0.5 1.5 -0.9
v -0.2 1.4 -0.9
v -0.2 1.5 -0.9
v -0.0999999 1.4 -0.9
v 0.2 1.4 -0.9
v 0.2 1.5 -0.9
v 0.3 1.4 -0.9
v 0.3 1.5 -0.9
v 0.5 1.4 -0.9
v 0.6 1.4 -0.9
v 0.6 1.5 -0.9
v 0.7 1.4 -0.9
v 0.7 1.5 -0.9
v 0.8 1.4 -0.9
v 0.8 1.5 -0.9
v 0.9 1.4 -0.9
v 0.9 1.5 -0.9
v 1 1.4 -0.9
v 1 1.5 -0.9
v 1.1 1.3 -0.9
v 1.1 1.4 -0.9
v 1.1 1.5 -0.9
v 1.2 0.9 -0.9
v 1.2 1 -0.9
v 1.2 1.2 -0.9
v 1.2 1.3 -0.9
v 1.2 1.4 -0.9
v 1.3 0.9 -0.9
v 1.3 1.1 -0.9
v 1.3 1.2 -0.9
v 1.3 1.3 -0.9
v 1.4 0.9 -0.9
v 1.4 1 -0.9
v 1.4 1.1 -0.9
v 1.5 0.9 -0.9
v 1.5 1 -0.9
v -1.3 0.6 -1
v -1.3 0.7 -1
v -1.2 0.6 -1
v -1.2 0.7 -1
v -1 1 -1
v -1 1.2 -1
v -0.9 0.9 -1
v -0.9 1 -1
v -0.9 1.2 -1
v -0.9 1.3 -1
v -0.8 0.9 -1
v -0.8 1 -1
v -0.8 1.2 -1
v -0.8 1.3 -1
v -0.8 1.4 -1
v -0.7 1.3 -1
v -0.7 1.4 -1
v -0.7 1.5 -1
v -0.6 1.4 -1
v -0.5 1.4 -1
v -0.5 1.5 -1
v 1.1 1.4 -1
v 1.1 1.5 -1
v 1.2 1.3 -1
v 1.2 1.4 -1
v 1.2 1.5 -1
v 1.3 1.1 -1
v 1.3 1.2 -1
v 1.3 1.3 -1
v 1.4 1 -1
v 1.4 1.1 -1
v 1.4 1.2 -1
v 1.4 1.5 -1
v 1.5 0.9 -1
v 1.5 1 -1
v 1.5 1.1 -1
v 1.6 0.9 -1
v 1.6 1 -1
v -1.3 0.7 -1.1
v -1.3 0.8 -1.1
v -1.2 0.7 -1.1
v -1.2 0.8 -1.1
v -1.2 1 -1.1
v -1.1 0.8 -1.1
v -1.1 0.9 -1.1
v -1.1 1 -1.1
v -1.1 1.1 -1.1
v -1 1 -1.1
v -1 1.1 -1.1
v -1 1.2 -1.1
v -1 1.4 -1.1
v -1 1.5 -1.1
v -0.9 0.9 -1.1
v -0.9 1 -1.1
v -0.9 1.2 -1.1
v -0.9 1.3 -1.1
v -0.8 1.3 -1.1
v -0.8 1.4 -1.1
v -0.7 1.4 -1.1
v -0.7 1.5 -1.1
v 1.4 1.1 -1.1
v 1.4 1.2 -1.1
v 1.4 1.3 -1.1
v 1.4 1.5 -1.1
v 1.5 1 -1.1
v 1.5 1.1 -1.1
v 1.5 1.3 -1.1
v 1.5 1.4 -1.1
v 1.5 1.5 -1.1
v 1.6 0.7 -1.1
v 1.6 0.8 -1.1
v 1.6 0.9 -1.1
v 1.6 1 -1.1
v 1.6 1.4 -1.1
v 1.6 1.5 -1.1
v 1.7 0.7 -1.1
v 1.7 0.8 -1.1
v 1.7 0.9 -1.1
v -2 0.2 -1.2
v -2 0.3 -1.2
v -2 0.4 -1.2
v -1.9 0.2 -1.2
v -1.9 0.3 -1.2
v -1.9 0.4 -1.2
v -1.9 0.5 -1.2
v -1.8 0.4 -1.2
v -1.8 0.5 -1.2
v -1.5 0.8 -1.2
v -1.5 0.9 -1.2
v -1.5 1 -1.2
v -1.4 0.7 -1.2
v -1.4 0.8 -1.2
v -1.4 1 -1.2
v -1.4 1.1 -1.2
v -1.3 0.7 -1.2
v -1.3 0.8 -1.2
v -1.3 0.9 -1.2
v -1.2 0.8 -1.2
v -1.2 1 -1.2
v -1.2 1.1 -1.2
v -1.1 1 -1.2
v -1.1 1.1 -1.2
v -1.1 1.3 -1.2
v -1.1 1.4 -1.2
v -1.1 1.5 -1.2
v -1 1.1 -1.2
v -1 1.3 -1.2
v -1 1.4 -1.2
v -1 1.5 -1.2
v 1.6 0.9 -1.2
v 1.6 1 -1.2
v 1.7 0.6 -1.2
v 1.7 0.8 -1.2
v 1.7 0.9 -1.2
v 1.7 1 -1.2
v 1.8 0.6 -1.2
v 1.8 0.9 -1.2
v -2.1 0.2 -1.3
v -2.1 0.4 -1.3
v -2 0.2 -1.3
v -2 0.3 -1.3
v -2 0.4 -1.3
v -2 0.5 -1.3
v -1.9 0.4 -1.3
v -1.9 0.5 -1.3
v -1.8 0.5 -1.3
v -1.8 0.6 -1.3
v -1.7 0.7 -1.3
v -1.7 0.9 -1.3
v -1.6 0.5 -1.3
v -1.6 0.6 -1.3
v -1.6 0.7 -1.3
v -1.6 0.9 -1.3
v -1.6 1 -1.3
v -1.5 0.6 -1.3
v -1.5 0.7 -1.3
v -1.5 0.8 -1.3
v -1.5 0.9 -1.3
v -1.5 1 -1.3
v -1.5 1.1 -1.3
v -1.4 0.7 -1.3
v -1.4 0.8 -1.3
v -1.4 1 -1.3
v -1.4 1.1 -1.3
v -1.4 1.3 -1.3
v -1.4 1.5 -1.3
v -1.3 0.6 -1.3
v -1.3 0.7 -1.3
v -1.2 1.1 -1.3
v -1.2 1.3 -1.3
v -1.2 1.5 -1.3
v -1.1 1.1 -1.3
v -1.1 1.3 -1.3
v -1.1 1.4 -1.3
v -1.1 1.5 -1.3
v -0.5 1.5 -1.3
v -0.5 1.6 -1.3
v -0.4 1.5 -1.3
v -0.4 1.6 -1.3
v -0.4 1.7 -1.3
v 0.1 1.5 -1.3
v 0.1 1.7 -1.3
v 0.2 1.5 -1.3
v 0.2 1.7 -1.3
v 0.5 1.5 -1.3
v 0.5 1.6 -1.3
v 0.5 1.7 -1.3
v 0.6 1.5 -1.3
v 0.6 1.6 -1.3
v 1.4 1.5 -1.3
v 1.4 1.6 -1.3
v 1.5 1.5 -1.3
v 1.5 1.6 -1.3
v 1.5 1.7 -1.3
v 1.6 1 -1.3
v 1.6 1.1 -1.3
v 1.6 1.2 -1.3
v 1.6 1.3 -1.3
v 1.6 1.5 -1.3
v 1.7 0.9 -1.3
v 1.7 1 -1.3
v 1.7 1.6 -1.3
v 1.7 1.7 -1.3
v 1.8 0.6 -1.3
v 1.8 0.7 -1.3
v 1.8 0.9 -1.3
v 1.8 1 -1.3
v 1.8 1.3 -1.3
v 1.8 1.5 -1.3
v 1.8 1.6 -1.3
v 1.9 0.6 -1.3
v 1.9 0.7 -1.3
v -2.2 0.2 -1.4
v -2.2 0.3 -1.4
v -2.1 0.2 -1.4
v -2.1 0.3 -1.4
v -2.1 0.4 -1.4
v -2.1 0.5 -1.4
v -2 0.4 -1.4
v -2 0.5 -1.4
v -1.9 0.5 -1.4
v -1.9 0.6 -1.4
v -1.8 0.5 -1.4
v -1.8 0.6 -1.4
v -1.8 0.7 -1.4
v -1.8 0.8 -1.4
v -1.8 0.9 -1.4
v -1.7 0.6 -1.4
v -1.7 0.7 -1.4
v -1.7 0.8 -1.4
v -1.7 0.9 -1.4
v -1.7 1 -1.4
v -1.6 0.6 -1.4
v -1.6 0.7 -1.4
v -1.6 0.9 -1.4
v -1.6 1 -1.4
v -1.6 1.1 -1.4
v -1.5 1 -1.4
v -1.5 1.1 -1.4
v -1.5 1.2 -1.4
v -1.5 1.3 -1.4
v -1.5 1.5 -1.4
v -1.4 1.1 -1.4
v -1.4 1.2 -1.4
v -1.4 1.3 -1.4
v -1.4 1.5 -1.4
v -0.6 1.5 -1.4
v -0.6 1.6 -1.4
v -0.5 1.5 -1.4
v -0.5 1.6 -1.4
v -0.5 1.7 -1.4
v -0.4 1.6 -1.4
v -0.4 1.7 -1.4
v -0.4 1.8 -1.4
v 0 1.7 -1.4
v 0 1.8 -1.4
v 0.1 1.7 -1.4
v 0.1 1.8 -1.4
v 0.2 1.7 -1.4
v 0.2 1.8 -1.4
v 0.5 1.6 -1.4
v 0.5 1.7 -1.4
v 0.5 1.8 -1.4
v 0.6 1.5 -1.4
v 0.6 1.6 -1.4
v 0.8 1.5 -1.4
v 0.8 1.6 -1.4
v 0.8 1.7 -1.4
v 0.9 1.5 -1.4
v 0.9 1.6 -1.4
v 1.3 1.5 -1.4
v 1.3 1.6 -1.4
v 1.4 1.5 -1.4
v 1.4 1.6 -1.4
v 1.4 1.7 -1.4
v 1.5 1.6 -1.4
v 1.5 1.7 -1.4
v 1.5 1.8 -1.4
v 1.6 1.7 -1.4
v 1.6 1.8 -1.4
v 1.7 1.6 -1.4
v 1.7 1.7 -1.4
v 1.7 1.8 -1.4
v 1.8 0.7 -1.4
v 1.8 0.8 -1.4
v 1.8 1.4 -1.4
v 1.8 1.5 -1.4
v 1.8 1.6 -1.4
v 1.8 1.7 -1.4
v 1.9 0.6 -1.4
v 1.9 0.7 -1.4
v 1.9 0.8 -1.4
v 1.9 1.4 -1.4
v 1.9 1.6 -1.4
v 2 0.6 -1.4
v 2 0.7 -1.4
v -2.2 0.3 -1.5
v -2.2 0.4 -1.5
v -2.1 0.3 -1.5
v -2.1 0.4 -1.5
v -2 0.5 -1.5
v -2 0.6 -1.5
v -1.9 0.5 -1.5
v -1.9 0.6 -1.5
v -1.8 0.6 -1.5
v -1.8 0.7 -1.5
v -1.8 0.9 -1.5
v -1.8 1.2 -1.5
v -1.8 1.3 -1.5
v -1.8 1.5 -1.5
v -1.7 0.6 -1.5
v -1.7 0.7 -1.5
v -1.7 0.9 -1.5
v -1.7 1 -1.5
v -1.7 1.2 -1.5
v -1.7 1.3 -1.5
v -1.6 1 -1.5
v -1.6 1.1 -1.5
v -1.6 1.2 -1.5
v -1.5 1.1 -1.5
v -1.5 1.2 -1.5
v -1.5 1.3 -1.5
v -1.5 1.5 -1.5
v -1.3 1.5 -1.5
v -1.3 1.6 -1.5
v -1.2 1.6 -1.5
v -1.2 1.7 -1.5
v -1.1 1.5 -1.5
v -1 1.5 -1.5
v -1 1.6 -1.5
v -1 1.7 -1.5
v -1 1.8 -1.5
v -0.9 1.8 -1.5
v -0.9 1.9 -1.5
v -0.8 1.6 -1.5
v -0.8 1.7 -1.5
v -0.7 1.7 -1.5
v -0.7 1.8 -1.5
v -0.7 1.9 -1.5
v -0.6 1.5 -1.5
v -0.6 1.6 -1.5
v -0.6 1.7 -1.5
v -0.6 1.8 -1.5
v -0.5 1.6 -1.5
v -0.5 1.7 -1.5
v -0.5 1.8 -1.5
v -0.4 1.7 -1.5
v -0.4 1.8 -1.5
v 0.5 1.7 -1.5
v 0.5 1.8 -1.5
v 0.8 1.6 -1.5
v 0.8 1.7 -1.5
v 0.8 1.8 -1.5
v 0.9 1.5 -1.5
v 0.9 1.6 -1.5
v 0.9 1.7 -1.5
v 1 1.5 -1.5
v 1 1.6 -1.5
v 1.3 1.6 -1.5
v 1.3 1.7 -1.5
v 1.4 1.6 -1.5
v 1.4 1.7 -1.5
v 1.4 1.8 -1.5
v 1.5 1.7 -1.5
v 1.5 1.8 -1.5
v 1.7 1.7 -1.5
v 1.7 1.8 -1.5
v 1.8 0.8 -1.5
v 1.8 1.1 -1.5
v 1.8 1.2 -1.5
v 1.8 1.4 -1.5
v 1.8 1.6 -1.5
v 1.8 1.7 -1.5
v 1.8 1.8 -1.5
v 1.9 0.7 -1.5
v 1.9 0.8 -1.5
v 1.9 1.4 -1.5
v 1.9 1.6 -1.5
v 1.9 1.7 -1.5
v 2 0.7 -1.5
v 2 0.8 -1.5
v -2.3 0.2 -1.6
v -2.3 0.3 -1.6
v -2.2 0.2 -1.6
v -2.2 0.3 -1.6
v -2.2 0.4 -1.6
v -2.2 0.5 -1.6
v -2.1 0.4 -1.6
v -2.1 0.5 -1.6
v -1.9 0.6 -1.6
v -1.9 0.7 -1.6
v -1.8 0.6 -1.6
v -1.8 0.7 -1.6
v -1.7 1.5 -1.6
v -1.7 1.6 -1.6
v -1.6 1.6 -1.6
v -1.6 1.7 -1.6
v -1.5 1.6 -1.6
v -1.5 1.7 -1.6
v -1.4 1.5 -1.6
v -1.4 1.6 -1.6
v -1.3 1.5 -1.6
v -1.3 1.6 -1.6
v -1.3 1.7 -1.6
v -1.2 1.6 -1.6
v -1.2 1.7 -1.6
v -1.2 1.8 -1.6
v -1 1.7 -1.6
v -1 1.8 -1.6
v -1 1.9 -1.6
v -0.9 1.8 -1.6
v -0.9 1.9 -1.6
v -0.9 2 -1.6
v -0.7 1.8 -1.6
v -0.7 1.9 -1.6
v -0.7 2 -1.6
v -0.6 1.7 -1.6
v -0.6 1.8 -1.6
v -0.6 1.9 -1.6
v -0.5 1.7 -1.6
v -0.5 1.8 -1.6
v 0.8 1.7 -1.6
v 0.8 1.8 -1.6
v 0.9 1.6 -1.6
v 0.9 1.7 -1.6
v 0.9 1.8 -1.6
v 1 1.5 -1.6
v 1 1.6 -1.6
v 1 1.7 -1.6
v 1.1 1.5 -1.6
v 1.1 1.6 -1.6
v 2 0.5 -1.6
v 2 0.7 -1.6
v 2.1 0.5 -1.6
v 2.1 0.7 -1.6
v -2.3 0.3 -1.7
v -2.3 0.4 -1.7
v -2.2 0.3 -1.7
v -2.2 0.4 -1.7
v -2.1 0.5 -1.7
v -2.1 0.6 -1.7
v -2 0.5 -1.7
v -2 0.6 -1.7
v -2 0.7 -1.7
v -1.9 0.6 -1.7
v -1.9 0.7 -1.7
v -1.9 0.8 -1.7
v -1.8 0.7 -1.7
v -1.8 0.8 -1.7
v -1.8 1.5 -1.7
v -1.8 1.6 -1.7
v -1.7 1.5 -1.7
v -1.7 1.6 -1.7
v -1.7 1.7 -1.7
v -1.6 1.6 -1.7
v -1.6 1.7 -1.7
v -1.6 1.8 -1.7
v -1.5 1.7 -1.7
v -1.4 1.7 -1.7
v -1.4 1.8 -1.7
v -1.3 1.7 -1.7
v -1.2 1.7 -1.7
v -1.2 1.8 -1.7
v -1.1 1.8 -1.7
v -1.1 1.9 -1.7
v -1 1.8 -1.7
v -1 1.9 -1.7
v -1 2 -1.7
v -0.9 1.9 -1.7
v -0.9 2 -1.7
v -0.7 1.9 -1.7
v -0.7 2 -1.7
v -0.6 1.8 -1.7
v -0.6 1.9 -1.7
v -0.6 2 -1.7
v -0.5 1.8 -1.7
v -0.5 1.9 -1.7
v 0.9 1.7 -1.7
v 0.9 1.8 -1.7
v 1 1.6 -1.7
v 1 1.7 -1.7
v 1 1.8 -1.7
v 1.1 1.5 -1.7
v 1.1 1.6 -1.7
v 1.1 1.7 -1.7
v 1.2 1.5 -1.7
v 1.2 1.6 -1.7
v 1.9 0.8 -1.7
v 1.9 1.5 -1.7
v 2 0.2 -1.7
v 2 0.3 -1.7
v 2 0.4 -1.7
v 2 0.5 -1.7
v 2 0.7 -1.7
v 2 0.8 -1.7
v 2 1.5 -1.7
v 2.1 0.2 -1.7
v 2.1 0.3 -1.7
v 2.1 0.4 -1.7
v 2.1 0.5 -1.7
v 2.1 0.7 -1.7
v 2.1 0.8 -1.7
v -2 0.7 -1.8
v -2 0.8 -1.8
v -1.9 0.7 -1.8
v -1.9 0.8 -1.8
v -1.9 1.4 -1.8
v -1.9 1.6 -1.8
v -1.8 0.8 -1.8
v -1.8 1.4 -1.8
v -1.8 1.6 -1.8
v -1.8 1.7 -1.8
v -1.7 1.6 -1.8
v -1.7 1.7 -1.8
v -1.7 1.8 -1.8
v -1.6 1.7 -1.8
v -1.6 1.8 -1.8
v -0.3 1.8 -1.8
v -0.3 1.9 -1.8
v -0.2 1.8 -1.8
v -0.2 1.9 -1.8
v -0.2 2 -1.8
v 0 1.8 -1.8
v 0.2 1.8 -1.8
v 0.2 2 -1.8
v 0.4 1.9 -1.8
v 0.4 2 -1.8
v 0.5 1.8 -1.8
v 0.5 1.9 -1.8
v 0.5 2 -1.8
v 0.6 1.8 -1.8
v 0.6 1.9 -1.8
v 0.7 1.8 -1.8
v 0.7 1.9 -1.8
v 0.7 2 -1.8
v 0.8 1.8 -1.8
v 0.8 1.9 -1.8
v 1 1.7 -1.8
v 1 1.8 -1.8
v 1.1 1.6 -1.8
v 1.1 1.7 -1.8
v 1.1 1.8 -1.8
v 1.2 1.5 -1.8
v 1.2 1.6 -1.8
v 1.2 1.7 -1.8
v 1.3 1.5 -1.8
v 1.3 1.6 -1.8
v 2 0.3 -1.8
v 2 0.4 -1.8
v 2.1 0.3 -1.8
v 2.1 0.4 -1.8
v -1.9 1.6 -1.9
v -1.9 1.7 -1.9
v -1.8 1.6 -1.9
v -1.8 1.7 -1.9
v -1.8 1.8 -1.9
v -1.7 1.7 -1.9
v -1.7 1.8 -1.9
v -0.4 1.8 -1.9
v -0.4 1.9 -1.9
v -0.3 1.8 -1.9
v -0.3 1.9 -1.9
v -0.3 2 -1.9
v -0.2 1.9 -1.9
v -0.2 2 -1.9
v -0.2 2.1 -1.9
v -0.0999999 2 -1.9
v -0.0999999 2.1 -1.9
v 0.2 2 -1.9
v 0.4 2 -1.9
v 0.5 2 -1.9
v 0.6 2 -1.9
v 0.6 2.1 -1.9
v 0.7 1.9 -1.9
v 0.7 2 -1.9
v 0.7 2.1 -1.9
v 0.8 1.8 -1.9
v 0.8 1.9 -1.9
v 0.8 2 -1.9
v 0.9 1.8 -1.9
v 0.9 1.9 -1.9
v 1.2 1.6 -1.9
v 1.2 1.7 -1.9
v 1.3 1.6 -1.9
v 1.3 1.7 -1.9
v 1.3 1.8 -1.9
v 1.4 1.7 -1.9
v 1.4 1.8 -1.9
v 1.5 0.8 -1.9
v 1.5 1 -1.9
v 1.6 0.8 -1.9
v 1.6 1 -1.9
v -0.4 1.9 -2
v -0.4 2 -2
v -0.3 1.9 -2
v -0.3 2 -2
v -0.3 2.1 -2
v -0.2 2 -2
v -0.2 2.1 -2
v 0.7 2 -2
v 0.7 2.1 -2
v 0.8 1.9 -2
v 0.8 2 -2
v 0.8 2.1 -2
v 0.9 1.8 -2
v 0.9 1.9 -2
v 0.9 2 -2
v 1 1.8 -2
v 1 1.9 -2
v -0.5 1.8 -2.1
v -0.5 1.9 -2.1
v -0.4 1.8 -2.1
v -0.4 1.9 -2.1
v 0.8 2 -2.1
v 0.8 2.1 -2.1
v 0.9 1.9 -2.1
v 0.9 2 -2.1
v 0.9 2.1 -2.1
v 1 1.9 -2.1
v 1 2 -2.1
v -0.5 1.9 -2.2
v -0.5 2 -2.2
v -0.4 1.9 -2.2
v -0.4 2 -2.2
v -0.4 2.1 -2.2
v -0.3 2 -2.2
v -0.3 2.1 -2.2
v 1.8 1.5 -2.2
v 1.8 1.6 -2.2
v 1.9 1.5 -2.2
v 1.9 1.6 -2.2
v 2.1 0.2 -2.2
v 2.1 0.3 -2.2
v 2.2 0.2 -2.2
v 2.2 0.3 -2.2
v -1.4 1.7 -2.3
v -1.4 1.8 -2.3
v -1.3 1.6 -2.3
v -1.3 1.7 -2.3
v -1.3 1.8 -2.3
v -1.2 1.6 -2.3
v -1.2 1.7 -2.3
v 1.7 1.7 -2.3
v 1.7 1.8 -2.3
v 1.8 1.6 -2.3
v 1.8 1.7 -2.3
v 1.8 1.8 -2.3
v 1.9 1.6 -2.3
v 1.9 1.7 -2.3
v 2.1 0.3 -2.3
v 2.1 0.4 -2.3
v 2.1 0.5 -2.3
v 2.1 0.7 -2.3
v 2.2 0.3 -2.3
v 2.2 0.4 -2.3
v 2.2 0.5 -2.3
v 2.2 0.7 -2.3
v -1.2 1.5 -2.4
v -1.2 1.6 -2.4
v -1.2 1.7 -2.4
v -1.1 1.6 -2.4
v -1.1 1.7 -2.4
v -1 1.5 -2.4
v -1 1.6 -2.4
v 2 0.8 -2.4
v 2 1.5 -2.4
v 2.1 0.4 -2.4
v 2.1 0.5 -2.4
v 2.1 0.7 -2.4
v 2.1 0.8 -2.4
v 2.1 1.5 -2.4
v 2.2 0.4 -2.4
v 2.2 0.5 -2.4
v 2.2 0.7 -2.4
v 2.2 0.8 -2.4
v -1.3 1.7 -2.5
v -1.3 1.8 -2.5
v -1.2 1.7 -2.5
v -1.2 1.8 -2.5
v -1.1 1.6 -2.5
v -1.1 1.7 -2.5
v -1.1 1.8 -2.5
v -1 1.5 -2.5
v -1 1.6 -2.5
v -0.9 1.5 -2.5
v -0.9 1.6 -2.5
v -0.9 1.7 -2.5
v -0.8 1.5 -2.5
v -0.8 1.6 -2.5
v -1.1 1.7 -2.6
v -1.1 1.8 -2.6
v -0.9 1.6 -2.6
v -0.9 1.7 -2.6
v -0.9 1.8 -2.6
v -0.8 1.6 -2.6
v -0.7 1.6 -2.6
v -0.7 1.7 -2.6
v 1.2 1.5 -2.6
v 1.2 1.6 -2.6
v 1.3 1.5 -2.6
v 1.3 1.6 -2.6
v -0.9 1.7 -2.7
v -0.9 1.8 -2.7
v -0.7 1.6 -2.7
v -0.7 1.7 -2.7
v -0.7 1.8 -2.7
v -0.6 1.6 -2.7
v -0.6 1.7 -2.7
v 1.1 1.6 -2.7
v 1.1 1.7 -2.7
v 1.2 1.6 -2.7
v 1.3 1.6 -2.7
v 1.3 1.7 -2.7
v 1.3 1.8 -2.7
v 1.4 1.7 -2.7
v 1.4 1.8 -2.7
v -0.7 1.7 -2.8
v -0.7 1.8 -2.8
v -0.6 1.6 -2.8
v -0.6 1.7 -2.8
v -0.6 1.8 -2.8
v -0.5 1.6 -2.8
v -0.5 1.7 -2.8
v 1 1.6 -2.8
v 1 1.7 -2.8
v 1.1 1.6 -2.8
v 1.1 1.7 -2.8
v 1.1 1.8 -2.8
v 1.2 1.7 -2.8
v 1.2 1.8 -2.8
v 1.3 1.7 -2.8
v 1.3 1.8 -2.8
v -0.5 1.6 -2.9
v -0.5 1.7 -2.9
v -0.4 1.6 -2.9
v -0.4 1.7 -2.9
v 0.9 1.7 -2.9
v 0.9 1.8 -2.9
v 1 1.7 -2.9
v 1.1 1.7 -2.9
v 1.1 1.8 -2.9
v -0.6 1.7 -3
v -0.6 1.8 -3
v -0.4 1.7 -3
v -0.3 1.6 -3
v -0.3 1.7 -3
v -0.3 1.8 -3
v -0.2 1.6 -3
v -0.2 1.7 -3
v -0.0999999 1.7 -3
v -0.0999999 1.8 -3
v 0.1 1.7 -3
v 0.1 1.8 -3
v 0.6 1.7 -3
v 0.6 1.8 -3
v 0.9 1.7 -3
v 0.9 1.8 -3
v -0.3 1.7 -3.1
v -0.3 1.8 -3.1
v -0.0999999 1.7 -3.1
v -0.0999999 1.8 -3.1
v 0.1 1.7 -3.1
v 0.1 1.8 -3.1
v 0.2 1.7 -3.1
v 0.2 1.8 -3.1
v 0.3 1.7 -3.1
v 0.3 1.8 -3.1
v -0.3 1.2 -3.4
v -0.3 1.3 -3.4
v -0.0999999 1.2 -3.4
v -0.0999999 1.3 -3.4
v 0.1 1.2 -3.4
v 0.1 1.3 -3.4
v 0.3 1.1 -3.4
v 0.3 1.2 -3.4
v 0.3 1.3 -3.4
v 0.5 1.1 -3.4
v 0.5 1.2 -3.4
v -0.7 1.1 -3.5
v -0.7 1.2 -3.5
v -0.6 1.1 -3.5
v -0.6 1.2 -3.5
v -0.6 1.3 -3.5
v -0.5 1.2 -3.5
v -0.5 1.3 -3.5
v 0.3 1.2 -3.5
v 0.3 1.3 -3.5
v 0.4 1.2 -3.5
v 0.4 1.3 -3.5
v 0.5 1.1 -3.5
v 0.5 1.2 -3.5
v 0.6 1 -3.5
v 0.6 1.1 -3.5
v 0.6 1.2 -3.5
v 0.7 1 -3.5
v 0.7 1.1 -3.5
v 0.7 0.9 -3.6
v 0.7 1 -3.6
v 0.8 0.9 -3.6
v 1 0.9 -3.6
v 1 1 -3.6
v -0.9 0.9 -3.7
v -0.9 1 -3.7
v -0.8 0.9 -3.7
v -0.8 1 -3.7
v 1 0.9 -3.7
v 1 1 -3.7
v 1.1 0.9 -3.7
v 1.1 1 -3.7
v -1 0.5 3.6
v -1 0.6 3.6
v -0.9 0.5 3.6
v -0.9 0.6 3.6
v 0.1 0.5 3.5
v 0.1 0.6 3.5
v 0.6 0.5 3.5
v 0.6 0.6 3.5
v 2.4 0.5 3.5
v 2.4 0.6 3.5
v 2.7 0.5 3.5
v 2.7 0.6 3.5
v 0.6 0.5 3.4
v 0.6 0.6 3.4
v 0.7 0.5 3.4
v 0.7 0.6 3.4
v 2.9 0.5 3.4
v 2.9 0.6 3.4
v 3.3 0.5 3.4
v 3.3 0.6 3.4
v 3.1 0.4 3.3
v 3.1 0.5 3.3
v 3.2 0.4 3.3
v 3.2 0.5 3.3
v 3.3 0.5 3.2
v 3.3 0.6 3.2
v 3.4 0.5 3.2
v 3.4 0.6 3.2
v 3.2 0.4 3.1
v 3.2 0.5 3.1
v 3.3 0.4 3.1
v 3.3 0.5 3.1
v 3.7 0.5 2.6
v 3.7 0.6 2.6
v 3.8 0.5 2.6
v 3.8 0.6 2.6
v 2.4 0.5 2.5
v 2.4 0.6 2.5
v 2.6 0.5 2.5
v 2.6 0.6 2.5
v 2.6 0.5 2.4
v 2.6 0.6 2.4
v 3.1 0.5 2.4
v 3.1 0.6 2.4
v 3.6 0.5 2.2
v 3.6 0.6 2.2
v 3.7 0.5 2.2
v 3.7 0.6 2.2
v 3.4 0.5 2.1
v 3.4 0.6 2.1
v 3.6 0.5 2.1
v 3.6 0.6 2.1
v 3.7 0.4 2.1
v 3.7 0.5 2.1
v 3.8 0.4 2.1
v 3.8 0.5 2.1
v 3.3 0.5 2
v 3.3 0.6 2
v 3.4 0.5 2
v 3.4 0.6 2
v 3.5 0.4 2
v 3.5 0.5 2
v 3.6 0.3 2
v 3.6 0.4 2
v 3.7 0.2 2
v 3.7 0.3 2
v 3.7 0.4 2
v 3.7 0.5 2
v 3.8 0.2 2
v 3.8 0.4 2
v 3.2 0.5 1.9
v 3.2 0.6 1.9
v 3.3 0.5 1.9
v 3.3 0.6 1.9
v 3.4 0.3 1.9
v 3.4 0.5 1.9
v 3.5 0.2 1.9
v 3.5 0.3 1.9
v 3.5 0.4 1.9
v 3.5 0.5 1.9
v 3.6 0.3 1.9
v 3.6 0.4 1.9
v 3.7 0.2 1.9
v 3.7 0.3 1.9
v 3.1 0.5 1.8
v 3.1 0.6 1.8
v 3.2 0.5 1.8
v 3.2 0.6 1.8
v 3.3 0.4 1.8
v 3.3 0.5 1.8
v 3.4 0.2 1.8
v 3.4 0.3 1.8
v 3.4 0.4 1.8
v 3.4 0.5 1.8
v 3.5 0.2 1.8
v 3.5 0.3 1.8
v 2.9 0.5 1.7
v 2.9 0.6 1.7
v 3.1 0.5 1.7
v 3.1 0.6 1.7
v 3.2 0.4 1.7
v 3.2 0.5 1.7
v 3.3 0.2 1.7
v 3.3 0.4 1.7
v 3.3 0.5 1.7
v 3.4 0.2 1.7
v 3.4 0.4 1.7
v 2.6 0.5 1.6
v 2.6 0.6 1.6
v 2.9 0.5 1.6
v 2.9 0.6 1.6
v 3 0.4 1.6
v 3 0.5 1.6
v 3.1 0.3 1.6
v 3.1 0.4 1.6
v 3.2 0.2 1.6
v 3.2 0.3 1.6
v 3.2 0.4 1.6
v 3.2 0.5 1.6
v 3.3 0.2 1.6
v 3.3 0.4 1.6
v 2.8 0.4 1.5
v 2.8 0.5 1.5
v 2.9 0.3 1.5
v 2.9 0.4 1.5
v 3 0.2 1.5
v 3 0.3 1.5
v 3 0.4 1.5
v 3 0.5 1.5
v 3.1 0.3 1.5
v 3.1 0.4 1.5
v 3.2 0.2 1.5
v 3.2 0.3 1.5
v 2.9 0.2 1.4
v 2.9 0.3 1.4
v 3 0.2 1.4
v 3 0.3 1.4
v -3.7 0.5 1.2
v -3.7 0.6 1.2
v -3.6 0.5 1.2
v -3.6 0.6 1.2
v -3.6 0.5 1.1
v -3.6 0.6 1.1
v -3.5 0.5 1.1
v -3.5 0.6 1.1
v -3.7 0.4 1
v -3.7 0.5 1
v -3.6 0.4 1
v -3.6 0.5 1
v -3.5 0.5 1
v -3.5 0.6 1
v -3.4 0.5 1
v -3.4 0.6 1
v 2.2 0.6 1
v 2.2 0.7 1
v 2.3 0.6 1
v 2.3 0.7 1
v 2.5 0.6 1
v 2.5 0.7 1
v 2.6 0.6 1
v 2.6 0.7 1
v 2.8 0.3 1
v 2.8 0.4 1
v 2.9 0.3 1
v 2.9 0.4 1
v -3.7 0.2 0.9
v -3.7 0.4 0.9
v -3.6 0.2 0.9
v -3.6 0.4 0.9
v -3.6 0.5 0.9
v -3.5 0.4 0.9
v -3.5 0.5 0.9
v -3.4 0.5 0.9
v -3.4 0.6 0.9
v -3.3 0.5 0.9
v -3.3 0.6 0.9
v 2.3 0.6 0.9
v 2.3 0.7 0.9
v 2.5 0.6 0.9
v 2.5 0.7 0.9
v 2.6 0.5 0.9
v 2.6 0.6 0.9
v 2.7 0.4 0.9
v 2.7 0.5 0.9
v 2.7 0.6 0.9
v 2.8 0.2 0.9
v 2.8 0.3 0.9
v 2.8 0.4 0.9
v 2.8 0.5 0.9
v 2.9 0.2 0.9
v 2.9 0.3 0.9
v -3.6 0.2 0.8
v -3.6 0.4 0.8
v -3.5 0.2 0.8
v -3.5 0.4 0.8
v -3.5 0.5 0.8
v -3.4 0.4 0.8
v -3.4 0.5 0.8
v -3.3 0.5 0.8
v -3.3 0.6 0.8
v -3.1 0.5 0.8
v -3.1 0.6 0.8
v 2 0.8 0.8
v 2 0.9 0.8
v 2.1 0.7 0.8
v 2.1 0.8 0.8
v 2.1 0.9 0.8
v 2.2 0.7 0.8
v 2.2 0.8 0.8
v 2.4 0.5 0.8
v 2.4 0.6 0.8
v 2.5 0.5 0.8
v 2.5 0.6 0.8
v 2.6 0.3 0.8
v 2.6 0.5 0.8
v 2.6 0.6 0.8
v 2.7 0.2 0.8
v 2.7 0.3 0.8
v 2.7 0.4 0.8
v 2.7 0.5 0.8
v 2.8 0.2 0.8
v 2.8 0.4 0.8
v -3.5 0.2 0.7
v -3.5 0.4 0.7
v -3.4 0.2 0.7
v -3.4 0.3 0.7
v -3.4 0.4 0.7
v -3.4 0.5 0.7
v -3.3 0.3 0.7
v -3.3 0.4 0.7
v -3.2 0.4 0.7
v -3.2 0.5 0.7
v -3.1 0.5 0.7
v -3.1 0.6 0.7
v -2.9 0.5 0.7
v -2.9 0.6 0.7
v 2.1 0.6 0.7
v 2.1 0.7 0.7
v 2.2 0.6 0.7
v 2.2 0.7 0.7
v -3.4 0.2 0.6
v -3.4 0.3 0.6
v -3.3 0.3 0.6
v -3.3 0.4 0.6
v -3.2 0.2 0.6
v -3.2 0.3 0.6
v -3.2 0.4 0.6
v -3.2 0.5 0.6
v -3.1 0.3 0.6
v -3.1 0.4 0.6
v -3 0.4 0.6
v -3 0.5 0.6
v -2.9 0.5 0.6
v -2.9 0.6 0.6
v -2.7 0.5 0.6
v -2.7 0.6 0.6
v -3.2 0.2 0.5
v -3.2 0.3 0.5
v -3.1 0.3 0.5
v -3.1 0.4 0.5
v -3 0.2 0.5
v -3 0.3 0.5
v -3 0.4 0.5
v -3 0.5 0.5
v -2.9 0.3 0.5
v -2.9 0.4 0.5
v -2.8 0.4 0.5
v -2.8 0.5 0.5
v -2.7 0.5 0.5
v -2.7 0.6 0.5
v -2.6 0.5 0.5
v -2.6 0.6 0.5
v -3 0.2 0.4
v -3 0.3 0.4
v -2.9 0.3 0.4
v -2.9 0.4 0.4
v -2.8 0.2 0.4
v -2.8 0.4 0.4
v -2.8 0.5 0.4
v -2.7 0.4 0.4
v -2.7 0.5 0.4
v -2.6 0.5 0.4
v -2.6 0.6 0.4
v -2.2 0.5 0.4
v -2.2 0.6 0.4
v -2 0.7 0.4
v -2 0.8 0.4
v -1.9 0.7 0.4
v -1.9 0.8 0.4
v -1.7 0.7 0.4
v -1.7 0.8 0.4
v -1.6 0.7 0.4
v -1.6 0.8 0.4
v 1.9 0.8 0.4
v 1.9 0.9 0.4
v 2 0.7 0.4
v 2 0.8 0.4
v 2 0.9 0.4
v 2.1 0.7 0.4
v 2.1 0.8 0.4
v -2.8 0.2 0.3
v -2.8 0.4 0.3
v -2.7 0.2 0.3
v -2.7 0.3 0.3
v -2.7 0.4 0.3
v -2.7 0.5 0.3
v -2.6 0.3 0.3
v -2.6 0.4 0.3
v -2.3 0.4 0.3
v -2.3 0.5 0.3
v -2.2 0.5 0.3
v -2.2 0.6 0.3
v -2.1 0.5 0.3
v -2.1 0.6 0.3
v -2.1 0.7 0.3
v -2 0.6 0.3
v -2 0.7 0.3
v -1.9 0.7 0.3
v -1.9 0.8 0.3
v -1.8 0.7 0.3
v -1.7 0.7 0.3
v -1.7 0.8 0.3
v -1.6 0.6 0.3
v -1.6 0.7 0.3
v -1.5 0.6 0.3
v -1.5 0.7 0.3
v 1.6 1.1 0.3
v 1.6 1.2 0.3
v 1.7 1 0.3
v 1.7 1.1 0.3
v 1.7 1.2 0.3
v 1.8 1 0.3
v 1.8 1.1 0.3
v 2 0.6 0.3
v 2 0.7 0.3
v 2.1 0.6 0.3
v 2.1 0.7 0.3
v -2.7 0.2 0.2
v -2.7 0.3 0.2
v -2.6 0.3 0.2
v -2.6 0.4 0.2
v -2.3 0.2 0.2
v -2.3 0.3 0.2
v -2.3 0.4 0.2
v -2.3 0.5 0.2
v -2.2 0.3 0.2
v -2.2 0.4 0.2
v -2.2 0.5 0.2
v -2.1 0.4 0.2
v -2.1 0.5 0.2
v -2.1 0.6 0.2
v -2 0.6 0.2
v -2 0.7 0.2
v -1.9 0.5 0.2
v -1.9 0.6 0.2
v -1.8 0.6 0.2
v -1.8 0.7 0.2
v -1.6 0.6 0.2
v -1.6 0.7 0.2
v -2.3 0.2 0.0999999
v -2.3 0.3 0.0999999
v -2.2 0.3 0.0999999
v -2.2 0.4 0.0999999
v -2.1 0.2 0.0999999
v -2.1 0.3 0.0999999
v -2.1 0.4 0.0999999
v -2.1 0.5 0.0999999
v -2 0.3 0.0999999
v -2 0.5 0.0999999
v -1.9 0.5 0.0999999
v -1.9 0.6 0.0999999
v -1.8 0.5 0.0999999
v -1.8 0.6 0.0999999
v -1.3 0.7 0.0999999
v -1.3 0.8 0.0999999
v -1.2 0.7 0.0999999
v -1.2 0.8 0.0999999
v -1.2 0.9 0.0999999
v -1.1 0.8 0.0999999
v -1.1 0.9 0.0999999
v -1.3 0.6 0
v -1.3 0.7 0
v -1.2 0.6 0
v -1.2 0.7 0
v 1.6 1.1 0
v 1.6 1.2 0
v 1.7 1 0
v 1.7 1.1 0
v 1.7 1.2 0
v 1.8 1 0
v 1.8 1.1 0
v 1.5 1.1 -0.1
v 1.5 1.2 -0.1
v 1.6 1 -0.1
v 1.6 1.1 -0.1
v 1.6 1.2 -0.1
v 1.7 0.9 -0.1
v 1.7 1 -0.1
v 1.7 1.1 -0.1
v 1.8 0.9 -0.1
v 1.8 1 -0.1
v 1.4 1.1 -0.2
v 1.4 1.2 -0.2
v 1.5 1 -0.2
v 1.5 1.1 -0.2
v 1.5 1.2 -0.2
v 1.6 0.9 -0.2
v 1.6 1 -0.2
v 1.6 1.1 -0.2
v 1.7 0.9 -0.2
v 1.7 1 -0.2
v 1.8 0.8 -0.2
v 1.8 0.9 -0.2
v 1.9 0.7 -0.2
v 1.9 0.8 -0.2
v 1.9 0.9 -0.2
v 2 0.7 -0.2
v 2 0.8 -0.2
v 2.4 0.5 -0.2
v 2.4 0.6 -0.2
v 2.5 0.5 -0.2
v 2.5 0.6 -0.2
v 2.6 0.3 -0.2
v 2.6 0.4 -0.2
v 2.7 0.3 -0.2
v 2.7 0.4 -0.2
v 1.3 1.1 -0.3
v 1.3 1.2 -0.3
v 1.4 1 -0.3
v 1.4 1.1 -0.3
v 1.4 1.2 -0.3
v 1.5 0.9 -0.3
v 1.5 1 -0.3
v 1.5 1.1 -0.3
v 1.6 0.9 -0.3
v 1.6 1 -0.3
v 1.9 0.6 -0.3
v 1.9 0.7 -0.3
v 2 0.6 -0.3
v 2 0.7 -0.3
v 2.5 0.4 -0.3
v 2.5 0.5 -0.3
v 2.6 0.2 -0.3
v 2.6 0.3 -0.3
v 2.6 0.4 -0.3
v 2.6 0.5 -0.3
v 2.7 0.2 -0.3
v 2.7 0.3 -0.3
v 1.2 1.1 -0.4
v 1.2 1.2 -0.4
v 1.3 1 -0.4
v 1.3 1.1 -0.4
v 1.3 1.2 -0.4
v 1.4 0.9 -0.4
v 1.4 1 -0.4
v 1.4 1.1 -0.4
v 1.5 0.9 -0.4
v 1.5 1 -0.4
v 1.3 0.9 -0.5
v 1.3 1 -0.5
v 1.4 0.9 -0.5
v 1.4 1 -0.5
v 2.3 0.5 -0.5
v 2.3 0.6 -0.5
v 2.4 0.5 -0.5
v 2.4 0.6 -0.5
v 2.5 0.3 -0.5
v 2.5 0.4 -0.5
v 2.6 0.3 -0.5
v 2.6 0.4 -0.5
v 1.1 1.1 -0.6
v 1.1 1.2 -0.6
v 1.2 1 -0.6
v 1.2 1.1 -0.6
v 1.2 1.2 -0.6
v 1.3 1 -0.6
v 1.3 1.1 -0.6
v 1.7 0.8 -0.6
v 1.7 0.9 -0.6
v 1.8 0.7 -0.6
v 1.8 0.8 -0.6
v 1.8 0.9 -0.6
v 1.9 0.7 -0.6
v 1.9 0.8 -0.6
v 2.4 0.4 -0.6
v 2.4 0.5 -0.6
v 2.5 0.2 -0.6
v 2.5 0.3 -0.6
v 2.5 0.4 -0.6
v 2.5 0.5 -0.6
v 2.6 0.2 -0.6
v 2.6 0.3 -0.6
v -2.3 0.3 -0.7
v -2.3 0.4 -0.7
v -2.2 0.3 -0.7
v -2.2 0.4 -0.7
v -2.1 0.5 -0.7
v -2.1 0.6 -0.7
v -2 0.5 -0.7
v -2 0.6 -0.7
v 1.2 0.9 -0.7
v 1.2 1 -0.7
v 1.3 0.9 -0.7
v 1.3 1 -0.7
v 1.8 0.6 -0.7
v 1.8 0.7 -0.7
v 1.9 0.6 -0.7
v 1.9 0.7 -0.7
v -2.3 0.2 -0.8
v -2.3 0.3 -0.8
v -2.2 0.2 -0.8
v -2.2 0.3 -0.8
v -2.2 0.4 -0.8
v -2.2 0.5 -0.8
v -2.1 0.4 -0.8
v -2.1 0.5 -0.8
v -2 0.5 -0.8
v -2 0.6 -0.8
v -1.9 0.5 -0.8
v -1.9 0.6 -0.8
v -2.2 0.2 -0.9
v -2.2 0.3 -0.9
v -2.2 0.4 -0.9
v -2.1 0.2 -0.9
v -2.1 0.3 -0.9
v -2.1 0.4 -0.9
v -2.1 0.5 -0.9
v -2 0.4 -0.9
v -2 0.5 -0.9
v -1.9 0.5 -0.9
v -1.9 0.6 -0.9
v -1.8 0.5 -0.9
v -1.8 0.6 -0.9
v 1.6 0.8 -0.9
v 1.6 0.9 -0.9
v 1.7 0.7 -0.9
v 1.7 0.8 -0.9
v 1.7 0.9 -0.9
v 1.8 0.7 -0.9
v 1.8 0.8 -0.9
v -2.1 0.2 -1
v -2.1 0.4 -1
v -2 0.2 -1
v -2 0.4 -1
v -2 0.5 -1
v -1.9 0.4 -1
v -1.9 0.5 -1
v -1.8 0.5 -1
v -1.8 0.6 -1
v -1.7 0.5 -1
v -1.7 0.6 -1
v 1.6 0.7 -1
v 1.6 0.8 -1
v 1.7 0.6 -1
v 1.7 0.7 -1
v 1.7 0.8 -1
v 1.8 0.6 -1
v 1.8 0.7 -1
v 2.2 0.5 -1
v 2.2 0.6 -1
v 2.3 0.5 -1
v 2.3 0.6 -1
v 2.4 0.3 -1
v 2.4 0.4 -1
v 2.5 0.3 -1
v 2.5 0.4 -1
v -2 0.2 -1.1
v -2 0.4 -1.1
v -1.9 0.2 -1.1
v -1.9 0.4 -1.1
v -1.9 0.5 -1.1
v -1.8 0.4 -1.1
v -1.8 0.5 -1.1
v -1.7 0.5 -1.1
v -1.7 0.6 -1.1
v -1.6 0.5 -1.1
v -1.6 0.6 -1.1
v 2.3 0.4 -1.1
v 2.3 0.5 -1.1
v 2.4 0.2 -1.1
v 2.4 0.3 -1.1
v 2.4 0.4 -1.1
v 2.4 0.5 -1.1
v 2.5 0.2 -1.1
v 2.5 0.3 -1.1
v 2.1 0.5 -1.2
v 2.1 0.6 -1.2
v 2.2 0.5 -1.2
v 2.2 0.6 -1.2
v 2.3 0.3 -1.2
v 2.3 0.4 -1.2
v 2.4 0.3 -1.2
v 2.4 0.4 -1.2
v 2 0.5 -1.3
v 2 0.6 -1.3
v 2.1 0.5 -1.3
v 2.1 0.6 -1.3
v 2.2 0.4 -1.3
v 2.2 0.5 -1.3
v 2.3 0.2 -1.3
v 2.3 0.3 -1.3
v 2.3 0.4 -1.3
v 2.3 0.5 -1.3
v 2.4 0.2 -1.3
v 2.4 0.3 -1.3
v 2.1 0.4 -1.4
v 2.1 0.5 -1.4
v 2.2 0.2 -1.4
v 2.2 0.4 -1.4
v 2.2 0.5 -1.4
v 2.3 0.2 -1.4
v 2.3 0.4 -1.4
v 2 0.4 -1.5
v 2 0.5 -1.5
v 2.1 0.2 -1.5
v 2.1 0.4 -1.5
v 2.1 0.5 -1.5
v 2.2 0.2 -1.5
v 2.2 0.4 -1.5
v 2 0.2 -1.6
v 2 0.4 -1.6
v 2.1 0.2 -1.6
v 2.1 0.4 -1.6
v 1.5 0.8 -1.8
v 1.5 1 -1.8
v 1.6 0.8 -1.8
v 1.6 1 -1.8
v -1.1 1.8 -1.9
v -1.1 1.9 -1.9
v -1 1.8 -1.9
v -1 1.9 -1.9
v -1 2 -1.9
v -0.9 1.9 -1.9
v -0.9 2 -1.9
v -0.7 1.9 -1.9
v -0.7 2 -1.9
v -0.6 1.8 -1.9
v -0.6 1.9 -1.9
v -0.6 2 -1.9
v -0.5 1.8 -1.9
v -0.5 1.9 -1.9
v 1.7 1.7 -1.9
v 1.7 1.8 -1.9
v 1.8 1.6 -1.9
v 1.8 1.7 -1.9
v 1.8 1.8 -1.9
v 1.9 1.6 -1.9
v 1.9 1.7 -1.9
v -1 1.8 -2
v -1 1.9 -2
v -0.9 1.8 -2
v -0.9 1.9 -2
v -0.9 2 -2
v -0.8 1.9 -2
v -0.8 2 -2
v -0.7 1.8 -2
v -0.7 1.9 -2
v -0.7 2 -2
v -0.6 1.8 -2
v -0.6 1.9 -2
v 1.8 1.5 -2
v 1.8 1.6 -2
v 1.9 1.5 -2
v 1.9 1.6 -2
v -1.4 1.7 -2.1
v -1.4 1.8 -2.1
v -1.3 1.7 -2.1
v -1.2 1.7 -2.1
v -1.1 1.7 -2.1
v -1.1 1.8 -2.1
v -1 1.6 -2.1
v -1 1.7 -2.1
v -0.9 1.5 -2.1
v -0.9 1.6 -2.1
v -0.9 1.7 -2.1
v -0.9 1.8 -2.1
v -0.9 1.9 -2.1
v -0.8 1.5 -2.1
v -0.8 1.6 -2.1
v -0.8 1.7 -2.1
v -0.7 1.7 -2.1
v -0.7 1.8 -2.1
v -0.7 1.9 -2.1
v -1.3 1.6 -2.2
v -1.3 1.7 -2.2
v -1.2 1.5 -2.2
v -1.2 1.6 -2.2
v -1.2 1.7 -2.2
v -1 1.6 -2.2
v -1 1.7 -2.2
v -0.9 1.5 -2.2
v -0.9 1.6 -2.2
v -0.5 1.9 -2.4
v -0.5 2 -2.4
v -0.4 1.9 -2.4
v -0.4 2 -2.4
v -0.4 2.1 -2.4
v -0.3 2 -2.4
v -0.3 2.1 -2.4
v 1.2 1.6 -2.4
v 1.2 1.7 -2.4
v 1.3 1.6 -2.4
v 1.3 1.7 -2.4
v 1.3 1.8 -2.4
v 1.4 1.7 -2.4
v 1.4 1.8 -2.4
v -1.9 1.6 -2.5
v -1.9 1.7 -2.5
v -1.8 1.6 -2.5
v -1.8 1.7 -2.5
v -1.8 1.8 -2.5
v -1.7 1.7 -2.5
v -1.7 1.8 -2.5
v -0.8 1.6 -2.5
v -0.8 1.7 -2.5
v -0.7 1.6 -2.5
v -0.7 1.7 -2.5
v -0.7 1.8 -2.5
v -0.6 1.7 -2.5
v -0.6 1.8 -2.5
v -0.5 1.8 -2.5
v -0.5 1.9 -2.5
v -0.4 1.8 -2.5
v -0.4 1.9 -2.5
v -0.4 2 -2.5
v -0.3 1.9 -2.5
v -0.3 2 -2.5
v -0.3 2.1 -2.5
v -0.2 2 -2.5
v -0.2 2.1 -2.5
v 1.2 1.5 -2.5
v 1.2 1.6 -2.5
v 1.3 1.5 -2.5
v 1.3 1.6 -2.5
v -2 0.7 -2.6
v -2 0.8 -2.6
v -1.9 0.7 -2.6
v -1.9 0.8 -2.6
v -1.9 1.5 -2.6
v -1.9 1.6 -2.6
v -1.8 0.8 -2.6
v -1.8 1.5 -2.6
v -1.8 1.6 -2.6
v -0.7 1.6 -2.6
v -0.7 1.7 -2.6
v -0.6 1.6 -2.6
v -0.6 1.7 -2.6
v -0.6 1.8 -2.6
v -0.5 1.7 -2.6
v -0.5 1.8 -2.6
v -0.4 1.8 -2.6
v -0.4 1.9 -2.6
v -0.3 1.8 -2.6
v -0.3 1.9 -2.6
v -0.3 2 -2.6
v -0.2 1.9 -2.6
v -0.2 2 -2.6
v -0.2 2.1 -2.6
v 0 2 -2.6
v 0.1 2 -2.6
v 0.1 2.1 -2.6
v 0.8 2 -2.6
v 0.8 2.1 -2.6
v 0.9 1.9 -2.6
v 0.9 2 -2.6
v 0.9 2.1 -2.6
v 1 1.7 -2.6
v 1 1.8 -2.6
v 1 1.9 -2.6
v 1 2 -2.6
v 1.1 1.6 -2.6
v 1.1 1.7 -2.6
v 1.1 1.8 -2.6
v 1.2 1.6 -2.6
v 1.2 1.7 -2.6
v 2 0.8 -2.6
v 2 1.5 -2.6
v 2.1 0.4 -2.6
v 2.1 0.5 -2.6
v 2.1 0.7 -2.6
v 2.1 0.8 -2.6
v 2.1 1.5 -2.6
v 2.2 0.4 -2.6
v 2.2 0.5 -2.6
v 2.2 0.7 -2.6
v 2.2 0.8 -2.6
v -2.3 0.3 -2.7
v -2.3 0.4 -2.7
v -2.2 0.3 -2.7
v -2.2 0.4 -2.7
v -2.1 0.5 -2.7
v -2.1 0.6 -2.7
v -2 0.5 -2.7
v -2 0.6 -2.7
v -2 0.7 -2.7
v -1.9 0.6 -2.7
v -1.9 0.7 -2.7
v -1.8 1.6 -2.7
v -1.8 1.7 -2.7
v -1.7 1.6 -2.7
v -1.7 1.7 -2.7
v -1.7 1.8 -2.7
v -1.6 1.7 -2.7
v -1.6 1.8 -2.7
v -0.6 1.6 -2.7
v -0.6 1.7 -2.7
v -0.5 1.6 -2.7
v -0.5 1.7 -2.7
v -0.5 1.8 -2.7
v -0.4 1.7 -2.7
v -0.4 1.8 -2.7
v -0.3 1.8 -2.7
v -0.3 1.9 -2.7
v -0.2 1.8 -2.7
v -0.2 1.9 -2.7
v -0.2 2 -2.7
v 0 1.8 -2.7
v 0 1.9 -2.7
v 0 2 -2.7
v 0.1 1.9 -2.7
v 0.1 2 -2.7
v 0.1 2.1 -2.7
v 0.2 2 -2.7
v 0.3 2 -2.7
v 0.5 2 -2.7
v 0.6 2 -2.7
v 0.7 2 -2.7
v 0.8 1.9 -2.7
v 0.8 2 -2.7
v 0.8 2.1 -2.7
v 0.9 1.7 -2.7
v 0.9 1.8 -2.7
v 0.9 1.9 -2.7
v 0.9 2 -2.7
v 1 1.6 -2.7
v 1 1.7 -2.7
v 1 1.8 -2.7
v 1 1.9 -2.7
v 1.1 1.6 -2.7
v 1.1 1.7 -2.7
v 2.1 0.5 -2.7
v 2.1 0.7 -2.7
v 2.2 0.5 -2.7
v 2.2 0.7 -2.7
v -2.3 0.2 -2.8
v -2.3 0.3 -2.8
v -2.2 0.2 -2.8
v -2.2 0.3 -2.8
v -2.2 0.4 -2.8
v -2.2 0.5 -2.8
v -2.1 0.4 -2.8
v -2.1 0.5 -2.8
v -2 0.5 -2.8
v -2 0.6 -2.8
v -1.9 0.5 -2.8
v -1.9 0.6 -2.8
v -1.8 1.5 -2.8
v -1.8 1.6 -2.8
v -1.7 1.5 -2.8
v -1.7 1.6 -2.8
v -1.7 1.7 -2.8
v -1.6 1.6 -2.8
v -1.6 1.7 -2.8
v -1.6 1.8 -2.8
v -1.5 1.7 -2.8
v -1.5 1.8 -2.8
v -0.5 1.6 -2.8
v -0.5 1.7 -2.8
v -0.4 1.6 -2.8
v -0.4 1.7 -2.8
v -0.4 1.8 -2.8
v -0.3 1.7 -2.8
v -0.3 1.8 -2.8
v -0.2 1.7 -2.8
v -0.2 1.8 -2.8
v 0 1.8 -2.8
v 0 1.9 -2.8
v 0.1 1.9 -2.8
v 0.1 2 -2.8
v 0.2 1.9 -2.8
v 0.2 2 -2.8
v 0.3 1.8 -2.8
v 0.3 1.9 -2.8
v 0.3 2 -2.8
v 0.5 1.8 -2.8
v 0.5 1.9 -2.8
v 0.5 2 -2.8
v 0.6 1.8 -2.8
v 0.6 1.9 -2.8
v 0.6 2 -2.8
v 0.7 1.7 -2.8
v 0.7 1.8 -2.8
v 0.7 1.9 -2.8
v 0.7 2 -2.8
v 0.8 1.8 -2.8
v 0.8 1.9 -2.8
v 0.8 2 -2.8
v 0.9 1.7 -2.8
v 0.9 1.8 -2.8
v 0.9 1.9 -2.8
v 2.1 0.3 -2.8
v 2.1 0.4 -2.8
v 2.2 0.3 -2.8
v 2.2 0.4 -2.8
v -2.2 0.2 -2.9
v -2.2 0.4 -2.9
v -2.1 0.2 -2.9
v -2.1 0.4 -2.9
v -2.1 0.5 -2.9
v -2 0.4 -2.9
v -2 0.5 -2.9
v -1.9 0.7 -2.9
v -1.9 0.8 -2.9
v -1.8 0.7 -2.9
v -1.8 0.8 -2.9
v -1.8 1.4 -2.9
v -1.8 1.5 -2.9
v -1.7 0.8 -2.9
v -1.7 1.4 -2.9
v -1.7 1.5 -2.9
v -1.7 1.6 -2.9
v -1.6 1.5 -2.9
v -1.6 1.6 -2.9
v -1.6 1.7 -2.9
v -1.5 1.6 -2.9
v -1.5 1.7 -2.9
v -1.5 1.8 -2.9
v -1.3 1.7 -2.9
v -1.3 1.8 -2.9
v -0.3 1.6 -2.9
v -0.3 1.7 -2.9
v -0.2 1.6 -2.9
v -0.2 1.7 -2.9
v -0.2 1.8 -2.9
v 0.1 1.7 -2.9
v 0.1 1.8 -2.9
v 0.6 1.7 -2.9
v 0.6 1.8 -2.9
v 0.7 1.7 -2.9
v 0.7 1.8 -2.9
v 1.7 1.7 -2.9
v 1.7 1.8 -2.9
v 1.8 1.6 -2.9
v 1.8 1.7 -2.9
v 1.8 1.8 -2.9
v 1.9 1.6 -2.9
v 1.9 1.7 -2.9
v 2.1 0.2 -2.9
v 2.1 0.3 -2.9
v 2.2 0.2 -2.9
v 2.2 0.3 -2.9
v -2.1 0.3 -3
v -2.1 0.4 -3
v -2 0.3 -3
v -2 0.4 -3
v -1.9 0.5 -3
v -1.9 0.7 -3
v -1.8 0.5 -3
v -1.8 0.7 -3
v -1.6 1.5 -3
v -1.6 1.6 -3
v -1.5 1.6 -3
v -1.5 1.7 -3
v -1.4 1.5 -3
v -1.4 1.6 -3
v -1.3 1.6 -3
v -1.3 1.7 -3
v -1.3 1.8 -3
v -1.1 1.7 -3
v -1.1 1.8 -3
v 0.1 1.7 -3
v 0.1 1.8 -3
v 0.3 1.7 -3
v 0.3 1.8 -3
v 1.6 1.7 -3
v 1.6 1.8 -3
v 1.7 1.6 -3
v 1.7 1.7 -3
v 1.7 1.8 -3
v 1.8 1.5 -3
v 1.8 1.6 -3
v 1.8 1.7 -3
v 1.9 1.5 -3
v 1.9 1.6 -3
v -2.1 0.2 -3.1
v -2.1 0.3 -3.1
v -2 0.2 -3.1
v -2 0.3 -3.1
v -2 0.4 -3.1
v -2 0.5 -3.1
v -1.9 0.4 -3.1
v -1.9 0.5 -3.1
v -1.8 0.7 -3.1
v -1.8 0.8 -3.1
v -1.7 0.7 -3.1
v -1.7 0.8 -3.1
v -1.7 1.3 -3.1
v -1.7 1.5 -3.1
v -1.6 0.8 -3.1
v -1.6 1.3 -3.1
v -1.6 1.5 -3.1
v -1.4 1.5 -3.1
v -1.4 1.6 -3.1
v -1.3 1.6 -3.1
v -1.3 1.7 -3.1
v -1.2 1.5 -3.1
v -1.2 1.6 -3.1
v -1.1 1.6 -3.1
v -1.1 1.7 -3.1
v -1.1 1.8 -3.1
v -0.9 1.7 -3.1
v -0.9 1.8 -3.1
v 1.5 1.7 -3.1
v 1.5 1.8 -3.1
v 1.6 1.6 -3.1
v 1.6 1.7 -3.1
v 1.6 1.8 -3.1
v 1.7 1.5 -3.1
v 1.7 1.6 -3.1
v 1.7 1.7 -3.1
v 1.8 1.5 -3.1
v 1.8 1.6 -3.1
v 1.9 0.8 -3.1
v 1.9 1.5 -3.1
v 2 0.4 -3.1
v 2 0.5 -3.1
v 2 0.7 -3.1
v 2 0.8 -3.1
v 2 1.5 -3.1
v 2.1 0.4 -3.1
v 2.1 0.5 -3.1
v 2.1 0.7 -3.1
v 2.1 0.8 -3.1
v -2 0.3 -3.2
v -2 0.4 -3.2
v -1.9 0.3 -3.2
v -1.9 0.4 -3.2
v -1.8 0.5 -3.2
v -1.8 0.7 -3.2
v -1.7 0.5 -3.2
v -1.7 0.7 -3.2
v -1.2 1.5 -3.2
v -1.2 1.6 -3.2
v -1.1 1.6 -3.2
v -1.1 1.7 -3.2
v -1 1.5 -3.2
v -1 1.6 -3.2
v -0.9 1.6 -3.2
v -0.9 1.7 -3.2
v -0.9 1.8 -3.2
v -0.7 1.7 -3.2
v -0.7 1.8 -3.2
v 1.3 1.7 -3.2
v 1.3 1.8 -3.2
v 1.5 1.6 -3.2
v 1.5 1.7 -3.2
v 1.5 1.8 -3.2
v 1.6 1.5 -3.2
v 1.6 1.6 -3.2
v 1.6 1.7 -3.2
v 1.7 1.5 -3.2
v 1.7 1.6 -3.2
v 1.8 0.8 -3.2
v 1.8 1.5 -3.2
v 1.9 0.7 -3.2
v 1.9 0.8 -3.2
v 1.9 1.5 -3.2
v 2 0.5 -3.2
v 2 0.7 -3.2
v 2 0.8 -3.2
v 2.1 0.5 -3.2
v 2.1 0.7 -3.2
v -2 0.2 -3.3
v -2 0.3 -3.3
v -1.9 0.2 -3.3
v -1.9 0.3 -3.3
v -1.9 0.4 -3.3
v -1.9 0.5 -3.3
v -1.8 0.4 -3.3
v -1.8 0.5 -3.3
v -1.7 0.7 -3.3
v -1.7 0.8 -3.3
v -1.6 0.7 -3.3
v -1.6 0.8 -3.3
v -1.6 1.3 -3.3
v -1.6 1.5 -3.3
v -1.5 0.8 -3.3
v -1.5 0.9 -3.3
v -1.4 0.9 -3.3
v -1.4 1 -3.3
v -1.3 1 -3.3
v -1.3 1.1 -3.3
v -1.2 1.1 -3.3
v -1.2 1.3 -3.3
v -1.2 1.5 -3.3
v -1 1.5 -3.3
v -1 1.6 -3.3
v -0.9 1.6 -3.3
v -0.9 1.7 -3.3
v -0.8 1.5 -3.3
v -0.8 1.6 -3.3
v -0.7 1.6 -3.3
v -0.7 1.7 -3.3
v -0.7 1.8 -3.3
v -0.6 1.7 -3.3
v -0.6 1.8 -3.3
v -0.3 1.2 -3.3
v -0.3 1.3 -3.3
v -0.3 1.7 -3.3
v -0.3 1.8 -3.3
v -0.0999999 1.2 -3.3
v -0.0999999 1.3 -3.3
v -0.0999999 1.7 -3.3
v -0.0999999 1.8 -3.3
v 0.1 1.2 -3.3
v 0.1 1.3 -3.3
v 0.1 1.7 -3.3
v 0.1 1.8 -3.3
v 0.3 1.1 -3.3
v 0.3 1.2 -3.3
v 0.3 1.3 -3.3
v 0.3 1.7 -3.3
v 0.3 1.8 -3.3
v 1.1 1 -3.3
v 1.1 1.1 -3.3
v 1.1 1.2 -3.3
v 1.1 1.3 -3.3
v 1.1 1.7 -3.3
v 1.1 1.8 -3.3
v 1.2 0.9 -3.3
v 1.2 1 -3.3
v 1.3 0.9 -3.3
v 1.3 1.3 -3.3
v 1.3 1.4 -3.3
v 1.3 1.6 -3.3
v 1.3 1.7 -3.3
v 1.3 1.8 -3.3
v 1.4 1.4 -3.3
v 1.4 1.6 -3.3
v 1.5 0.8 -3.3
v 1.5 0.9 -3.3
v 1.5 1 -3.3
v 1.5 1.3 -3.3
v 1.5 1.4 -3.3
v 1.5 1.6 -3.3
v 1.5 1.7 -3.3
v 1.6 1 -3.3
v 1.6 1.3 -3.3
v 1.6 1.5 -3.3
v 1.6 1.6 -3.3
v 1.8 0.7 -3.3
v 1.8 0.8 -3.3
v 1.8 1.5 -3.3
v 1.9 0.5 -3.3
v 1.9 0.7 -3.3
v 1.9 0.8 -3.3
v 2 0.5 -3.3
v 2 0.7 -3.3
v -1.9 0.2 -3.4
v -1.9 0.4 -3.4
v -1.8 0.2 -3.4
v -1.8 0.4 -3.4
v -1.8 0.5 -3.4
v -1.7 0.4 -3.4
v -1.7 0.5 -3.4
v -1.7 0.7 -3.4
v -1.6 0.5 -3.4
v -1.6 0.7 -3.4
v -1.6 0.8 -3.4
v -1.5 0.7 -3.4
v -1.5 0.8 -3.4
v -1.5 0.9 -3.4
v -1.4 0.8 -3.4
v -1.4 0.9 -3.4
v -1.4 1 -3.4
v -1.3 0.9 -3.4
v -1.3 1 -3.4
v -1.3 1.1 -3.4
v -1.2 1 -3.4
v -1.2 1.1 -3.4
v -1.2 1.3 -3.4
v -1.2 1.5 -3.4
v -0.9 1.3 -3.4
v -0.9 1.4 -3.4
v -0.8 1.5 -3.4
v -0.8 1.6 -3.4
v -0.7 1.4 -3.4
v -0.7 1.6 -3.4
v -0.7 1.7 -3.4
v -0.6 1.1 -3.4
v -0.6 1.2 -3.4
v -0.6 1.3 -3.4
v -0.6 1.4 -3.4
v -0.6 1.6 -3.4
v -0.6 1.7 -3.4
v -0.6 1.8 -3.4
v -0.5 1.2 -3.4
v -0.5 1.3 -3.4
v -0.3 1.3 -3.4
v -0.3 1.4 -3.4
v -0.3 1.6 -3.4
v -0.3 1.7 -3.4
v -0.3 1.8 -3.4
v -0.0999999 1.3 -3.4
v -0.0999999 1.4 -3.4
v -0.0999999 1.6 -3.4
v -0.0999999 1.7 -3.4
v -0.0999999 1.8 -3.4
v 0.1 1.3 -3.4
v 0.1 1.4 -3.4
v 0.1 1.6 -3.4
v 0.1 1.7 -3.4
v 0.1 1.8 -3.4
v 0.2 1.4 -3.4
v 0.3 1.2 -3.4
v 0.3 1.3 -3.4
v 0.3 1.4 -3.4
v 0.3 1.6 -3.4
v 0.3 1.7 -3.4
v 0.3 1.8 -3.4
v 0.5 1.2 -3.4
v 0.6 1 -3.4
v 0.6 1.1 -3.4
v 0.7 0.9 -3.4
v 0.7 1 -3.4
v 0.9 0.9 -3.4
v 1.1 0.9 -3.4
v 1.1 1 -3.4
v 1.1 1.1 -3.4
v 1.1 1.2 -3.4
v 1.1 1.3 -3.4
v 1.1 1.4 -3.4
v 1.1 1.6 -3.4
v 1.1 1.7 -3.4
v 1.1 1.8 -3.4
v 1.2 0.9 -3.4
v 1.2 1 -3.4
v 1.2 1.4 -3.4
v 1.2 1.6 -3.4
v 1.3 1.3 -3.4
v 1.3 1.4 -3.4
v 1.3 1.6 -3.4
v 1.3 1.7 -3.4
v 1.4 1.4 -3.4
v 1.4 1.6 -3.4
v 1.6 0.6 -3.4
v 1.6 0.8 -3.4
v 1.8 0.7 -3.4
v 1.8 0.8 -3.4
v 1.9 0.6 -3.4
v 1.9 0.7 -3.4
v -1.8 0.2 -3.5
v -1.8 0.4 -3.5
v -1.7 0.2 -3.5
v -1.7 0.4 -3.5
v -1.7 0.5 -3.5
v -1.6 0.4 -3.5
v -1.6 0.5 -3.5
v -1.6 0.7 -3.5
v -1.5 0.5 -3.5
v -1.5 0.7 -3.5
v -1.5 0.8 -3.5
v -1.4 0.7 -3.5
v -1.4 0.8 -3.5
v -1.4 0.9 -3.5
v -1.3 0.9 -3.5
v -1.3 1 -3.5
v -1.2 0.7 -3.5
v -1.2 0.8 -3.5
v -1.2 1 -3.5
v -1.2 1.1 -3.5
v -1.1 0.7 -3.5
v -1.1 0.8 -3.5
v -1 0.8 -3.5
v -1 0.9 -3.5
v -0.8 0.9 -3.5
v -0.8 1.1 -3.5
v -0.7 1.4 -3.5
v -0.7 1.6 -3.5
v -0.6 1.3 -3.5
v -0.6 1.4 -3.5
v -0.6 1.5 -3.5
v -0.6 1.6 -3.5
v -0.6 1.7 -3.5
v -0.5 1.3 -3.5
v -0.4 1.4 -3.5
v -0.4 1.5 -3.5
v -0.3 1.3 -3.5
v -0.3 1.4 -3.5
v -0.3 1.6 -3.5
v -0.3 1.7 -3.5
v -0.0999999 1.3 -3.5
v -0.0999999 1.4 -3.5
v -0.0999999 1.5 -3.5
v -0.0999999 1.6 -3.5
v -0.0999999 1.7 -3.5
v 0 1.4 -3.5
v 0 1.5 -3.5
v 0.1 1.3 -3.5
v 0.1 1.4 -3.5
v 0.1 1.6 -3.5
v 0.1 1.7 -3.5
v 0.2 1.4 -3.5
v 0.2 1.5 -3.5
v 0.3 1.3 -3.5
v 0.3 1.4 -3.5
v 0.3 1.6 -3.5
v 0.3 1.7 -3.5
v 0.4 1.3 -3.5
v 0.6 1.5 -3.5
v 0.6 1.6 -3.5
v 0.8 1.5 -3.5
v 0.8 1.6 -3.5
v 1 1.4 -3.5
v 1 1.5 -3.5
v 1.1 1.3 -3.5
v 1.1 1.4 -3.5
v 1.1 1.6 -3.5
v 1.1 1.7 -3.5
v 1.2 1.4 -3.5
v 1.2 1.6 -3.5
v 1.4 0.8 -3.5
v 1.4 0.9 -3.5
v 1.5 0.7 -3.5
v 1.5 0.8 -3.5
v 1.5 0.9 -3.5
v 1.6 0.7 -3.5
v 1.6 0.8 -3.5
v -1.7 0.2 -3.6
v -1.7 0.4 -3.6
v -1.6 0.2 -3.6
v -1.6 0.4 -3.6
v -1.6 0.5 -3.6
v -1.5 0.4 -3.6
v -1.5 0.5 -3.6
v -1.5 0.7 -3.6
v -1.4 0.5 -3.6
v -1.4 0.6 -3.6
v -1.4 0.7 -3.6
v -1.4 0.8 -3.6
v -1.2 0.7 -3.6
v -1.2 0.8 -3.6
v -1.1 0.6 -3.6
v -1.1 0.7 -3.6
v 1.5 0.6 -3.6
v 1.5 0.7 -3.6
v 1.6 0.6 -3.6
v 1.6 0.7 -3.6
v -1.6 0.3 -3.7
v -1.6 0.4 -3.7
v -1.5 0.3 -3.7
v -1.5 0.4 -3.7
v -1.4 0.5 -3.7
v -1.4 0.6 -3.7
v -1.3 0.5 -3.7
v -1.3 0.6 -3.7
v -1.1 0.7 -3.7
v -1.1 0.8 -3.7
v -1 0.7 -3.7
v -1 0.8 -3.7
v -0.8 1 -3.7
v -0.8 1.1 -3.7
v -0.7 1 -3.7
v -0.7 1.1 -3.7
v -0.7 1.2 -3.7
v -0.6 1.1 -3.7
v -0.6 1.2 -3.7
v -0.6 1.3 -3.7
v -0.5 1.2 -3.7
v -0.5 1.3 -3.7
v 0.3 1.2 -3.7
v 0.3 1.3 -3.7
v 0.4 1.2 -3.7
v 0.4 1.3 -3.7
v 0.5 1.1 -3.7
v 0.5 1.2 -3.7
v 0.6 1 -3.7
v 0.6 1.1 -3.7
v 0.6 1.2 -3.7
v 0.7 1 -3.7
v 0.7 1.1 -3.7
v 1.3 0.8 -3.7
v 1.3 0.9 -3.7
v 1.4 0.7 -3.7
v 1.4 0.8 -3.7
v 1.4 0.9 -3.7
v 1.5 0.7 -3.7
v 1.5 0.8 -3.7
v 1.8 0.5 -3.7
v 1.8 0.6 -3.7
v 1.9 0.5 -3.7
v 1.9 0.6 -3.7
v 2 0.3 -3.7
v 2 0.4 -3.7
v 2.1 0.3 -3.7
v 2.1 0.4 -3.7
v -3.7 0 -3.8
v -3.7 0.2 -3.8
v -1.6 0.2 -3.8
v -1.6 0.3 -3.8
v -1.5 0.3 -3.8
v -1.5 0.5 -3.8
v -1.3 0.5 -3.8
v -1.3 0.6 -3.8
v -1.1 0.6 -3.8
v -1.1 0.7 -3.8
v -1 0.7 -3.8
v -1 0.9 -3.8
v -0.9 0.7 -3.8
v -0.9 0.8 -3.8
v -0.9 0.9 -3.8
v -0.9 1 -3.8
v -0.8 0.8 -3.8
v -0.8 1 -3.8
v -0.7 1 -3.8
v -0.7 1.1 -3.8
v -0.6 1.1 -3.8
v -0.6 1.2 -3.8
v -0.5 1.1 -3.8
v -0.5 1.2 -3.8
v -0.5 1.3 -3.8
v -0.4 1 -3.8
v -0.4 1.1 -3.8
v -0.2 1 -3.8
v -0.2 1.1 -3.8
v 0 1 -3.8
v 0 1.1 -3.8
v 0.3 1.2 -3.8
v 0.3 1.3 -3.8
v 0.5 0.9 -3.8
v 0.5 1 -3.8
v 0.5 1.1 -3.8
v 0.5 1.2 -3.8
v 0.6 0.8 -3.8
v 0.6 0.9 -3.8
v 0.6 1 -3.8
v 0.6 1.1 -3.8
v 1.1 0.9 -3.8
v 1.1 1 -3.8
v 1.2 0.7 -3.8
v 1.2 0.8 -3.8
v 1.3 0.5 -3.8
v 1.3 0.7 -3.8
v 1.3 0.8 -3.8
v 1.3 0.9 -3.8
v 1.4 0.4 -3.8
v 1.4 0.5 -3.8
v 1.4 0.7 -3.8
v 1.4 0.8 -3.8
v 1.5 0.6 -3.8
v 1.5 0.7 -3.8
v 1.7 0.3 -3.8
v 1.7 0.4 -3.8
v 1.8 0.5 -3.8
v 1.8 0.6 -3.8
v 1.9 0.2 -3.8
v 1.9 0.3 -3.8
v 2 0.3 -3.8
v 2 0.5 -3.8
v 2.1 0.2 -3.8
v 2.1 0.3 -3.8
v 3.8 0 -3.8
v 3.8 0.2 -3.8
v -3.7 0 3.7
v 3.8 0 3.7
v 2 0 -1.4
v 2.2 0 -1.4
v 1.9 0 -1.5
v 2 0 -1.5
v 2.1 0 -1.6
v 2.2 0 -1.6
v 1.9 0 -1.7
v 2.1 0 -1.7
v -2.6 0 -3.2
v -2.4 0 -3.2
v -2.6 0 -3.4
v -2.4 0 -3.4
v -3.7 0 -3.8
v 3.8 0 -3.8
v 2 0.4 -1.7
v 2.1 0.4 -1.7
v 2 0.4 -1.8
v 2.1 0.4 -1.8
v 2 0.5 -1.6
v 2.1 0.5 -1.6
v 2 0.5 -1.7
v 2.1 0.5 -1.7
v 2.1 0.5 -2.3
v 2.2 0.5 -2.3
v 2.1 0.5 -2.4
v 2.2 0.5 -2.4
v 2.1 0.5 -2.6
v 2.2 0.5 -2.6
v 2.1 0.5 -2.7
v 2.2 0.5 -2.7
v 2 0.5 -3.1
v 2.1 0.5 -3.1
v 2 0.5 -3.2
v 2.1 0.5 -3.2
v -1.4 0.7 -1.2
v -1.3 0.7 -1.2
v -1.7 0.7 -1.3
v -1.6 0.7 -1.3
v -1.4 0.7 -1.3
v -1.3 0.7 -1.3
v -1.8 0.7 -1.4
v -1.7 0.7 -1.4
v -1.6 0.7 -1.4
v -1.8 0.7 -1.5
v -1.7 0.7 -1.5
v -1.5 0.8 -1.2
v -1.4 0.8 -1.2
v -1.5 0.8 -1.3
v -1.4 0.8 -1.3
v -0.9 1 -0.9
v -0.8 1 -0.9
v -1 1 -1
v -0.9 1 -1
v -0.8 1 -1
v -1 1 -1.1
v -0.9 1 -1.1
v 1.5 1 -1.8
v 1.6 1 -1.8
v 1.5 1 -1.9
v 1.6 1 -1.9
v 0.3 1.2 -3.3
v 1.1 1.2 -3.3
v 0.3 1.2 -3.4
v 0.5 1.2 -3.4
v 1.1 1.2 -3.4
v -0.3 1.3 -3.3
v -0.0999999 1.3 -3.3
v 0.1 1.3 -3.3
v 0.3 1.3 -3.3
v 1.1 1.3 -3.3
v 1.3 1.3 -3.3
v -0.6 1.3 -3.4
v -0.5 1.3 -3.4
v -0.3 1.3 -3.4
v -0.0999999 1.3 -3.4
v 0.1 1.3 -3.4
v 0.3 1.3 -3.4
v 1.1 1.3 -3.4
v 1.3 1.3 -3.4
v -0.6 1.3 -3.5
v -0.5 1.3 -3.5
v 0.3 1.3 -3.5
v 0.4 1.3 -3.5
v 1.1 1.3 -3.5
v 1.8 1.4 -1.4
v 1.9 1.4 -1.4
v 1.8 1.4 -1.5
v 1.9 1.4 -1.5
v 1.3 1.4 -3.3
v 1.4 1.4 -3.3
v -0.7 1.4 -3.4
v -0.6 1.4 -3.4
v -0.3 1.4 -3.4
v -0.0999999 1.4 -3.4
v 0.1 1.4 -3.4
v 0.2 1.4 -3.4
v 0.3 1.4 -3.4
v 1.1 1.4 -3.4
v 1.2 1.4 -3.4
v 1.3 1.4 -3.4
v 1.4 1.4 -3.4
v -0.7 1.4 -3.5
v -0.6 1.4 -3.5
v -0.3 1.4 -3.5
v -0.0999999 1.4 -3.5
v 0.1 1.4 -3.5
v 0.2 1.4 -3.5
v 0.3 1.4 -3.5
v 1.1 1.4 -3.5
v 1.2 1.4 -3.5
v -3.7 0.2 3.7
v -3.4 0.2 3.7
v -3.5 0.2 3.6
v -3.4 0.2 3.6
v -3.6 0.2 3.5
v -3.5 0.2 3.5
v -3.7 0.2 3.4
v -3.6 0.2 3.4
v 3.7 0.2 2
v 3.8 0.2 2
v 3.5 0.2 1.9
v 3.7 0.2 1.9
v 3.4 0.2 1.8
v 3.5 0.2 1.8
v 3.3 0.2 1.7
v 3.4 0.2 1.7
v 3.2 0.2 1.6
v 3.3 0.2 1.6
v 3 0.2 1.5
v 3.2 0.2 1.5
v 2.9 0.2 1.4
v 3 0.2 1.4
v 2.9 0.2 1
v 3 0.2 1
v -3.7 0.2 0.9
v -3.6 0.2 0.9
v 2.8 0.2 0.9
v 2.9 0.2 0.9
v -3.6 0.2 0.8
v -3.5 0.2 0.8
v 2.7 0.2 0.8
v 2.8 0.2 0.8
v 2.9 0.2 0.8
v -3.5 0.2 0.7
v -3.4 0.2 0.7
v -3.4 0.2 0.6
v -3.2 0.2 0.6
v -3.2 0.2 0.5
v -3 0.2 0.5
v -3 0.2 0.4
v -2.8 0.2 0.4
v -2.8 0.2 0.3
v -2.7 0.2 0.3
v -2.7 0.2 0.2
v -2.3 0.2 0.2
v -2.3 0.2 0.0999999
v -2.1 0.2 0.0999999
v -2.2 0.2 -0.1
v -2.1 0.2 -0.1
v -2.3 0.2 -0.2
v -2.2 0.2 -0.2
v -2.3 0.2 -0.3
v -2.2 0.2 -0.3
v 2.6 0.2 -0.3
v 2.7 0.2 -0.3
v 2.5 0.2 -0.6
v 2.6 0.2 -0.6
v -2.3 0.2 -0.7
v -2.3 0.2 -0.8
v -2.2 0.2 -0.8
v -2.2 0.2 -0.9
v -2.1 0.2 -0.9
v 2.5 0.2 -0.9
v 2.6 0.2 -0.9
v -2.1 0.2 -1
v -2 0.2 -1
v -2 0.2 -1.1
v -1.9 0.2 -1.1
v 2.4 0.2 -1.1
v 2.5 0.2 -1.1
v -2 0.2 -1.2
v -1.9 0.2 -1.2
v 2.4 0.2 -1.2
v 2.5 0.2 -1.2
v -2.1 0.2 -1.3
v -2 0.2 -1.3
v 2.3 0.2 -1.3
v 2.4 0.2 -1.3
v -2.2 0.2 -1.4
v -2.1 0.2 -1.4
v 2.2 0.2 -1.4
v 2.3 0.2 -1.4
v 2.4 0.2 -1.4
v 2.1 0.2 -1.5
v 2.2 0.2 -1.5
v -2.3 0.2 -1.6
v -2.2 0.2 -1.6
v 2 0.2 -1.6
v 2.1 0.2 -1.6
v 2.2 0.2 -1.6
v 2.3 0.2 -1.6
v 2 0.2 -1.7
v 2.1 0.2 -1.7
v 2.2 0.2 -1.7
v 2.1 0.2 -1.9
v 2.2 0.2 -1.9
v 2.1 0.2 -2.2
v 2.2 0.2 -2.2
v 2.3 0.2 -2.2
v 2.2 0.2 -2.6
v 2.3 0.2 -2.6
v -2.3 0.2 -2.8
v -2.2 0.2 -2.8
v -2.2 0.2 -2.9
v -2.1 0.2 -2.9
v 2.1 0.2 -2.9
v 2.2 0.2 -2.9
v -2.6 0.2 -3.1
v -2.4 0.2 -3.1
v -2.1 0.2 -3.1
v -2 0.2 -3.1
v -2.7 0.2 -3.2
v -2.6 0.2 -3.2
v -2.4 0.2 -3.2
v -2.3 0.2 -3.2
v -2 0.2 -3.3
v -1.9 0.2 -3.3
v -2.7 0.2 -3.4
v -2.6 0.2 -3.4
v -2.4 0.2 -3.4
v -2.3 0.2 -3.4
v -1.9 0.2 -3.4
v -1.8 0.2 -3.4
v -2.6 0.2 -3.5
v -2.4 0.2 -3.5
v -1.8 0.2 -3.5
v -1.7 0.2 -3.5
v -1.7 0.2 -3.6
v -1.6 0.2 -3.6
v 2.1 0.2 -3.6
v 2.2 0.2 -3.6
v -3.7 0.2 -3.8
v -1.6 0.2 -3.8
v 2.1 0.2 -3.8
v 3.8 0.2 -3.8
v 3.6 0.3 2
v 3.7 0.3 2
v 3.4 0.3 1.9
v 3.5 0.3 1.9
v 3.6 0.3 1.9
v 3.7 0.3 1.9
v 3.4 0.3 1.8
v 3.5 0.3 1.8
v 3.1 0.3 1.6
v 3.2 0.3 1.6
v 2.9 0.3 1.5
v 3 0.3 1.5
v 3.1 0.3 1.5
v 3.2 0.3 1.5
v 2.9 0.3 1.4
v 3 0.3 1.4
v 2.8 0.3 1
v 2.9 0.3 1
v 2.8 0.3 0.9
v 2.9 0.3 0.9
v 2.6 0.3 0.8
v 2.7 0.3 0.8
v -3.4 0.3 0.7
v -3.3 0.3 0.7
v 2.6 0.3 0.7
v 2.7 0.3 0.7
v -3.4 0.3 0.6
v -3.3 0.3 0.6
v -3.2 0.3 0.6
v -3.1 0.3 0.6
v -3.2 0.3 0.5
v -3.1 0.3 0.5
v -3 0.3 0.5
v -2.9 0.3 0.5
v -3 0.3 0.4
v -2.9 0.3 0.4
v -2.7 0.3 0.3
v -2.6 0.3 0.3
v -2.7 0.3 0.2
v -2.6 0.3 0.2
v -2.3 0.3 0.2
v -2.2 0.3 0.2
v -2.3 0.3 0.0999999
v -2.2 0.3 0.0999999
v -2.1 0.3 0.0999999
v -2 0.3 0.0999999
v -2.1 0.3 0
v -2 0.3 0
v -2.2 0.3 -0.1
v -2.1 0.3 -0.1
v -2.2 0.3 -0.2
v -2.1 0.3 -0.2
v 2.6 0.3 -0.2
v 2.7 0.3 -0.2
v -2.3 0.3 -0.3
v -2.2 0.3 -0.3
v 2.6 0.3 -0.3
v 2.7 0.3 -0.3
v -2.3 0.3 -0.4
v -2.2 0.3 -0.4
v 2.5 0.3 -0.5
v 2.6 0.3 -0.5
v 2.5 0.3 -0.6
v 2.6 0.3 -0.6
v -2.3 0.3 -0.7
v -2.2 0.3 -0.7
v -2.3 0.3 -0.8
v -2.2 0.3 -0.8
v 2.4 0.3 -1
v 2.5 0.3 -1
v 2.4 0.3 -1.1
v 2.5 0.3 -1.1
v 2.3 0.3 -1.2
v 2.4 0.3 -1.2
v 2.3 0.3 -1.3
v 2.4 0.3 -1.3
v -2.2 0.3 -1.4
v -2.1 0.3 -1.4
v -2.2 0.3 -1.5
v -2.1 0.3 -1.5
v -2.3 0.3 -1.6
v -2.2 0.3 -1.6
v -2.3 0.3 -1.7
v -2.2 0.3 -1.7
v 2 0.3 -1.7
v 2.1 0.3 -1.7
v 2 0.3 -1.8
v 2.1 0.3 -1.8
v 2.1 0.3 -2.2
v 2.2 0.3 -2.2
v 2.1 0.3 -2.3
v 2.2 0.3 -2.3
v -2.3 0.3 -2.7
v -2.2 0.3 -2.7
v -2.3 0.3 -2.8
v -2.2 0.3 -2.8
v 2.1 0.3 -2.8
v 2.2 0.3 -2.8
v 2.1 0.3 -2.9
v 2.2 0.3 -2.9
v -2.1 0.3 -3
v -2 0.3 -3
v -2.1 0.3 -3.1
v -2 0.3 -3.1
v -2 0.3 -3.2
v -1.9 0.3 -3.2
v -2 0.3 -3.3
v -1.9 0.3 -3.3
v -1.6 0.3 -3.7
v -1.5 0.3 -3.7
v 2 0.3 -3.7
v 2.1 0.3 -3.7
v -1.6 0.3 -3.8
v -1.5 0.3 -3.8
v 2 0.3 -3.8
v 2.1 0.3 -3.8
v -3.4 0.4 3.7
v -3.3 0.4 3.7
v -1.2 0.4 3.7
v -1.1 0.4 3.7
v -3.5 0.4 3.6
v -3.4 0.4 3.6
v -3.3 0.4 3.6
v -1.2 0.4 3.6
v -1.1 0.4 3.6
v -3.6 0.4 3.5
v -3.5 0.4 3.5
v -3.4 0.4 3.5
v -3.7 0.4 3.4
v -3.6 0.4 3.4
v -3.5 0.4 3.4
v -3.7 0.4 3.3
v -3.6 0.4 3.3
v 3.1 0.4 3.3
v 3.2 0.4 3.3
v 3.1 0.4 3.1
v 3.2 0.4 3.1
v 3.3 0.4 3.1
v 3.2 0.4 3
v 3.3 0.4 3
v 3.7 0.4 2.1
v 3.8 0.4 2.1
v 3.5 0.4 2
v 3.6 0.4 2
v 3.7 0.4 2
v 3.8 0.4 2
v 3.5 0.4 1.9
v 3.6 0.4 1.9
v 3.3 0.4 1.8
v 3.4 0.4 1.8
v 3.2 0.4 1.7
v 3.3 0.4 1.7
v 3.4 0.4 1.7
v 3 0.4 1.6
v 3.1 0.4 1.6
v 3.2 0.4 1.6
v 3.3 0.4 1.6
v 2.8 0.4 1.5
v 2.9 0.4 1.5
v 3 0.4 1.5
v 3.1 0.4 1.5
v -3.7 0.4 1
v -3.6 0.4 1
v 2.8 0.4 1
v 2.9 0.4 1
v -3.7 0.4 0.9
v -3.6 0.4 0.9
v -3.5 0.4 0.9
v 2.7 0.4 0.9
v 2.8 0.4 0.9
v -3.6 0.4 0.8
v -3.5 0.4 0.8
v -3.4 0.4 0.8
v 2.7 0.4 0.8
v 2.8 0.4 0.8
v -3.5 0.4 0.7
v -3.4 0.4 0.7
v -3.3 0.4 0.7
v -3.2 0.4 0.7
v 2.6 0.4 0.7
v 2.7 0.4 0.7
v -3.3 0.4 0.6
v -3.2 0.4 0.6
v -3.1 0.4 0.6
v -3 0.4 0.6
v -3.1 0.4 0.5
v -3 0.4 0.5
v -2.9 0.4 0.5
v -2.8 0.4 0.5
v -2.9 0.4 0.4
v -2.8 0.4 0.4
v -2.7 0.4 0.4
v -2.8 0.4 0.3
v -2.7 0.4 0.3
v -2.6 0.4 0.3
v -2.3 0.4 0.3
v -2.6 0.4 0.2
v -2.3 0.4 0.2
v -2.2 0.4 0.2
v -2.1 0.4 0.2
v -2.2 0.4 0.0999999
v -2.1 0.4 0.0999999
v -2.1 0.4 0
v -2 0.4 0
v -2.1 0.4 -0.1
v -2 0.4 -0.1
v -2.2 0.4 -0.2
v -2.1 0.4 -0.2
v 2.6 0.4 -0.2
v 2.7 0.4 -0.2
v -2.2 0.4 -0.3
v -2.1 0.4 -0.3
v 2.5 0.4 -0.3
v 2.6 0.4 -0.3
v -2.3 0.4 -0.4
v -2.2 0.4 -0.4
v 2.5 0.4 -0.5
v 2.6 0.4 -0.5
v 2.4 0.4 -0.6
v 2.5 0.4 -0.6
v -2.3 0.4 -0.7
v -2.2 0.4 -0.7
v -2.2 0.4 -0.8
v -2.1 0.4 -0.8
v -2.2 0.4 -0.9
v -2.1 0.4 -0.9
v -2 0.4 -0.9
v -2.1 0.4 -1
v -2 0.4 -1
v -1.9 0.4 -1
v 2.4 0.4 -1
v 2.5 0.4 -1
v -2 0.4 -1.1
v -1.9 0.4 -1.1
v -1.8 0.4 -1.1
v 2.3 0.4 -1.1
v 2.4 0.4 -1.1
v -2 0.4 -1.2
v -1.9 0.4 -1.2
v -1.8 0.4 -1.2
v 2.3 0.4 -1.2
v 2.4 0.4 -1.2
v -2.1 0.4 -1.3
v -2 0.4 -1.3
v -1.9 0.4 -1.3
v 2.2 0.4 -1.3
v 2.3 0.4 -1.3
v -2.1 0.4 -1.4
v -2 0.4 -1.4
v 2.1 0.4 -1.4
v 2.2 0.4 -1.4
v 2.3 0.4 -1.4
v -2.2 0.4 -1.5
v -2.1 0.4 -1.5
v 2 0.4 -1.5
v 2.1 0.4 -1.5
v 2.2 0.4 -1.5
v -2.2 0.4 -1.6
v -2.1 0.4 -1.6
v 2 0.4 -1.6
v 2.1 0.4 -1.6
v -2.3 0.4 -1.7
v -2.2 0.4 -1.7
v 2.1 0.4 -2.3
v 2.2 0.4 -2.3
v 2.1 0.4 -2.4
v 2.2 0.4 -2.4
v 2.1 0.4 -2.6
v 2.2 0.4 -2.6
v -2.3 0.4 -2.7
v -2.2 0.4 -2.7
v -2.2 0.4 -2.8
v -2.1 0.4 -2.8
v 2.1 0.4 -2.8
v 2.2 0.4 -2.8
v -2.2 0.4 -2.9
v -2.1 0.4 -2.9
v -2 0.4 -2.9
v -2.1 0.4 -3
v -2 0.4 -3
v -2 0.4 -3.1
v -1.9 0.4 -3.1
v 2 0.4 -3.1
v 2.1 0.4 -3.1
v -2 0.4 -3.2
v -1.9 0.4 -3.2
v -1.9 0.4 -3.3
v -1.8 0.4 -3.3
v -1.9 0.4 -3.4
v -1.8 0.4 -3.4
v -1.7 0.4 -3.4
v -1.8 0.4 -3.5
v -1.7 0.4 -3.5
v -1.6 0.4 -3.5
v -1.7 0.4 -3.6
v -1.6 0.4 -3.6
v -1.5 0.4 -3.6
v -1.6 0.4 -3.7
v -1.5 0.4 -3.7
v 2 0.4 -3.7
v 2.1 0.4 -3.7
v -3.3 0.5 3.7
v -1.2 0.5 3.7
v -1.1 0.5 3.7
v -1 0.5 3.7
v 3.7 0.5 3.7
v 3.8 0.5 3.7
v -3.4 0.5 3.6
v -3.3 0.5 3.6
v -3.2 0.5 3.6
v -1.3 0.5 3.6
v -1.2 0.5 3.6
v -1.1 0.5 3.6
v -1 0.5 3.6
v -0.9 0.5 3.6
v -3.5 0.5 3.5
v -3.4 0.5 3.5
v -3.3 0.5 3.5
v -3.2 0.5 3.5
v -1.3 0.5 3.5
v -0.9 0.5 3.5
v 0.1 0.5 3.5
v 0.6 0.5 3.5
v 2.4 0.5 3.5
v 2.7 0.5 3.5
v -3.6 0.5 3.4
v -3.5 0.5 3.4
v -3.4 0.5 3.4
v -3.3 0.5 3.4
v 0.1 0.5 3.4
v 0.3 0.5 3.4
v 0.6 0.5 3.4
v 0.7 0.5 3.4
v 2.4 0.5 3.4
v 2.7 0.5 3.4
v 2.9 0.5 3.4
v 3.3 0.5 3.4
v 3.7 0.5 3.4
v 3.8 0.5 3.4
v -3.7 0.5 3.3
v -3.6 0.5 3.3
v -3.5 0.5 3.3
v -3.4 0.5 3.3
v 0.3 0.5 3.3
v 0.7 0.5 3.3
v 2.9 0.5 3.3
v 3 0.5 3.3
v 3.1 0.5 3.3
v 3.2 0.5 3.3
v -3.6 0.5 3.2
v -3.5 0.5 3.2
v 3.3 0.5 3.2
v 3.4 0.5 3.2
v 3.1 0.5 3.1
v 3.2 0.5 3.1
v 3.3 0.5 3.1
v 3 0.5 3
v 3.1 0.5 3
v 3.2 0.5 3
v 3.3 0.5 3
v 3.1 0.5 2.9
v 3.2 0.5 2.9
v 3.2 0.5 2.8
v 3.4 0.5 2.8
v 3.7 0.5 2.6
v 3.8 0.5 2.6
v -3.7 0.5 2.5
v -3.6 0.5 2.5
v 2.4 0.5 2.5
v 2.6 0.5 2.5
v 2.4 0.5 2.4
v 2.6 0.5 2.4
v 3.1 0.5 2.4
v 2.6 0.5 2.3
v 2.7 0.5 2.3
v 3 0.5 2.3
v 3.1 0.5 2.3
v 2.7 0.5 2.2
v 2.8 0.5 2.2
v 2.9 0.5 2.2
v 3 0.5 2.2
v 3.6 0.5 2.2
v 3.7 0.5 2.2
v 2.8 0.5 2.1
v 2.9 0.5 2.1
v 3.4 0.5 2.1
v 3.6 0.5 2.1
v 3.7 0.5 2.1
v 3.8 0.5 2.1
v 3.3 0.5 2
v 3.4 0.5 2
v 3.5 0.5 2
v 3.7 0.5 2
v 3.2 0.5 1.9
v 3.3 0.5 1.9
v 3.4 0.5 1.9
v 3.5 0.5 1.9
v 3.1 0.5 1.8
v 3.2 0.5 1.8
v 3.3 0.5 1.8
v 3.4 0.5 1.8
v 2.9 0.5 1.7
v 3.1 0.5 1.7
v 3.2 0.5 1.7
v 3.3 0.5 1.7
v 2.6 0.5 1.6
v 2.9 0.5 1.6
v 3 0.5 1.6
v 3.2 0.5 1.6
v 2.6 0.5 1.5
v 2.7 0.5 1.5
v 2.8 0.5 1.5
v 3 0.5 1.5
v -3.7 0.5 1.2
v -3.6 0.5 1.2
v -3.6 0.5 1.1
v -3.5 0.5 1.1
v -3.7 0.5 1
v -3.6 0.5 1
v -3.5 0.5 1
v -3.4 0.5 1
v -3.6 0.5 0.9
v -3.5 0.5 0.9
v -3.4 0.5 0.9
v -3.3 0.5 0.9
v 2.6 0.5 0.9
v 2.7 0.5 0.9
v 2.8 0.5 0.9
v -3.5 0.5 0.8
v -3.4 0.5 0.8
v -3.3 0.5 0.8
v -3.1 0.5 0.8
v 2.4 0.5 0.8
v 2.5 0.5 0.8
v 2.6 0.5 0.8
v 2.7 0.5 0.8
v -3.4 0.5 0.7
v -3.2 0.5 0.7
v -3.1 0.5 0.7
v -2.9 0.5 0.7
v 2.4 0.5 0.7
v 2.5 0.5 0.7
v -3.2 0.5 0.6
v -3 0.5 0.6
v -2.9 0.5 0.6
v -2.7 0.5 0.6
v -3 0.5 0.5
v -2.8 0.5 0.5
v -2.7 0.5 0.5
v -2.6 0.5 0.5
v 2.5 0.5 0.5
v -2.8 0.5 0.4
v -2.7 0.5 0.4
v -2.6 0.5 0.4
v -2.2 0.5 0.4
v -2.7 0.5 0.3
v -2.3 0.5 0.3
v -2.2 0.5 0.3
v -2.1 0.5 0.3
v -2.3 0.5 0.2
v -2.2 0.5 0.2
v -2.1 0.5 0.2
v -1.9 0.5 0.2
v -2.1 0.5 0.0999999
v -2 0.5 0.0999999
v -1.9 0.5 0.0999999
v -1.8 0.5 0.0999999
v -1.9 0.5 0
v -1.8 0.5 0
v -2.1 0.5 -0.1
v -2 0.5 -0.1
v -2 0.5 -0.2
v -1.9 0.5 -0.2
v 2.4 0.5 -0.2
v 2.5 0.5 -0.2
v -2.2 0.5 -0.3
v -2.1 0.5 -0.3
v -2 0.5 -0.3
v 2.5 0.5 -0.3
v 2.6 0.5 -0.3
v -2.1 0.5 -0.4
v -2 0.5 -0.4
v -2.1 0.5 -0.5
v 2.3 0.5 -0.5
v 2.4 0.5 -0.5
v 2.4 0.5 -0.6
v 2.5 0.5 -0.6
v -2.1 0.5 -0.7
v -2 0.5 -0.7
v -2.2 0.5 -0.8
v -2.1 0.5 -0.8
v -2 0.5 -0.8
v -1.9 0.5 -0.8
v -2.1 0.5 -0.9
v -2 0.5 -0.9
v -1.9 0.5 -0.9
v -1.8 0.5 -0.9
v 2.3 0.5 -0.9
v -2 0.5 -1
v -1.9 0.5 -1
v -1.8 0.5 -1
v -1.7 0.5 -1
v 2.2 0.5 -1
v 2.3 0.5 -1
v -1.9 0.5 -1.1
v -1.8 0.5 -1.1
v -1.7 0.5 -1.1
v -1.6 0.5 -1.1
v 2.2 0.5 -1.1
v 2.3 0.5 -1.1
v 2.4 0.5 -1.1
v -1.9 0.5 -1.2
v -1.8 0.5 -1.2
v -1.6 0.5 -1.2
v 2.1 0.5 -1.2
v 2.2 0.5 -1.2
v -2 0.5 -1.3
v -1.9 0.5 -1.3
v -1.8 0.5 -1.3
v -1.6 0.5 -1.3
v 2 0.5 -1.3
v 2.1 0.5 -1.3
v 2.2 0.5 -1.3
v 2.3 0.5 -1.3
v -2.1 0.5 -1.4
v -2 0.5 -1.4
v -1.9 0.5 -1.4
v -1.8 0.5 -1.4
v 2 0.5 -1.4
v 2.1 0.5 -1.4
v 2.2 0.5 -1.4
v -2 0.5 -1.5
v -1.9 0.5 -1.5
v 2 0.5 -1.5
v 2.1 0.5 -1.5
v -2.2 0.5 -1.6
v -2.1 0.5 -1.6
v -2.1 0.5 -1.7
v -2 0.5 -1.7
v -2.1 0.5 -2.7
v -2 0.5 -2.7
v -2.2 0.5 -2.8
v -2.1 0.5 -2.8
v -2 0.5 -2.8
v -1.9 0.5 -2.8
v -2.1 0.5 -2.9
v -2 0.5 -2.9
v -1.9 0.5 -3
v -1.8 0.5 -3
v -2 0.5 -3.1
v -1.9 0.5 -3.1
v -1.8 0.5 -3.2
v -1.7 0.5 -3.2
v -1.9 0.5 -3.3
v -1.8 0.5 -3.3
v 1.9 0.5 -3.3
v 2 0.5 -3.3
v -1.8 0.5 -3.4
v -1.7 0.5 -3.4
v -1.6 0.5 -3.4
v -1.7 0.5 -3.5
v -1.6 0.5 -3.5
v -1.5 0.5 -3.5
v -1.6 0.5 -3.6
v -1.5 0.5 -3.6
v -1.4 0.5 -3.6
v -1.4 0.5 -3.7
v -1.3 0.5 -3.7
v 1.8 0.5 -3.7
v 1.9 0.5 -3.7
v -1.5 0.5 -3.8
v -1.3 0.5 -3.8
v 1.8 0.5 -3.8
v 2 0.5 -3.8
v -1 0.6 3.7
v 3.7 0.6 3.7
v -3.2 0.6 3.6
v -1.3 0.6 3.6
v -1 0.6 3.6
v -0.9 0.6 3.6
v -3.3 0.6 3.5
v -3.2 0.6 3.5
v -1.3 0.6 3.5
v -0.9 0.6 3.5
v 0.1 0.6 3.5
v 0.6 0.6 3.5
v 2.4 0.6 3.5
v 2.7 0.6 3.5
v -3.4 0.6 3.4
v -3.3 0.6 3.4
v 0.1 0.6 3.4
v 0.3 0.6 3.4
v 0.6 0.6 3.4
v 0.7 0.6 3.4
v 2.4 0.6 3.4
v 2.7 0.6 3.4
v 2.9 0.6 3.4
v 3.3 0.6 3.4
v 3.7 0.6 3.4
v 3.8 0.6 3.4
v -3.5 0.6 3.3
v -3.4 0.6 3.3
v 0.3 0.6 3.3
v 0.7 0.6 3.3
v 2.9 0.6 3.3
v 3 0.6 3.3
v -3.6 0.6 3.2
v -3.5 0.6 3.2
v 3.3 0.6 3.2
v 3.4 0.6 3.2
v 3 0.6 3
v 3.1 0.6 3
v 3.1 0.6 2.9
v 3.2 0.6 2.9
v 3.2 0.6 2.8
v 3.4 0.6 2.8
v 3.7 0.6 2.6
v 3.8 0.6 2.6
v -3.7 0.6 2.5
v -3.6 0.6 2.5
v 2.4 0.6 2.5
v 2.6 0.6 2.5
v 2.4 0.6 2.4
v 2.6 0.6 2.4
v 3.1 0.6 2.4
v 2.6 0.6 2.3
v 2.7 0.6 2.3
v 3 0.6 2.3
v 3.1 0.6 2.3
v 2.7 0.6 2.2
v 2.8 0.6 2.2
v 2.9 0.6 2.2
v 3 0.6 2.2
v 3.6 0.6 2.2
v 3.7 0.6 2.2
v 2.8 0.6 2.1
v 2.9 0.6 2.1
v 3.4 0.6 2.1
v 3.6 0.6 2.1
v 3.3 0.6 2
v 3.4 0.6 2
v 3.2 0.6 1.9
v 3.3 0.6 1.9
v 3.1 0.6 1.8
v 3.2 0.6 1.8
v 2.9 0.6 1.7
v 3.1 0.6 1.7
v 0.4 0.6 1.6
v 1.9 0.6 1.6
v 2.6 0.6 1.6
v 2.9 0.6 1.6
v -0.3 0.6 1.5
v 0.4 0.6 1.5
v 1.4 0.6 1.5
v 1.8 0.6 1.5
v 1.9 0.6 1.5
v 2 0.6 1.5
v 2.6 0.6 1.5
v 2.7 0.6 1.5
v -0.5 0.6 1.4
v -0.3 0.6 1.4
v 0 0.6 1.4
v 1.4 0.6 1.4
v 1.8 0.6 1.4
v 1.9 0.6 1.4
v -1.1 0.6 1.3
v -0.5 0.6 1.3
v -0.4 0.6 1.3
v 0 0.6 1.3
v 1.9 0.6 1.3
v 2 0.6 1.3
v 2.1 0.6 1.3
v 2.3 0.6 1.3
v 2.5 0.6 1.3
v -3.7 0.6 1.2
v -3.6 0.6 1.2
v -1.2 0.6 1.2
v -1.1 0.6 1.2
v -0.7 0.6 1.2
v -0.4 0.6 1.2
v 2 0.6 1.2
v 2.1 0.6 1.2
v 2.2 0.6 1.2
v 2.3 0.6 1.2
v 2.5 0.6 1.2
v 2.6 0.6 1.2
v -3.6 0.6 1.1
v -3.5 0.6 1.1
v -1 0.6 1.1
v -0.7 0.6 1.1
v 2.1 0.6 1.1
v 2.2 0.6 1.1
v -3.5 0.6 1
v -3.4 0.6 1
v -1.3 0.6 1
v -1.2 0.6 1
v -1.1 0.6 1
v -1 0.6 1
v 2.2 0.6 1
v 2.3 0.6 1
v 2.5 0.6 1
v 2.6 0.6 1
v -3.4 0.6 0.9
v -3.3 0.6 0.9
v -1.2 0.6 0.9
v -1.1 0.6 0.9
v 2.3 0.6 0.9
v 2.5 0.6 0.9
v 2.6 0.6 0.9
v 2.7 0.6 0.9
v -3.3 0.6 0.8
v -3.1 0.6 0.8
v -2 0.6 0.8
v -1.7 0.6 0.8
v -1.6 0.6 0.8
v -1.4 0.6 0.8
v -1.3 0.6 0.8
v 2.4 0.6 0.8
v 2.5 0.6 0.8
v 2.6 0.6 0.8
v -3.1 0.6 0.7
v -2.9 0.6 0.7
v -2.1 0.6 0.7
v -2 0.6 0.7
v -1.6 0.6 0.7
v -1.5 0.6 0.7
v -1.3 0.6 0.7
v -1.2 0.6 0.7
v 2.1 0.6 0.7
v 2.2 0.6 0.7
v 2.4 0.6 0.7
v 2.5 0.6 0.7
v -2.9 0.6 0.6
v -2.7 0.6 0.6
v -2.1 0.6 0.6
v -1.4 0.6 0.6
v -1.3 0.6 0.6
v 2.2 0.6 0.6
v 2.3 0.6 0.6
v -2.7 0.6 0.5
v -2.6 0.6 0.5
v 2.3 0.6 0.5
v 2.5 0.6 0.5
v -2.6 0.6 0.4
v -2.2 0.6 0.4
v -2.1 0.6 0.4
v -2.2 0.6 0.3
v -2.1 0.6 0.3
v -2 0.6 0.3
v -1.6 0.6 0.3
v -1.5 0.6 0.3
v 2 0.6 0.3
v 2.1 0.6 0.3
v -2.1 0.6 0.2
v -2 0.6 0.2
v -1.9 0.6 0.2
v -1.8 0.6 0.2
v -1.6 0.6 0.2
v -1.9 0.6 0.0999999
v -1.8 0.6 0.0999999
v -1.9 0.6 0
v -1.8 0.6 0
v -1.7 0.6 0
v -1.6 0.6 0
v -1.4 0.6 0
v -1.3 0.6 0
v -1.2 0.6 0
v -2 0.6 -0.2
v -1.9 0.6 -0.2
v -1.7 0.6 -0.2
v 2.4 0.6 -0.2
v 2.5 0.6 -0.2
v -2 0.6 -0.3
v -1.9 0.6 -0.3
v -1.7 0.6 -0.3
v -1.4 0.6 -0.3
v 1.9 0.6 -0.3
v 2 0.6 -0.3
v -2.1 0.6 -0.4
v -2 0.6 -0.4
v -1.7 0.6 -0.4
v -2.1 0.6 -0.5
v -2 0.6 -0.5
v -1.6 0.6 -0.5
v -1.3 0.6 -0.5
v -1.2 0.6 -0.5
v 2.3 0.6 -0.5
v 2.4 0.6 -0.5
v 1.9 0.6 -0.6
v -2.1 0.6 -0.7
v -2 0.6 -0.7
v -1.5 0.6 -0.7
v -1.3 0.6 -0.7
v -1.2 0.6 -0.7
v 1.8 0.6 -0.7
v 1.9 0.6 -0.7
v -2 0.6 -0.8
v -1.9 0.6 -0.8
v -1.8 0.6 -0.8
v -1.7 0.6 -0.8
v -1.6 0.6 -0.8
v -1.5 0.6 -0.8
v -1.9 0.6 -0.9
v -1.8 0.6 -0.9
v -1.7 0.6 -0.9
v -1.6 0.6 -0.9
v -1.5 0.6 -0.9
v -1.2 0.6 -0.9
v 2.2 0.6 -0.9
v 2.3 0.6 -0.9
v -1.8 0.6 -1
v -1.7 0.6 -1
v -1.6 0.6 -1
v -1.3 0.6 -1
v -1.2 0.6 -1
v 1.7 0.6 -1
v 1.8 0.6 -1
v 2.2 0.6 -1
v 2.3 0.6 -1
v -1.7 0.6 -1.1
v -1.6 0.6 -1.1
v -1.5 0.6 -1.1
v 1.9 0.6 -1.1
v 2.2 0.6 -1.1
v -1.6 0.6 -1.2
v -1.5 0.6 -1.2
v -1.3 0.6 -1.2
v 1.7 0.6 -1.2
v 1.8 0.6 -1.2
v 1.9 0.6 -1.2
v 2.1 0.6 -1.2
v 2.2 0.6 -1.2
v -1.8 0.6 -1.3
v -1.6 0.6 -1.3
v -1.5 0.6 -1.3
v -1.3 0.6 -1.3
v 1.8 0.6 -1.3
v 1.9 0.6 -1.3
v 2 0.6 -1.3
v 2.1 0.6 -1.3
v -1.9 0.6 -1.4
v -1.8 0.6 -1.4
v -1.7 0.6 -1.4
v -1.6 0.6 -1.4
v 1.9 0.6 -1.4
v 2 0.6 -1.4
v -2 0.6 -1.5
v -1.9 0.6 -1.5
v -1.8 0.6 -1.5
v -1.7 0.6 -1.5
v -1.9 0.6 -1.6
v -1.8 0.6 -1.6
v -2.1 0.6 -1.7
v -2 0.6 -1.7
v -1.9 0.6 -1.7
v -2.1 0.6 -2.7
v -2 0.6 -2.7
v -1.9 0.6 -2.7
v -2 0.6 -2.8
v -1.9 0.6 -2.8
v 1.6 0.6 -3.4
v 1.9 0.6 -3.4
v -1.4 0.6 -3.6
v -1.1 0.6 -3.6
v 1.5 0.6 -3.6
v 1.6 0.6 -3.6
v -1.4 0.6 -3.7
v -1.3 0.6 -3.7
v 1.8 0.6 -3.7
v 1.9 0.6 -3.7
v -1.3 0.6 -3.8
v -1.1 0.6 -3.8
v 1.5 0.6 -3.8
v 1.8 0.6 -3.8
v 1.4 0.7 1.5
v 1.5 0.7 1.5
v 1.7 0.7 1.5
v 1.8 0.7 1.5
v 0 0.7 1.4
v 0.1 0.7 1.4
v 1.4 0.7 1.4
v 1.5 0.7 1.4
v 1.7 0.7 1.4
v 1.8 0.7 1.4
v 1.9 0.7 1.4
v -0.4 0.7 1.3
v -0.3 0.7 1.3
v 0 0.7 1.3
v 0.1 0.7 1.3
v 1.8 0.7 1.3
v 1.9 0.7 1.3
v 2 0.7 1.3
v 2.3 0.7 1.3
v 2.5 0.7 1.3
v -0.7 0.7 1.2
v -0.6 0.7 1.2
v -0.4 0.7 1.2
v -0.3 0.7 1.2
v 1.9 0.7 1.2
v 2 0.7 1.2
v 2.1 0.7 1.2
v 2.2 0.7 1.2
v 2.3 0.7 1.2
v 2.5 0.7 1.2
v 2.6 0.7 1.2
v -1 0.7 1.1
v -0.9 0.7 1.1
v -0.7 0.7 1.1
v -0.6 0.7 1.1
v 2 0.7 1.1
v 2.1 0.7 1.1
v 2.2 0.7 1.1
v -1.1 0.7 1
v -1 0.7 1
v -0.9 0.7 1
v 2.1 0.7 1
v 2.2 0.7 1
v 2.3 0.7 1
v 2.5 0.7 1
v 2.6 0.7 1
v -1.2 0.7 0.9
v -1.1 0.7 0.9
v -1 0.7 0.9
v 2.3 0.7 0.9
v 2.5 0.7 0.9
v -2 0.7 0.8
v -1.7 0.7 0.8
v -1.6 0.7 0.8
v -1.2 0.7 0.8
v -1.1 0.7 0.8
v 2.1 0.7 0.8
v 2.2 0.7 0.8
v -2.1 0.7 0.7
v -2 0.7 0.7
v -1.9 0.7 0.7
v -1.7 0.7 0.7
v -1.6 0.7 0.7
v -1.5 0.7 0.7
v -1.3 0.7 0.7
v -1.2 0.7 0.7
v 2.1 0.7 0.7
v 2.2 0.7 0.7
v -2.1 0.7 0.6
v -2 0.7 0.6
v -1.9 0.7 0.6
v -1.7 0.7 0.6
v -1.6 0.7 0.6
v -1.3 0.7 0.6
v -1.2 0.7 0.6
v -2 0.7 0.4
v -1.9 0.7 0.4
v -1.7 0.7 0.4
v -1.6 0.7 0.4
v 2 0.7 0.4
v 2.1 0.7 0.4
v -2.1 0.7 0.3
v -2 0.7 0.3
v -1.9 0.7 0.3
v -1.8 0.7 0.3
v -1.7 0.7 0.3
v -1.6 0.7 0.3
v -1.5 0.7 0.3
v 2 0.7 0.3
v 2.1 0.7 0.3
v -2 0.7 0.2
v -1.8 0.7 0.2
v -1.6 0.7 0.2
v -1.3 0.7 0.0999999
v -1.2 0.7 0.0999999
v -1.3 0.7 0
v -1.2 0.7 0
v 1.9 0.7 -0.2
v 2 0.7 -0.2
v 1.9 0.7 -0.3
v 2 0.7 -0.3
v 1.8 0.7 -0.6
v 1.9 0.7 -0.6
v 1.8 0.7 -0.7
v 1.9 0.7 -0.7
v 1.7 0.7 -0.9
v 1.8 0.7 -0.9
v -1.3 0.7 -1
v -1.2 0.7 -1
v 1.6 0.7 -1
v 1.7 0.7 -1
v 1.8 0.7 -1
v -1.3 0.7 -1.1
v -1.2 0.7 -1.1
v 1.6 0.7 -1.1
v 1.7 0.7 -1.1
v 1.8 0.7 -1.3
v 1.9 0.7 -1.3
v 1.8 0.7 -1.4
v 1.9 0.7 -1.4
v 2 0.7 -1.4
v 1.9 0.7 -1.5
v 2 0.7 -1.5
v -1.9 0.7 -1.6
v -1.8 0.7 -1.6
v 2 0.7 -1.6
v 2.1 0.7 -1.6
v -2 0.7 -1.7
v -1.9 0.7 -1.7
v -1.8 0.7 -1.7
v 2 0.7 -1.7
v 2.1 0.7 -1.7
v -2 0.7 -1.8
v -1.9 0.7 -1.8
v 2.1 0.7 -2.3
v 2.2 0.7 -2.3
v 2.1 0.7 -2.4
v 2.2 0.7 -2.4
v -2 0.7 -2.6
v -1.9 0.7 -2.6
v 2.1 0.7 -2.6
v 2.2 0.7 -2.6
v -2 0.7 -2.7
v -1.9 0.7 -2.7
v 2.1 0.7 -2.7
v 2.2 0.7 -2.7
v -1.9 0.7 -2.9
v -1.8 0.7 -2.9
v -1.9 0.7 -3
v -1.8 0.7 -3
v -1.8 0.7 -3.1
v -1.7 0.7 -3.1
v 2 0.7 -3.1
v 2.1 0.7 -3.1
v -1.8 0.7 -3.2
v -1.7 0.7 -3.2
v 1.9 0.7 -3.2
v 2 0.7 -3.2
v 2.1 0.7 -3.2
v -1.7 0.7 -3.3
v -1.6 0.7 -3.3
v 1.8 0.7 -3.3
v 1.9 0.7 -3.3
v 2 0.7 -3.3
v -1.7 0.7 -3.4
v -1.6 0.7 -3.4
v -1.5 0.7 -3.4
v 1.8 0.7 -3.4
v 1.9 0.7 -3.4
v -1.6 0.7 -3.5
v -1.5 0.7 -3.5
v -1.4 0.7 -3.5
v -1.2 0.7 -3.5
v -1.1 0.7 -3.5
v 1.5 0.7 -3.5
v 1.6 0.7 -3.5
v -1.5 0.7 -3.6
v -1.4 0.7 -3.6
v -1.2 0.7 -3.6
v -1.1 0.7 -3.6
v 1.5 0.7 -3.6
v 1.6 0.7 -3.6
v -1.1 0.7 -3.7
v -1 0.7 -3.7
v 1.4 0.7 -3.7
v 1.5 0.7 -3.7
v -1.1 0.7 -3.8
v -1 0.7 -3.8
v 1.4 0.7 -3.8
v 1.5 0.7 -3.8
v 1.5 0.8 1.5
v 1.7 0.8 1.5
v 0.1 0.8 1.4
v 1.5 0.8 1.4
v 1.7 0.8 1.4
v 1.8 0.8 1.4
v -0.3 0.8 1.3
v 0.1 0.8 1.3
v 1.5 0.8 1.3
v 1.7 0.8 1.3
v 1.8 0.8 1.3
v 1.9 0.8 1.3
v -0.6 0.8 1.2
v -0.3 0.8 1.2
v 0.1 0.8 1.2
v 1.8 0.8 1.2
v 1.9 0.8 1.2
v 2 0.8 1.2
v -0.9 0.8 1.1
v -0.6 0.8 1.1
v -0.3 0.8 1.1
v 1.9 0.8 1.1
v 2 0.8 1.1
v 2.1 0.8 1.1
v -1 0.8 1
v -0.9 0.8 1
v -0.8 0.8 1
v -0.6 0.8 1
v 2 0.8 1
v 2.1 0.8 1
v 2.2 0.8 1
v -1.1 0.8 0.9
v -1 0.8 0.9
v -0.9 0.8 0.9
v 2.1 0.8 0.9
v -1.2 0.8 0.8
v -1.1 0.8 0.8
v -1 0.8 0.8
v 2 0.8 0.8
v 2.1 0.8 0.8
v 2.2 0.8 0.8
v -1.9 0.8 0.7
v -1.7 0.8 0.7
v -1.1 0.8 0.7
v -2 0.8 0.6
v -1.9 0.8 0.6
v -1.7 0.8 0.6
v -1.6 0.8 0.6
v -1.3 0.8 0.6
v -1.2 0.8 0.6
v -1.1 0.8 0.6
v -1.2 0.8 0.5
v -2 0.8 0.4
v -1.9 0.8 0.4
v -1.7 0.8 0.4
v -1.6 0.8 0.4
v 1.9 0.8 0.4
v 2 0.8 0.4
v 2.1 0.8 0.4
v -1.9 0.8 0.3
v -1.7 0.8 0.3
v -1.2 0.8 0.2
v -1.3 0.8 0.0999999
v -1.2 0.8 0.0999999
v -1.1 0.8 0.0999999
v 1.9 0.8 0.0999999
v -1.2 0.8 0
v -1.1 0.8 0
v -1.1 0.8 -0.1
v 1.9 0.8 -0.1
v -1.1 0.8 -0.2
v 1.8 0.8 -0.2
v 1.9 0.8 -0.2
v 2 0.8 -0.2
v -1.1 0.8 -0.5
v 1.8 0.8 -0.5
v 1.7 0.8 -0.6
v 1.8 0.8 -0.6
v 1.9 0.8 -0.6
v 1.7 0.8 -0.7
v -1.2 0.8 -0.9
v -1.1 0.8 -0.9
v 1.6 0.8 -0.9
v 1.7 0.8 -0.9
v 1.8 0.8 -0.9
v -1.2 0.8 -1
v -1.1 0.8 -1
v 1.6 0.8 -1
v 1.7 0.8 -1
v -1.3 0.8 -1.1
v -1.2 0.8 -1.1
v -1.1 0.8 -1.1
v -1.3 0.8 -1.2
v -1.2 0.8 -1.2
v 1.8 0.8 -1.4
v 1.9 0.8 -1.4
v 1.8 0.8 -1.5
v 1.9 0.8 -1.5
v 2 0.8 -1.5
v -1.9 0.8 -1.7
v -1.8 0.8 -1.7
v 1.9 0.8 -1.7
v 2 0.8 -1.7
v 2.1 0.8 -1.7
v -2 0.8 -1.8
v -1.9 0.8 -1.8
v -1.8 0.8 -1.8
v 1.5 0.8 -1.8
v 1.6 0.8 -1.8
v 1.5 0.8 -1.9
v 1.6 0.8 -1.9
v 2 0.8 -2.4
v 2.1 0.8 -2.4
v 2.2 0.8 -2.4
v -2 0.8 -2.6
v -1.9 0.8 -2.6
v -1.8 0.8 -2.6
v 2 0.8 -2.6
v 2.1 0.8 -2.6
v 2.2 0.8 -2.6
v -1.9 0.8 -2.9
v -1.8 0.8 -2.9
v -1.7 0.8 -2.9
v -1.8 0.8 -3.1
v -1.7 0.8 -3.1
v -1.6 0.8 -3.1
v 1.9 0.8 -3.1
v 2 0.8 -3.1
v 2.1 0.8 -3.1
v 1.8 0.8 -3.2
v 1.9 0.8 -3.2
v 2 0.8 -3.2
v -1.7 0.8 -3.3
v -1.6 0.8 -3.3
v -1.5 0.8 -3.3
v 1.5 0.8 -3.3
v 1.8 0.8 -3.3
v 1.9 0.8 -3.3
v -1.6 0.8 -3.4
v -1.5 0.8 -3.4
v -1.4 0.8 -3.4
v 1.6 0.8 -3.4
v 1.8 0.8 -3.4
v -1.5 0.8 -3.5
v -1.4 0.8 -3.5
v -1.2 0.8 -3.5
v -1.1 0.8 -3.5
v -1 0.8 -3.5
v 1.4 0.8 -3.5
v 1.5 0.8 -3.5
v 1.6 0.8 -3.5
v -1.4 0.8 -3.6
v -1.2 0.8 -3.6
v -1 0.8 -3.6
v -1.1 0.8 -3.7
v -1 0.8 -3.7
v 1.3 0.8 -3.7
v 1.4 0.8 -3.7
v 1.5 0.8 -3.7
v 1.3 0.8 -3.8
v 1.4 0.8 -3.8
v 1.5 0.9 1.4
v 1.7 0.9 1.4
v 0.1 0.9 1.3
v 1.5 0.9 1.3
v 1.6 0.9 1.3
v 1.7 0.9 1.3
v 1.8 0.9 1.3
v -0.3 0.9 1.2
v 0.1 0.9 1.2
v 1.6 0.9 1.2
v 1.8 0.9 1.2
v 1.9 0.9 1.2
v -0.6 0.9 1.1
v -0.3 0.9 1.1
v 1.9 0.9 1.1
v 2 0.9 1.1
v -0.9 0.9 1
v -0.8 0.9 1
v -0.6 0.9 1
v 0.6 0.9 1
v 0.9 0.9 1
v 2 0.9 1
v 2.1 0.9 1
v -1 0.9 0.9
v -0.9 0.9 0.9
v -0.8 0.9 0.9
v -0.4 0.9 0.9
v -0.0999999 0.9 0.9
v 1.2 0.9 0.9
v 1.5 0.9 0.9
v 2 0.9 0.9
v 2.1 0.9 0.9
v -1.1 0.9 0.8
v -1 0.9 0.8
v -0.9 0.9 0.8
v 0.3 0.9 0.8
v 0.6 0.9 0.8
v 1.1 0.9 0.8
v 1.2 0.9 0.8
v 2 0.9 0.8
v 2.1 0.9 0.8
v -1.1 0.9 0.7
v -1 0.9 0.7
v 0.5 0.9 0.7
v 0.6 0.9 0.7
v 0.9 0.9 0.7
v 1 0.9 0.7
v 1.1 0.9 0.7
v 1.2 0.9 0.7
v 1.5 0.9 0.7
v 1.6 0.9 0.7
v 1.7 0.9 0.7
v -1.2 0.9 0.6
v -1.1 0.9 0.6
v -0.4 0.9 0.6
v -0.0999999 0.9 0.6
v 0.1 0.9 0.6
v 0.3 0.9 0.6
v 0.5 0.9 0.6
v 1.7 0.9 0.6
v 1.8 0.9 0.6
v -1.2 0.9 0.5
v -1.1 0.9 0.5
v -0.9 0.9 0.5
v -0.6 0.9 0.5
v -0.0999999 0.9 0.5
v 0 0.9 0.5
v 0.1 0.9 0.5
v 1.8 0.9 0.5
v 1.9 0.9 0.5
v -0.2 0.9 0.4
v -0.0999999 0.9 0.4
v 1.9 0.9 0.4
v 2 0.9 0.4
v -1.1 0.9 0.3
v -0.9 0.9 0.3
v -0.6 0.9 0.3
v -0.5 0.9 0.3
v -0.4 0.9 0.3
v -0.3 0.9 0.3
v -0.2 0.9 0.3
v -1.2 0.9 0.2
v -1.1 0.9 0.2
v -0.6 0.9 0.2
v -0.5 0.9 0.2
v -0.4 0.9 0.2
v -1.2 0.9 0.0999999
v -1.1 0.9 0.0999999
v -0.8 0.9 0.0999999
v -0.7 0.9 0.0999999
v -0.6 0.9 0.0999999
v -0.5 0.9 0.0999999
v 1.8 0.9 0.0999999
v 1.9 0.9 0.0999999
v -0.9 0.9 0
v -0.8 0.9 0
v -0.7 0.9 0
v -0.6 0.9 0
v -1.1 0.9 -0.1
v -1 0.9 -0.1
v -0.9 0.9 -0.1
v -0.7 0.9 -0.1
v -0.6 0.9 -0.1
v 1.7 0.9 -0.1
v 1.8 0.9 -0.1
v 1.9 0.9 -0.1
v -1.1 0.9 -0.2
v -1 0.9 -0.2
v -0.9 0.9 -0.2
v -0.8 0.9 -0.2
v 1.6 0.9 -0.2
v 1.7 0.9 -0.2
v 1.8 0.9 -0.2
v 1.9 0.9 -0.2
v -0.8 0.9 -0.3
v -0.7 0.9 -0.3
v 1.5 0.9 -0.3
v 1.6 0.9 -0.3
v 1.7 0.9 -0.3
v 1.4 0.9 -0.4
v 1.5 0.9 -0.4
v -1.1 0.9 -0.5
v -1 0.9 -0.5
v -0.9 0.9 -0.5
v -0.8 0.9 -0.5
v -0.7 0.9 -0.5
v 1.3 0.9 -0.5
v 1.4 0.9 -0.5
v 1.7 0.9 -0.5
v 1.8 0.9 -0.5
v -0.9 0.9 -0.6
v -0.7 0.9 -0.6
v 1.3 0.9 -0.6
v 1.7 0.9 -0.6
v 1.8 0.9 -0.6
v 1.2 0.9 -0.7
v 1.3 0.9 -0.7
v 1.4 0.9 -0.7
v 1.5 0.9 -0.7
v 1.7 0.9 -0.7
v -1 0.9 -0.8
v -0.9 0.9 -0.8
v 1.2 0.9 -0.8
v 1.3 0.9 -0.8
v 1.5 0.9 -0.8
v -1.1 0.9 -0.9
v -1 0.9 -0.9
v -0.9 0.9 -0.9
v -0.8 0.9 -0.9
v -0.7 0.9 -0.9
v 1.2 0.9 -0.9
v 1.3 0.9 -0.9
v 1.4 0.9 -0.9
v 1.5 0.9 -0.9
v 1.6 0.9 -0.9
v 1.7 0.9 -0.9
v -0.9 0.9 -1
v -0.8 0.9 -1
v 1.5 0.9 -1
v 1.6 0.9 -1
v -1.1 0.9 -1.1
v -0.9 0.9 -1.1
v 1.6 0.9 -1.1
v 1.7 0.9 -1.1
v 1.6 0.9 -1.2
v 1.7 0.9 -1.2
v 1.8 0.9 -1.2
v -1.7 0.9 -1.3
v -1.6 0.9 -1.3
v 1.7 0.9 -1.3
v 1.8 0.9 -1.3
v -1.8 0.9 -1.4
v -1.7 0.9 -1.4
v -1.6 0.9 -1.4
v -1.8 0.9 -1.5
v -1.7 0.9 -1.5
v -1.5 0.9 -3.3
v -1.4 0.9 -3.3
v 1.2 0.9 -3.3
v 1.3 0.9 -3.3
v 1.5 0.9 -3.3
v -1.5 0.9 -3.4
v -1.4 0.9 -3.4
v -1.3 0.9 -3.4
v 0.7 0.9 -3.4
v 0.9 0.9 -3.4
v 1.1 0.9 -3.4
v 1.2 0.9 -3.4
v 1.3 0.9 -3.4
v -1.4 0.9 -3.5
v -1.3 0.9 -3.5
v -1 0.9 -3.5
v -0.8 0.9 -3.5
v 0.7 0.9 -3.5
v 0.8 0.9 -3.5
v 0.9 0.9 -3.5
v 1.1 0.9 -3.5
v 1.2 0.9 -3.5
v 1.4 0.9 -3.5
v 1.5 0.9 -3.5
v -1 0.9 -3.6
v -0.9 0.9 -3.6
v 0.7 0.9 -3.6
v 0.8 0.9 -3.6
v 1 0.9 -3.6
v -0.9 0.9 -3.7
v -0.8 0.9 -3.7
v 1 0.9 -3.7
v 1.1 0.9 -3.7
v 1.3 0.9 -3.7
v 1.4 0.9 -3.7
v -1 0.9 -3.8
v -0.9 0.9 -3.8
v 1.1 0.9 -3.8
v 1.3 0.9 -3.8
v 0.5 1 0.7
v 0.6 1 0.7
v 1.6 1 0.7
v 1.7 1 0.7
v 0.1 1 0.6
v 0.2 1 0.6
v 0.5 1 0.6
v 0.6 1 0.6
v 1.6 1 0.6
v 1.7 1 0.6
v 1.8 1 0.6
v -0.0999999 1 0.5
v 0 1 0.5
v 0.1 1 0.5
v 0.2 1 0.5
v 1.7 1 0.5
v 1.8 1 0.5
v -0.2 1 0.4
v -0.0999999 1 0.4
v 0 1 0.4
v -0.4 1 0.3
v -0.3 1 0.3
v -0.2 1 0.3
v -0.0999999 1 0.3
v 1.7 1 0.3
v 1.8 1 0.3
v -0.5 1 0.2
v -0.4 1 0.2
v -0.3 1 0.2
v 1.7 1 0.2
v 1.8 1 0.2
v -0.6 1 0.0999999
v -0.5 1 0.0999999
v -0.4 1 0.0999999
v -0.6 1 0
v -0.5 1 0
v 1.7 1 0
v 1.8 1 0
v -0.7 1 -0.1
v -0.6 1 -0.1
v 1.6 1 -0.1
v 1.7 1 -0.1
v 1.8 1 -0.1
v -0.7 1 -0.2
v -0.6 1 -0.2
v 1.5 1 -0.2
v 1.6 1 -0.2
v 1.7 1 -0.2
v 1.4 1 -0.3
v 1.5 1 -0.3
v 1.6 1 -0.3
v 1.3 1 -0.4
v 1.4 1 -0.4
v 1.5 1 -0.4
v 1.3 1 -0.5
v 1.4 1 -0.5
v 1.2 1 -0.6
v 1.3 1 -0.6
v 1.2 1 -0.7
v 1.3 1 -0.7
v 1.4 1 -0.9
v 1.5 1 -0.9
v 1.4 1 -1
v 1.5 1 -1
v 1.6 1 -1
v -1.2 1 -1.1
v -1.1 1 -1.1
v 1.5 1 -1.1
v 1.6 1 -1.1
v -1.5 1 -1.2
v -1.4 1 -1.2
v -1.2 1 -1.2
v -1.1 1 -1.2
v 1.6 1 -1.2
v 1.7 1 -1.2
v -1.6 1 -1.3
v -1.5 1 -1.3
v -1.4 1 -1.3
v 1.6 1 -1.3
v 1.7 1 -1.3
v -1.7 1 -1.4
v -1.6 1 -1.4
v -1.5 1 -1.4
v -1.7 1 -1.5
v -1.6 1 -1.5
v -1.4 1 -3.3
v -1.3 1 -3.3
v 1.1 1 -3.3
v 1.2 1 -3.3
v -1.4 1 -3.4
v -1.3 1 -3.4
v -1.2 1 -3.4
v 0.6 1 -3.4
v 0.7 1 -3.4
v 1.1 1 -3.4
v 1.2 1 -3.4
v -1.3 1 -3.5
v -1.2 1 -3.5
v 0.6 1 -3.5
v 0.7 1 -3.5
v 0.7 1 -3.6
v 1 1 -3.6
v -0.9 1 -3.7
v -0.8 1 -3.7
v -0.7 1 -3.7
v 0.6 1 -3.7
v 0.7 1 -3.7
v 1 1 -3.7
v 1.1 1 -3.7
v -0.9 1 -3.8
v -0.8 1 -3.8
v -0.7 1 -3.8
v 0.6 1 -3.8
v 1.1 1 -3.8
v 0.6 1.1 0.7
v 0.9 1.1 0.7
v 1 1.1 0.7
v 1.2 1.1 0.7
v 1.5 1.1 0.7
v 1.6 1.1 0.7
v 0.2 1.1 0.6
v 0.5 1.1 0.6
v 0.6 1.1 0.6
v 0.9 1.1 0.6
v 1 1.1 0.6
v 1.2 1.1 0.6
v 1.3 1.1 0.6
v 1.4 1.1 0.6
v 1.5 1.1 0.6
v 1.6 1.1 0.6
v 1.7 1.1 0.6
v 0 1.1 0.5
v 0.1 1.1 0.5
v 0.2 1.1 0.5
v 0.5 1.1 0.5
v 0.6 1.1 0.5
v 1.6 1.1 0.5
v 1.7 1.1 0.5
v 1.8 1.1 0.5
v -0.0999999 1.1 0.4
v 0 1.1 0.4
v 0.1 1.1 0.4
v 0.2 1.1 0.4
v -0.3 1.1 0.3
v -0.2 1.1 0.3
v -0.0999999 1.1 0.3
v 0 1.1 0.3
v 1.6 1.1 0.3
v 1.7 1.1 0.3
v 1.8 1.1 0.3
v -0.4 1.1 0.2
v -0.3 1.1 0.2
v -0.2 1.1 0.2
v -0.0999999 1.1 0.2
v 1.6 1.1 0.2
v 1.7 1.1 0.2
v 1.8 1.1 0.2
v -0.5 1.1 0.0999999
v -0.4 1.1 0.0999999
v -0.3 1.1 0.0999999
v 1.7 1.1 0.0999999
v 1.8 1.1 0.0999999
v -0.6 1.1 0
v -0.5 1.1 0
v -0.4 1.1 0
v 1.6 1.1 0
v 1.7 1.1 0
v 1.8 1.1 0
v -0.6 1.1 -0.1
v -0.5 1.1 -0.1
v 1.5 1.1 -0.1
v 1.6 1.1 -0.1
v 1.7 1.1 -0.1
v -0.7 1.1 -0.2
v -0.6 1.1 -0.2
v -0.5 1.1 -0.2
v 1.4 1.1 -0.2
v 1.5 1.1 -0.2
v 1.6 1.1 -0.2
v -0.7 1.1 -0.3
v -0.6 1.1 -0.3
v 1.3 1.1 -0.3
v 1.4 1.1 -0.3
v 1.5 1.1 -0.3
v -0.6 1.1 -0.4
v 1.2 1.1 -0.4
v 1.3 1.1 -0.4
v 1.4 1.1 -0.4
v 1.2 1.1 -0.5
v 1.3 1.1 -0.5
v 1.1 1.1 -0.6
v 1.2 1.1 -0.6
v 1.3 1.1 -0.6
v 1.1 1.1 -0.7
v 1.2 1.1 -0.7
v -0.6 1.1 -0.8
v 1.1 1.1 -0.8
v 1.2 1.1 -0.8
v -0.7 1.1 -0.9
v -0.6 1.1 -0.9
v 1.3 1.1 -0.9
v 1.4 1.1 -0.9
v 1.3 1.1 -1
v 1.4 1.1 -1
v 1.5 1.1 -1
v -1.1 1.1 -1.1
v -1 1.1 -1.1
v 1.4 1.1 -1.1
v 1.5 1.1 -1.1
v -1.4 1.1 -1.2
v -1.2 1.1 -1.2
v -1.1 1.1 -1.2
v -1 1.1 -1.2
v -1.5 1.1 -1.3
v -1.4 1.1 -1.3
v -1.2 1.1 -1.3
v -1.1 1.1 -1.3
v -1.6 1.1 -1.4
v -1.5 1.1 -1.4
v -1.4 1.1 -1.4
v -1.6 1.1 -1.5
v -1.5 1.1 -1.5
v -1.3 1.1 -3.3
v -1.2 1.1 -3.3
v 0.3 1.1 -3.3
v 1.1 1.1 -3.3
v -1.3 1.1 -3.4
v -1.2 1.1 -3.4
v -0.6 1.1 -3.4
v 0.3 1.1 -3.4
v 0.5 1.1 -3.4
v 0.6 1.1 -3.4
v 1.1 1.1 -3.4
v -1.2 1.1 -3.5
v -0.8 1.1 -3.5
v -0.7 1.1 -3.5
v -0.6 1.1 -3.5
v 0.5 1.1 -3.5
v 0.6 1.1 -3.5
v 0.7 1.1 -3.5
v 0.6 1.1 -3.6
v -0.8 1.1 -3.7
v -0.7 1.1 -3.7
v -0.6 1.1 -3.7
v 0.5 1.1 -3.7
v 0.6 1.1 -3.7
v 0.7 1.1 -3.7
v -0.7 1.1 -3.8
v -0.6 1.1 -3.8
v 0.5 1.1 -3.8
v 0.6 1.1 -3.8
v 0.6 1.2 0.6
v 1 1.2 0.6
v 1.2 1.2 0.6
v 1.3 1.2 0.6
v 1.4 1.2 0.6
v 1.6 1.2 0.6
v 0.2 1.2 0.5
v 0.6 1.2 0.5
v 1 1.2 0.5
v 1.2 1.2 0.5
v 1.3 1.2 0.5
v 1.4 1.2 0.5
v 1.5 1.2 0.5
v 1.6 1.2 0.5
v 1.7 1.2 0.5
v 0 1.2 0.4
v 0.2 1.2 0.4
v -0.0999999 1.2 0.3
v 0 1.2 0.3
v 1.6 1.2 0.3
v 1.7 1.2 0.3
v -0.3 1.2 0.2
v -0.2 1.2 0.2
v -0.0999999 1.2 0.2
v 0.2 1.2 0.2
v 0.3 1.2 0.2
v 0.8 1.2 0.2
v 0.9 1.2 0.2
v 1.5 1.2 0.2
v 1.6 1.2 0.2
v 1.7 1.2 0.2
v -0.4 1.2 0.0999999
v -0.3 1.2 0.0999999
v 0.1 1.2 0.0999999
v 0.2 1.2 0.0999999
v 0.7 1.2 0.0999999
v 0.8 1.2 0.0999999
v 0.9 1.2 0.0999999
v 1.1 1.2 0.0999999
v 1.2 1.2 0.0999999
v -0.5 1.2 0
v -0.4 1.2 0
v -0.3 1.2 0
v -0.2 1.2 0
v 0.1 1.2 0
v 0.3 1.2 0
v 0.6 1.2 0
v 0.7 1.2 0
v 1.2 1.2 0
v 1.3 1.2 0
v 1.5 1.2 0
v 1.6 1.2 0
v 1.7 1.2 0
v 0.4 1.2 -0.1
v 0.5 1.2 -0.1
v 0.6 1.2 -0.1
v 0.7 1.2 -0.1
v 0.8 1.2 -0.1
v 1.1 1.2 -0.1
v 1.2 1.2 -0.1
v 1.3 1.2 -0.1
v 1.5 1.2 -0.1
v 1.6 1.2 -0.1
v -0.6 1.2 -0.2
v -0.5 1.2 -0.2
v -0.3 1.2 -0.2
v 0.4 1.2 -0.2
v 0.5 1.2 -0.2
v 1.4 1.2 -0.2
v 1.5 1.2 -0.2
v -0.3 1.2 -0.3
v 0 1.2 -0.3
v 1.3 1.2 -0.3
v 1.4 1.2 -0.3
v -0.6 1.2 -0.4
v -0.2 1.2 -0.4
v 0 1.2 -0.4
v 0.1 1.2 -0.4
v 0.8 1.2 -0.4
v 1 1.2 -0.4
v 1.2 1.2 -0.4
v 1.3 1.2 -0.4
v 0.4 1.2 -0.5
v 0.5 1.2 -0.5
v 0.7 1.2 -0.5
v -0.2 1.2 -0.6
v 0 1.2 -0.6
v 0.1 1.2 -0.6
v 0.5 1.2 -0.6
v 0.6 1.2 -0.6
v 0.7 1.2 -0.6
v 1 1.2 -0.6
v 1.1 1.2 -0.6
v 1.2 1.2 -0.6
v -0.3 1.2 -0.7
v -0.2 1.2 -0.7
v 0.7 1.2 -0.7
v 0.9 1.2 -0.7
v 1 1.2 -0.7
v 1.1 1.2 -0.7
v -0.6 1.2 -0.8
v -0.5 1.2 -0.8
v -0.3 1.2 -0.8
v -0.2 1.2 -0.8
v -0.0999999 1.2 -0.8
v 0 1.2 -0.8
v 0.5 1.2 -0.8
v 0.6 1.2 -0.8
v 0.7 1.2 -0.8
v 0.9 1.2 -0.8
v 1 1.2 -0.8
v 1.1 1.2 -0.8
v -0.9 1.2 -0.9
v -0.8 1.2 -0.9
v -1 1.2 -1
v -0.9 1.2 -1
v -0.8 1.2 -1
v -1 1.2 -1.1
v -0.9 1.2 -1.1
v -0.3 1.2 -3.3
v -0.0999999 1.2 -3.3
v 0.1 1.2 -3.3
v 0.3 1.2 -3.3
v -0.6 1.2 -3.4
v -0.5 1.2 -3.4
v -0.3 1.2 -3.4
v -0.0999999 1.2 -3.4
v 0.1 1.2 -3.4
v 0.3 1.2 -3.4
v 0.5 1.2 -3.4
v -0.7 1.2 -3.5
v -0.6 1.2 -3.5
v -0.5 1.2 -3.5
v 0.3 1.2 -3.5
v 0.4 1.2 -3.5
v 0.5 1.2 -3.5
v 0.6 1.2 -3.5
v -0.6 1.2 -3.6
v 0.4 1.2 -3.6
v 0.6 1.2 -3.6
v -0.7 1.2 -3.7
v -0.6 1.2 -3.7
v -0.5 1.2 -3.7
v 0.3 1.2 -3.7
v 0.4 1.2 -3.7
v 0.5 1.2 -3.7
v 0.6 1.2 -3.7
v -0.6 1.2 -3.8
v -0.5 1.2 -3.8
v 0.3 1.2 -3.8
v 0.5 1.2 -3.8
v -0.6 1.3 -0.8
v -0.5 1.3 -0.8
v 1.1 1.3 -0.8
v 1.2 1.3 -0.8
v -0.8 1.3 -0.9
v -0.7 1.3 -0.9
v -0.6 1.3 -0.9
v -0.5 1.3 -0.9
v 1.1 1.3 -0.9
v 1.2 1.3 -0.9
v 1.3 1.3 -0.9
v -0.9 1.3 -1
v -0.8 1.3 -1
v -0.7 1.3 -1
v 1.2 1.3 -1
v 1.3 1.3 -1
v -0.9 1.3 -1.1
v -0.8 1.3 -1.1
v -0.3 1.3 -3.4
v -0.0999999 1.3 -3.4
v 0.1 1.3 -3.4
v 0.3 1.3 -3.4
v -0.6 1.3 -3.5
v -0.5 1.3 -3.5
v -0.3 1.3 -3.5
v -0.0999999 1.3 -3.5
v 0.1 1.3 -3.5
v 0.3 1.3 -3.5
v 0.4 1.3 -3.5
v -0.6 1.3 -3.6
v -0.5 1.3 -3.6
v 0.3 1.3 -3.6
v 0.4 1.3 -3.6
v -0.6 1.3 -3.7
v -0.5 1.3 -3.7
v 0.3 1.3 -3.7
v 0.4 1.3 -3.7
v -0.5 1.3 -3.8
v 0.3 1.3 -3.8
v -0.5 1.4 -0.8
v -0.0999999 1.4 -0.8
v 0.3 1.4 -0.8
v 0.5 1.4 -0.8
v 0.6 1.4 -0.8
v 0.9 1.4 -0.8
v 1.1 1.4 -0.8
v -0.7 1.4 -0.9
v -0.6 1.4 -0.9
v -0.5 1.4 -0.9
v -0.2 1.4 -0.9
v -0.0999999 1.4 -0.9
v 0.2 1.4 -0.9
v 0.3 1.4 -0.9
v 0.5 1.4 -0.9
v 0.6 1.4 -0.9
v 0.7 1.4 -0.9
v 0.8 1.4 -0.9
v 0.9 1.4 -0.9
v 1 1.4 -0.9
v 1.1 1.4 -0.9
v 1.2 1.4 -0.9
v -0.8 1.4 -1
v -0.7 1.4 -1
v -0.6 1.4 -1
v -0.5 1.4 -1
v 1.1 1.4 -1
v 1.2 1.4 -1
v -0.8 1.4 -1.1
v -0.7 1.4 -1.1
v -0.5 1.5 -0.9
v -0.2 1.5 -0.9
v 0.2 1.5 -0.9
v 0.3 1.5 -0.9
v 0.6 1.5 -0.9
v 0.7 1.5 -0.9
v 0.8 1.5 -0.9
v 0.9 1.5 -0.9
v 1 1.5 -0.9
v 1.1 1.5 -0.9
v -0.7 1.5 -1
v -0.5 1.5 -1
v 0.7 1.5 -1
v 0.8 1.5 -1
v 1.1 1.5 -1
v 1.2 1.5 -1
v 1.4 1.5 -1
v -1 1.5 -1.1
v -0.7 1.5 -1.1
v -0.5 1.5 -1.1
v -0.2 1.5 -1.1
v -0.0999999 1.5 -1.1
v 0.2 1.5 -1.1
v 0.3 1.5 -1.1
v 1.1 1.5 -1.1
v 1.2 1.5 -1.1
v 1.4 1.5 -1.1
v 1.5 1.5 -1.1
v 1.6 1.5 -1.1
v -1.1 1.5 -1.2
v -1 1.5 -1.2
v -0.5 1.5 -1.2
v -0.4 1.5 -1.2
v -0.0999999 1.5 -1.2
v -1.4 1.5 -1.3
v -1.2 1.5 -1.3
v -1.1 1.5 -1.3
v -0.8 1.5 -1.3
v -0.6 1.5 -1.3
v -0.5 1.5 -1.3
v -0.4 1.5 -1.3
v 0.1 1.5 -1.3
v 0.2 1.5 -1.3
v 0.5 1.5 -1.3
v 0.6 1.5 -1.3
v 0.8 1.5 -1.3
v 0.9 1.5 -1.3
v 1.4 1.5 -1.3
v 1.5 1.5 -1.3
v 1.6 1.5 -1.3
v -1.5 1.5 -1.4
v -1.4 1.5 -1.4
v -1.3 1.5 -1.4
v -1.2 1.5 -1.4
v -1.1 1.5 -1.4
v -1 1.5 -1.4
v -0.8 1.5 -1.4
v -0.6 1.5 -1.4
v -0.5 1.5 -1.4
v 0.6 1.5 -1.4
v 0.8 1.5 -1.4
v 0.9 1.5 -1.4
v 1 1.5 -1.4
v 1.1 1.5 -1.4
v 1.3 1.5 -1.4
v 1.4 1.5 -1.4
v -1.8 1.5 -1.5
v -1.5 1.5 -1.5
v -1.3 1.5 -1.5
v -1.1 1.5 -1.5
v -1 1.5 -1.5
v -0.6 1.5 -1.5
v 0.9 1.5 -1.5
v 1 1.5 -1.5
v 1.1 1.5 -1.5
v 1.3 1.5 -1.5
v -1.7 1.5 -1.6
v -1.4 1.5 -1.6
v -1.3 1.5 -1.6
v 1 1.5 -1.6
v 1.1 1.5 -1.6
v -1.8 1.5 -1.7
v -1.7 1.5 -1.7
v 1.1 1.5 -1.7
v 1.2 1.5 -1.7
v 1.9 1.5 -1.7
v 2 1.5 -1.7
v 1.2 1.5 -1.8
v 1.3 1.5 -1.8
v 1.8 1.5 -2
v 1.9 1.5 -2
v -0.9 1.5 -2.1
v -0.8 1.5 -2.1
v -1.2 1.5 -2.2
v -0.9 1.5 -2.2
v -0.8 1.5 -2.2
v 1.8 1.5 -2.2
v 1.9 1.5 -2.2
v -1.2 1.5 -2.3
v -1 1.5 -2.3
v -0.8 1.5 -2.3
v -1.2 1.5 -2.4
v -1 1.5 -2.4
v -0.9 1.5 -2.4
v -0.8 1.5 -2.4
v 2 1.5 -2.4
v 2.1 1.5 -2.4
v -1 1.5 -2.5
v -0.9 1.5 -2.5
v -0.8 1.5 -2.5
v 1.2 1.5 -2.5
v 1.3 1.5 -2.5
v 1.2 1.5 -2.6
v 1.3 1.5 -2.6
v 2 1.5 -2.6
v 2.1 1.5 -2.6
v -1.8 1.5 -2.8
v -1.7 1.5 -2.8
v -1.8 1.5 -2.9
v -1.7 1.5 -2.9
v -1.6 1.5 -2.9
v -1.6 1.5 -3
v -1.4 1.5 -3
v 1.8 1.5 -3
v 1.9 1.5 -3
v -1.7 1.5 -3.1
v -1.6 1.5 -3.1
v -1.4 1.5 -3.1
v -1.2 1.5 -3.1
v 1.7 1.5 -3.1
v 1.8 1.5 -3.1
v 1.9 1.5 -3.1
v 2 1.5 -3.1
v -1.2 1.5 -3.2
v -1 1.5 -3.2
v 1.6 1.5 -3.2
v 1.7 1.5 -3.2
v 1.8 1.5 -3.2
v 1.9 1.5 -3.2
v -1.6 1.5 -3.3
v -1.2 1.5 -3.3
v -1 1.5 -3.3
v -0.8 1.5 -3.3
v 1.6 1.5 -3.3
v 1.8 1.5 -3.3
v -1.2 1.5 -3.4
v -0.8 1.5 -3.4
v -0.5 1.6 -1.3
v -0.4 1.6 -1.3
v 0.5 1.6 -1.3
v 0.6 1.6 -1.3
v 1.4 1.6 -1.3
v 1.5 1.6 -1.3
v 1.7 1.6 -1.3
v 1.8 1.6 -1.3
v -0.6 1.6 -1.4
v -0.5 1.6 -1.4
v -0.4 1.6 -1.4
v 0.5 1.6 -1.4
v 0.6 1.6 -1.4
v 0.8 1.6 -1.4
v 0.9 1.6 -1.4
v 1.3 1.6 -1.4
v 1.4 1.6 -1.4
v 1.5 1.6 -1.4
v 1.7 1.6 -1.4
v 1.8 1.6 -1.4
v 1.9 1.6 -1.4
v -1.3 1.6 -1.5
v -1.2 1.6 -1.5
v -0.6 1.6 -1.5
v -0.5 1.6 -1.5
v 0.8 1.6 -1.5
v 0.9 1.6 -1.5
v 1 1.6 -1.5
v 1.3 1.6 -1.5
v 1.4 1.6 -1.5
v 1.8 1.6 -1.5
v 1.9 1.6 -1.5
v -1.7 1.6 -1.6
v -1.6 1.6 -1.6
v -1.3 1.6 -1.6
v -1.2 1.6 -1.6
v 0.9 1.6 -1.6
v 1 1.6 -1.6
v 1.1 1.6 -1.6
v -1.8 1.6 -1.7
v -1.7 1.6 -1.7
v -1.6 1.6 -1.7
v 1 1.6 -1.7
v 1.1 1.6 -1.7
v 1.2 1.6 -1.7
v -1.9 1.6 -1.8
v -1.8 1.6 -1.8
v -1.7 1.6 -1.8
v 1.1 1.6 -1.8
v 1.2 1.6 -1.8
v 1.3 1.6 -1.8
v -1.9 1.6 -1.9
v -1.8 1.6 -1.9
v 1.2 1.6 -1.9
v 1.3 1.6 -1.9
v 1.8 1.6 -1.9
v 1.9 1.6 -1.9
v 1.8 1.6 -2
v 1.9 1.6 -2
v -1 1.6 -2.1
v -0.9 1.6 -2.1
v -1.3 1.6 -2.2
v -1.2 1.6 -2.2
v -1 1.6 -2.2
v -0.9 1.6 -2.2
v 1.8 1.6 -2.2
v 1.9 1.6 -2.2
v -1.3 1.6 -2.3
v -1.2 1.6 -2.3
v 1.8 1.6 -2.3
v 1.9 1.6 -2.3
v -1.1 1.6 -2.4
v -1 1.6 -2.4
v 1.2 1.6 -2.4
v 1.3 1.6 -2.4
v -1.9 1.6 -2.5
v -1.8 1.6 -2.5
v -1.1 1.6 -2.5
v -1 1.6 -2.5
v -0.9 1.6 -2.5
v -0.8 1.6 -2.5
v -0.7 1.6 -2.5
v 1.2 1.6 -2.5
v 1.3 1.6 -2.5
v -1.9 1.6 -2.6
v -1.8 1.6 -2.6
v -0.9 1.6 -2.6
v -0.8 1.6 -2.6
v -0.7 1.6 -2.6
v -0.6 1.6 -2.6
v 1.1 1.6 -2.6
v 1.2 1.6 -2.6
v 1.3 1.6 -2.6
v -1.8 1.6 -2.7
v -1.7 1.6 -2.7
v -0.7 1.6 -2.7
v -0.6 1.6 -2.7
v -0.5 1.6 -2.7
v 1 1.6 -2.7
v 1.1 1.6 -2.7
v 1.2 1.6 -2.7
v 1.3 1.6 -2.7
v -1.8 1.6 -2.8
v -1.7 1.6 -2.8
v -1.6 1.6 -2.8
v -0.6 1.6 -2.8
v -0.5 1.6 -2.8
v -0.4 1.6 -2.8
v 1 1.6 -2.8
v 1.1 1.6 -2.8
v -1.7 1.6 -2.9
v -1.6 1.6 -2.9
v -1.5 1.6 -2.9
v -0.5 1.6 -2.9
v -0.4 1.6 -2.9
v -0.3 1.6 -2.9
v -0.2 1.6 -2.9
v 1.8 1.6 -2.9
v 1.9 1.6 -2.9
v -1.6 1.6 -3
v -1.5 1.6 -3
v -1.4 1.6 -3
v -1.3 1.6 -3
v -0.3 1.6 -3
v -0.2 1.6 -3
v 1.7 1.6 -3
v 1.8 1.6 -3
v 1.9 1.6 -3
v -1.4 1.6 -3.1
v -1.3 1.6 -3.1
v -1.2 1.6 -3.1
v -1.1 1.6 -3.1
v 1.6 1.6 -3.1
v 1.7 1.6 -3.1
v 1.8 1.6 -3.1
v -1.2 1.6 -3.2
v -1.1 1.6 -3.2
v -1 1.6 -3.2
v -0.9 1.6 -3.2
v 1.5 1.6 -3.2
v 1.6 1.6 -3.2
v 1.7 1.6 -3.2
v -1 1.6 -3.3
v -0.9 1.6 -3.3
v -0.8 1.6 -3.3
v -0.7 1.6 -3.3
v 1.3 1.6 -3.3
v 1.4 1.6 -3.3
v 1.5 1.6 -3.3
v 1.6 1.6 -3.3
v -0.8 1.6 -3.4
v -0.7 1.6 -3.4
v -0.6 1.6 -3.4
v -0.3 1.6 -3.4
v -0.0999999 1.6 -3.4
v 0.1 1.6 -3.4
v 0.3 1.6 -3.4
v 1.1 1.6 -3.4
v 1.2 1.6 -3.4
v 1.3 1.6 -3.4
v 1.4 1.6 -3.4
v -0.7 1.6 -3.5
v -0.6 1.6 -3.5
v -0.3 1.6 -3.5
v -0.0999999 1.6 -3.5
v 0.1 1.6 -3.5
v 0.3 1.6 -3.5
v 1.1 1.6 -3.5
v 1.2 1.6 -3.5
v -0.4 1.7 -1.3
v 0.1 1.7 -1.3
v 0.2 1.7 -1.3
v 0.5 1.7 -1.3
v 1.5 1.7 -1.3
v 1.7 1.7 -1.3
v -0.5 1.7 -1.4
v -0.4 1.7 -1.4
v 0 1.7 -1.4
v 0.1 1.7 -1.4
v 0.2 1.7 -1.4
v 0.5 1.7 -1.4
v 0.8 1.7 -1.4
v 1.4 1.7 -1.4
v 1.5 1.7 -1.4
v 1.6 1.7 -1.4
v 1.7 1.7 -1.4
v 1.8 1.7 -1.4
v -1.2 1.7 -1.5
v -1 1.7 -1.5
v -0.6 1.7 -1.5
v -0.5 1.7 -1.5
v -0.4 1.7 -1.5
v 0.5 1.7 -1.5
v 0.8 1.7 -1.5
v 0.9 1.7 -1.5
v 1.3 1.7 -1.5
v 1.4 1.7 -1.5
v 1.5 1.7 -1.5
v 1.7 1.7 -1.5
v 1.8 1.7 -1.5
v 1.9 1.7 -1.5
v -1.6 1.7 -1.6
v -1.5 1.7 -1.6
v -1.3 1.7 -1.6
v -1.2 1.7 -1.6
v -1 1.7 -1.6
v -0.6 1.7 -1.6
v -0.5 1.7 -1.6
v 0.8 1.7 -1.6
v 0.9 1.7 -1.6
v 1 1.7 -1.6
v 1.3 1.7 -1.6
v 1.4 1.7 -1.6
v 1.8 1.7 -1.6
v -1.7 1.7 -1.7
v -1.6 1.7 -1.7
v -1.5 1.7 -1.7
v -1.4 1.7 -1.7
v -1.3 1.7 -1.7
v -1.2 1.7 -1.7
v 0.9 1.7 -1.7
v 1 1.7 -1.7
v 1.1 1.7 -1.7
v -1.8 1.7 -1.8
v -1.7 1.7 -1.8
v -1.6 1.7 -1.8
v 1 1.7 -1.8
v 1.1 1.7 -1.8
v 1.2 1.7 -1.8
v 1.3 1.7 -1.8
v 1.4 1.7 -1.8
v -1.9 1.7 -1.9
v -1.8 1.7 -1.9
v -1.7 1.7 -1.9
v 1.2 1.7 -1.9
v 1.3 1.7 -1.9
v 1.4 1.7 -1.9
v 1.7 1.7 -1.9
v 1.8 1.7 -1.9
v 1.9 1.7 -1.9
v 1.1 1.7 -2
v 1.7 1.7 -2
v -1.4 1.7 -2.1
v -1.3 1.7 -2.1
v -1.2 1.7 -2.1
v -1.1 1.7 -2.1
v -1 1.7 -2.1
v -0.8 1.7 -2.1
v -0.7 1.7 -2.1
v 1.3 1.7 -2.1
v 1.7 1.7 -2.1
v 1.8 1.7 -2.1
v -1.4 1.7 -2.2
v -1.3 1.7 -2.2
v -1.2 1.7 -2.2
v -1 1.7 -2.2
v 1.1 1.7 -2.2
v 1.3 1.7 -2.2
v -1.4 1.7 -2.3
v -1.3 1.7 -2.3
v -1.2 1.7 -2.3
v -0.8 1.7 -2.3
v -0.7 1.7 -2.3
v 1.1 1.7 -2.3
v 1.3 1.7 -2.3
v 1.7 1.7 -2.3
v 1.8 1.7 -2.3
v 1.9 1.7 -2.3
v -1.3 1.7 -2.4
v -1.2 1.7 -2.4
v -1.1 1.7 -2.4
v -0.8 1.7 -2.4
v -0.7 1.7 -2.4
v 1.2 1.7 -2.4
v 1.3 1.7 -2.4
v 1.4 1.7 -2.4
v 1.8 1.7 -2.4
v -1.9 1.7 -2.5
v -1.8 1.7 -2.5
v -1.7 1.7 -2.5
v -1.3 1.7 -2.5
v -1.2 1.7 -2.5
v -1.1 1.7 -2.5
v -0.9 1.7 -2.5
v -0.8 1.7 -2.5
v -0.7 1.7 -2.5
v -0.6 1.7 -2.5
v -1.1 1.7 -2.6
v -0.9 1.7 -2.6
v -0.7 1.7 -2.6
v -0.6 1.7 -2.6
v -0.5 1.7 -2.6
v 1 1.7 -2.6
v 1.1 1.7 -2.6
v 1.2 1.7 -2.6
v 1.4 1.7 -2.6
v 1.8 1.7 -2.6
v -1.8 1.7 -2.7
v -1.7 1.7 -2.7
v -1.6 1.7 -2.7
v -0.9 1.7 -2.7
v -0.7 1.7 -2.7
v -0.6 1.7 -2.7
v -0.5 1.7 -2.7
v -0.4 1.7 -2.7
v 0.9 1.7 -2.7
v 1 1.7 -2.7
v 1.1 1.7 -2.7
v 1.3 1.7 -2.7
v 1.4 1.7 -2.7
v 1.8 1.7 -2.7
v 1.9 1.7 -2.7
v -1.7 1.7 -2.8
v -1.6 1.7 -2.8
v -1.5 1.7 -2.8
v -0.7 1.7 -2.8
v -0.6 1.7 -2.8
v -0.5 1.7 -2.8
v -0.4 1.7 -2.8
v -0.3 1.7 -2.8
v -0.2 1.7 -2.8
v 0.7 1.7 -2.8
v 0.9 1.7 -2.8
v 1 1.7 -2.8
v 1.1 1.7 -2.8
v 1.2 1.7 -2.8
v 1.3 1.7 -2.8
v 1.8 1.7 -2.8
v 1.9 1.7 -2.8
v -1.6 1.7 -2.9
v -1.5 1.7 -2.9
v -1.3 1.7 -2.9
v -0.6 1.7 -2.9
v -0.5 1.7 -2.9
v -0.4 1.7 -2.9
v -0.3 1.7 -2.9
v -0.2 1.7 -2.9
v 0.1 1.7 -2.9
v 0.6 1.7 -2.9
v 0.7 1.7 -2.9
v 0.9 1.7 -2.9
v 1 1.7 -2.9
v 1.1 1.7 -2.9
v 1.7 1.7 -2.9
v 1.8 1.7 -2.9
v 1.9 1.7 -2.9
v -1.5 1.7 -3
v -1.3 1.7 -3
v -1.1 1.7 -3
v -0.6 1.7 -3
v -0.4 1.7 -3
v -0.3 1.7 -3
v -0.2 1.7 -3
v -0.0999999 1.7 -3
v 0.1 1.7 -3
v 0.3 1.7 -3
v 0.6 1.7 -3
v 0.9 1.7 -3
v 1.6 1.7 -3
v 1.7 1.7 -3
v 1.8 1.7 -3
v -1.3 1.7 -3.1
v -1.1 1.7 -3.1
v -0.9 1.7 -3.1
v -0.3 1.7 -3.1
v -0.0999999 1.7 -3.1
v 0.1 1.7 -3.1
v 0.2 1.7 -3.1
v 0.3 1.7 -3.1
v 1.5 1.7 -3.1
v 1.6 1.7 -3.1
v 1.7 1.7 -3.1
v -1.1 1.7 -3.2
v -0.9 1.7 -3.2
v -0.7 1.7 -3.2
v 1.3 1.7 -3.2
v 1.5 1.7 -3.2
v 1.6 1.7 -3.2
v -0.9 1.7 -3.3
v -0.7 1.7 -3.3
v -0.6 1.7 -3.3
v -0.3 1.7 -3.3
v -0.0999999 1.7 -3.3
v 0.1 1.7 -3.3
v 0.3 1.7 -3.3
v 1.1 1.7 -3.3
v 1.3 1.7 -3.3
v 1.5 1.7 -3.3
v -0.7 1.7 -3.4
v -0.6 1.7 -3.4
v -0.3 1.7 -3.4
v -0.0999999 1.7 -3.4
v 0.1 1.7 -3.4
v 0.3 1.7 -3.4
v 1.1 1.7 -3.4
v 1.3 1.7 -3.4
v -0.6 1.7 -3.5
v -0.3 1.7 -3.5
v -0.0999999 1.7 -3.5
v 0.1 1.7 -3.5
v 0.3 1.7 -3.5
v 1.1 1.7 -3.5
v -0.4 1.8 -1.4
v 0 1.8 -1.4
v 0.1 1.8 -1.4
v 0.2 1.8 -1.4
v 0.5 1.8 -1.4
v 1.5 1.8 -1.4
v 1.6 1.8 -1.4
v 1.7 1.8 -1.4
v -1 1.8 -1.5
v -0.9 1.8 -1.5
v -0.7 1.8 -1.5
v -0.6 1.8 -1.5
v -0.5 1.8 -1.5
v -0.4 1.8 -1.5
v 0.2 1.8 -1.5
v 0.3 1.8 -1.5
v 0.5 1.8 -1.5
v 0.8 1.8 -1.5
v 1.4 1.8 -1.5
v 1.5 1.8 -1.5
v 1.6 1.8 -1.5
v 1.7 1.8 -1.5
v 1.8 1.8 -1.5
v -1.2 1.8 -1.6
v -1 1.8 -1.6
v -0.9 1.8 -1.6
v -0.7 1.8 -1.6
v -0.6 1.8 -1.6
v -0.5 1.8 -1.6
v -0.4 1.8 -1.6
v 0.1 1.8 -1.6
v 0.3 1.8 -1.6
v 0.5 1.8 -1.6
v 0.8 1.8 -1.6
v 0.9 1.8 -1.6
v 1.6 1.8 -1.6
v 1.7 1.8 -1.6
v 1.8 1.8 -1.6
v -1.6 1.8 -1.7
v -1.4 1.8 -1.7
v -1.2 1.8 -1.7
v -1.1 1.8 -1.7
v -1 1.8 -1.7
v -0.6 1.8 -1.7
v -0.5 1.8 -1.7
v -0.4 1.8 -1.7
v 0.8 1.8 -1.7
v 0.9 1.8 -1.7
v 1 1.8 -1.7
v -1.7 1.8 -1.8
v -1.6 1.8 -1.8
v -0.3 1.8 -1.8
v -0.2 1.8 -1.8
v 0 1.8 -1.8
v 0.2 1.8 -1.8
v 0.5 1.8 -1.8
v 0.6 1.8 -1.8
v 0.7 1.8 -1.8
v 0.8 1.8 -1.8
v 1 1.8 -1.8
v 1.1 1.8 -1.8
v -1.8 1.8 -1.9
v -1.7 1.8 -1.9
v -1.6 1.8 -1.9
v -1.4 1.8 -1.9
v -1.1 1.8 -1.9
v -1 1.8 -1.9
v -0.6 1.8 -1.9
v -0.5 1.8 -1.9
v -0.4 1.8 -1.9
v -0.3 1.8 -1.9
v 0.8 1.8 -1.9
v 0.9 1.8 -1.9
v 1.3 1.8 -1.9
v 1.4 1.8 -1.9
v 1.5 1.8 -1.9
v 1.7 1.8 -1.9
v 1.8 1.8 -1.9
v -1.1 1.8 -2
v -1 1.8 -2
v -0.9 1.8 -2
v -0.7 1.8 -2
v -0.6 1.8 -2
v 0.9 1.8 -2
v 1 1.8 -2
v 1.1 1.8 -2
v 1.5 1.8 -2
v 1.6 1.8 -2
v 1.7 1.8 -2
v -1.6 1.8 -2.1
v -1.4 1.8 -2.1
v -1.1 1.8 -2.1
v -0.9 1.8 -2.1
v -0.7 1.8 -2.1
v -0.5 1.8 -2.1
v -0.4 1.8 -2.1
v 1.3 1.8 -2.1
v 1.5 1.8 -2.1
v 1.6 1.8 -2.1
v 1 1.8 -2.2
v 1.1 1.8 -2.2
v 1.3 1.8 -2.2
v 1.4 1.8 -2.2
v 1.5 1.8 -2.2
v -1.4 1.8 -2.3
v -1.3 1.8 -2.3
v -0.7 1.8 -2.3
v -0.5 1.8 -2.3
v 1.3 1.8 -2.3
v 1.4 1.8 -2.3
v 1.7 1.8 -2.3
v 1.8 1.8 -2.3
v 1.3 1.8 -2.4
v 1.4 1.8 -2.4
v 1.7 1.8 -2.4
v 1.8 1.8 -2.4
v -1.8 1.8 -2.5
v -1.7 1.8 -2.5
v -1.6 1.8 -2.5
v -1.4 1.8 -2.5
v -1.3 1.8 -2.5
v -1.2 1.8 -2.5
v -1.1 1.8 -2.5
v -0.7 1.8 -2.5
v -0.6 1.8 -2.5
v -0.5 1.8 -2.5
v -0.4 1.8 -2.5
v 1 1.8 -2.5
v -1.4 1.8 -2.6
v -1.3 1.8 -2.6
v -1.2 1.8 -2.6
v -1.1 1.8 -2.6
v -0.9 1.8 -2.6
v -0.6 1.8 -2.6
v -0.5 1.8 -2.6
v -0.4 1.8 -2.6
v -0.3 1.8 -2.6
v 1 1.8 -2.6
v 1.1 1.8 -2.6
v 1.4 1.8 -2.6
v 1.5 1.8 -2.6
v 1.6 1.8 -2.6
v 1.7 1.8 -2.6
v 1.8 1.8 -2.6
v -1.7 1.8 -2.7
v -1.6 1.8 -2.7
v -1.3 1.8 -2.7
v -1.2 1.8 -2.7
v -0.9 1.8 -2.7
v -0.7 1.8 -2.7
v -0.5 1.8 -2.7
v -0.4 1.8 -2.7
v -0.3 1.8 -2.7
v -0.2 1.8 -2.7
v 0 1.8 -2.7
v 1.3 1.8 -2.7
v 1.4 1.8 -2.7
v 1.5 1.8 -2.7
v -1.6 1.8 -2.8
v -1.5 1.8 -2.8
v -1.2 1.8 -2.8
v -1 1.8 -2.8
v -0.7 1.8 -2.8
v -0.6 1.8 -2.8
v -0.4 1.8 -2.8
v -0.3 1.8 -2.8
v -0.2 1.8 -2.8
v 0 1.8 -2.8
v 0.3 1.8 -2.8
v 0.5 1.8 -2.8
v 0.6 1.8 -2.8
v 0.7 1.8 -2.8
v 1.1 1.8 -2.8
v 1.2 1.8 -2.8
v 1.3 1.8 -2.8
v -1.5 1.8 -2.9
v -1.3 1.8 -2.9
v -1 1.8 -2.9
v -0.8 1.8 -2.9
v -0.6 1.8 -2.9
v -0.2 1.8 -2.9
v 0.1 1.8 -2.9
v 0.3 1.8 -2.9
v 0.5 1.8 -2.9
v 0.6 1.8 -2.9
v 0.7 1.8 -2.9
v 0.9 1.8 -2.9
v 1.1 1.8 -2.9
v 1.2 1.8 -2.9
v 1.6 1.8 -2.9
v 1.7 1.8 -2.9
v 1.8 1.8 -2.9
v -1.3 1.8 -3
v -1.1 1.8 -3
v -0.8 1.8 -3
v -0.7 1.8 -3
v -0.6 1.8 -3
v -0.3 1.8 -3
v -0.0999999 1.8 -3
v 0.1 1.8 -3
v 0.3 1.8 -3
v 0.6 1.8 -3
v 0.9 1.8 -3
v 1.1 1.8 -3
v 1.2 1.8 -3
v 1.5 1.8 -3
v 1.6 1.8 -3
v 1.7 1.8 -3
v -1.1 1.8 -3.1
v -0.9 1.8 -3.1
v -0.7 1.8 -3.1
v -0.3 1.8 -3.1
v -0.0999999 1.8 -3.1
v 0.1 1.8 -3.1
v 0.2 1.8 -3.1
v 0.3 1.8 -3.1
v 0.7 1.8 -3.1
v 1 1.8 -3.1
v 1.1 1.8 -3.1
v 1.5 1.8 -3.1
v 1.6 1.8 -3.1
v -0.9 1.8 -3.2
v -0.7 1.8 -3.2
v 0.1 1.8 -3.2
v 0.2 1.8 -3.2
v 0.7 1.8 -3.2
v 1 1.8 -3.2
v 1.3 1.8 -3.2
v 1.5 1.8 -3.2
v -0.7 1.8 -3.3
v -0.6 1.8 -3.3
v -0.3 1.8 -3.3
v -0.0999999 1.8 -3.3
v 0.1 1.8 -3.3
v 0.3 1.8 -3.3
v 1.1 1.8 -3.3
v 1.3 1.8 -3.3
v -0.6 1.8 -3.4
v -0.3 1.8 -3.4
v -0.0999999 1.8 -3.4
v 0.1 1.8 -3.4
v 0.3 1.8 -3.4
v 1.1 1.8 -3.4
v -0.9 1.9 -1.5
v -0.7 1.9 -1.5
v -1 1.9 -1.6
v -0.9 1.9 -1.6
v -0.7 1.9 -1.6
v -0.6 1.9 -1.6
v -1.1 1.9 -1.7
v -1 1.9 -1.7
v -0.9 1.9 -1.7
v -0.7 1.9 -1.7
v -0.6 1.9 -1.7
v -0.5 1.9 -1.7
v -0.3 1.9 -1.8
v -0.2 1.9 -1.8
v 0.7 1.9 -1.8
v 0.8 1.9 -1.8
v -1.1 1.9 -1.9
v -1 1.9 -1.9
v -0.9 1.9 -1.9
v -0.7 1.9 -1.9
v -0.6 1.9 -1.9
v -0.5 1.9 -1.9
v -0.4 1.9 -1.9
v -0.3 1.9 -1.9
v -0.2 1.9 -1.9
v 0.7 1.9 -1.9
v 0.8 1.9 -1.9
v 0.9 1.9 -1.9
v -1 1.9 -2
v -0.9 1.9 -2
v -0.8 1.9 -2
v -0.7 1.9 -2
v -0.6 1.9 -2
v -0.4 1.9 -2
v -0.3 1.9 -2
v 0.8 1.9 -2
v 0.9 1.9 -2
v 1 1.9 -2
v -0.9 1.9 -2.1
v -0.7 1.9 -2.1
v -0.5 1.9 -2.1
v -0.4 1.9 -2.1
v 0.9 1.9 -2.1
v 1 1.9 -2.1
v -0.5 1.9 -2.2
v -0.4 1.9 -2.2
v -0.5 1.9 -2.4
v -0.4 1.9 -2.4
v -0.5 1.9 -2.5
v -0.4 1.9 -2.5
v -0.3 1.9 -2.5
v -0.4 1.9 -2.6
v -0.3 1.9 -2.6
v -0.2 1.9 -2.6
v 0.9 1.9 -2.6
v 1 1.9 -2.6
v -0.3 1.9 -2.7
v -0.2 1.9 -2.7
v 0 1.9 -2.7
v 0.1 1.9 -2.7
v 0.8 1.9 -2.7
v 0.9 1.9 -2.7
v 1 1.9 -2.7
v 0 1.9 -2.8
v 0.1 1.9 -2.8
v 0.8 1.9 -2.8
v 0.9 1.9 -2.8
v -0.9 2 -1.6
v -0.7 2 -1.6
v -1 2 -1.7
v -0.9 2 -1.7
v -0.8 2 -1.7
v -0.7 2 -1.7
v -0.6 2 -1.7
v -0.2 2 -1.8
v 0.2 2 -1.8
v 0.4 2 -1.8
v 0.5 2 -1.8
v 0.7 2 -1.8
v -1 2 -1.9
v -0.9 2 -1.9
v -0.7 2 -1.9
v -0.6 2 -1.9
v -0.3 2 -1.9
v -0.2 2 -1.9
v -0.0999999 2 -1.9
v 0.2 2 -1.9
v 0.4 2 -1.9
v 0.5 2 -1.9
v 0.6 2 -1.9
v 0.7 2 -1.9
v 0.8 2 -1.9
v -0.9 2 -2
v -0.8 2 -2
v -0.7 2 -2
v -0.4 2 -2
v -0.3 2 -2
v -0.2 2 -2
v 0.7 2 -2
v 0.8 2 -2
v 0.9 2 -2
v -0.4 2 -2.1
v -0.3 2 -2.1
v 0.8 2 -2.1
v 0.9 2 -2.1
v 1 2 -2.1
v -0.5 2 -2.2
v -0.4 2 -2.2
v -0.3 2 -2.2
v 0.9 2 -2.3
v 1 2 -2.3
v -0.5 2 -2.4
v -0.4 2 -2.4
v -0.3 2 -2.4
v -0.4 2 -2.5
v -0.3 2 -2.5
v -0.2 2 -2.5
v -0.3 2 -2.6
v -0.2 2 -2.6
v 0 2 -2.6
v 0.1 2 -2.6
v 0.8 2 -2.6
v 0.9 2 -2.6
v 1 2 -2.6
v -0.2 2 -2.7
v 0 2 -2.7
v 0.1 2 -2.7
v 0.2 2 -2.7
v 0.3 2 -2.7
v 0.5 2 -2.7
v 0.6 2 -2.7
v 0.7 2 -2.7
v 0.8 2 -2.7
v 0.9 2 -2.7
v 0.1 2 -2.8
v 0.2 2 -2.8
v 0.3 2 -2.8
v 0.5 2 -2.8
v 0.6 2 -2.8
v 0.7 2 -2.8
v 0.8 2 -2.8
v -0.2 2.1 -1.9
v -0.0999999 2.1 -1.9
v 0.6 2.1 -1.9
v 0.7 2.1 -1.9
v -0.3 2.1 -2
v -0.2 2.1 -2
v 0.6 2.1 -2
v 0.7 2.1 -2
v 0.8 2.1 -2
v -0.0999999 2.1 -2.1
v 0.1 2.1 -2.1
v 0.8 2.1 -2.1
v 0.9 2.1 -2.1
v -0.4 2.1 -2.2
v -0.3 2.1 -2.2
v 0 2.1 -2.2
v 0.1 2.1 -2.2
v 0.2 2.1 -2.2
v 0.6 2.1 -2.3
v 0.9 2.1 -2.3
v -0.4 2.1 -2.4
v -0.3 2.1 -2.4
v 0.2 2.1 -2.4
v 0.6 2.1 -2.4
v -0.3 2.1 -2.5
v -0.2 2.1 -2.5
v 0 2.1 -2.5
v -0.2 2.1 -2.6
v 0.1 2.1 -2.6
v 0.8 2.1 -2.6
v 0.9 2.1 -2.6
v 0.1 2.1 -2.7
v 0.8 2.1 -2.7

# faces
f 3/2/1 2/2/1 1/2/1
f 4/2/1 2/2/1 3/2/1
f 5/2/1 2/2/1 4/2/1
f 6/2/1 2/2/1 5/2/1
f 7/5/1 5/5/1 4/5/1
f 8/5/1 5/5/1 7/5/1
f 9/5/1 5/5/1 8/5/1
f 10/5/1 5/5/1 9/5/1
f 11/5/1 9/5/1 8/5/1
f 12/5/1 9/5/1 11/5/1
f 13/5/1 9/5/1 12/5/1
f 14/5/1 9/5/1 13/5/1
f 15/4/1 13/4/1 12/4/1
f 16/4/1 13/4/1 15/4/1
f 21/5/1 18/5/1 17/5/1
f 22/5/1 18/5/1 21/5/1
f 25/5/1 20/5/1 19/5/1
f 26/5/1 20/5/1 25/5/1
f 27/5/1 23/5/1 22/5/1
f 28/5/1 23/5/1 27/5/1
f 33/5/1 25/5/1 24/5/1
f 34/5/1 25/5/1 33/5/1
f 35/4/1 30/4/1 29/4/1
f 36/4/1 30/4/1 35/4/1
f 37/4/1 32/4/1 31/4/1
f 38/4/1 32/4/1 37/4/1
f 43/5/1 40/5/1 39/5/1
f 44/5/1 40/5/1 43/5/1
f 47/5/1 42/5/1 41/5/1
f 48/5/1 42/5/1 47/5/1
f 49/5/1 45/5/1 44/5/1
f 50/5/1 45/5/1 49/5/1
f 55/5/1 47/5/1 46/5/1
f 56/5/1 47/5/1 55/5/1
f 57/4/1 52/4/1 51/4/1
f 58/4/1 52/4/1 57/4/1
f 59/4/1 54/4/1 53/4/1
f 60/4/1 54/4/1 59/4/1
f 65/5/1 64/5/1 63/5/1
f 66/5/1 64/5/1 65/5/1
f 67/5/1 62/5/1 61/5/1
f 68/5/1 62/5/1 67/5/1
f 72/5/1 69/5/1 68/5/1
f 73/5/1 69/5/1 72/5/1
f 78/5/1 71/5/1 70/5/1
f 79/5/1 71/5/1 78/5/1
f 80/4/1 75/4/1 74/4/1
f 81/4/1 75/4/1 80/4/1
f 82/4/1 77/4/1 76/4/1
f 83/4/1 77/4/1 82/4/1
f 88/5/1 85/5/1 84/5/1
f 89/5/1 85/5/1 88/5/1
f 90/5/1 87/5/1 86/5/1
f 91/5/1 87/5/1 90/5/1
f 96/4/1 93/4/1 92/4/1
f 97/4/1 93/4/1 96/4/1
f 98/4/1 95/4/1 94/4/1
f 99/4/1 95/4/1 98/4/1
f 102/5/1 101/5/1 100/5/1
f 103/5/1 101/5/1 102/5/1
f 108/5/1 105/5/1 104/5/1
f 109/5/1 105/5/1 108/5/1
f 110/4/1 107/4/1 106/4/1
f 111/4/1 107/4/1 110/4/1
f 114/5/1 113/5/1 112/5/1
f 115/5/1 113/5/1 114/5/1
f 118/4/1 117/4/1 116/4/1
f 119/4/1 117/4/1 118/4/1
f 122/5/1 121/5/1 120/5/1
f 123/5/1 121/5/1 122/5/1
f 126/5/1 125/5/1 124/5/1
f 127/5/1 125/5/1 126/5/1
f 130/5/1 129/5/1 128/5/1
f 131/5/1 129/5/1 130/5/1
f 134/4/1 133/4/1 132/4/1
f 135/4/1 133/4/1 134/4/1
f 139/5/1 137/5/1 136/5/1
f 140/5/1 137/5/1 139/5/1
f 141/5/1 139/5/1 138/5/1
f 142/5/1 139/5/1 141/5/1
f 145/5/1 144/5/1 143/5/1
f 146/5/1 144/5/1 145/5/1
f 151/5/1 148/5/1 147/5/1
f 152/5/1 148/5/1 151/5/1
f 153/4/1 150/4/1 149/4/1
f 154/4/1 150/4/1 153/4/1
f 157/5/1 156/5/1 155/5/1
f 158/5/1 156/5/1 157/5/1
f 161/4/1 160/4/1 159/4/1
f 162/4/1 160/4/1 161/4/1
f 170/5/1 164/5/1 163/5/1
f 171/5/1 164/5/1 170/5/1
f 172/7/1 166/7/1 165/7/1
f 173/7/1 166/7/1 172/7/1
f 174/5/1 167/5/1 166/5/1
f 174/7/1 166/7/1 173/7/1
f 175/5/1 167/5/1 174/5/1
f 176/5/1 169/5/1 168/5/1
f 177/5/1 169/5/1 176/5/1
f 178/5/1 169/5/1 177/5/1
f 179/5/1 169/5/1 178/5/1
f 182/7/1 174/7/1 173/7/1
f 183/7/1 174/7/1 182/7/1
f 184/5/1 178/5/1 177/5/1
f 185/5/1 178/5/1 184/5/1
f 186/5/1 181/5/1 180/5/1
f 187/5/1 181/5/1 186/5/1
f 199/7/1 189/7/1 188/7/1
f 199/7/1 190/7/1 189/7/1
f 200/7/1 190/7/1 199/7/1
f 201/7/1 190/7/1 200/7/1
f 204/5/1 192/5/1 191/5/1
f 205/5/1 192/5/1 204/5/1
f 206/5/1 194/5/1 193/5/1
f 207/5/1 194/5/1 206/5/1
f 208/5/1 194/5/1 207/5/1
f 211/5/1 196/5/1 195/5/1
f 212/7/1 198/7/1 197/7/1
f 213/7/1 198/7/1 212/7/1
f 214/7/1 202/7/1 201/7/1
f 214/7/1 201/7/1 200/7/1
f 215/7/1 202/7/1 214/7/1
f 216/7/1 202/7/1 215/7/1
f 217/7/1 205/7/1 204/7/1
f 217/7/1 204/7/1 203/7/1
f 218/7/1 205/7/1 217/7/1
f 219/7/1 205/7/1 218/7/1
f 220/5/1 209/5/1 208/5/1
f 220/5/1 208/5/1 207/5/1
f 221/5/1 209/5/1 220/5/1
f 222/5/1 209/5/1 221/5/1
f 223/5/1 211/5/1 210/5/1
f 224/5/1 196/5/1 211/5/1
f 224/5/1 211/5/1 223/5/1
f 225/5/1 196/5/1 224/5/1
f 228/7/1 216/7/1 215/7/1
f 228/7/1 218/7/1 217/7/1
f 228/7/1 217/7/1 216/7/1
f 229/7/1 218/7/1 228/7/1
f 230/5/1 222/5/1 221/5/1
f 230/5/1 224/5/1 223/5/1
f 230/5/1 223/5/1 222/5/1
f 231/5/1 224/5/1 230/5/1
f 232/7/1 227/7/1 226/7/1
f 233/7/1 227/7/1 232/7/1
f 242/7/1 235/7/1 234/7/1
f 243/7/1 235/7/1 242/7/1
f 244/7/1 235/7/1 243/7/1
f 246/7/1 237/7/1 236/7/1
f 247/5/1 239/5/1 238/5/1
f 249/5/1 241/5/1 240/5/1
f 250/5/1 241/5/1 249/5/1
f 253/7/1 245/7/1 244/7/1
f 253/7/1 244/7/1 243/7/1
f 254/7/1 245/7/1 253/7/1
f 255/7/1 245/7/1 254/7/1
f 258/7/1 237/7/1 246/7/1
f 259/7/1 237/7/1 258/7/1
f 260/5/1 248/5/1 247/5/1
f 260/5/1 247/5/1 238/5/1
f 261/5/1 248/5/1 260/5/1
f 262/5/1 248/5/1 261/5/1
f 265/5/1 249/5/1 240/5/1
f 266/5/1 249/5/1 265/5/1
f 268/7/1 252/7/1 251/7/1
f 269/7/1 252/7/1 268/7/1
f 270/7/1 256/7/1 255/7/1
f 270/7/1 255/7/1 254/7/1
f 271/7/1 256/7/1 270/7/1
f 275/7/1 258/7/1 257/7/1
f 276/7/1 258/7/1 275/7/1
f 277/5/1 262/5/1 261/5/1
f 277/5/1 263/5/1 262/5/1
f 278/5/1 263/5/1 277/5/1
f 281/5/1 265/5/1 264/5/1
f 282/5/1 265/5/1 281/5/1
f 286/7/1 268/7/1 267/7/1
f 287/7/1 268/7/1 286/7/1
f 288/4/1 273/4/1 272/4/1
f 289/5/1 274/5/1 273/5/1
f 289/4/1 273/4/1 288/4/1
f 290/5/1 274/5/1 289/5/1
f 291/5/1 280/5/1 279/5/1
f 292/5/1 280/5/1 291/5/1
f 293/5/1 284/5/1 283/5/1
f 294/7/1 285/7/1 284/7/1
f 294/5/1 284/5/1 293/5/1
f 294/7/1 286/7/1 285/7/1
f 295/7/1 286/7/1 294/7/1
f 304/5/1 299/5/1 298/5/1
f 305/5/1 299/5/1 304/5/1
f 307/5/1 301/5/1 300/5/1
f 308/5/1 301/5/1 307/5/1
f 309/5/1 301/5/1 308/5/1
f 310/7/1 303/7/1 302/7/1
f 313/7/1 297/7/1 296/7/1
f 314/7/1 297/7/1 313/7/1
f 315/7/1 305/7/1 304/7/1
f 316/7/1 305/7/1 315/7/1
f 319/5/1 307/5/1 306/5/1
f 319/5/1 308/5/1 307/5/1
f 320/5/1 308/5/1 319/5/1
f 321/5/1 308/5/1 320/5/1
f 322/7/1 311/7/1 310/7/1
f 322/7/1 310/7/1 302/7/1
f 323/7/1 311/7/1 322/7/1
f 329/7/1 313/7/1 312/7/1
f 330/7/1 313/7/1 329/7/1
f 331/5/1 317/5/1 316/5/1
f 332/5/1 317/5/1 331/5/1
f 337/5/1 320/5/1 319/5/1
f 337/5/1 319/5/1 318/5/1
f 338/5/1 320/5/1 337/5/1
f 343/7/1 325/7/1 324/7/1
f 344/4/1 326/4/1 325/4/1
f 344/7/1 325/7/1 343/7/1
f 345/4/1 326/4/1 344/4/1
f 346/5/1 328/5/1 327/5/1
f 347/5/1 328/5/1 346/5/1
f 348/5/1 334/5/1 333/5/1
f 349/5/1 334/5/1 348/5/1
f 350/5/1 336/5/1 335/5/1
f 351/5/1 336/5/1 350/5/1
f 352/7/1 340/7/1 339/7/1
f 353/7/1 340/7/1 352/7/1
f 356/7/1 342/7/1 341/7/1
f 357/7/1 342/7/1 356/7/1
f 358/5/1 350/5/1 349/5/1
f 359/5/1 350/5/1 358/5/1
f 360/5/1 350/5/1 359/5/1
f 361/5/1 350/5/1 360/5/1
f 362/7/1 355/7/1 354/7/1
f 363/7/1 355/7/1 362/7/1
f 364/5/1 360/5/1 359/5/1
f 365/5/1 360/5/1 364/5/1
f 370/7/1 367/7/1 366/7/1
f 372/5/1 369/5/1 368/5/1
f 374/7/1 370/7/1 366/7/1
f 375/7/1 370/7/1 374/7/1
f 378/5/1 372/5/1 371/5/1
f 379/5/1 369/5/1 372/5/1
f 379/5/1 372/5/1 378/5/1
f 380/5/1 369/5/1 379/5/1
f 387/7/1 374/7/1 373/7/1
f 388/7/1 374/7/1 387/7/1
f 389/7/1 376/7/1 375/7/1
f 390/7/1 376/7/1 389/7/1
f 395/5/1 378/5/1 377/5/1
f 395/5/1 379/5/1 378/5/1
f 396/5/1 379/5/1 395/5/1
f 397/3/1 382/3/1 381/3/1
f 398/3/1 382/3/1 397/3/1
f 399/3/1 384/3/1 383/3/1
f 400/3/1 384/3/1 399/3/1
f 401/7/1 386/7/1 385/7/1
f 402/7/1 386/7/1 401/7/1
f 403/7/1 392/7/1 391/7/1
f 404/7/1 392/7/1 403/7/1
f 408/5/1 394/5/1 393/5/1
f 413/5/1 406/5/1 405/5/1
f 414/5/1 406/5/1 413/5/1
f 417/5/1 408/5/1 407/5/1
f 418/5/1 394/5/1 408/5/1
f 418/5/1 408/5/1 417/5/1
f 419/5/1 394/5/1 418/5/1
f 420/7/1 410/7/1 409/7/1
f 421/7/1 410/7/1 420/7/1
f 422/7/1 412/7/1 411/7/1
f 423/7/1 412/7/1 422/7/1
f 424/5/1 415/5/1 414/5/1
f 425/5/1 415/5/1 424/5/1
f 426/5/1 417/5/1 416/5/1
f 426/5/1 418/5/1 417/5/1
f 427/5/1 418/5/1 426/5/1
f 428/5/1 426/5/1 425/5/1
f 429/5/1 426/5/1 428/5/1
f 430/7/1 429/7/1 428/7/1
f 430/5/1 426/5/1 429/5/1
f 431/5/1 426/5/1 430/5/1
f 432/5/1 426/5/1 431/5/1
f 433/5/1 426/5/1 432/5/1
f 434/7/1 430/7/1 428/7/1
f 434/7/1 431/7/1 430/7/1
f 435/7/1 431/7/1 434/7/1
f 436/5/1 432/5/1 431/5/1
f 436/7/1 431/7/1 435/7/1
f 437/7/1 433/7/1 432/7/1
f 437/5/1 432/5/1 436/5/1
f 438/7/1 433/7/1 437/7/1
f 439/7/1 433/7/1 438/7/1
f 440/7/1 436/7/1 435/7/1
f 440/7/1 438/7/1 437/7/1
f 440/7/1 437/7/1 436/7/1
f 441/7/1 438/7/1 440/7/1
f 447/5/1 443/5/1 442/5/1
f 448/5/1 443/5/1 447/5/1
f 453/7/1 445/7/1 444/7/1
f 454/7/1 445/7/1 453/7/1
f 459/5/1 447/5/1 446/5/1
f 460/5/1 447/5/1 459/5/1
f 461/3/1 450/3/1 449/3/1
f 462/3/1 450/3/1 461/3/1
f 463/7/1 452/7/1 451/7/1
f 464/7/1 452/7/1 463/7/1
f 465/7/1 456/7/1 455/7/1
f 466/7/1 456/7/1 465/7/1
f 470/5/1 468/5/1 467/5/1
f 471/5/1 468/5/1 470/5/1
f 474/5/1 458/5/1 457/5/1
f 475/5/1 458/5/1 474/5/1
f 476/5/1 458/5/1 475/5/1
f 477/7/1 470/7/1 469/7/1
f 478/5/1 472/5/1 471/5/1
f 478/7/1 470/7/1 477/7/1
f 478/5/1 471/5/1 470/5/1
f 479/5/1 472/5/1 478/5/1
f 482/5/1 475/5/1 474/5/1
f 482/5/1 474/5/1 473/5/1
f 483/5/1 475/5/1 482/5/1
f 484/5/1 480/5/1 479/5/1
f 484/5/1 479/5/1 478/5/1
f 484/5/1 478/5/1 477/5/1
f 485/5/1 480/5/1 484/5/1
f 486/5/1 480/5/1 485/5/1
f 487/5/1 480/5/1 486/5/1
f 488/1/1 487/1/1 486/1/1
f 489/5/1 480/5/1 487/5/1
f 489/1/1 487/1/1 488/1/1
f 490/5/1 480/5/1 489/5/1
f 491/7/1 489/7/1 488/7/1
f 491/5/1 480/5/1 490/5/1
f 491/7/1 490/7/1 489/7/1
f 492/5/1 480/5/1 491/5/1
f 493/5/1 482/5/1 481/5/1
f 494/5/1 482/5/1 493/5/1
f 495/7/1 492/7/1 491/7/1
f 495/7/1 491/7/1 488/7/1
f 496/7/1 492/7/1 495/7/1
f 497/5/1 493/5/1 481/5/1
f 498/7/1 494/7/1 493/7/1
f 498/5/1 493/5/1 497/5/1
f 499/7/1 494/7/1 498/7/1
f 500/7/1 494/7/1 499/7/1
f 501/7/1 492/7/1 496/7/1
f 502/7/1 492/7/1 501/7/1
f 505/7/1 499/7/1 498/7/1
f 505/7/1 498/7/1 497/7/1
f 506/7/1 499/7/1 505/7/1
f 507/7/1 499/7/1 506/7/1
f 508/7/1 503/7/1 502/7/1
f 509/7/1 503/7/1 508/7/1
f 510/7/1 506/7/1 505/7/1
f 510/7/1 505/7/1 504/7/1
f 511/7/1 506/7/1 510/7/1
f 512/7/1 510/7/1 509/7/1
f 513/7/1 510/7/1 512/7/1
f 517/5/1 515/5/1 514/5/1
f 518/5/1 515/5/1 517/5/1
f 522/5/1 517/5/1 516/5/1
f 523/5/1 517/5/1 522/5/1
f 524/7/1 520/7/1 519/7/1
f 525/7/1 520/7/1 524/7/1
f 529/7/1 527/7/1 526/7/1
f 530/7/1 527/7/1 529/7/1
f 532/5/1 522/5/1 521/5/1
f 533/5/1 522/5/1 532/5/1
f 534/5/1 522/5/1 533/5/1
f 535/5/1 529/5/1 528/5/1
f 537/5/1 533/5/1 532/5/1
f 537/5/1 532/5/1 531/5/1
f 538/5/1 533/5/1 537/5/1
f 539/5/1 535/5/1 528/5/1
f 540/5/1 535/5/1 539/5/1
f 542/5/1 541/5/1 540/5/1
f 543/5/1 541/5/1 542/5/1
f 544/5/1 537/5/1 536/5/1
f 545/5/1 537/5/1 544/5/1
f 546/5/1 544/5/1 536/5/1
f 547/7/1 545/7/1 544/7/1
f 547/5/1 544/5/1 546/5/1
f 551/7/1 547/7/1 546/7/1
f 552/7/1 545/7/1 547/7/1
f 552/7/1 547/7/1 551/7/1
f 553/7/1 549/7/1 548/7/1
f 554/7/1 549/7/1 553/7/1
f 557/7/1 551/7/1 550/7/1
f 558/7/1 551/7/1 557/7/1
f 559/7/1 555/7/1 554/7/1
f 560/7/1 555/7/1 559/7/1
f 563/7/1 557/7/1 556/7/1
f 564/7/1 557/7/1 563/7/1
f 565/4/1 561/4/1 560/4/1
f 566/4/1 561/4/1 565/4/1
f 567/7/1 563/7/1 562/7/1
f 568/7/1 563/7/1 567/7/1
f 571/5/1 570/5/1 569/5/1
f 572/5/1 570/5/1 571/5/1
f 574/5/1 571/5/1 569/5/1
f 575/5/1 571/5/1 574/5/1
f 580/5/1 574/5/1 573/5/1
f 581/5/1 574/5/1 580/5/1
f 582/4/1 577/4/1 576/4/1
f 583/7/1 578/7/1 577/7/1
f 583/4/1 577/4/1 582/4/1
f 584/7/1 578/7/1 583/7/1
f 586/7/1 585/7/1 584/7/1
f 587/7/1 585/7/1 586/7/1
f 589/5/1 580/5/1 579/5/1
f 590/5/1 580/5/1 589/5/1
f 592/5/1 589/5/1 588/5/1
f 593/5/1 589/5/1 592/5/1
f 596/5/1 595/5/1 594/5/1
f 597/5/1 595/5/1 596/5/1
f 599/7/1 598/7/1 597/7/1
f 600/7/1 598/7/1 599/7/1
f 601/5/1 592/5/1 591/5/1
f 602/5/1 592/5/1 601/5/1
f 605/7/1 602/7/1 601/7/1
f 606/7/1 602/7/1 605/7/1
f 610/7/1 604/7/1 603/7/1
f 611/7/1 604/7/1 610/7/1
f 612/7/1 608/7/1 607/7/1
f 613/7/1 608/7/1 612/7/1
f 616/7/1 610/7/1 609/7/1
f 617/7/1 610/7/1 616/7/1
f 618/6/1 614/6/1 613/6/1
f 619/6/1 614/6/1 618/6/1
f 620/7/1 616/7/1 615/7/1
f 621/7/1 616/7/1 620/7/1
f 625/5/1 623/5/1 622/5/1
f 627/5/1 625/5/1 624/5/1
f 628/5/1 623/5/1 625/5/1
f 628/5/1 625/5/1 627/5/1
f 630/5/1 627/5/1 626/5/1
f 631/5/1 627/5/1 630/5/1
f 635/5/1 630/5/1 629/5/1
f 636/5/1 630/5/1 635/5/1
f 637/1/1 633/1/1 632/1/1
f 638/1/1 633/1/1 637/1/1
f 639/5/1 635/5/1 634/5/1
f 640/5/1 635/5/1 639/5/1
f 641/6/1 638/6/1 637/6/1
f 642/6/1 638/6/1 641/6/1
f 644/6/1 643/6/1 642/6/1
f 645/6/1 643/6/1 644/6/1
f 647/7/1 646/7/1 645/7/1
f 648/7/1 646/7/1 647/7/1
f 649/1/1 648/1/1 647/1/1
f 650/1/1 648/1/1 649/1/1
f 651/7/1 650/7/1 649/7/1
f 652/7/1 650/7/1 651/7/1
f 656/7/1 654/7/1 653/7/1
f 657/7/1 654/7/1 656/7/1
f 658/7/1 656/7/1 655/7/1
f 659/7/1 656/7/1 658/7/1
f 662/5/1 661/5/1 660/5/1
f 663/5/1 661/5/1 662/5/1
f 668/6/1 665/6/1 664/6/1
f 669/6/1 665/6/1 668/6/1
f 671/5/1 667/5/1 666/5/1
f 672/5/1 667/5/1 671/5/1
f 674/5/1 671/5/1 670/5/1
f 675/5/1 671/5/1 674/5/1
f 678/5/1 674/5/1 673/5/1
f 679/5/1 674/5/1 678/5/1
f 680/6/1 677/6/1 676/6/1
f 681/6/1 677/6/1 680/6/1
f 683/6/1 682/6/1 681/6/1
f 684/6/1 683/6/1 681/6/1
f 685/6/1 683/6/1 684/6/1
f 686/1/1 685/1/1 684/1/1
f 687/1/1 685/1/1 686/1/1
f 690/7/1 689/7/1 688/7/1
f 691/7/1 689/7/1 690/7/1
f 700/5/1 693/5/1 692/5/1
f 701/5/1 693/5/1 700/5/1
f 702/1/1 695/1/1 694/1/1
f 702/1/1 696/1/1 695/1/1
f 703/1/1 696/1/1 702/1/1
f 704/1/1 696/1/1 703/1/1
f 705/1/1 696/1/1 704/1/1
f 706/6/1 699/6/1 698/6/1
f 706/6/1 698/6/1 697/6/1
f 707/6/1 699/6/1 706/6/1
f 708/6/1 699/6/1 707/6/1
f 709/6/1 699/6/1 708/6/1
f 710/1/1 704/1/1 703/1/1
f 711/1/1 704/1/1 710/1/1
f 712/6/1 708/6/1 707/6/1
f 713/6/1 708/6/1 712/6/1
f 717/5/1 715/5/1 714/5/1
f 718/5/1 715/5/1 717/5/1
f 719/5/1 717/5/1 716/5/1
f 720/5/1 717/5/1 719/5/1
f 723/5/1 722/5/1 721/5/1
f 724/5/1 722/5/1 723/5/1
f 728/7/1 726/7/1 725/7/1
f 729/7/1 726/7/1 728/7/1
f 730/7/1 728/7/1 727/7/1
f 731/7/1 728/7/1 730/7/1
f 739/1/1 733/1/1 732/1/1
f 740/1/1 733/1/1 739/1/1
f 741/1/1 733/1/1 740/1/1
f 744/1/1 735/1/1 734/1/1
f 744/1/1 736/1/1 735/1/1
f 744/1/1 737/1/1 736/1/1
f 745/6/1 738/6/1 737/6/1
f 747/1/1 742/1/1 741/1/1
f 747/1/1 741/1/1 740/1/1
f 748/1/1 742/1/1 747/1/1
f 751/5/1 744/5/1 743/5/1
f 752/1/1 737/1/1 744/1/1
f 752/5/1 744/5/1 751/5/1
f 753/6/1 745/6/1 737/6/1
f 753/1/1 737/1/1 752/1/1
f 754/5/1 746/5/1 745/5/1
f 754/6/1 745/6/1 753/6/1
f 755/5/1 746/5/1 754/5/1
f 757/1/1 749/1/1 748/1/1
f 758/3/1 750/3/1 749/3/1
f 758/1/1 749/1/1 757/1/1
f 759/5/1 751/5/1 750/5/1
f 759/3/1 750/3/1 758/3/1
f 760/5/1 751/5/1 759/5/1
f 761/5/1 756/5/1 755/5/1
f 762/5/1 756/5/1 761/5/1
f 766/5/1 764/5/1 763/5/1
f 767/5/1 764/5/1 766/5/1
f 768/5/1 766/5/1 765/5/1
f 769/5/1 766/5/1 768/5/1
f 772/7/1 769/7/1 768/7/1
f 773/7/1 769/7/1 772/7/1
f 776/7/1 771/7/1 770/7/1
f 777/7/1 771/7/1 776/7/1
f 778/5/1 775/5/1 774/5/1
f 779/5/1 775/5/1 778/5/1
f 781/5/1 780/5/1 779/5/1
f 782/5/1 780/5/1 781/5/1
f 785/5/1 784/5/1 783/5/1
f 786/5/1 784/5/1 785/5/1
f 791/1/1 788/1/1 787/1/1
f 792/1/1 788/1/1 791/1/1
f 795/5/1 790/5/1 789/5/1
f 796/5/1 790/5/1 795/5/1
f 797/5/1 790/5/1 796/5/1
f 798/1/1 793/1/1 792/1/1
f 799/1/1 793/1/1 798/1/1
f 810/5/1 796/5/1 795/5/1
f 810/5/1 795/5/1 794/5/1
f 811/5/1 796/5/1 810/5/1
f 812/1/1 800/1/1 799/1/1
f 813/4/1 801/4/1 800/4/1
f 813/1/1 800/1/1 812/1/1
f 814/4/1 801/4/1 813/4/1
f 815/5/1 803/5/1 802/5/1
f 815/5/1 804/5/1 803/5/1
f 816/1/1 805/1/1 804/1/1
f 816/5/1 804/5/1 815/5/1
f 817/6/1 806/6/1 805/6/1
f 817/1/1 805/1/1 816/1/1
f 818/1/1 807/1/1 806/1/1
f 818/6/1 806/6/1 817/6/1
f 819/5/1 809/5/1 808/5/1
f 819/1/1 807/1/1 818/1/1
f 819/5/1 808/5/1 807/5/1
f 820/5/1 809/5/1 819/5/1
f 823/5/1 822/5/1 821/5/1
f 824/5/1 822/5/1 823/5/1
f 826/5/1 825/5/1 824/5/1
f 827/5/1 825/5/1 826/5/1
f 828/4/1 827/4/1 826/4/1
f 829/4/1 827/4/1 828/4/1
f 830/6/1 829/6/1 828/6/1
f 831/6/1 829/6/1 830/6/1
f 835/7/1 833/7/1 832/7/1
f 836/7/1 833/7/1 835/7/1
f 839/7/1 835/7/1 834/7/1
f 840/7/1 835/7/1 839/7/1
f 841/5/1 838/5/1 837/5/1
f 842/5/1 838/5/1 841/5/1
f 845/4/1 844/4/1 843/4/1
f 846/4/1 844/4/1 845/4/1
f 849/1/1 848/1/1 847/1/1
f 850/1/1 848/1/1 849/1/1
f 854/1/1 851/1/1 850/1/1
f 855/1/1 851/1/1 854/1/1
f 859/7/1 853/7/1 852/7/1
f 860/1/1 856/1/1 855/1/1
f 861/1/1 856/1/1 860/1/1
f 862/5/1 858/5/1 857/5/1
f 863/7/1 859/7/1 858/7/1
f 863/5/1 858/5/1 862/5/1
f 864/7/1 853/7/1 859/7/1
f 864/7/1 859/7/1 863/7/1
f 867/5/1 866/5/1 865/5/1
f 869/5/1 867/5/1 865/5/1
f 869/5/1 868/5/1 867/5/1
f 870/5/1 868/5/1 869/5/1
f 871/5/1 868/5/1 870/5/1
f 872/5/1 871/5/1 870/5/1
f 873/5/1 871/5/1 872/5/1
f 874/6/1 873/6/1 872/6/1
f 875/6/1 873/6/1 874/6/1
f 878/7/1 877/7/1 876/7/1
f 879/7/1 877/7/1 878/7/1
f 882/5/1 881/5/1 880/5/1
f 883/5/1 881/5/1 882/5/1
f 887/5/1 884/5/1 883/5/1
f 888/5/1 884/5/1 887/5/1
f 889/5/1 886/5/1 885/5/1
f 890/5/1 886/5/1 889/5/1
f 891/5/1 889/5/1 888/5/1
f 892/5/1 889/5/1 891/5/1
f 895/4/1 894/4/1 893/4/1
f 896/4/1 894/4/1 895/4/1
f 899/1/1 898/1/1 897/1/1
f 900/1/1 898/1/1 899/1/1
f 902/1/1 901/1/1 900/1/1
f 903/1/1 901/1/1 902/1/1
f 909/5/1 905/5/1 904/5/1
f 910/5/1 905/5/1 909/5/1
f 911/7/1 907/7/1 906/7/1
f 912/7/1 907/7/1 911/7/1
f 913/5/1 909/5/1 908/5/1
f 914/5/1 909/5/1 913/5/1
f 916/5/1 915/5/1 914/5/1
f 917/5/1 915/5/1 916/5/1
f 921/7/1 919/7/1 918/7/1
f 922/7/1 919/7/1 921/7/1
f 927/7/1 921/7/1 920/7/1
f 928/7/1 921/7/1 927/7/1
f 929/5/1 924/5/1 923/5/1
f 930/5/1 924/5/1 929/5/1
f 933/6/1 926/6/1 925/6/1
f 934/6/1 926/6/1 933/6/1
f 935/5/1 931/5/1 930/5/1
f 936/5/1 931/5/1 935/5/1
f 937/6/1 933/6/1 932/6/1
f 938/6/1 933/6/1 937/6/1
f 943/5/1 940/5/1 939/5/1
f 944/5/1 940/5/1 943/5/1
f 945/5/1 942/5/1 941/5/1
f 946/5/1 945/5/1 941/5/1
f 947/5/1 945/5/1 946/5/1
f 950/5/1 949/5/1 948/5/1
f 951/5/1 949/5/1 950/5/1
f 953/6/1 952/6/1 951/6/1
f 954/6/1 952/6/1 953/6/1
f 962/5/1 956/5/1 955/5/1
f 962/5/1 957/5/1 956/5/1
f 963/4/1 959/4/1 958/4/1
f 963/5/1 957/5/1 962/5/1
f 963/4/1 958/4/1 957/4/1
f 964/4/1 959/4/1 963/4/1
f 965/4/1 959/4/1 964/4/1
f 966/7/1 961/7/1 960/7/1
f 967/7/1 961/7/1 966/7/1
f 968/1/1 963/1/1 962/1/1
f 969/6/1 964/6/1 963/6/1
f 969/1/1 963/1/1 968/1/1
f 970/4/1 965/4/1 964/4/1
f 970/6/1 964/6/1 969/6/1
f 971/4/1 965/4/1 970/4/1
f 974/1/1 973/1/1 972/1/1
f 975/1/1 973/1/1 974/1/1
f 981/3/1 977/3/1 976/3/1
f 982/3/1 977/3/1 981/3/1
f 983/5/1 980/5/1 979/5/1
f 983/3/1 977/3/1 982/3/1
f 983/5/1 978/5/1 977/5/1
f 983/5/1 979/5/1 978/5/1
f 986/6/1 983/6/1 982/6/1
f 987/5/1 980/5/1 983/5/1
f 987/6/1 983/6/1 986/6/1
f 988/5/1 980/5/1 987/5/1
f 990/5/1 985/5/1 984/5/1
f 991/5/1 985/5/1 990/5/1
f 992/5/1 990/5/1 989/5/1
f 993/5/1 990/5/1 992/5/1
f 996/6/1 995/6/1 994/6/1
f 997/6/1 995/6/1 996/6/1
f 1001/6/1 998/6/1 997/6/1
f 1002/6/1 998/6/1 1001/6/1
f 1006/7/1 1000/7/1 999/7/1
f 1007/7/1 1000/7/1 1006/7/1
f 1011/6/1 1004/6/1 1003/6/1
f 1012/6/1 1004/6/1 1011/6/1
f 1014/7/1 1006/7/1 1005/7/1
f 1015/7/1 1006/7/1 1014/7/1
f 1016/5/1 1009/5/1 1008/5/1
f 1017/6/1 1010/6/1 1009/6/1
f 1017/5/1 1009/5/1 1016/5/1
f 1017/6/1 1011/6/1 1010/6/1
f 1018/6/1 1011/6/1 1017/6/1
f 1019/7/1 1014/7/1 1013/7/1
f 1020/7/1 1014/7/1 1019/7/1
f 1023/1/1 1022/1/1 1021/1/1
f 1024/1/1 1022/1/1 1023/1/1
f 1026/4/1 1025/4/1 1024/4/1
f 1027/4/1 1025/4/1 1026/4/1
f 1031/6/1 1030/6/1 1029/6/1
f 1031/6/1 1029/6/1 1028/6/1
f 1032/6/1 1030/6/1 1031/6/1
f 1033/6/1 1030/6/1 1032/6/1
f 1035/5/1 1033/5/1 1032/5/1
f 1036/6/1 1034/6/1 1033/6/1
f 1036/5/1 1033/5/1 1035/5/1
f 1037/6/1 1034/6/1 1036/6/1
f 1046/6/1 1038/6/1 1037/6/1
f 1046/6/1 1039/6/1 1038/6/1
f 1047/5/1 1040/5/1 1039/5/1
f 1047/6/1 1039/6/1 1046/6/1
f 1048/4/1 1041/4/1 1040/4/1
f 1048/5/1 1040/5/1 1047/5/1
f 1049/4/1 1041/4/1 1048/4/1
f 1050/5/1 1043/5/1 1042/5/1
f 1051/5/1 1043/5/1 1050/5/1
f 1053/5/1 1045/5/1 1044/5/1
f 1054/5/1 1045/5/1 1053/5/1
f 1055/3/1 1049/3/1 1048/3/1
f 1056/3/1 1049/3/1 1055/3/1
f 1058/5/1 1052/5/1 1051/5/1
f 1059/7/1 1053/7/1 1052/7/1
f 1059/5/1 1052/5/1 1058/5/1
f 1060/7/1 1053/7/1 1059/7/1
f 1061/5/1 1058/5/1 1057/5/1
f 1062/5/1 1058/5/1 1061/5/1
f 1065/5/1 1064/5/1 1063/5/1
f 1066/5/1 1064/5/1 1065/5/1
f 1072/5/1 1068/5/1 1067/5/1
f 1073/5/1 1068/5/1 1072/5/1
f 1075/7/1 1070/7/1 1069/7/1
f 1076/7/1 1070/7/1 1075/7/1
f 1077/5/1 1072/5/1 1071/5/1
f 1078/5/1 1072/5/1 1077/5/1
f 1079/7/1 1075/7/1 1074/7/1
f 1080/7/1 1075/7/1 1079/7/1
f 1083/6/1 1082/6/1 1081/6/1
f 1084/6/1 1082/6/1 1083/6/1
f 1086/5/1 1085/5/1 1084/5/1
f 1087/5/1 1085/5/1 1086/5/1
f 1090/5/1 1089/5/1 1088/5/1
f 1090/5/1 1088/5/1 1087/5/1
f 1091/5/1 1089/5/1 1090/5/1
f 1098/5/1 1093/5/1 1092/5/1
f 1099/5/1 1093/5/1 1098/5/1
f 1100/7/1 1095/7/1 1094/7/1
f 1101/7/1 1095/7/1 1100/7/1
f 1102/6/1 1097/6/1 1096/6/1
f 1103/6/1 1097/6/1 1102/6/1
f 1105/6/1 1104/6/1 1103/6/1
f 1106/6/1 1104/6/1 1105/6/1
f 1109/5/1 1108/5/1 1107/5/1
f 1110/5/1 1108/5/1 1109/5/1
f 1114/5/1 1111/5/1 1110/5/1
f 1115/5/1 1111/5/1 1114/5/1
f 1118/5/1 1113/5/1 1112/5/1
f 1119/5/1 1113/5/1 1118/5/1
f 1120/5/1 1116/5/1 1115/5/1
f 1121/5/1 1116/5/1 1120/5/1
f 1125/5/1 1118/5/1 1117/5/1
f 1126/5/1 1118/5/1 1125/5/1
f 1127/5/1 1123/5/1 1122/5/1
f 1128/5/1 1123/5/1 1127/5/1
f 1129/1/1 1124/1/1 1123/1/1
f 1129/5/1 1123/5/1 1128/5/1
f 1130/1/1 1124/1/1 1129/1/1
f 1131/1/1 1124/1/1 1130/1/1
f 1132/5/1 1129/5/1 1128/5/1
f 1132/5/1 1130/5/1 1129/5/1
f 1133/5/1 1130/5/1 1132/5/1
f 1136/1/1 1135/1/1 1134/1/1
f 1137/1/1 1135/1/1 1136/1/1
f 1140/6/1 1139/6/1 1138/6/1
f 1141/6/1 1139/6/1 1140/6/1
f 1143/6/1 1142/6/1 1141/6/1
f 1144/6/1 1142/6/1 1143/6/1
f 1146/5/1 1145/5/1 1144/5/1
f 1147/5/1 1145/5/1 1146/5/1
f 1152/5/1 1149/5/1 1148/5/1
f 1153/5/1 1149/5/1 1152/5/1
f 1156/4/1 1151/4/1 1150/4/1
f 1157/4/1 1151/4/1 1156/4/1
f 1158/5/1 1154/5/1 1153/5/1
f 1159/5/1 1154/5/1 1158/5/1
f 1164/5/1 1156/5/1 1155/5/1
f 1165/5/1 1156/5/1 1164/5/1
f 1166/5/1 1161/5/1 1160/5/1
f 1167/5/1 1161/5/1 1166/5/1
f 1168/5/1 1161/5/1 1167/5/1
f 1171/5/1 1163/5/1 1162/5/1
f 1172/5/1 1163/5/1 1171/5/1
f 1173/4/1 1168/4/1 1167/4/1
f 1174/5/1 1169/5/1 1168/5/1
f 1174/4/1 1168/4/1 1173/4/1
f 1175/5/1 1169/5/1 1174/5/1
f 1176/5/1 1171/5/1 1170/5/1
f 1177/5/1 1171/5/1 1176/5/1
f 1178/5/1 1176/5/1 1175/5/1
f 1179/5/1 1176/5/1 1178/5/1
f 1182/1/1 1181/1/1 1180/1/1
f 1183/1/1 1181/1/1 1182/1/1
f 1185/4/1 1184/4/1 1183/4/1
f 1186/4/1 1184/4/1 1185/4/1
f 1189/6/1 1188/6/1 1187/6/1
f 1190/6/1 1188/6/1 1189/6/1
f 1192/6/1 1191/6/1 1190/6/1
f 1193/6/1 1191/6/1 1192/6/1
f 1198/6/1 1195/6/1 1194/6/1
f 1199/6/1 1195/6/1 1198/6/1
f 1202/5/1 1197/5/1 1196/5/1
f 1203/5/1 1197/5/1 1202/5/1
f 1204/6/1 1200/6/1 1199/6/1
f 1205/6/1 1200/6/1 1204/6/1
f 1209/3/1 1202/3/1 1201/3/1
f 1210/3/1 1202/3/1 1209/3/1
f 1211/6/1 1207/6/1 1206/6/1
f 1211/6/1 1206/6/1 1205/6/1
f 1212/6/1 1207/6/1 1211/6/1
f 1213/5/1 1209/5/1 1208/5/1
f 1214/5/1 1209/5/1 1213/5/1
f 1217/1/1 1216/1/1 1215/1/1
f 1218/1/1 1216/1/1 1217/1/1
f 1222/4/1 1220/4/1 1219/4/1
f 1223/4/1 1220/4/1 1222/4/1
f 1224/4/1 1222/4/1 1221/4/1
f 1225/4/1 1222/4/1 1224/4/1
f 1230/5/1 1227/5/1 1226/5/1
f 1231/5/1 1227/5/1 1230/5/1
f 1234/5/1 1229/5/1 1228/5/1
f 1235/5/1 1229/5/1 1234/5/1
f 1236/6/1 1232/6/1 1231/6/1
f 1237/6/1 1232/6/1 1236/6/1
f 1238/6/1 1234/6/1 1233/6/1
f 1239/6/1 1234/6/1 1238/6/1
f 1242/1/1 1241/1/1 1240/1/1
f 1243/1/1 1241/1/1 1242/1/1
f 1245/5/1 1244/5/1 1243/5/1
f 1246/5/1 1244/5/1 1245/5/1
f 1248/5/1 1247/5/1 1246/5/1
f 1249/5/1 1247/5/1 1248/5/1
f 1252/5/1 1251/5/1 1250/5/1
f 1253/5/1 1251/5/1 1252/5/1
f 1255/5/1 1254/5/1 1253/5/1
f 1256/5/1 1254/5/1 1255/5/1
f 1262/7/1 1258/7/1 1257/7/1
f 1263/7/1 1258/7/1 1262/7/1
f 1264/4/1 1260/4/1 1259/4/1
f 1265/4/1 1260/4/1 1264/4/1
f 1266/7/1 1262/7/1 1261/7/1
f 1267/7/1 1262/7/1 1266/7/1
f 1270/1/1 1269/1/1 1268/1/1
f 1271/1/1 1269/1/1 1270/1/1
f 1274/6/1 1273/6/1 1272/6/1
f 1275/6/1 1273/6/1 1274/6/1
f 1277/5/1 1276/5/1 1275/5/1
f 1278/5/1 1276/5/1 1277/5/1
f 1281/5/1 1280/5/1 1279/5/1
f 1282/5/1 1280/5/1 1281/5/1
f 1285/1/1 1284/1/1 1283/1/1
f 1286/1/1 1284/1/1 1285/1/1
f 1288/4/1 1287/4/1 1286/4/1
f 1289/4/1 1287/4/1 1288/4/1
f 1292/6/1 1291/6/1 1290/6/1
f 1293/6/1 1291/6/1 1292/6/1
f 1296/4/1 1295/4/1 1294/4/1
f 1297/4/1 1295/4/1 1296/4/1
f 1301/5/1 1299/5/1 1298/5/1
f 1302/5/1 1299/5/1 1301/5/1
f 1303/6/1 1301/6/1 1300/6/1
f 1304/6/1 1301/6/1 1303/6/1
f 1307/6/1 1306/6/1 1305/6/1
f 1308/6/1 1306/6/1 1307/6/1
f 1310/5/1 1309/5/1 1308/5/1
f 1311/5/1 1309/5/1 1310/5/1
f 1314/5/1 1313/5/1 1312/5/1
f 1315/5/1 1313/5/1 1314/5/1
f 1317/5/1 1316/5/1 1315/5/1
f 1318/5/1 1316/5/1 1317/5/1
f 1324/7/1 1320/7/1 1319/7/1
f 1325/7/1 1320/7/1 1324/7/1
f 1326/4/1 1322/4/1 1321/4/1
f 1327/4/1 1322/4/1 1326/4/1
f 1328/7/1 1324/7/1 1323/7/1
f 1329/7/1 1324/7/1 1328/7/1
f 1332/5/1 1331/5/1 1330/5/1
f 1333/5/1 1331/5/1 1332/5/1
f 1336/4/1 1335/4/1 1334/4/1
f 1337/4/1 1335/4/1 1336/4/1
f 1340/5/1 1339/5/1 1338/5/1
f 1341/5/1 1339/5/1 1340/5/1
f 1343/5/1 1342/5/1 1341/5/1
f 1344/5/1 1342/5/1 1343/5/1
f 1347/4/1 1346/4/1 1345/4/1
f 1348/4/1 1346/4/1 1347/4/1
f 1351/4/1 1350/4/1 1349/4/1
f 1352/4/1 1350/4/1 1351/4/1
f 1355/6/1 1354/6/1 1353/6/1
f 1356/6/1 1354/6/1 1355/6/1
f 1358/6/1 1357/6/1 1356/6/1
f 1359/6/1 1357/6/1 1358/6/1
f 1365/6/1 1361/6/1 1360/6/1
f 1365/6/1 1362/6/1 1361/6/1
f 1366/6/1 1362/6/1 1365/6/1
f 1367/6/1 1362/6/1 1366/6/1
f 1368/6/1 1362/6/1 1367/6/1
f 1371/6/1 1364/6/1 1363/6/1
f 1372/6/1 1364/6/1 1371/6/1
f 1374/6/1 1367/6/1 1366/6/1
f 1375/5/1 1368/5/1 1367/5/1
f 1375/6/1 1367/6/1 1374/6/1
f 1376/6/1 1369/6/1 1368/6/1
f 1376/5/1 1368/5/1 1375/5/1
f 1377/6/1 1369/6/1 1376/6/1
f 1381/6/1 1373/6/1 1372/6/1
f 1381/6/1 1372/6/1 1371/6/1
f 1381/6/1 1371/6/1 1370/6/1
f 1382/6/1 1373/6/1 1381/6/1
f 1384/6/1 1378/6/1 1377/6/1
f 1385/3/1 1379/3/1 1378/3/1
f 1385/6/1 1378/6/1 1384/6/1
f 1386/6/1 1380/6/1 1379/6/1
f 1386/3/1 1379/3/1 1385/3/1
f 1387/4/1 1381/4/1 1380/4/1
f 1387/6/1 1380/6/1 1386/6/1
f 1388/4/1 1381/4/1 1387/4/1
f 1389/5/1 1383/5/1 1382/5/1
f 1390/5/1 1383/5/1 1389/5/1
f 1393/1/1 1392/1/1 1391/1/1
f 1394/1/1 1392/1/1 1393/1/1
f 1397/6/1 1396/6/1 1395/6/1
f 1398/6/1 1396/6/1 1397/6/1
f 1400/6/1 1399/6/1 1398/6/1
f 1401/6/1 1399/6/1 1400/6/1
f 1408/5/1 1402/5/1 1401/5/1
f 1408/5/1 1403/5/1 1402/5/1
f 1408/5/1 1404/5/1 1403/5/1
f 1409/5/1 1404/5/1 1408/5/1
f 1410/5/1 1406/5/1 1405/5/1
f 1411/6/1 1407/6/1 1406/6/1
f 1411/5/1 1406/5/1 1410/5/1
f 1412/6/1 1407/6/1 1411/6/1
f 1415/1/1 1414/1/1 1413/1/1
f 1416/1/1 1414/1/1 1415/1/1
f 1418/1/1 1417/1/1 1416/1/1
f 1419/1/1 1417/1/1 1418/1/1
f 1422/5/1 1421/5/1 1420/5/1
f 1423/5/1 1421/5/1 1422/5/1
f 1425/6/1 1424/6/1 1423/6/1
f 1426/6/1 1424/6/1 1425/6/1
f 1429/5/1 1428/5/1 1427/5/1
f 1430/5/1 1428/5/1 1429/5/1
f 1433/1/1 1432/1/1 1431/1/1
f 1434/1/1 1432/1/1 1433/1/1
f 1439/1/1 1436/1/1 1435/1/1
f 1440/1/1 1436/1/1 1439/1/1
f 1441/1/1 1438/1/1 1437/1/1
f 1442/1/1 1438/1/1 1441/1/1
f 1445/4/1 1444/4/1 1443/4/1
f 1446/4/1 1444/4/1 1445/4/1
f 1449/4/1 1448/4/1 1447/4/1
f 1450/4/1 1448/4/1 1449/4/1
f 1453/4/1 1452/4/1 1451/4/1
f 1454/4/1 1452/4/1 1453/4/1
f 1457/4/1 1456/4/1 1455/4/1
f 1458/4/1 1456/4/1 1457/4/1
f 1461/4/1 1460/4/1 1459/4/1
f 1462/4/1 1460/4/1 1461/4/1
f 1465/7/1 1464/7/1 1463/7/1
f 1466/7/1 1464/7/1 1465/7/1
f 1471/7/1 1468/7/1 1467/7/1
f 1472/7/1 1468/7/1 1471/7/1
f 1473/4/1 1470/4/1 1469/4/1
f 1474/4/1 1470/4/1 1473/4/1
f 1477/4/1 1476/4/1 1475/4/1
f 1478/4/1 1476/4/1 1477/4/1
f 1479/7/2 1480/7/2 1483/7/2
f 1483/7/2 1480/7/2 1484/7/2
f 1481/7/2 1482/7/2 1485/7/2
f 1485/7/2 1482/7/2 1486/7/2
f 1487/5/2 1488/5/2 1491/5/2
f 1491/5/2 1488/5/2 1492/5/2
f 1489/5/2 1490/5/2 1495/5/2
f 1495/5/2 1490/5/2 1496/5/2
f 1493/7/2 1494/7/2 1497/7/2
f 1497/7/2 1494/7/2 1498/7/2
f 1499/5/2 1500/5/2 1501/5/2
f 1501/5/2 1500/5/2 1502/5/2
f 1503/5/2 1504/5/2 1506/5/2
f 1504/5/2 1505/5/2 1506/5/2
f 1506/5/2 1505/5/2 1507/5/2
f 1508/4/2 1509/4/2 1510/4/2
f 1510/4/2 1509/4/2 1511/4/2
f 1512/5/2 1513/5/2 1514/5/2
f 1514/5/2 1513/5/2 1515/5/2
f 1516/5/2 1517/5/2 1518/5/2
f 1515/5/2 1516/5/2 1518/5/2
f 1518/5/2 1517/5/2 1519/5/2
f 1520/5/2 1521/5/2 1522/5/2
f 1522/5/2 1521/5/2 1523/5/2
f 1524/5/2 1525/5/2 1526/5/2
f 1526/5/2 1525/5/2 1527/5/2
f 1528/3/2 1529/3/2 1531/3/2
f 1529/6/2 1530/6/2 1532/6/2
f 1531/3/2 1529/3/2 1532/3/2
f 1532/6/2 1530/6/2 1533/6/2
f 1532/5/2 1533/5/2 1534/5/2
f 1534/5/2 1533/5/2 1535/5/2
f 1536/6/2 1537/6/2 1538/6/2
f 1538/6/2 1537/6/2 1539/6/2
f 1539/5/2 1540/5/2 1541/5/2
f 1541/5/2 1540/5/2 1542/5/2
f 1543/6/2 1544/6/2 1547/6/2
f 1547/6/2 1544/6/2 1548/6/2
f 1545/1/2 1546/1/2 1549/1/2
f 1549/1/2 1546/1/2 1550/1/2
f 1551/1/2 1552/1/2 1553/1/2
f 1553/1/2 1552/1/2 1554/1/2
f 1555/5/2 1556/5/2 1557/5/2
f 1557/5/2 1556/5/2 1558/5/2
f 1558/5/2 1559/5/2 1560/5/2
f 1560/5/2 1559/5/2 1561/5/2
f 1562/5/2 1563/5/2 1564/5/2
f 1564/5/2 1563/5/2 1565/5/2
f 1565/5/2 1566/5/2 1571/5/2
f 1571/5/2 1566/5/2 1572/5/2
f 1567/5/2 1568/5/2 1573/5/2
f 1573/5/2 1568/5/2 1574/5/2
f 1569/6/2 1570/6/2 1577/6/2
f 1577/6/2 1570/6/2 1578/6/2
f 1574/5/2 1575/5/2 1579/5/2
f 1579/5/2 1575/5/2 1580/5/2
f 1576/5/2 1577/5/2 1581/5/2
f 1581/5/2 1577/5/2 1582/5/2
f 1583/5/2 1584/5/2 1587/5/2
f 1587/5/2 1584/5/2 1588/5/2
f 1585/6/2 1586/6/2 1591/6/2
f 1591/6/2 1586/6/2 1592/6/2
f 1588/5/2 1589/5/2 1596/5/2
f 1589/4/2 1590/4/2 1597/4/2
f 1596/5/2 1589/5/2 1597/5/2
f 1597/4/2 1590/4/2 1598/4/2
f 1592/5/2 1593/5/2 1599/5/2
f 1599/5/2 1593/5/2 1600/5/2
f 1594/5/2 1595/5/2 1601/5/2
f 1601/5/2 1595/5/2 1602/5/2
f 1600/5/2 1601/5/2 1603/5/2
f 1603/5/2 1601/5/2 1604/5/2
f 1605/5/2 1606/5/2 1607/5/2
f 1607/5/2 1606/5/2 1608/5/2
f 1609/5/2 1610/5/2 1611/5/2
f 1611/5/2 1610/5/2 1612/5/2
f 1613/5/2 1614/5/2 1615/5/2
f 1615/5/2 1614/5/2 1616/5/2
f 1616/5/2 1617/5/2 1618/5/2
f 1618/5/2 1617/5/2 1619/5/2
f 1620/4/2 1621/4/2 1624/4/2
f 1624/4/2 1621/4/2 1625/4/2
f 1622/7/2 1623/7/2 1628/7/2
f 1628/7/2 1623/7/2 1629/7/2
f 1625/4/2 1626/4/2 1630/4/2
f 1630/4/2 1626/4/2 1631/4/2
f 1627/7/2 1628/7/2 1632/7/2
f 1632/7/2 1628/7/2 1633/7/2
f 1634/4/2 1635/4/2 1636/4/2
f 1636/4/2 1635/4/2 1637/4/2
f 1638/5/2 1639/5/2 1640/5/2
f 1640/5/2 1639/5/2 1641/5/2
f 1641/5/2 1642/5/2 1643/5/2
f 1643/5/2 1642/5/2 1644/5/2
f 1645/7/2 1646/7/2 1650/7/2
f 1650/7/2 1646/7/2 1651/7/2
f 1647/4/2 1648/4/2 1652/4/2
f 1652/4/2 1648/4/2 1653/4/2
f 1649/7/2 1650/7/2 1654/7/2
f 1654/7/2 1650/7/2 1655/7/2
f 1656/4/2 1657/4/2 1658/4/2
f 1658/4/2 1657/4/2 1659/4/2
f 1660/5/2 1661/5/2 1662/5/2
f 1662/5/2 1661/5/2 1663/5/2
f 1663/5/2 1664/5/2 1667/5/2
f 1667/5/2 1664/5/2 1668/5/2
f 1665/7/2 1666/7/2 1669/7/2
f 1669/7/2 1666/7/2 1670/7/2
f 1671/5/2 1672/5/2 1674/5/2
f 1672/7/2 1673/7/2 1675/7/2
f 1674/5/2 1672/5/2 1675/5/2
f 1675/7/2 1673/7/2 1676/7/2
f 1677/5/2 1678/5/2 1681/5/2
f 1681/5/2 1678/5/2 1682/5/2
f 1679/7/2 1680/7/2 1683/7/2
f 1683/7/2 1680/7/2 1684/7/2
f 1685/5/2 1686/5/2 1687/5/2
f 1687/5/2 1686/5/2 1688/5/2
f 1688/6/2 1689/6/2 1690/6/2
f 1690/6/2 1689/6/2 1691/6/2
f 1692/5/2 1693/5/2 1696/5/2
f 1696/5/2 1693/5/2 1697/5/2
f 1694/7/2 1695/7/2 1699/7/2
f 1699/7/2 1695/7/2 1700/7/2
f 1697/5/2 1698/5/2 1701/5/2
f 1698/7/2 1699/7/2 1702/7/2
f 1701/5/2 1698/5/2 1702/5/2
f 1702/7/2 1699/7/2 1703/7/2
f 1704/3/2 1705/3/2 1706/3/2
f 1706/3/2 1705/3/2 1707/3/2
f 1708/4/2 1709/4/2 1710/4/2
f 1710/4/2 1709/4/2 1711/4/2
f 1712/5/2 1713/5/2 1715/5/2
f 1713/7/2 1714/7/2 1716/7/2
f 1715/5/2 1713/5/2 1716/5/2
f 1716/7/2 1714/7/2 1717/7/2
f 1717/7/2 1718/7/2 1719/7/2
f 1716/7/2 1717/7/2 1719/7/2
f 1719/7/2 1718/7/2 1720/7/2
f 1721/4/2 1722/4/2 1723/4/2
f 1723/4/2 1722/4/2 1724/4/2
f 1725/6/2 1726/6/2 1727/6/2
f 1727/6/2 1726/6/2 1728/6/2
f 1728/6/2 1729/6/2 1730/6/2
f 1730/6/2 1729/6/2 1731/6/2
f 1732/6/2 1733/6/2 1734/6/2
f 1734/6/2 1733/6/2 1735/6/2
f 1735/6/2 1736/6/2 1737/6/2
f 1737/6/2 1736/6/2 1738/6/2
f 1739/6/2 1740/6/2 1741/6/2
f 1741/6/2 1740/6/2 1742/6/2
f 1742/6/2 1743/6/2 1746/6/2
f 1746/6/2 1743/6/2 1747/6/2
f 1744/6/2 1745/6/2 1750/6/2
f 1750/6/2 1745/6/2 1751/6/2
f 1747/5/2 1748/5/2 1752/5/2
f 1752/5/2 1748/5/2 1753/5/2
f 1749/6/2 1750/6/2 1754/6/2
f 1754/6/2 1750/6/2 1755/6/2
f 1756/6/2 1757/6/2 1758/6/2
f 1758/6/2 1757/6/2 1759/6/2
f 1759/6/2 1760/6/2 1761/6/2
f 1761/6/2 1760/6/2 1762/6/2
f 1762/1/2 1763/1/2 1766/1/2
f 1766/1/2 1763/1/2 1767/1/2
f 1764/4/2 1765/4/2 1770/4/2
f 1770/4/2 1765/4/2 1771/4/2
f 1768/6/2 1769/6/2 1772/6/2
f 1772/6/2 1769/6/2 1773/6/2
f 1770/6/2 1771/6/2 1776/6/2
f 1776/6/2 1771/6/2 1777/6/2
f 1773/5/2 1774/5/2 1778/5/2
f 1778/5/2 1774/5/2 1779/5/2
f 1775/6/2 1776/6/2 1781/6/2
f 1781/6/2 1776/6/2 1782/6/2
f 1779/5/2 1780/5/2 1783/5/2
f 1780/6/2 1781/6/2 1784/6/2
f 1783/5/2 1780/5/2 1784/5/2
f 1784/6/2 1781/6/2 1785/6/2
f 1786/7/2 1787/7/2 1788/7/2
f 1788/7/2 1787/7/2 1789/7/2
f 1790/1/2 1791/1/2 1792/1/2
f 1792/1/2 1791/1/2 1793/1/2
f 1793/1/2 1794/1/2 1797/1/2
f 1797/1/2 1794/1/2 1798/1/2
f 1795/4/2 1796/4/2 1801/4/2
f 1801/4/2 1796/4/2 1802/4/2
f 1798/6/2 1799/6/2 1803/6/2
f 1803/6/2 1799/6/2 1804/6/2
f 1800/4/2 1801/4/2 1808/4/2
f 1808/4/2 1801/4/2 1809/4/2
f 1806/5/2 1807/5/2 1810/5/2
f 1805/5/2 1806/5/2 1810/5/2
f 1810/5/2 1807/5/2 1811/5/2
f 1811/5/2 1807/5/2 1812/5/2
f 1808/6/2 1809/6/2 1813/6/2
f 1812/5/2 1807/5/2 1813/5/2
f 1807/6/2 1808/6/2 1813/6/2
f 1813/6/2 1809/6/2 1814/6/2
f 1814/6/2 1809/6/2 1815/6/2
f 1811/5/2 1812/5/2 1816/5/2
f 1813/6/2 1814/6/2 1817/6/2
f 1816/5/2 1812/5/2 1817/5/2
f 1812/6/2 1813/6/2 1817/6/2
f 1817/6/2 1814/6/2 1818/6/2
f 1819/7/2 1820/7/2 1823/7/2
f 1823/7/2 1820/7/2 1824/7/2
f 1821/5/2 1822/5/2 1828/5/2
f 1828/5/2 1822/5/2 1829/5/2
f 1825/4/2 1826/4/2 1830/4/2
f 1826/3/2 1827/3/2 1831/3/2
f 1830/4/2 1826/4/2 1831/4/2
f 1831/3/2 1827/3/2 1832/3/2
f 1833/5/2 1834/5/2 1837/5/2
f 1837/5/2 1834/5/2 1838/5/2
f 1835/6/2 1836/6/2 1840/6/2
f 1840/6/2 1836/6/2 1841/6/2
f 1838/5/2 1839/5/2 1843/5/2
f 1843/5/2 1839/5/2 1844/5/2
f 1841/6/2 1842/6/2 1845/6/2
f 1845/6/2 1842/6/2 1846/6/2
f 1847/6/2 1848/6/2 1849/6/2
f 1849/6/2 1848/6/2 1850/6/2
f 1850/6/2 1851/6/2 1856/6/2
f 1856/6/2 1851/6/2 1857/6/2
f 1852/5/2 1853/5/2 1861/5/2
f 1861/5/2 1853/5/2 1862/5/2
f 1854/7/2 1855/7/2 1864/7/2
f 1864/7/2 1855/7/2 1865/7/2
f 1857/6/2 1858/6/2 1866/6/2
f 1858/1/2 1859/1/2 1867/1/2
f 1866/6/2 1858/6/2 1867/6/2
f 1859/5/2 1860/5/2 1868/5/2
f 1867/1/2 1859/1/2 1868/1/2
f 1860/5/2 1861/5/2 1868/5/2
f 1868/5/2 1861/5/2 1869/5/2
f 1863/7/2 1864/7/2 1870/7/2
f 1870/7/2 1864/7/2 1871/7/2
f 1872/1/2 1873/1/2 1878/1/2
f 1873/1/2 1874/1/2 1878/1/2
f 1878/1/2 1874/1/2 1879/1/2
f 1875/5/2 1876/5/2 1880/5/2
f 1880/5/2 1876/5/2 1881/5/2
f 1877/1/2 1878/1/2 1884/1/2
f 1878/3/2 1879/3/2 1885/3/2
f 1884/1/2 1878/1/2 1885/1/2
f 1885/3/2 1879/3/2 1886/3/2
f 1883/5/2 1884/5/2 1887/5/2
f 1882/5/2 1883/5/2 1887/5/2
f 1887/5/2 1884/5/2 1888/5/2
f 1886/3/2 1879/3/2 1889/3/2
f 1889/3/2 1879/3/2 1890/3/2
f 1889/6/2 1890/6/2 1891/6/2
f 1891/6/2 1890/6/2 1892/6/2
f 1892/6/2 1893/6/2 1894/6/2
f 1894/6/2 1893/6/2 1895/6/2
f 1898/6/2 1899/6/2 1902/6/2
f 1902/6/2 1899/6/2 1903/6/2
f 1900/5/2 1901/5/2 1906/5/2
f 1906/5/2 1901/5/2 1907/5/2
f 1896/7/2 1897/7/2 1908/7/2
f 1908/7/2 1897/7/2 1909/7/2
f 1903/6/2 1904/6/2 1910/6/2
f 1910/6/2 1904/6/2 1911/6/2
f 1906/5/2 1907/5/2 1912/5/2
f 1905/5/2 1906/5/2 1912/5/2
f 1912/5/2 1907/5/2 1913/5/2
f 1914/7/2 1915/7/2 1919/7/2
f 1919/7/2 1915/7/2 1920/7/2
f 1916/6/2 1917/6/2 1922/6/2
f 1917/3/2 1918/3/2 1923/3/2
f 1922/6/2 1917/6/2 1923/6/2
f 1923/3/2 1918/3/2 1924/3/2
f 1921/5/2 1922/5/2 1926/5/2
f 1922/6/2 1923/6/2 1927/6/2
f 1926/5/2 1922/5/2 1927/5/2
f 1927/6/2 1923/6/2 1928/6/2
f 1925/5/2 1926/5/2 1931/5/2
f 1931/5/2 1926/5/2 1932/5/2
f 1929/3/2 1930/3/2 1933/3/2
f 1933/3/2 1930/3/2 1934/3/2
f 1933/6/2 1934/6/2 1935/6/2
f 1935/6/2 1934/6/2 1936/6/2
f 1937/5/2 1938/5/2 1939/5/2
f 1939/5/2 1938/5/2 1940/5/2
f 1941/7/2 1942/7/2 1944/7/2
f 1944/7/2 1942/7/2 1945/7/2
f 1943/7/2 1944/7/2 1946/7/2
f 1946/7/2 1944/7/2 1947/7/2
f 1948/7/2 1949/7/2 1951/7/2
f 1951/7/2 1949/7/2 1952/7/2
f 1950/7/2 1951/7/2 1955/7/2
f 1955/7/2 1951/7/2 1956/7/2
f 1953/6/2 1954/6/2 1958/6/2
f 1958/6/2 1954/6/2 1959/6/2
f 1957/6/2 1958/6/2 1963/6/2
f 1963/6/2 1958/6/2 1964/6/2
f 1960/3/2 1961/3/2 1965/3/2
f 1965/3/2 1961/3/2 1966/3/2
f 1962/6/2 1963/6/2 1968/6/2
f 1968/6/2 1963/6/2 1969/6/2
f 1966/3/2 1967/3/2 1970/3/2
f 1970/3/2 1967/3/2 1971/3/2
f 1970/5/2 1971/5/2 1972/5/2
f 1970/5/2 1972/5/2 1975/5/2
f 1975/5/2 1972/5/2 1976/5/2
f 1973/7/2 1974/7/2 1977/7/2
f 1977/7/2 1974/7/2 1978/7/2
f 1979/7/2 1980/7/2 1982/7/2
f 1982/7/2 1980/7/2 1983/7/2
f 1983/7/2 1980/7/2 1984/7/2
f 1981/7/2 1982/7/2 1988/7/2
f 1982/7/2 1983/7/2 1988/7/2
f 1988/7/2 1983/7/2 1989/7/2
f 1987/7/2 1988/7/2 1994/7/2
f 1994/7/2 1988/7/2 1995/7/2
f 1990/1/2 1991/1/2 1997/1/2
f 1997/1/2 1991/1/2 1998/1/2
f 1992/7/2 1993/7/2 1999/7/2
f 1999/7/2 1993/7/2 2000/7/2
f 1985/5/2 1986/5/2 2002/5/2
f 2002/5/2 1986/5/2 2003/5/2
f 1996/6/2 1997/6/2 2005/6/2
f 2005/6/2 1997/6/2 2006/6/2
f 2000/7/2 2001/7/2 2007/7/2
f 2007/7/2 2001/7/2 2008/7/2
f 2004/6/2 2005/6/2 2009/6/2
f 2009/6/2 2005/6/2 2010/6/2
f 2011/7/2 2012/7/2 2014/7/2
f 2014/7/2 2012/7/2 2015/7/2
f 2013/7/2 2014/7/2 2016/7/2
f 2016/7/2 2014/7/2 2017/7/2
f 2018/7/2 2019/7/2 2022/7/2
f 2022/7/2 2019/7/2 2023/7/2
f 2020/1/2 2021/1/2 2025/1/2
f 2025/1/2 2021/1/2 2026/1/2
f 2018/7/2 2022/7/2 2027/7/2
f 2027/7/2 2022/7/2 2028/7/2
f 2025/7/2 2026/7/2 2031/7/2
f 2024/7/2 2025/7/2 2031/7/2
f 2031/7/2 2026/7/2 2032/7/2
f 2032/7/2 2026/7/2 2033/7/2
f 2029/1/2 2030/1/2 2038/1/2
f 2038/1/2 2030/1/2 2039/1/2
f 2033/7/2 2034/7/2 2040/7/2
f 2032/7/2 2033/7/2 2040/7/2
f 2040/7/2 2034/7/2 2041/7/2
f 2041/7/2 2034/7/2 2042/7/2
f 2035/6/2 2036/6/2 2044/6/2
f 2044/6/2 2036/6/2 2045/6/2
f 2037/6/2 2038/6/2 2050/6/2
f 2050/6/2 2038/6/2 2051/6/2
f 2042/7/2 2043/7/2 2052/7/2
f 2041/7/2 2042/7/2 2052/7/2
f 2052/7/2 2043/7/2 2053/7/2
f 2045/6/2 2046/6/2 2054/6/2
f 2054/6/2 2046/6/2 2055/6/2
f 2047/6/2 2048/6/2 2056/6/2
f 2056/6/2 2048/6/2 2057/6/2
f 2049/6/2 2050/6/2 2058/6/2
f 2058/6/2 2050/6/2 2059/6/2
f 2052/5/2 2053/5/2 2060/5/2
f 2041/7/2 2052/7/2 2060/7/2
f 2060/5/2 2053/5/2 2061/5/2
f 2060/7/2 2061/7/2 2062/7/2
f 2041/7/2 2060/7/2 2062/7/2
f 2062/7/2 2061/7/2 2063/7/2
f 2041/7/2 2062/7/2 2064/7/2
f 2062/6/2 2063/6/2 2065/6/2
f 2064/7/2 2062/7/2 2065/7/2
f 2064/6/2 2065/6/2 2066/6/2
f 2065/6/2 2063/6/2 2067/6/2
f 2066/6/2 2065/6/2 2067/6/2
f 2068/7/2 2069/7/2 2071/7/2
f 2071/7/2 2069/7/2 2072/7/2
f 2070/7/2 2071/7/2 2074/7/2
f 2074/7/2 2071/7/2 2075/7/2
f 2073/7/2 2074/7/2 2076/7/2
f 2076/7/2 2074/7/2 2077/7/2
f 2078/1/2 2079/1/2 2083/1/2
f 2083/1/2 2079/1/2 2084/1/2
f 2080/1/2 2081/1/2 2085/1/2
f 2085/1/2 2081/1/2 2086/1/2
f 2082/1/2 2083/1/2 2090/1/2
f 2090/1/2 2083/1/2 2091/1/2
f 2084/1/2 2079/1/2 2092/1/2
f 2092/1/2 2079/1/2 2093/1/2
f 2086/1/2 2087/1/2 2094/1/2
f 2094/1/2 2087/1/2 2095/1/2
f 2088/6/2 2089/6/2 2100/6/2
f 2089/4/2 2090/4/2 2101/4/2
f 2100/6/2 2089/6/2 2101/6/2
f 2101/4/2 2090/4/2 2102/4/2
f 2092/7/2 2093/7/2 2103/7/2
f 2103/7/2 2093/7/2 2104/7/2
f 2096/1/2 2097/1/2 2106/1/2
f 2106/1/2 2097/1/2 2107/1/2
f 2098/1/2 2099/1/2 2112/1/2
f 2112/1/2 2099/1/2 2113/1/2
f 2104/7/2 2105/7/2 2114/7/2
f 2114/7/2 2105/7/2 2115/7/2
f 2107/6/2 2108/6/2 2116/6/2
f 2116/6/2 2108/6/2 2117/6/2
f 2109/6/2 2110/6/2 2118/6/2
f 2118/6/2 2110/6/2 2119/6/2
f 2111/1/2 2112/1/2 2121/1/2
f 2121/1/2 2112/1/2 2122/1/2
f 2117/6/2 2118/6/2 2123/6/2
f 2123/6/2 2118/6/2 2124/6/2
f 2119/3/2 2120/3/2 2125/3/2
f 2120/3/2 2121/3/2 2125/3/2
f 2125/3/2 2121/3/2 2126/3/2
f 2127/7/2 2128/7/2 2132/7/2
f 2132/7/2 2128/7/2 2133/7/2
f 2129/5/2 2130/5/2 2134/5/2
f 2134/5/2 2130/5/2 2135/5/2
f 2131/7/2 2132/7/2 2142/7/2
f 2142/7/2 2132/7/2 2143/7/2
f 2135/5/2 2136/5/2 2144/5/2
f 2144/5/2 2136/5/2 2145/5/2
f 2137/5/2 2138/5/2 2146/5/2
f 2139/4/2 2140/4/2 2147/4/2
f 2146/5/2 2138/5/2 2147/5/2
f 2138/4/2 2139/4/2 2147/4/2
f 2147/4/2 2140/4/2 2148/4/2
f 2141/7/2 2142/7/2 2149/7/2
f 2149/7/2 2142/7/2 2150/7/2
f 2151/7/2 2152/7/2 2159/7/2
f 2159/7/2 2152/7/2 2160/7/2
f 2153/1/2 2154/1/2 2161/1/2
f 2161/1/2 2154/1/2 2162/1/2
f 2155/1/2 2156/1/2 2165/1/2
f 2165/1/2 2156/1/2 2166/1/2
f 2166/1/2 2156/1/2 2167/1/2
f 2157/7/2 2158/7/2 2168/7/2
f 2162/1/2 2163/1/2 2172/1/2
f 2172/1/2 2163/1/2 2173/1/2
f 2164/1/2 2165/1/2 2177/1/2
f 2165/1/2 2166/1/2 2177/1/2
f 2177/1/2 2166/1/2 2178/1/2
f 2168/7/2 2169/7/2 2179/7/2
f 2170/7/2 2171/7/2 2182/7/2
f 2182/7/2 2171/7/2 2183/7/2
f 2173/1/2 2174/1/2 2184/1/2
f 2184/1/2 2174/1/2 2185/1/2
f 2175/3/2 2176/3/2 2190/3/2
f 2176/4/2 2177/4/2 2191/4/2
f 2190/3/2 2176/3/2 2191/3/2
f 2191/4/2 2177/4/2 2192/4/2
f 2179/7/2 2180/7/2 2193/7/2
f 2157/7/2 2168/7/2 2193/7/2
f 2168/7/2 2179/7/2 2193/7/2
f 2193/7/2 2180/7/2 2194/7/2
f 2188/1/2 2189/1/2 2195/1/2
f 2186/1/2 2187/1/2 2195/1/2
f 2187/1/2 2188/1/2 2195/1/2
f 2195/1/2 2189/1/2 2196/1/2
f 2196/1/2 2189/1/2 2197/1/2
f 2197/1/2 2189/1/2 2198/1/2
f 2198/1/2 2189/1/2 2199/1/2
f 2199/1/2 2189/1/2 2200/1/2
f 2200/1/2 2189/1/2 2201/1/2
f 2194/7/2 2180/7/2 2202/7/2
f 2202/7/2 2180/7/2 2203/7/2
f 2196/6/2 2197/6/2 2204/6/2
f 2204/6/2 2197/6/2 2205/6/2
f 2198/3/2 2199/3/2 2206/3/2
f 2199/1/2 2200/1/2 2207/1/2
f 2206/3/2 2199/3/2 2207/3/2
f 2207/1/2 2200/1/2 2208/1/2
f 2203/7/2 2180/7/2 2209/7/2
f 2202/5/2 2203/5/2 2209/5/2
f 2209/7/2 2180/7/2 2210/7/2
f 2209/5/2 2210/5/2 2211/5/2
f 2202/5/2 2209/5/2 2211/5/2
f 2211/5/2 2210/5/2 2212/5/2
f 2202/5/2 2211/5/2 2213/5/2
f 2211/7/2 2212/7/2 2214/7/2
f 2213/5/2 2211/5/2 2214/5/2
f 2213/7/2 2214/7/2 2215/7/2
f 2214/7/2 2212/7/2 2215/7/2
f 2215/7/2 2212/7/2 2216/7/2
f 2213/7/2 2215/7/2 2217/7/2
f 2217/7/2 2215/7/2 2218/7/2
f 2181/7/2 2182/7/2 2223/7/2
f 2223/7/2 2182/7/2 2224/7/2
f 2217/5/2 2218/5/2 2225/5/2
f 2225/5/2 2218/5/2 2226/5/2
f 2219/7/2 2220/7/2 2229/7/2
f 2229/7/2 2220/7/2 2230/7/2
f 2230/7/2 2220/7/2 2231/7/2
f 2221/7/2 2222/7/2 2234/7/2
f 2234/7/2 2222/7/2 2235/7/2
f 2226/5/2 2227/5/2 2236/5/2
f 2236/5/2 2227/5/2 2237/5/2
f 2228/7/2 2229/7/2 2239/7/2
f 2229/7/2 2230/7/2 2239/7/2
f 2231/4/2 2232/4/2 2240/4/2
f 2230/4/2 2231/4/2 2240/4/2
f 2239/7/2 2230/7/2 2240/7/2
f 2240/4/2 2232/4/2 2241/4/2
f 2233/7/2 2234/7/2 2246/7/2
f 2246/7/2 2234/7/2 2247/7/2
f 2237/1/2 2238/1/2 2248/1/2
f 2238/5/2 2239/5/2 2249/5/2
f 2248/1/2 2238/1/2 2249/1/2
f 2249/5/2 2239/5/2 2250/5/2
f 2241/4/2 2242/4/2 2251/4/2
f 2242/7/2 2243/7/2 2252/7/2
f 2251/4/2 2242/4/2 2252/4/2
f 2244/5/2 2245/5/2 2253/5/2
f 2252/7/2 2243/7/2 2253/7/2
f 2245/5/2 2246/5/2 2253/5/2
f 2243/5/2 2244/5/2 2253/5/2
f 2253/5/2 2246/5/2 2254/5/2
f 2255/7/2 2256/7/2 2264/7/2
f 2264/7/2 2256/7/2 2265/7/2
f 2257/1/2 2258/1/2 2266/1/2
f 2266/1/2 2258/1/2 2267/1/2
f 2259/3/2 2260/3/2 2270/3/2
f 2260/1/2 2261/1/2 2271/1/2
f 2270/3/2 2260/3/2 2271/3/2
f 2271/1/2 2261/1/2 2272/1/2
f 2262/7/2 2263/7/2 2273/7/2
f 2273/7/2 2263/7/2 2274/7/2
f 2255/7/2 2264/7/2 2277/7/2
f 2277/7/2 2264/7/2 2278/7/2
f 2267/1/2 2268/1/2 2279/1/2
f 2279/1/2 2268/1/2 2280/1/2
f 2269/3/2 2270/3/2 2285/3/2
f 2270/3/2 2271/3/2 2285/3/2
f 2285/3/2 2271/3/2 2286/3/2
f 2274/7/2 2275/7/2 2287/7/2
f 2287/7/2 2275/7/2 2288/7/2
f 2276/7/2 2277/7/2 2291/7/2
f 2291/7/2 2277/7/2 2292/7/2
f 2280/4/2 2281/4/2 2293/4/2
f 2293/4/2 2281/4/2 2294/4/2
f 2282/1/2 2283/1/2 2295/1/2
f 2283/4/2 2284/4/2 2296/4/2
f 2295/1/2 2283/1/2 2296/1/2
f 2284/3/2 2285/3/2 2297/3/2
f 2296/4/2 2284/4/2 2297/4/2
f 2297/3/2 2285/3/2 2298/3/2
f 2288/7/2 2289/7/2 2300/7/2
f 2300/7/2 2289/7/2 2301/7/2
f 2299/7/2 2300/7/2 2301/7/2
f 2290/7/2 2291/7/2 2305/7/2
f 2305/7/2 2291/7/2 2306/7/2
f 2299/7/2 2301/7/2 2307/7/2
f 2301/7/2 2302/7/2 2307/7/2
f 2307/7/2 2302/7/2 2308/7/2
f 2308/7/2 2302/7/2 2309/7/2
f 2309/7/2 2302/7/2 2310/7/2
f 2303/7/2 2304/7/2 2311/7/2
f 2311/7/2 2304/7/2 2312/7/2
f 2312/7/2 2304/7/2 2313/7/2
f 2313/7/2 2304/7/2 2314/7/2
f 2314/7/2 2304/7/2 2315/7/2
f 2315/7/2 2304/7/2 2316/7/2
f 2308/7/2 2309/7/2 2317/7/2
f 2317/7/2 2309/7/2 2318/7/2
f 2312/7/2 2313/7/2 2319/7/2
f 2313/5/2 2314/5/2 2320/5/2
f 2319/7/2 2313/7/2 2320/7/2
f 2314/7/2 2315/7/2 2321/7/2
f 2320/5/2 2314/5/2 2321/5/2
f 2321/7/2 2315/7/2 2322/7/2
f 2323/7/2 2324/7/2 2325/7/2
f 2323/7/2 2325/7/2 2330/7/2
f 2325/7/2 2326/7/2 2330/7/2
f 2330/7/2 2326/7/2 2331/7/2
f 2331/7/2 2326/7/2 2332/7/2
f 2327/7/2 2328/7/2 2334/7/2
f 2329/7/2 2330/7/2 2337/7/2
f 2330/7/2 2331/7/2 2337/7/2
f 2337/7/2 2331/7/2 2338/7/2
f 2338/7/2 2331/7/2 2339/7/2
f 2333/7/2 2334/7/2 2340/7/2
f 2340/7/2 2334/7/2 2341/7/2
f 2341/7/2 2334/7/2 2342/7/2
f 2334/7/2 2328/7/2 2343/7/2
f 2342/7/2 2334/7/2 2343/7/2
f 2335/5/2 2336/5/2 2348/5/2
f 2336/7/2 2337/7/2 2349/7/2
f 2348/5/2 2336/5/2 2349/5/2
f 2337/7/2 2338/7/2 2349/7/2
f 2344/1/2 2345/1/2 2350/1/2
f 2350/1/2 2345/1/2 2351/1/2
f 2346/1/2 2347/1/2 2354/1/2
f 2354/1/2 2347/1/2 2355/1/2
f 2355/1/2 2347/1/2 2356/1/2
f 2349/7/2 2338/7/2 2357/7/2
f 2357/7/2 2338/7/2 2358/7/2
f 2358/7/2 2338/7/2 2359/7/2
f 2341/7/2 2342/7/2 2362/7/2
f 2362/7/2 2342/7/2 2363/7/2
f 2351/1/2 2352/1/2 2364/1/2
f 2364/1/2 2352/1/2 2365/1/2
f 2353/1/2 2354/1/2 2368/1/2
f 2354/1/2 2355/1/2 2368/1/2
f 2368/1/2 2355/1/2 2369/1/2
f 2359/7/2 2360/7/2 2370/7/2
f 2358/7/2 2359/7/2 2370/7/2
f 2370/7/2 2360/7/2 2371/7/2
f 2361/7/2 2362/7/2 2374/7/2
f 2374/7/2 2362/7/2 2375/7/2
f 2365/4/2 2366/4/2 2376/4/2
f 2376/4/2 2366/4/2 2377/4/2
f 2367/4/2 2368/4/2 2378/4/2
f 2378/4/2 2368/4/2 2379/4/2
f 2371/7/2 2372/7/2 2380/7/2
f 2380/7/2 2372/7/2 2381/7/2
f 2373/7/2 2374/7/2 2382/7/2
f 2382/7/2 2374/7/2 2383/7/2
f 2386/7/2 2387/7/2 2392/7/2
f 2387/7/2 2388/7/2 2392/7/2
f 2392/7/2 2388/7/2 2393/7/2
f 2393/7/2 2388/7/2 2394/7/2
f 2390/7/2 2391/7/2 2397/7/2
f 2389/7/2 2390/7/2 2397/7/2
f 2397/7/2 2391/7/2 2398/7/2
f 2398/7/2 2391/7/2 2399/7/2
f 2384/7/2 2385/7/2 2401/7/2
f 2401/7/2 2385/7/2 2402/7/2
f 2394/7/2 2395/7/2 2404/7/2
f 2393/7/2 2394/7/2 2404/7/2
f 2404/7/2 2395/7/2 2405/7/2
f 2397/7/2 2398/7/2 2408/7/2
f 2396/7/2 2397/7/2 2408/7/2
f 2408/7/2 2398/7/2 2409/7/2
f 2409/7/2 2398/7/2 2410/7/2
f 2400/7/2 2401/7/2 2413/7/2
f 2413/7/2 2401/7/2 2414/7/2
f 2405/7/2 2406/7/2 2416/7/2
f 2404/7/2 2405/7/2 2416/7/2
f 2403/7/2 2404/7/2 2416/7/2
f 2416/7/2 2406/7/2 2417/7/2
f 2417/7/2 2406/7/2 2418/7/2
f 2408/7/2 2409/7/2 2419/7/2
f 2407/7/2 2408/7/2 2419/7/2
f 2419/7/2 2409/7/2 2420/7/2
f 2420/7/2 2409/7/2 2421/7/2
f 2411/5/2 2412/5/2 2427/5/2
f 2427/5/2 2412/5/2 2428/5/2
f 2423/1/2 2424/1/2 2429/1/2
f 2429/1/2 2424/1/2 2430/1/2
f 2425/1/2 2426/1/2 2433/1/2
f 2433/1/2 2426/1/2 2434/1/2
f 2434/1/2 2426/1/2 2435/1/2
f 2416/7/2 2417/7/2 2436/7/2
f 2415/7/2 2416/7/2 2436/7/2
f 2436/7/2 2417/7/2 2437/7/2
f 2437/7/2 2417/7/2 2438/7/2
f 2421/7/2 2422/7/2 2441/7/2
f 2420/7/2 2421/7/2 2441/7/2
f 2441/7/2 2422/7/2 2442/7/2
f 2442/7/2 2422/7/2 2443/7/2
f 2430/1/2 2431/1/2 2444/1/2
f 2444/1/2 2431/1/2 2445/1/2
f 2433/1/2 2434/1/2 2447/1/2
f 2432/1/2 2433/1/2 2447/1/2
f 2447/1/2 2434/1/2 2448/1/2
f 2438/7/2 2439/7/2 2449/7/2
f 2437/7/2 2438/7/2 2449/7/2
f 2449/7/2 2439/7/2 2450/7/2
f 2441/7/2 2442/7/2 2451/7/2
f 2440/7/2 2441/7/2 2451/7/2
f 2451/7/2 2442/7/2 2452/7/2
f 2445/1/2 2446/1/2 2453/1/2
f 2446/4/2 2447/4/2 2454/4/2
f 2453/1/2 2446/1/2 2454/1/2
f 2454/4/2 2447/4/2 2455/4/2
f 2450/7/2 2451/7/2 2456/7/2
f 2456/7/2 2451/7/2 2457/7/2
f 2460/7/2 2461/7/2 2463/7/2
f 2461/7/2 2462/7/2 2463/7/2
f 2463/7/2 2462/7/2 2464/7/2
f 2464/7/2 2462/7/2 2465/7/2
f 2465/7/2 2462/7/2 2466/7/2
f 2458/7/2 2459/7/2 2468/7/2
f 2468/7/2 2459/7/2 2469/7/2
f 2464/7/2 2465/7/2 2470/7/2
f 2470/7/2 2465/7/2 2471/7/2
f 2471/7/2 2465/7/2 2472/7/2
f 2472/7/2 2465/7/2 2473/7/2
f 2467/7/2 2468/7/2 2477/7/2
f 2477/7/2 2468/7/2 2478/7/2
f 2471/7/2 2472/7/2 2480/7/2
f 2480/7/2 2472/7/2 2481/7/2
f 2474/4/2 2475/4/2 2485/4/2
f 2475/5/2 2476/5/2 2486/5/2
f 2485/4/2 2475/4/2 2486/4/2
f 2486/5/2 2476/5/2 2487/5/2
f 2483/1/2 2484/1/2 2488/1/2
f 2488/1/2 2484/1/2 2489/1/2
f 2489/1/2 2484/1/2 2490/1/2
f 2481/7/2 2482/7/2 2491/7/2
f 2479/7/2 2480/7/2 2491/7/2
f 2480/7/2 2481/7/2 2491/7/2
f 2491/7/2 2482/7/2 2492/7/2
f 2492/7/2 2482/7/2 2493/7/2
f 2493/7/2 2482/7/2 2494/7/2
f 2488/1/2 2489/1/2 2495/1/2
f 2495/1/2 2489/1/2 2496/1/2
f 2492/7/2 2493/7/2 2497/7/2
f 2497/7/2 2493/7/2 2498/7/2
f 2499/7/2 2500/7/2 2502/7/2
f 2501/7/2 2502/7/2 2504/7/2
f 2502/7/2 2500/7/2 2505/7/2
f 2504/7/2 2502/7/2 2505/7/2
f 2505/7/2 2500/7/2 2506/7/2
f 2503/7/2 2504/7/2 2510/7/2
f 2504/7/2 2505/7/2 2510/7/2
f 2510/7/2 2505/7/2 2511/7/2
f 2507/4/2 2508/4/2 2512/4/2
f 2508/7/2 2509/7/2 2513/7/2
f 2512/4/2 2508/4/2 2513/4/2
f 2513/7/2 2509/7/2 2514/7/2
f 2515/7/2 2516/7/2 2519/7/2
f 2516/7/2 2517/7/2 2519/7/2
f 2519/7/2 2517/7/2 2520/7/2
f 2520/7/2 2517/7/2 2521/7/2
f 2518/7/2 2519/7/2 2523/7/2
f 2519/7/2 2520/7/2 2523/7/2
f 2523/7/2 2520/7/2 2524/7/2
f 2524/7/2 2520/7/2 2525/7/2
f 2522/7/2 2523/7/2 2534/7/2
f 2523/7/2 2524/7/2 2534/7/2
f 2534/7/2 2524/7/2 2535/7/2
f 2526/4/2 2527/4/2 2536/4/2
f 2536/4/2 2527/4/2 2537/4/2
f 2528/4/2 2529/4/2 2538/4/2
f 2538/4/2 2529/4/2 2539/4/2
f 2530/1/2 2531/1/2 2540/1/2
f 2540/1/2 2531/1/2 2541/1/2
f 2532/4/2 2533/4/2 2542/4/2
f 2542/4/2 2533/4/2 2543/4/2
f 2544/7/2 2545/7/2 2548/7/2
f 2545/7/2 2546/7/2 2548/7/2
f 2548/7/2 2546/7/2 2549/7/2
f 2549/7/2 2546/7/2 2550/7/2
f 2547/7/2 2548/7/2 2552/7/2
f 2548/7/2 2549/7/2 2552/7/2
f 2552/7/2 2549/7/2 2553/7/2
f 2553/7/2 2549/7/2 2554/7/2
f 2551/7/2 2552/7/2 2558/7/2
f 2552/7/2 2553/7/2 2558/7/2
f 2558/7/2 2553/7/2 2559/7/2
f 2555/1/2 2556/1/2 2564/1/2
f 2556/4/2 2557/4/2 2565/4/2
f 2564/1/2 2556/1/2 2565/1/2
f 2565/4/2 2557/4/2 2566/4/2
f 2560/1/2 2561/1/2 2567/1/2
f 2567/1/2 2561/1/2 2568/1/2
f 2562/1/2 2563/1/2 2569/1/2
f 2569/1/2 2563/1/2 2570/1/2
f 2571/7/2 2572/7/2 2576/7/2
f 2576/7/2 2572/7/2 2577/7/2
f 2577/7/2 2572/7/2 2578/7/2
f 2573/7/2 2574/7/2 2579/7/2
f 2575/7/2 2576/7/2 2580/7/2
f 2576/7/2 2577/7/2 2580/7/2
f 2580/7/2 2577/7/2 2581/7/2
f 2581/7/2 2577/7/2 2582/7/2
f 2573/7/2 2579/7/2 2588/7/2
f 2579/7/2 2580/7/2 2588/7/2
f 2580/7/2 2581/7/2 2588/7/2
f 2588/7/2 2581/7/2 2589/7/2
f 2583/4/2 2584/4/2 2590/4/2
f 2590/4/2 2584/4/2 2591/4/2
f 2585/4/2 2586/4/2 2592/4/2
f 2592/4/2 2586/4/2 2593/4/2
f 2587/4/2 2588/4/2 2596/4/2
f 2596/4/2 2588/4/2 2597/4/2
f 2594/1/2 2595/1/2 2598/1/2
f 2598/1/2 2595/1/2 2599/1/2
f 2600/7/2 2601/7/2 2602/7/2
f 2602/7/2 2601/7/2 2603/7/2
f 2603/7/2 2601/7/2 2604/7/2
f 2604/7/2 2601/7/2 2605/7/2
f 2603/7/2 2604/7/2 2608/7/2
f 2608/7/2 2604/7/2 2609/7/2
f 2606/7/2 2607/7/2 2613/7/2
f 2613/7/2 2607/7/2 2614/7/2
f 2610/4/2 2611/4/2 2615/4/2
f 2615/4/2 2611/4/2 2616/4/2
f 2612/4/2 2613/4/2 2617/4/2
f 2617/4/2 2613/4/2 2618/4/2
f 2619/7/2 2620/7/2 2622/7/2
f 2621/7/2 2622/7/2 2624/7/2
f 2622/7/2 2620/7/2 2625/7/2
f 2624/7/2 2622/7/2 2625/7/2
f 2625/7/2 2620/7/2 2626/7/2
f 2623/7/2 2624/7/2 2629/7/2
f 2624/7/2 2625/7/2 2629/7/2
f 2629/7/2 2625/7/2 2630/7/2
f 2627/4/2 2628/4/2 2631/4/2
f 2631/4/2 2628/4/2 2632/4/2
f 2633/7/2 2634/7/2 2637/7/2
f 2634/7/2 2635/7/2 2637/7/2
f 2637/7/2 2635/7/2 2638/7/2
f 2638/7/2 2635/7/2 2639/7/2
f 2636/7/2 2637/7/2 2640/7/2
f 2637/7/2 2638/7/2 2640/7/2
f 2640/7/2 2638/7/2 2641/7/2
f 2642/4/2 2643/4/2 2646/4/2
f 2646/4/2 2643/4/2 2647/4/2
f 2644/4/2 2645/4/2 2648/4/2
f 2648/4/2 2645/4/2 2649/4/2
f 2650/7/2 2651/7/2 2652/7/2
f 2652/7/2 2651/7/2 2653/7/2
f 2654/7/2 2655/7/2 2658/7/2
f 2658/7/2 2655/7/2 2659/7/2
f 2656/4/2 2657/4/2 2660/4/2
f 2660/4/2 2657/4/2 2661/4/2
f 2662/7/2 2663/7/2 2666/7/2
f 2666/7/2 2663/7/2 2667/7/2
f 2664/7/2 2665/7/2 2668/7/2
f 2668/7/2 2665/7/2 2669/7/2
f 2670/4/2 2671/4/2 2674/4/2
f 2674/4/2 2671/4/2 2675/4/2
f 2672/4/2 2673/4/2 2676/4/2
f 2676/4/2 2673/4/2 2677/4/2
f 2678/7/2 2679/7/2 2680/7/2
f 2680/7/2 2679/7/2 2681/7/2
f 2682/7/2 2683/7/2 2686/7/2
f 2686/7/2 2683/7/2 2687/7/2
f 2684/7/2 2685/7/2 2692/7/2
f 2692/7/2 2685/7/2 2693/7/2
f 2688/4/2 2689/4/2 2694/4/2
f 2694/4/2 2689/4/2 2695/4/2
f 2690/4/2 2691/4/2 2696/4/2
f 2696/4/2 2691/4/2 2697/4/2
f 2698/7/2 2699/7/2 2701/7/2
f 2701/7/2 2699/7/2 2702/7/2
f 2700/7/2 2701/7/2 2705/7/2
f 2705/7/2 2701/7/2 2706/7/2
f 2703/4/2 2704/4/2 2707/4/2
f 2707/4/2 2704/4/2 2708/4/2
f 2709/7/2 2710/7/2 2712/7/2
f 2712/7/2 2710/7/2 2713/7/2
f 2711/7/2 2712/7/2 2713/7/2
f 2713/7/2 2710/7/2 2714/7/2
f 2711/7/2 2713/7/2 2717/7/2
f 2717/7/2 2713/7/2 2718/7/2
f 2715/4/2 2716/4/2 2719/4/2
f 2719/4/2 2716/4/2 2720/4/2
f 2721/7/2 2722/7/2 2723/7/2
f 2723/7/2 2722/7/2 2724/7/2
f 2725/7/2 2726/7/2 2727/7/2
f 2727/7/2 2726/7/2 2728/7/2
f 2729/7/2 2730/7/2 2731/7/2
f 2731/7/2 2730/7/2 2732/7/2
f 2733/4/2 2734/4/2 2735/4/2
f 2735/4/2 2734/4/2 2736/4/2
f 2737/7/2 2738/7/2 2739/7/2
f 2739/7/2 2738/7/2 2740/7/2
f 2741/7/2 2742/7/2 2747/7/2
f 2747/7/2 2742/7/2 2748/7/2
f 2743/4/2 2744/4/2 2749/4/2
f 2749/4/2 2744/4/2 2750/4/2
f 2745/4/2 2746/4/2 2751/4/2
f 2751/4/2 2746/4/2 2752/4/2
f 2753/2/2 2754/2/2 2755/2/2
f 2755/2/2 2754/2/2 2756/2/2
f 2756/2/2 2754/2/2 2757/2/2
f 2755/7/2 2756/7/2 2758/7/2
f 2758/7/2 2756/7/2 2759/7/2
f 2755/7/2 2758/7/2 2760/7/2
f 2760/7/2 2758/7/2 2761/7/2
f 2761/7/2 2758/7/2 2762/7/2
f 2762/7/2 2758/7/2 2763/7/2
f 2761/7/2 2762/7/2 2764/7/2
f 2764/7/2 2762/7/2 2765/7/2
f 2768/2/3 2767/2/3 2766/2/3
f 2770/5/3 2769/5/3 2768/5/3
f 2772/5/3 2770/5/3 2768/5/3
f 2772/5/3 2771/5/3 2770/5/3
f 2773/5/3 2771/5/3 2772/5/3
f 2774/5/3 2772/5/3 2768/5/3
f 2776/5/3 2775/5/3 2774/5/3
f 2778/5/3 2776/5/3 2774/5/3
f 2778/5/3 2774/5/3 2768/5/3
f 2779/4/3 2777/4/3 2776/4/3
f 2779/5/3 2776/5/3 2778/5/3
f 2780/2/3 2768/2/3 2766/2/3
f 2780/5/3 2778/5/3 2768/5/3
f 2781/7/3 2779/7/3 2778/7/3
f 2781/5/3 2778/5/3 2780/5/3
f 2782/4/3 2777/4/3 2779/4/3
f 2782/7/3 2779/7/3 2781/7/3
f 2783/4/3 2777/4/3 2782/4/3
f 2784/2/3 2780/2/3 2766/2/3
f 2785/7/3 2781/7/3 2780/7/3
f 2785/2/3 2780/2/3 2784/2/3
f 2785/7/3 2782/7/3 2781/7/3
f 2786/7/3 2782/7/3 2785/7/3
f 2789/5/3 2788/5/3 2787/5/3
f 2790/5/3 2788/5/3 2789/5/3
f 2792/5/3 2791/5/3 2790/5/3
f 2793/5/3 2791/5/3 2792/5/3
f 2796/4/3 2795/4/3 2794/4/3
f 2797/4/3 2795/4/3 2796/4/3
f 2800/5/3 2799/5/3 2798/5/3
f 2801/5/3 2799/5/3 2800/5/3
f 2804/5/3 2803/5/3 2802/5/3
f 2805/5/3 2803/5/3 2804/5/3
f 2807/5/3 2806/5/3 2805/5/3
f 2808/5/3 2806/5/3 2807/5/3
f 2811/4/3 2810/4/3 2809/4/3
f 2812/4/3 2810/4/3 2811/4/3
f 2815/4/3 2814/4/3 2813/4/3
f 2816/4/3 2814/4/3 2815/4/3
f 2819/5/3 2818/5/3 2817/5/3
f 2820/5/3 2818/5/3 2819/5/3
f 2822/5/3 2821/5/3 2820/5/3
f 2823/5/3 2821/5/3 2822/5/3
f 2826/4/3 2825/4/3 2824/4/3
f 2827/4/3 2825/4/3 2826/4/3
f 2830/4/3 2829/4/3 2828/4/3
f 2831/4/3 2829/4/3 2830/4/3
f 2834/4/3 2833/4/3 2832/4/3
f 2835/4/3 2833/4/3 2834/4/3
f 2838/7/3 2837/7/3 2836/7/3
f 2839/7/3 2837/7/3 2838/7/3
f 2842/5/3 2841/5/3 2840/5/3
f 2843/5/3 2841/5/3 2842/5/3
f 2846/4/3 2845/4/3 2844/4/3
f 2847/4/3 2845/4/3 2846/4/3
f 2850/4/3 2849/4/3 2848/4/3
f 2851/4/3 2849/4/3 2850/4/3
f 2854/4/3 2853/4/3 2852/4/3
f 2855/4/3 2853/4/3 2854/4/3
f 2858/4/3 2857/4/3 2856/4/3
f 2859/4/3 2857/4/3 2858/4/3
f 2862/7/3 2861/7/3 2860/7/3
f 2863/7/3 2861/7/3 2862/7/3
f 2866/4/3 2865/4/3 2864/4/3
f 2867/4/3 2865/4/3 2866/4/3
f 2870/7/3 2869/7/3 2868/7/3
f 2871/7/3 2869/7/3 2870/7/3
f 2874/4/3 2873/4/3 2872/4/3
f 2875/4/3 2873/4/3 2874/4/3
f 2878/4/3 2877/4/3 2876/4/3
f 2879/4/3 2877/4/3 2878/4/3
f 2882/4/3 2881/4/3 2880/4/3
f 2883/4/3 2881/4/3 2882/4/3
f 2886/4/3 2885/4/3 2884/4/3
f 2887/4/3 2885/4/3 2886/4/3
f 2890/4/3 2889/4/3 2888/4/3
f 2891/4/3 2889/4/3 2890/4/3
f 2894/4/3 2893/4/3 2892/4/3
f 2895/4/3 2893/4/3 2894/4/3
f 2898/4/3 2897/4/3 2896/4/3
f 2899/4/3 2897/4/3 2898/4/3
f 2902/4/3 2901/4/3 2900/4/3
f 2903/4/3 2901/4/3 2902/4/3
f 2906/4/3 2905/4/3 2904/4/3
f 2907/4/3 2905/4/3 2906/4/3
f 2910/1/3 2909/1/3 2908/1/3
f 2912/1/3 2910/1/3 2908/1/3
f 2912/1/3 2911/1/3 2910/1/3
f 2913/1/3 2911/1/3 2912/1/3
f 2914/1/3 2912/1/3 2908/1/3
f 2915/1/3 2912/1/3 2914/1/3
f 2918/4/3 2917/4/3 2916/4/3
f 2919/4/3 2917/4/3 2918/4/3
f 2922/1/3 2921/1/3 2920/1/3
f 2924/1/3 2922/1/3 2920/1/3
f 2924/1/3 2923/1/3 2922/1/3
f 2925/1/3 2923/1/3 2924/1/3
f 2926/1/3 2923/1/3 2925/1/3
f 2927/1/3 2923/1/3 2926/1/3
f 2930/1/3 2928/1/3 2927/1/3
f 2931/1/3 2928/1/3 2930/1/3
f 2933/1/3 2930/1/3 2929/1/3
f 2934/1/3 2930/1/3 2933/1/3
f 2935/1/3 2933/1/3 2932/1/3
f 2936/1/3 2933/1/3 2935/1/3
f 2939/1/3 2938/1/3 2937/1/3
f 2941/1/3 2939/1/3 2937/1/3
f 2941/1/3 2940/1/3 2939/1/3
f 2942/1/3 2940/1/3 2941/1/3
f 2943/1/3 2940/1/3 2942/1/3
f 2944/1/3 2940/1/3 2943/1/3
f 2946/4/3 2945/4/3 2944/4/3
f 2947/4/3 2945/4/3 2946/4/3
f 2951/1/3 2949/1/3 2948/1/3
f 2952/1/3 2949/1/3 2951/1/3
f 2954/1/3 2951/1/3 2950/1/3
f 2955/1/3 2951/1/3 2954/1/3
f 2956/1/3 2954/1/3 2953/1/3
f 2957/1/3 2954/1/3 2956/1/3
f 2960/1/3 2959/1/3 2958/1/3
f 2961/1/3 2959/1/3 2960/1/3
f 2964/1/3 2963/1/3 2962/1/3
f 2966/1/3 2964/1/3 2962/1/3
f 2966/1/3 2965/1/3 2964/1/3
f 2967/1/3 2965/1/3 2966/1/3
f 2968/1/3 2965/1/3 2967/1/3
f 2969/1/3 2965/1/3 2968/1/3
f 2971/4/3 2970/4/3 2969/4/3
f 2972/4/3 2970/4/3 2971/4/3
f 2976/4/3 2974/4/3 2973/4/3
f 2977/4/3 2974/4/3 2976/4/3
f 2979/1/3 2976/1/3 2975/1/3
f 2980/1/3 2976/1/3 2979/1/3
f 2981/1/3 2979/1/3 2978/1/3
f 2982/1/3 2979/1/3 2981/1/3
f 2985/1/3 2984/1/3 2983/1/3
f 2986/1/3 2984/1/3 2985/1/3
f 2989/1/3 2988/1/3 2987/1/3
f 2990/1/3 2988/1/3 2989/1/3
f 2993/1/3 2992/1/3 2991/1/3
f 2995/1/3 2993/1/3 2991/1/3
f 2995/1/3 2994/1/3 2993/1/3
f 2996/1/3 2994/1/3 2995/1/3
f 2997/1/3 2994/1/3 2996/1/3
f 2998/1/3 2994/1/3 2997/1/3
f 3000/4/3 2999/4/3 2998/4/3
f 3001/4/3 2999/4/3 3000/4/3
f 3005/4/3 3003/4/3 3002/4/3
f 3006/4/3 3003/4/3 3005/4/3
f 3008/1/3 3005/1/3 3004/1/3
f 3009/1/3 3005/1/3 3008/1/3
f 3010/1/3 3008/1/3 3007/1/3
f 3011/1/3 3008/1/3 3010/1/3
f 3014/1/3 3013/1/3 3012/1/3
f 3015/1/3 3013/1/3 3014/1/3
f 3017/1/3 3016/1/3 3015/1/3
f 3018/1/3 3016/1/3 3017/1/3
f 3020/1/3 3019/1/3 3018/1/3
f 3021/1/3 3019/1/3 3020/1/3
f 3022/4/3 3021/4/3 3020/4/3
f 3023/4/3 3021/4/3 3022/4/3
f 3027/1/3 3025/1/3 3024/1/3
f 3028/1/3 3025/1/3 3027/1/3
f 3029/1/3 3027/1/3 3026/1/3
f 3030/1/3 3027/1/3 3029/1/3
f 3033/1/3 3032/1/3 3031/1/3
f 3034/1/3 3032/1/3 3033/1/3
f 3036/1/3 3035/1/3 3034/1/3
f 3037/1/3 3035/1/3 3036/1/3
f 3039/1/3 3038/1/3 3037/1/3
f 3040/1/3 3038/1/3 3039/1/3
f 3043/7/3 3042/7/3 3041/7/3
f 3044/7/3 3042/7/3 3043/7/3
f 3045/5/3 3044/5/3 3043/5/3
f 3046/5/3 3044/5/3 3045/5/3
f 3049/1/3 3048/1/3 3047/1/3
f 3050/1/3 3048/1/3 3049/1/3
f 3052/1/3 3051/1/3 3050/1/3
f 3053/1/3 3051/1/3 3052/1/3
f 3056/5/3 3055/5/3 3054/5/3
f 3057/5/3 3055/5/3 3056/5/3
f 3060/7/3 3059/7/3 3058/7/3
f 3061/7/3 3059/7/3 3060/7/3
f 3064/5/3 3063/5/3 3062/5/3
f 3065/5/3 3063/5/3 3064/5/3
f 3068/1/3 3067/1/3 3066/1/3
f 3069/1/3 3067/1/3 3068/1/3
f 3072/5/3 3071/5/3 3070/5/3
f 3073/5/3 3071/5/3 3072/5/3
f 3075/5/3 3073/5/3 3072/5/3
f 3075/5/3 3074/5/3 3073/5/3
f 3076/5/3 3074/5/3 3075/5/3
f 3077/5/3 3074/5/3 3076/5/3
f 3078/1/3 3076/1/3 3075/1/3
f 3079/4/3 3077/4/3 3076/4/3
f 3079/1/3 3076/1/3 3078/1/3
f 3080/4/3 3077/4/3 3079/4/3
f 3081/6/3 3079/6/3 3078/6/3
f 3081/6/3 3080/6/3 3079/6/3
f 3082/6/3 3080/6/3 3081/6/3
f 3083/6/3 3080/6/3 3082/6/3
f 3084/5/3 3083/5/3 3082/5/3
f 3085/5/3 3083/5/3 3084/5/3
f 3086/6/3 3085/6/3 3084/6/3
f 3087/6/3 3085/6/3 3086/6/3
f 3088/6/3 3085/6/3 3087/6/3
f 3089/1/3 3087/1/3 3086/1/3
f 3090/1/3 3087/1/3 3089/1/3
f 3093/1/3 3092/1/3 3091/1/3
f 3094/1/3 3092/1/3 3093/1/3
f 3097/7/3 3096/7/3 3095/7/3
f 3098/7/3 3096/7/3 3097/7/3
f 3101/7/3 3100/7/3 3099/7/3
f 3102/7/3 3100/7/3 3101/7/3
f 3105/7/3 3104/7/3 3103/7/3
f 3106/7/3 3104/7/3 3105/7/3
f 3109/1/3 3108/1/3 3107/1/3
f 3110/1/3 3108/1/3 3109/1/3
f 3112/1/3 3111/1/3 3110/1/3
f 3113/1/3 3111/1/3 3112/1/3
f 3116/6/3 3115/6/3 3114/6/3
f 3118/6/3 3116/6/3 3114/6/3
f 3118/6/3 3117/6/3 3116/6/3
f 3119/6/3 3117/6/3 3118/6/3
f 3120/6/3 3117/6/3 3119/6/3
f 3121/6/3 3117/6/3 3120/6/3
f 3122/5/3 3121/5/3 3120/5/3
f 3123/5/3 3121/5/3 3122/5/3
f 3125/5/3 3124/5/3 3123/5/3
f 3126/5/3 3124/5/3 3125/5/3
f 3127/5/3 3124/5/3 3126/5/3
f 3128/4/3 3127/4/3 3126/4/3
f 3129/4/3 3127/4/3 3128/4/3
f 3130/6/3 3129/6/3 3128/6/3
f 3131/6/3 3129/6/3 3130/6/3
f 3132/5/3 3131/5/3 3130/5/3
f 3133/5/3 3131/5/3 3132/5/3
f 3134/6/3 3133/6/3 3132/6/3
f 3136/6/3 3133/6/3 3134/6/3
f 3137/6/3 3133/6/3 3136/6/3
f 3139/6/3 3136/6/3 3135/6/3
f 3140/6/3 3136/6/3 3139/6/3
f 3141/1/3 3139/1/3 3138/1/3
f 3142/1/3 3139/1/3 3141/1/3
f 3145/1/3 3144/1/3 3143/1/3
f 3146/1/3 3144/1/3 3145/1/3
f 3148/6/3 3146/6/3 3145/6/3
f 3148/6/3 3147/6/3 3146/6/3
f 3149/6/3 3147/6/3 3148/6/3
f 3150/6/3 3147/6/3 3149/6/3
f 3151/5/3 3150/5/3 3149/5/3
f 3152/5/3 3150/5/3 3151/5/3
f 3154/5/3 3153/5/3 3152/5/3
f 3155/5/3 3153/5/3 3154/5/3
f 3156/5/3 3153/5/3 3155/5/3
f 3160/6/3 3158/6/3 3157/6/3
f 3161/6/3 3158/6/3 3160/6/3
f 3162/6/3 3160/6/3 3159/6/3
f 3163/6/3 3160/6/3 3162/6/3
f 3166/1/3 3165/1/3 3164/1/3
f 3167/1/3 3165/1/3 3166/1/3
f 3169/5/3 3168/5/3 3167/5/3
f 3170/5/3 3168/5/3 3169/5/3
f 3172/5/3 3171/5/3 3170/5/3
f 3173/5/3 3171/5/3 3172/5/3
f 3174/5/3 3171/5/3 3173/5/3
f 3177/6/3 3176/6/3 3175/6/3
f 3178/6/3 3176/6/3 3177/6/3
f 3180/1/3 3178/1/3 3177/1/3
f 3181/6/3 3179/6/3 3178/6/3
f 3181/1/3 3178/1/3 3180/1/3
f 3182/6/3 3179/6/3 3181/6/3
f 3183/5/3 3182/5/3 3181/5/3
f 3184/5/3 3182/5/3 3183/5/3
f 3186/5/3 3185/5/3 3184/5/3
f 3187/5/3 3185/5/3 3186/5/3
f 3190/6/3 3189/6/3 3188/6/3
f 3191/6/3 3189/6/3 3190/6/3
f 3193/6/3 3192/6/3 3191/6/3
f 3194/6/3 3192/6/3 3193/6/3
f 3196/6/3 3195/6/3 3194/6/3
f 3197/6/3 3195/6/3 3196/6/3
f 3198/5/3 3197/5/3 3196/5/3
f 3199/5/3 3197/5/3 3198/5/3
f 3203/3/3 3201/3/3 3200/3/3
f 3204/3/3 3201/3/3 3203/3/3
f 3205/3/3 3203/3/3 3202/3/3
f 3206/3/3 3203/3/3 3205/3/3
f 3209/6/3 3208/6/3 3207/6/3
f 3210/6/3 3208/6/3 3209/6/3
f 3212/5/3 3211/5/3 3210/5/3
f 3213/5/3 3211/5/3 3212/5/3
f 3215/5/3 3214/5/3 3213/5/3
f 3216/5/3 3214/5/3 3215/5/3
f 3219/7/3 3218/7/3 3217/7/3
f 3220/7/3 3218/7/3 3219/7/3
f 3223/3/3 3222/3/3 3221/3/3
f 3224/3/3 3222/3/3 3223/3/3
f 3227/5/3 3226/5/3 3225/5/3
f 3228/5/3 3226/5/3 3227/5/3
f 3230/5/3 3229/5/3 3228/5/3
f 3231/5/3 3229/5/3 3230/5/3
f 3234/7/3 3233/7/3 3232/7/3
f 3235/7/3 3233/7/3 3234/7/3
f 3238/7/3 3237/7/3 3236/7/3
f 3239/7/3 3237/7/3 3238/7/3
f 3242/3/3 3241/3/3 3240/3/3
f 3243/3/3 3241/3/3 3242/3/3
f 3246/7/3 3245/7/3 3244/7/3
f 3247/7/3 3245/7/3 3246/7/3
f 3250/7/3 3249/7/3 3248/7/3
f 3251/7/3 3249/7/3 3250/7/3
f 3254/6/3 3253/6/3 3252/6/3
f 3255/6/3 3253/6/3 3254/6/3
f 3257/6/3 3256/6/3 3255/6/3
f 3258/6/3 3256/6/3 3257/6/3
f 3261/7/3 3260/7/3 3259/7/3
f 3262/7/3 3260/7/3 3261/7/3
f 3265/7/3 3264/7/3 3263/7/3
f 3266/7/3 3264/7/3 3265/7/3
f 3269/7/3 3268/7/3 3267/7/3
f 3270/7/3 3268/7/3 3269/7/3
f 3273/4/3 3272/4/3 3271/4/3
f 3274/4/3 3272/4/3 3273/4/3
f 3277/3/3 3276/3/3 3275/3/3
f 3278/3/3 3276/3/3 3277/3/3
f 3280/6/3 3278/6/3 3277/6/3
f 3280/6/3 3279/6/3 3278/6/3
f 3281/6/3 3279/6/3 3280/6/3
f 3282/6/3 3279/6/3 3281/6/3
f 3283/6/3 3279/6/3 3282/6/3
f 3284/5/3 3283/5/3 3282/5/3
f 3285/5/3 3283/5/3 3284/5/3
f 3286/5/3 3283/5/3 3285/5/3
f 3287/5/3 3285/5/3 3284/5/3
f 3288/3/3 3286/3/3 3285/3/3
f 3288/5/3 3285/5/3 3287/5/3
f 3289/3/3 3286/3/3 3288/3/3
f 3290/1/3 3288/1/3 3287/1/3
f 3290/1/3 3289/1/3 3288/1/3
f 3291/1/3 3289/1/3 3290/1/3
f 3292/5/3 3291/5/3 3290/5/3
f 3293/5/3 3291/5/3 3292/5/3
f 3294/5/3 3291/5/3 3293/5/3
f 3295/6/3 3294/6/3 3293/6/3
f 3296/6/3 3294/6/3 3295/6/3
f 3298/3/3 3296/3/3 3295/3/3
f 3299/6/3 3294/6/3 3296/6/3
f 3299/3/3 3296/3/3 3298/3/3
f 3300/6/3 3294/6/3 3299/6/3
f 3301/3/3 3298/3/3 3297/3/3
f 3302/6/3 3299/6/3 3298/6/3
f 3302/3/3 3298/3/3 3301/3/3
f 3303/6/3 3299/6/3 3302/6/3
f 3307/5/3 3305/5/3 3304/5/3
f 3308/5/3 3305/5/3 3307/5/3
f 3310/5/3 3307/5/3 3306/5/3
f 3310/5/3 3309/5/3 3308/5/3
f 3310/5/3 3308/5/3 3307/5/3
f 3311/5/3 3309/5/3 3310/5/3
f 3312/5/3 3309/5/3 3311/5/3
f 3313/5/3 3309/5/3 3312/5/3
f 3315/5/3 3312/5/3 3311/5/3
f 3316/4/3 3313/4/3 3312/4/3
f 3316/5/3 3312/5/3 3315/5/3
f 3317/6/3 3314/6/3 3313/6/3
f 3317/4/3 3313/4/3 3316/4/3
f 3318/6/3 3314/6/3 3317/6/3
f 3319/3/3 3318/3/3 3317/3/3
f 3320/3/3 3318/3/3 3319/3/3
f 3322/6/3 3321/6/3 3320/6/3
f 3323/6/3 3321/6/3 3322/6/3
f 3324/5/3 3323/5/3 3322/5/3
f 3325/5/3 3323/5/3 3324/5/3
f 3326/5/3 3323/5/3 3325/5/3
f 3327/6/3 3326/6/3 3325/6/3
f 3328/6/3 3326/6/3 3327/6/3
f 3329/5/3 3328/5/3 3327/5/3
f 3330/5/3 3328/5/3 3329/5/3
f 3331/5/3 3328/5/3 3330/5/3
f 3332/6/3 3331/6/3 3330/6/3
f 3333/6/3 3331/6/3 3332/6/3
f 3334/5/3 3333/5/3 3332/5/3
f 3335/5/3 3333/5/3 3334/5/3
f 3336/6/3 3335/6/3 3334/6/3
f 3337/6/3 3335/6/3 3336/6/3
f 3338/4/3 3337/4/3 3336/4/3
f 3339/4/3 3337/4/3 3338/4/3
f 3341/6/3 3339/6/3 3338/6/3
f 3342/6/3 3339/6/3 3341/6/3
f 3346/6/3 3341/6/3 3340/6/3
f 3347/6/3 3341/6/3 3346/6/3
f 3348/1/3 3344/1/3 3343/1/3
f 3349/3/3 3345/3/3 3344/3/3
f 3350/6/3 3346/6/3 3345/6/3
f 3350/3/3 3345/3/3 3349/3/3
f 3351/6/3 3346/6/3 3350/6/3
f 3352/1/3 3344/1/3 3348/1/3
f 3353/3/3 3349/3/3 3344/3/3
f 3353/1/3 3344/1/3 3352/1/3
f 3354/3/3 3349/3/3 3353/3/3
f 3355/7/3 3353/7/3 3352/7/3
f 3356/7/3 3353/7/3 3355/7/3
f 3359/6/3 3358/6/3 3357/6/3
f 3360/6/3 3358/6/3 3359/6/3
f 3364/5/3 3362/5/3 3361/5/3
f 3365/5/3 3362/5/3 3364/5/3
f 3367/5/3 3364/5/3 3363/5/3
f 3368/5/3 3364/5/3 3367/5/3
f 3369/5/3 3366/5/3 3365/5/3
f 3370/5/3 3366/5/3 3369/5/3
f 3372/6/3 3371/6/3 3370/6/3
f 3373/6/3 3371/6/3 3372/6/3
f 3375/6/3 3374/6/3 3373/6/3
f 3376/6/3 3374/6/3 3375/6/3
f 3377/6/3 3374/6/3 3376/6/3
f 3381/6/3 3379/6/3 3378/6/3
f 3382/6/3 3379/6/3 3381/6/3
f 3385/5/3 3381/5/3 3380/5/3
f 3385/5/3 3382/5/3 3381/5/3
f 3387/3/3 3384/3/3 3383/3/3
f 3388/5/3 3385/5/3 3384/5/3
f 3388/3/3 3384/3/3 3387/3/3
f 3389/5/3 3382/5/3 3385/5/3
f 3389/5/3 3385/5/3 3388/5/3
f 3391/7/3 3387/7/3 3386/7/3
f 3392/7/3 3387/7/3 3391/7/3
f 3393/7/3 3391/7/3 3390/7/3
f 3394/7/3 3391/7/3 3393/7/3
f 3397/6/3 3396/6/3 3395/6/3
f 3398/6/3 3396/6/3 3397/6/3
f 3400/5/3 3399/5/3 3398/5/3
f 3401/5/3 3399/5/3 3400/5/3
f 3402/5/3 3399/5/3 3401/5/3
f 3404/5/3 3403/5/3 3402/5/3
f 3404/5/3 3402/5/3 3401/5/3
f 3405/5/3 3403/5/3 3404/5/3
f 3409/5/3 3404/5/3 3401/5/3
f 3410/5/3 3404/5/3 3409/5/3
f 3411/5/3 3407/5/3 3406/5/3
f 3412/5/3 3407/5/3 3411/5/3
f 3413/5/3 3407/5/3 3412/5/3
f 3414/6/3 3408/6/3 3407/6/3
f 3414/5/3 3407/5/3 3413/5/3
f 3415/6/3 3408/6/3 3414/6/3
f 3416/6/3 3408/6/3 3415/6/3
f 3422/7/3 3418/7/3 3417/7/3
f 3422/7/3 3419/7/3 3418/7/3
f 3423/5/3 3420/5/3 3419/5/3
f 3423/7/3 3419/7/3 3422/7/3
f 3424/5/3 3420/5/3 3423/5/3
f 3425/5/3 3420/5/3 3424/5/3
f 3429/7/3 3422/7/3 3421/7/3
f 3429/7/3 3423/7/3 3422/7/3
f 3429/7/3 3424/7/3 3423/7/3
f 3430/6/3 3425/6/3 3424/6/3
f 3430/7/3 3424/7/3 3429/7/3
f 3431/6/3 3425/6/3 3430/6/3
f 3432/1/3 3427/1/3 3426/1/3
f 3433/7/3 3428/7/3 3427/7/3
f 3433/1/3 3427/1/3 3432/1/3
f 3434/7/3 3428/7/3 3433/7/3
f 3438/5/3 3436/5/3 3435/5/3
f 3439/7/3 3437/7/3 3436/7/3
f 3439/5/3 3436/5/3 3438/5/3
f 3440/7/3 3437/7/3 3439/7/3
f 3442/7/3 3441/7/3 3440/7/3
f 3443/7/3 3441/7/3 3442/7/3
f 3448/1/3 3445/1/3 3444/1/3
f 3449/6/3 3446/6/3 3445/6/3
f 3451/6/3 3448/6/3 3447/6/3
f 3452/1/3 3445/1/3 3448/1/3
f 3452/6/3 3448/6/3 3451/6/3
f 3453/6/3 3450/6/3 3449/6/3
f 3453/1/3 3445/1/3 3452/1/3
f 3453/6/3 3449/6/3 3445/6/3
f 3454/6/3 3453/6/3 3452/6/3
f 3455/6/3 3450/6/3 3453/6/3
f 3455/6/3 3453/6/3 3454/6/3
f 3456/6/3 3450/6/3 3455/6/3
f 3457/5/3 3456/5/3 3455/5/3
f 3458/5/3 3456/5/3 3457/5/3
f 3462/5/3 3459/5/3 3458/5/3
f 3463/4/3 3460/4/3 3459/4/3
f 3463/5/3 3459/5/3 3462/5/3
f 3464/6/3 3461/6/3 3460/6/3
f 3464/4/3 3460/4/3 3463/4/3
f 3465/6/3 3461/6/3 3464/6/3
f 3470/7/3 3467/7/3 3466/7/3
f 3471/7/3 3467/7/3 3470/7/3
f 3472/7/3 3469/7/3 3468/7/3
f 3472/7/3 3470/7/3 3469/7/3
f 3473/7/3 3470/7/3 3472/7/3
f 3476/5/3 3475/5/3 3474/5/3
f 3477/5/3 3475/5/3 3476/5/3
f 3478/5/3 3475/5/3 3477/5/3
f 3480/5/3 3479/5/3 3478/5/3
f 3481/5/3 3479/5/3 3480/5/3
f 3486/7/3 3483/7/3 3482/7/3
f 3487/7/3 3483/7/3 3486/7/3
f 3488/5/3 3485/5/3 3484/5/3
f 3489/5/3 3485/5/3 3488/5/3
f 3491/7/3 3488/7/3 3487/7/3
f 3492/5/3 3490/5/3 3489/5/3
f 3492/7/3 3488/7/3 3491/7/3
f 3492/5/3 3489/5/3 3488/5/3
f 3493/5/3 3490/5/3 3492/5/3
f 3494/5/3 3490/5/3 3493/5/3
f 3495/5/3 3490/5/3 3494/5/3
f 3497/1/3 3492/1/3 3491/1/3
f 3497/1/3 3493/1/3 3492/1/3
f 3498/1/3 3493/1/3 3497/1/3
f 3499/6/3 3496/6/3 3495/6/3
f 3500/6/3 3496/6/3 3499/6/3
f 3503/1/3 3497/1/3 3491/1/3
f 3504/1/3 3497/1/3 3503/1/3
f 3505/6/3 3501/6/3 3500/6/3
f 3506/1/3 3502/1/3 3501/1/3
f 3506/6/3 3501/6/3 3505/6/3
f 3507/1/3 3502/1/3 3506/1/3
f 3508/6/3 3506/6/3 3505/6/3
f 3509/4/3 3507/4/3 3506/4/3
f 3509/6/3 3506/6/3 3508/6/3
f 3510/4/3 3507/4/3 3509/4/3
f 3511/4/3 3507/4/3 3510/4/3
f 3514/5/3 3513/5/3 3512/5/3
f 3515/5/3 3513/5/3 3514/5/3
f 3517/5/3 3515/5/3 3514/5/3
f 3517/5/3 3516/5/3 3515/5/3
f 3518/5/3 3516/5/3 3517/5/3
f 3519/6/3 3518/6/3 3517/6/3
f 3520/6/3 3518/6/3 3519/6/3
f 3521/5/3 3520/5/3 3519/5/3
f 3522/5/3 3520/5/3 3521/5/3
f 3523/5/3 3520/5/3 3522/5/3
f 3524/3/3 3522/3/3 3521/3/3
f 3525/3/3 3522/3/3 3524/3/3
f 3528/6/3 3527/6/3 3526/6/3
f 3529/6/3 3527/6/3 3528/6/3
f 3535/5/3 3529/5/3 3528/5/3
f 3535/5/3 3530/5/3 3529/5/3
f 3537/5/3 3534/5/3 3533/5/3
f 3537/5/3 3533/5/3 3532/5/3
f 3537/5/3 3532/5/3 3531/5/3
f 3538/5/3 3530/5/3 3535/5/3
f 3539/5/3 3530/5/3 3538/5/3
f 3542/7/3 3537/7/3 3536/7/3
f 3543/5/3 3534/5/3 3537/5/3
f 3543/7/3 3537/7/3 3542/7/3
f 3544/7/3 3535/7/3 3534/7/3
f 3544/5/3 3534/5/3 3543/5/3
f 3545/5/3 3538/5/3 3535/5/3
f 3545/7/3 3535/7/3 3544/7/3
f 3546/5/3 3538/5/3 3545/5/3
f 3547/7/3 3541/7/3 3540/7/3
f 3548/7/3 3541/7/3 3547/7/3
f 3551/5/3 3550/5/3 3549/5/3
f 3552/5/3 3550/5/3 3551/5/3
f 3555/5/3 3554/5/3 3553/5/3
f 3556/5/3 3554/5/3 3555/5/3
f 3559/7/3 3558/7/3 3557/7/3
f 3560/7/3 3558/7/3 3559/7/3
f 3565/7/3 3562/7/3 3561/7/3
f 3566/5/3 3563/5/3 3562/5/3
f 3566/7/3 3562/7/3 3565/7/3
f 3567/5/3 3563/5/3 3566/5/3
f 3569/7/3 3565/7/3 3564/7/3
f 3570/7/3 3565/7/3 3569/7/3
f 3571/5/3 3568/5/3 3567/5/3
f 3572/5/3 3568/5/3 3571/5/3
f 3574/7/3 3573/7/3 3572/7/3
f 3575/7/3 3573/7/3 3574/7/3
f 3579/7/3 3576/7/3 3575/7/3
f 3580/1/3 3577/1/3 3576/1/3
f 3580/7/3 3576/7/3 3579/7/3
f 3581/7/3 3578/7/3 3577/7/3
f 3581/1/3 3577/1/3 3580/1/3
f 3582/7/3 3578/7/3 3581/7/3
f 3585/5/3 3584/5/3 3583/5/3
f 3586/5/3 3584/5/3 3585/5/3
f 3588/5/3 3587/5/3 3586/5/3
f 3589/5/3 3587/5/3 3588/5/3
f 3591/5/3 3590/5/3 3589/5/3
f 3592/5/3 3590/5/3 3591/5/3
f 3593/6/3 3592/6/3 3591/6/3
f 3594/6/3 3592/6/3 3593/6/3
f 3595/4/3 3594/4/3 3593/4/3
f 3596/4/3 3594/4/3 3595/4/3
f 3598/6/3 3596/6/3 3595/6/3
f 3599/6/3 3596/6/3 3598/6/3
f 3601/6/3 3598/6/3 3597/6/3
f 3602/6/3 3601/6/3 3600/6/3
f 3603/6/3 3598/6/3 3601/6/3
f 3603/6/3 3601/6/3 3602/6/3
f 3604/6/3 3598/6/3 3603/6/3
f 3605/6/3 3603/6/3 3602/6/3
f 3606/6/3 3603/6/3 3605/6/3
f 3609/6/3 3608/6/3 3607/6/3
f 3610/6/3 3608/6/3 3609/6/3
f 3612/6/3 3611/6/3 3610/6/3
f 3613/6/3 3611/6/3 3612/6/3
f 3615/6/3 3614/6/3 3613/6/3
f 3616/6/3 3614/6/3 3615/6/3
f 3618/5/3 3616/5/3 3615/5/3
f 3619/5/3 3616/5/3 3618/5/3
f 3624/5/3 3618/5/3 3617/5/3
f 3625/5/3 3618/5/3 3624/5/3
f 3627/7/3 3621/7/3 3620/7/3
f 3628/7/3 3621/7/3 3627/7/3
f 3629/7/3 3623/7/3 3622/7/3
f 3629/7/3 3624/7/3 3623/7/3
f 3630/7/3 3624/7/3 3629/7/3
f 3631/7/3 3627/7/3 3626/7/3
f 3632/7/3 3627/7/3 3631/7/3
f 3635/5/3 3634/5/3 3633/5/3
f 3636/5/3 3634/5/3 3635/5/3
f 3639/5/3 3638/5/3 3637/5/3
f 3640/5/3 3638/5/3 3639/5/3
f 3647/5/3 3642/5/3 3641/5/3
f 3648/5/3 3642/5/3 3647/5/3
f 3649/5/3 3644/5/3 3643/5/3
f 3650/5/3 3644/5/3 3649/5/3
f 3651/1/3 3645/1/3 3644/1/3
f 3651/5/3 3644/5/3 3650/5/3
f 3652/7/3 3646/7/3 3645/7/3
f 3652/1/3 3645/1/3 3651/1/3
f 3653/5/3 3651/5/3 3650/5/3
f 3654/5/3 3651/5/3 3653/5/3
f 3655/7/3 3652/7/3 3651/7/3
f 3655/5/3 3651/5/3 3654/5/3
f 3656/7/3 3655/7/3 3654/7/3
f 3657/7/3 3652/7/3 3655/7/3
f 3657/7/3 3655/7/3 3656/7/3
f 3658/7/3 3646/7/3 3652/7/3
f 3658/7/3 3652/7/3 3657/7/3
f 3659/7/3 3646/7/3 3658/7/3
f 3662/5/3 3661/5/3 3660/5/3
f 3664/5/3 3662/5/3 3660/5/3
f 3664/5/3 3663/5/3 3662/5/3
f 3665/5/3 3663/5/3 3664/5/3
f 3666/5/3 3663/5/3 3665/5/3
f 3667/5/3 3663/5/3 3666/5/3
f 3669/5/3 3667/5/3 3666/5/3
f 3669/5/3 3668/5/3 3667/5/3
f 3671/6/3 3666/6/3 3665/6/3
f 3671/5/3 3670/5/3 3669/5/3
f 3671/5/3 3669/5/3 3666/5/3
f 3672/5/3 3670/5/3 3671/5/3
f 3673/6/3 3672/6/3 3671/6/3
f 3673/5/3 3670/5/3 3672/5/3
f 3674/5/3 3670/5/3 3673/5/3
f 3675/5/3 3670/5/3 3674/5/3
f 3676/6/3 3671/6/3 3665/6/3
f 3676/6/3 3673/6/3 3671/6/3
f 3676/6/3 3674/6/3 3673/6/3
f 3677/6/3 3674/6/3 3676/6/3
f 3678/6/3 3674/6/3 3677/6/3
f 3679/6/3 3674/6/3 3678/6/3
f 3680/5/3 3678/5/3 3677/5/3
f 3681/5/3 3678/5/3 3680/5/3
f 3683/5/3 3682/5/3 3681/5/3
f 3684/5/3 3682/5/3 3683/5/3
f 3688/6/3 3686/6/3 3685/6/3
f 3689/6/3 3686/6/3 3688/6/3
f 3691/6/3 3688/6/3 3687/6/3
f 3692/6/3 3688/6/3 3691/6/3
f 3693/1/3 3691/1/3 3690/1/3
f 3694/1/3 3691/1/3 3693/1/3
f 3697/6/3 3696/6/3 3695/6/3
f 3698/6/3 3696/6/3 3697/6/3
f 3700/5/3 3699/5/3 3698/5/3
f 3701/5/3 3699/5/3 3700/5/3
f 3709/1/3 3703/1/3 3702/1/3
f 3710/1/3 3703/1/3 3709/1/3
f 3712/7/3 3707/7/3 3706/7/3
f 3712/7/3 3705/7/3 3704/7/3
f 3712/7/3 3706/7/3 3705/7/3
f 3713/7/3 3707/7/3 3712/7/3
f 3714/7/3 3709/7/3 3708/7/3
f 3715/7/3 3709/7/3 3714/7/3
f 3716/7/3 3712/7/3 3711/7/3
f 3717/7/3 3712/7/3 3716/7/3
f 3720/5/3 3719/5/3 3718/5/3
f 3721/5/3 3719/5/3 3720/5/3
f 3724/5/3 3723/5/3 3722/5/3
f 3725/5/3 3723/5/3 3724/5/3
f 3728/5/3 3727/5/3 3726/5/3
f 3729/5/3 3727/5/3 3728/5/3
f 3732/7/3 3731/7/3 3730/7/3
f 3734/7/3 3732/7/3 3730/7/3
f 3734/7/3 3733/7/3 3732/7/3
f 3735/7/3 3733/7/3 3734/7/3
f 3736/7/3 3734/7/3 3730/7/3
f 3737/6/3 3735/6/3 3734/6/3
f 3737/7/3 3734/7/3 3736/7/3
f 3738/4/3 3737/4/3 3736/4/3
f 3739/6/3 3735/6/3 3737/6/3
f 3739/4/3 3737/4/3 3738/4/3
f 3740/6/3 3735/6/3 3739/6/3
f 3741/5/3 3740/5/3 3739/5/3
f 3742/5/3 3740/5/3 3741/5/3
f 3744/5/3 3743/5/3 3742/5/3
f 3745/5/3 3743/5/3 3744/5/3
f 3747/5/3 3746/5/3 3745/5/3
f 3748/5/3 3746/5/3 3747/5/3
f 3751/5/3 3749/5/3 3748/5/3
f 3752/5/3 3749/5/3 3751/5/3
f 3754/5/3 3751/5/3 3750/5/3
f 3755/5/3 3751/5/3 3754/5/3
f 3756/6/3 3754/6/3 3753/6/3
f 3757/6/3 3754/6/3 3756/6/3
f 3761/1/3 3759/1/3 3758/1/3
f 3762/1/3 3759/1/3 3761/1/3
f 3764/1/3 3761/1/3 3760/1/3
f 3765/1/3 3761/1/3 3764/1/3
f 3766/6/3 3764/6/3 3763/6/3
f 3767/6/3 3764/6/3 3766/6/3
f 3770/7/3 3769/7/3 3768/7/3
f 3771/7/3 3769/7/3 3770/7/3
f 3774/5/3 3773/5/3 3772/5/3
f 3775/5/3 3773/5/3 3774/5/3
f 3778/5/3 3777/5/3 3776/5/3
f 3779/5/3 3777/5/3 3778/5/3
f 3781/5/3 3780/5/3 3779/5/3
f 3782/5/3 3780/5/3 3781/5/3
f 3784/5/3 3783/5/3 3782/5/3
f 3785/5/3 3783/5/3 3784/5/3
f 3788/7/3 3787/7/3 3786/7/3
f 3789/7/3 3787/7/3 3788/7/3
f 3791/7/3 3790/7/3 3789/7/3
f 3792/7/3 3790/7/3 3791/7/3
f 3794/6/3 3793/6/3 3792/6/3
f 3795/6/3 3793/6/3 3794/6/3
f 3796/6/3 3793/6/3 3795/6/3
f 3797/5/3 3796/5/3 3795/5/3
f 3798/5/3 3796/5/3 3797/5/3
f 3799/5/3 3796/5/3 3798/5/3
f 3802/5/3 3801/5/3 3800/5/3
f 3803/5/3 3801/5/3 3802/5/3
f 3805/5/3 3804/5/3 3803/5/3
f 3806/5/3 3804/5/3 3805/5/3
f 3810/5/3 3808/5/3 3807/5/3
f 3811/5/3 3808/5/3 3810/5/3
f 3812/5/3 3810/5/3 3809/5/3
f 3813/5/3 3810/5/3 3812/5/3
f 3817/6/3 3815/6/3 3814/6/3
f 3818/6/3 3815/6/3 3817/6/3
f 3820/6/3 3817/6/3 3816/6/3
f 3821/6/3 3817/6/3 3820/6/3
f 3822/6/3 3820/6/3 3819/6/3
f 3823/6/3 3820/6/3 3822/6/3
f 3831/7/3 3825/7/3 3824/7/3
f 3832/7/3 3825/7/3 3831/7/3
f 3833/7/3 3827/7/3 3826/7/3
f 3834/7/3 3827/7/3 3833/7/3
f 3835/7/3 3829/7/3 3828/7/3
f 3836/7/3 3829/7/3 3835/7/3
f 3837/7/3 3831/7/3 3830/7/3
f 3838/7/3 3831/7/3 3837/7/3
f 3841/5/3 3840/5/3 3839/5/3
f 3842/5/3 3840/5/3 3841/5/3
f 3845/5/3 3843/5/3 3842/5/3
f 3846/7/3 3844/7/3 3843/7/3
f 3846/5/3 3843/5/3 3845/5/3
f 3847/7/3 3844/7/3 3846/7/3
f 3849/7/3 3848/7/3 3847/7/3
f 3850/7/3 3848/7/3 3849/7/3
f 3852/4/3 3851/4/3 3850/4/3
f 3853/4/3 3851/4/3 3852/4/3
f 3856/6/3 3855/6/3 3854/6/3
f 3857/6/3 3855/6/3 3856/6/3
f 3859/5/3 3857/5/3 3856/5/3
f 3859/5/3 3858/5/3 3857/5/3
f 3860/5/3 3858/5/3 3859/5/3
f 3861/5/3 3858/5/3 3860/5/3
f 3862/6/3 3861/6/3 3860/6/3
f 3863/6/3 3861/6/3 3862/6/3
f 3864/6/3 3862/6/3 3860/6/3
f 3865/5/3 3863/5/3 3862/5/3
f 3865/6/3 3862/6/3 3864/6/3
f 3866/5/3 3863/5/3 3865/5/3
f 3867/6/3 3865/6/3 3864/6/3
f 3867/6/3 3866/6/3 3865/6/3
f 3868/6/3 3866/6/3 3867/6/3
f 3869/5/3 3868/5/3 3867/5/3
f 3870/6/3 3866/6/3 3868/6/3
f 3870/5/3 3868/5/3 3869/5/3
f 3871/6/3 3866/6/3 3870/6/3
f 3872/6/3 3870/6/3 3869/6/3
f 3873/6/3 3870/6/3 3872/6/3
f 3877/6/3 3875/6/3 3874/6/3
f 3878/6/3 3875/6/3 3877/6/3
f 3880/6/3 3877/6/3 3876/6/3
f 3881/6/3 3877/6/3 3880/6/3
f 3882/6/3 3880/6/3 3879/6/3
f 3883/6/3 3880/6/3 3882/6/3
f 3886/7/3 3885/7/3 3884/7/3
f 3887/7/3 3885/7/3 3886/7/3
f 3890/7/3 3889/7/3 3888/7/3
f 3891/7/3 3889/7/3 3890/7/3
f 3893/7/3 3892/7/3 3891/7/3
f 3894/7/3 3892/7/3 3893/7/3
f 3897/5/3 3896/5/3 3895/5/3
f 3898/5/3 3896/5/3 3897/5/3
f 3900/6/3 3899/6/3 3898/6/3
f 3901/6/3 3899/6/3 3900/6/3
f 3903/6/3 3902/6/3 3901/6/3
f 3904/6/3 3902/6/3 3903/6/3
f 3905/5/3 3904/5/3 3903/5/3
f 3906/5/3 3904/5/3 3905/5/3
f 3907/5/3 3904/5/3 3906/5/3
f 3908/5/3 3904/5/3 3907/5/3
f 3909/5/3 3904/5/3 3908/5/3
f 3911/6/3 3909/6/3 3908/6/3
f 3912/6/3 3909/6/3 3911/6/3
f 3914/6/3 3911/6/3 3910/6/3
f 3915/6/3 3911/6/3 3914/6/3
f 3916/6/3 3914/6/3 3913/6/3
f 3917/6/3 3914/6/3 3916/6/3
f 3920/6/3 3919/6/3 3918/6/3
f 3921/6/3 3919/6/3 3920/6/3
f 3923/6/3 3922/6/3 3921/6/3
f 3924/6/3 3922/6/3 3923/6/3
f 3927/5/3 3926/5/3 3925/5/3
f 3928/5/3 3926/5/3 3927/5/3
f 3931/4/3 3930/4/3 3929/4/3
f 3932/4/3 3930/4/3 3931/4/3
f 3934/6/3 3933/6/3 3932/6/3
f 3935/6/3 3933/6/3 3934/6/3
f 3939/5/3 3937/5/3 3936/5/3
f 3940/5/3 3937/5/3 3939/5/3
f 3942/5/3 3939/5/3 3938/5/3
f 3943/5/3 3939/5/3 3942/5/3
f 3944/5/3 3942/5/3 3941/5/3
f 3945/5/3 3942/5/3 3944/5/3
f 3948/5/3 3947/5/3 3946/5/3
f 3949/5/3 3947/5/3 3948/5/3
f 3953/5/3 3951/5/3 3950/5/3
f 3954/5/3 3951/5/3 3953/5/3
f 3955/5/3 3953/5/3 3952/5/3
f 3956/5/3 3953/5/3 3955/5/3
f 3959/5/3 3958/5/3 3957/5/3
f 3960/5/3 3958/5/3 3959/5/3
f 3962/5/3 3961/5/3 3960/5/3
f 3963/5/3 3961/5/3 3962/5/3
f 3966/7/3 3965/7/3 3964/7/3
f 3967/7/3 3965/7/3 3966/7/3
f 3970/7/3 3969/7/3 3968/7/3
f 3971/7/3 3969/7/3 3970/7/3
f 3975/5/3 3973/5/3 3972/5/3
f 3976/5/3 3973/5/3 3975/5/3
f 3977/5/3 3975/5/3 3974/5/3
f 3978/5/3 3975/5/3 3977/5/3
f 3982/4/3 3980/4/3 3979/4/3
f 3983/4/3 3980/4/3 3982/4/3
f 3984/7/3 3982/7/3 3981/7/3
f 3985/7/3 3982/7/3 3984/7/3
f 3990/7/3 3987/7/3 3986/7/3
f 3991/7/3 3987/7/3 3990/7/3
f 3992/7/3 3989/7/3 3988/7/3
f 3993/7/3 3989/7/3 3992/7/3
f 3997/6/3 3995/6/3 3994/6/3
f 3997/6/3 3996/6/3 3995/6/3
f 3998/6/3 3996/6/3 3997/6/3
f 3999/6/3 3997/6/3 3994/6/3
f 4000/6/3 3997/6/3 3999/6/3
f 4006/7/3 4002/7/3 4001/7/3
f 4007/7/3 4002/7/3 4006/7/3
f 4008/7/3 4004/7/3 4003/7/3
f 4009/7/3 4004/7/3 4008/7/3
f 4010/7/3 4006/7/3 4005/7/3
f 4011/7/3 4006/7/3 4010/7/3
f 4014/3/3 4013/3/3 4012/3/3
f 4015/3/3 4013/3/3 4014/3/3
f 4017/5/3 4015/5/3 4014/5/3
f 4018/5/3 4015/5/3 4017/5/3
f 4020/5/3 4017/5/3 4016/5/3
f 4021/6/3 4020/6/3 4019/6/3
f 4022/5/3 4017/5/3 4020/5/3
f 4022/6/3 4020/6/3 4021/6/3
f 4023/5/3 4017/5/3 4022/5/3
f 4024/3/3 4022/3/3 4021/3/3
f 4025/3/3 4022/3/3 4024/3/3
f 4029/5/3 4027/5/3 4026/5/3
f 4030/5/3 4027/5/3 4029/5/3
f 4031/5/3 4029/5/3 4028/5/3
f 4032/5/3 4029/5/3 4031/5/3
f 4033/5/3 4029/5/3 4032/5/3
f 4036/6/3 4035/6/3 4034/6/3
f 4037/6/3 4035/6/3 4036/6/3
f 4041/5/3 4039/5/3 4038/5/3
f 4042/5/3 4039/5/3 4041/5/3
f 4043/5/3 4041/5/3 4040/5/3
f 4044/5/3 4041/5/3 4043/5/3
f 4047/6/3 4046/6/3 4045/6/3
f 4048/6/3 4046/6/3 4047/6/3
f 4049/6/3 4046/6/3 4048/6/3
f 4051/5/3 4050/5/3 4049/5/3
f 4052/5/3 4050/5/3 4051/5/3
f 4056/5/3 4054/5/3 4053/5/3
f 4057/5/3 4054/5/3 4056/5/3
f 4058/5/3 4056/5/3 4055/5/3
f 4059/5/3 4056/5/3 4058/5/3
f 4062/6/3 4061/6/3 4060/6/3
f 4063/6/3 4061/6/3 4062/6/3
f 4065/6/3 4064/6/3 4063/6/3
f 4066/6/3 4064/6/3 4065/6/3
f 4067/5/3 4066/5/3 4065/5/3
f 4068/5/3 4066/5/3 4067/5/3
f 4071/5/3 4070/5/3 4069/5/3
f 4072/5/3 4070/5/3 4071/5/3
f 4075/4/3 4074/4/3 4073/4/3
f 4076/4/3 4074/4/3 4075/4/3
f 4077/4/3 4074/4/3 4076/4/3
f 4080/4/3 4079/4/3 4078/4/3
f 4082/4/3 4079/4/3 4080/4/3
f 4083/4/3 4079/4/3 4082/4/3
f 4084/4/3 4082/4/3 4081/4/3
f 4085/4/3 4082/4/3 4084/4/3
f 4088/4/3 4087/4/3 4086/4/3
f 4089/4/3 4087/4/3 4088/4/3
f 4092/4/3 4091/4/3 4090/4/3
f 4093/4/3 4091/4/3 4092/4/3
f 4096/7/3 4095/7/3 4094/7/3
f 4097/7/3 4095/7/3 4096/7/3
f 4100/4/3 4099/4/3 4098/4/3
f 4101/4/3 4099/4/3 4100/4/3
f 4102/7/3 4101/7/3 4100/7/3
f 4103/7/3 4101/7/3 4102/7/3
f 4106/5/3 4105/5/3 4104/5/3
f 4107/5/3 4105/5/3 4106/5/3
f 4111/5/3 4109/5/3 4108/5/3
f 4112/5/3 4109/5/3 4111/5/3
f 4113/5/3 4111/5/3 4110/5/3
f 4114/5/3 4111/5/3 4113/5/3
f 4117/5/3 4116/5/3 4115/5/3
f 4118/5/3 4116/5/3 4117/5/3
f 4120/5/3 4119/5/3 4118/5/3
f 4121/5/3 4119/5/3 4120/5/3
f 4124/5/3 4123/5/3 4122/5/3
f 4125/5/3 4123/5/3 4124/5/3
f 4129/5/3 4127/5/3 4126/5/3
f 4130/5/3 4127/5/3 4129/5/3
f 4131/7/3 4129/7/3 4128/7/3
f 4132/7/3 4129/7/3 4131/7/3
f 4135/7/3 4134/7/3 4133/7/3
f 4136/7/3 4134/7/3 4135/7/3
f 4137/7/3 4134/7/3 4136/7/3
f 4140/7/3 4139/7/3 4138/7/3
f 4141/7/3 4139/7/3 4140/7/3
f 4144/7/3 4143/7/3 4142/7/3
f 4145/7/3 4143/7/3 4144/7/3
f 4146/4/4 4147/4/4 4148/4/4
f 4148/4/4 4147/4/4 4149/4/4
f 4150/4/4 4151/4/4 4152/4/4
f 4152/4/4 4151/4/4 4153/4/4
f 4154/4/4 4155/4/4 4156/4/4
f 4156/4/4 4155/4/4 4157/4/4
f 4158/4/4 4159/4/4 4160/4/4
f 4160/4/4 4159/4/4 4161/4/4
f 4162/4/4 4163/4/4 4164/4/4
f 4164/4/4 4163/4/4 4165/4/4
f 4166/7/4 4167/7/4 4168/7/4
f 4168/7/4 4167/7/4 4169/7/4
f 4170/4/4 4171/4/4 4172/4/4
f 4172/4/4 4171/4/4 4173/4/4
f 4174/7/4 4175/7/4 4176/7/4
f 4176/7/4 4175/7/4 4177/7/4
f 4178/7/4 4179/7/4 4180/7/4
f 4180/7/4 4179/7/4 4181/7/4
f 4182/4/4 4183/4/4 4184/4/4
f 4184/4/4 4183/4/4 4185/4/4
f 4186/4/4 4187/4/4 4188/4/4
f 4188/4/4 4187/4/4 4189/4/4
f 4190/4/4 4191/4/4 4192/4/4
f 4192/4/4 4191/4/4 4193/4/4
f 4194/4/4 4195/4/4 4196/4/4
f 4196/4/4 4195/4/4 4197/4/4
f 4198/7/4 4199/7/4 4200/7/4
f 4200/7/4 4199/7/4 4201/7/4
f 4202/4/4 4203/4/4 4204/4/4
f 4204/4/4 4203/4/4 4205/4/4
f 4206/7/4 4207/7/4 4209/7/4
f 4208/7/4 4209/7/4 4211/7/4
f 4209/7/4 4207/7/4 4212/7/4
f 4211/7/4 4209/7/4 4212/7/4
f 4212/7/4 4207/7/4 4213/7/4
f 4210/7/4 4211/7/4 4214/7/4
f 4211/7/4 4212/7/4 4214/7/4
f 4214/7/4 4212/7/4 4215/7/4
f 4216/4/4 4217/4/4 4218/4/4
f 4218/4/4 4217/4/4 4219/4/4
f 4220/7/4 4221/7/4 4223/7/4
f 4223/7/4 4221/7/4 4224/7/4
f 4224/7/4 4221/7/4 4225/7/4
f 4222/7/4 4223/7/4 4226/7/4
f 4223/7/4 4224/7/4 4226/7/4
f 4226/7/4 4224/7/4 4227/7/4
f 4222/7/4 4226/7/4 4228/7/4
f 4228/7/4 4226/7/4 4229/7/4
f 4230/4/4 4231/4/4 4232/4/4
f 4232/4/4 4231/4/4 4233/4/4
f 4234/7/4 4235/7/4 4238/7/4
f 4238/7/4 4235/7/4 4239/7/4
f 4236/7/4 4237/7/4 4240/7/4
f 4240/7/4 4237/7/4 4241/7/4
f 4242/4/4 4243/4/4 4244/4/4
f 4244/4/4 4243/4/4 4245/4/4
f 4246/7/4 4247/7/4 4249/7/4
f 4249/7/4 4247/7/4 4250/7/4
f 4248/7/4 4249/7/4 4251/7/4
f 4251/7/4 4249/7/4 4252/7/4
f 4253/4/4 4254/4/4 4255/4/4
f 4255/4/4 4254/4/4 4256/4/4
f 4257/7/4 4258/7/4 4260/7/4
f 4259/7/4 4260/7/4 4262/7/4
f 4260/7/4 4258/7/4 4263/7/4
f 4262/7/4 4260/7/4 4263/7/4
f 4263/7/4 4258/7/4 4264/7/4
f 4261/7/4 4262/7/4 4265/7/4
f 4262/7/4 4263/7/4 4265/7/4
f 4265/7/4 4263/7/4 4266/7/4
f 4267/7/4 4268/7/4 4270/7/4
f 4269/7/4 4270/7/4 4272/7/4
f 4270/7/4 4268/7/4 4273/7/4
f 4272/7/4 4270/7/4 4273/7/4
f 4273/7/4 4268/7/4 4274/7/4
f 4271/7/4 4272/7/4 4275/7/4
f 4272/7/4 4273/7/4 4275/7/4
f 4275/7/4 4273/7/4 4276/7/4
f 4271/7/4 4275/7/4 4277/7/4
f 4277/7/4 4275/7/4 4278/7/4
f 4279/7/4 4280/7/4 4281/7/4
f 4281/7/4 4280/7/4 4282/7/4
f 4283/4/4 4284/4/4 4285/4/4
f 4285/4/4 4284/4/4 4286/4/4
f 4287/4/4 4288/4/4 4289/4/4
f 4289/4/4 4288/4/4 4290/4/4
f 4291/5/4 4292/5/4 4293/5/4
f 4293/5/4 4292/5/4 4294/5/4
f 4295/4/4 4296/4/4 4297/4/4
f 4297/4/4 4296/4/4 4298/4/4
f 4299/1/4 4300/1/4 4301/1/4
f 4301/1/4 4300/1/4 4302/1/4
f 4303/1/4 4304/1/4 4305/1/4
f 4305/1/4 4304/1/4 4306/1/4
f 4307/7/4 4308/7/4 4309/7/4
f 4309/7/4 4308/7/4 4310/7/4
f 4311/5/4 4312/5/4 4313/5/4
f 4313/5/4 4312/5/4 4314/5/4
f 4314/5/4 4315/5/4 4316/5/4
f 4316/5/4 4315/5/4 4317/5/4
f 4318/4/4 4319/4/4 4320/4/4
f 4320/4/4 4319/4/4 4321/4/4
f 4322/1/4 4323/1/4 4324/1/4
f 4324/1/4 4323/1/4 4325/1/4
f 4326/4/4 4327/4/4 4329/4/4
f 4329/4/4 4327/4/4 4330/4/4
f 4328/7/4 4329/7/4 4333/7/4
f 4333/7/4 4329/7/4 4334/7/4
f 4331/7/4 4332/7/4 4335/7/4
f 4335/7/4 4332/7/4 4336/7/4
f 4337/5/4 4338/5/4 4339/5/4
f 4339/5/4 4338/5/4 4340/5/4
f 4340/5/4 4341/5/4 4342/5/4
f 4342/5/4 4341/5/4 4343/5/4
f 4344/4/4 4345/4/4 4346/4/4
f 4346/4/4 4345/4/4 4347/4/4
f 4348/4/4 4349/4/4 4351/4/4
f 4351/4/4 4349/4/4 4352/4/4
f 4350/1/4 4351/1/4 4353/1/4
f 4353/1/4 4351/1/4 4354/1/4
f 4355/1/4 4356/1/4 4357/1/4
f 4357/1/4 4356/1/4 4358/1/4
f 4357/4/4 4358/4/4 4360/4/4
f 4360/4/4 4358/4/4 4361/4/4
f 4359/7/4 4360/7/4 4363/7/4
f 4363/7/4 4360/7/4 4364/7/4
f 4364/7/4 4360/7/4 4365/7/4
f 4362/7/4 4363/7/4 4366/7/4
f 4363/7/4 4364/7/4 4366/7/4
f 4366/7/4 4364/7/4 4367/7/4
f 4368/5/4 4369/5/4 4370/5/4
f 4370/5/4 4369/5/4 4371/5/4
f 4371/5/4 4369/5/4 4372/5/4
f 4372/5/4 4373/5/4 4374/5/4
f 4371/5/4 4372/5/4 4374/5/4
f 4374/5/4 4373/5/4 4375/5/4
f 4375/5/4 4373/5/4 4376/5/4
f 4376/5/4 4373/5/4 4377/5/4
f 4378/4/4 4379/4/4 4380/4/4
f 4380/4/4 4379/4/4 4381/4/4
f 4382/1/4 4383/1/4 4384/1/4
f 4384/1/4 4383/1/4 4385/1/4
f 4386/5/4 4387/5/4 4388/5/4
f 4386/5/4 4388/5/4 4390/5/4
f 4388/5/4 4389/5/4 4390/5/4
f 4390/5/4 4389/5/4 4391/5/4
f 4391/5/4 4389/5/4 4392/5/4
f 4392/5/4 4393/5/4 4394/5/4
f 4391/5/4 4392/5/4 4394/5/4
f 4394/5/4 4393/5/4 4395/5/4
f 4395/5/4 4393/5/4 4396/5/4
f 4396/5/4 4393/5/4 4397/5/4
f 4398/4/4 4399/4/4 4400/4/4
f 4400/4/4 4399/4/4 4401/4/4
f 4402/5/4 4403/5/4 4404/5/4
f 4402/5/4 4404/5/4 4406/5/4
f 4404/5/4 4405/5/4 4406/5/4
f 4406/5/4 4405/5/4 4407/5/4
f 4407/5/4 4405/5/4 4408/5/4
f 4408/5/4 4409/5/4 4410/5/4
f 4407/5/4 4408/5/4 4410/5/4
f 4410/5/4 4409/5/4 4411/5/4
f 4411/5/4 4409/5/4 4412/5/4
f 4412/5/4 4409/5/4 4413/5/4
f 4414/4/4 4415/4/4 4416/4/4
f 4416/4/4 4415/4/4 4417/4/4
f 4418/5/4 4419/5/4 4420/5/4
f 4418/5/4 4420/5/4 4422/5/4
f 4420/5/4 4421/5/4 4422/5/4
f 4422/5/4 4421/5/4 4423/5/4
f 4423/5/4 4424/5/4 4425/5/4
f 4425/5/4 4424/5/4 4426/5/4
f 4427/4/4 4428/4/4 4429/4/4
f 4429/4/4 4428/4/4 4430/4/4
f 4431/7/4 4432/7/4 4433/7/4
f 4433/7/4 4432/7/4 4434/7/4
f 4435/7/4 4436/7/4 4437/7/4
f 4437/7/4 4436/7/4 4438/7/4
f 4439/4/4 4440/4/4 4442/4/4
f 4442/4/4 4440/4/4 4443/4/4
f 4441/1/4 4442/1/4 4444/1/4
f 4444/1/4 4442/1/4 4445/1/4
f 4446/5/4 4447/5/4 4448/5/4
f 4448/5/4 4447/5/4 4449/5/4
f 4449/5/4 4447/5/4 4450/5/4
f 4450/5/4 4451/5/4 4452/5/4
f 4449/5/4 4450/5/4 4452/5/4
f 4452/5/4 4451/5/4 4453/5/4
f 4453/5/4 4451/5/4 4454/5/4
f 4454/5/4 4451/5/4 4455/5/4
f 4456/7/4 4457/7/4 4458/7/4
f 4458/7/4 4457/7/4 4459/7/4
f 4459/7/4 4460/7/4 4461/7/4
f 4461/7/4 4460/7/4 4462/7/4
f 4463/7/4 4464/7/4 4465/7/4
f 4465/7/4 4464/7/4 4466/7/4
f 4466/7/4 4464/7/4 4467/7/4
f 4468/5/4 4469/5/4 4470/5/4
f 4470/5/4 4469/5/4 4471/5/4
f 4472/6/4 4473/6/4 4475/6/4
f 4475/6/4 4473/6/4 4476/6/4
f 4474/6/4 4475/6/4 4477/6/4
f 4477/6/4 4475/6/4 4478/6/4
f 4479/1/4 4480/1/4 4481/1/4
f 4481/1/4 4480/1/4 4482/1/4
f 4483/5/4 4484/5/4 4485/5/4
f 4483/5/4 4485/5/4 4487/5/4
f 4485/5/4 4486/5/4 4487/5/4
f 4487/5/4 4486/5/4 4488/5/4
f 4488/5/4 4486/5/4 4489/5/4
f 4489/5/4 4490/5/4 4491/5/4
f 4488/5/4 4489/5/4 4491/5/4
f 4491/5/4 4490/5/4 4492/5/4
f 4492/5/4 4490/5/4 4493/5/4
f 4492/7/4 4493/7/4 4494/7/4
f 4494/7/4 4493/7/4 4495/7/4
f 4495/7/4 4496/7/4 4497/7/4
f 4495/7/4 4497/7/4 4499/7/4
f 4497/7/4 4498/7/4 4499/7/4
f 4499/7/4 4498/7/4 4500/7/4
f 4500/7/4 4498/7/4 4501/7/4
f 4501/7/4 4498/7/4 4502/7/4
f 4501/5/4 4502/5/4 4503/5/4
f 4503/5/4 4502/5/4 4504/5/4
f 4505/5/4 4506/5/4 4507/5/4
f 4505/5/4 4507/5/4 4509/5/4
f 4507/7/4 4508/7/4 4510/7/4
f 4509/5/4 4507/5/4 4510/5/4
f 4510/7/4 4508/7/4 4511/7/4
f 4511/7/4 4512/7/4 4513/7/4
f 4510/7/4 4511/7/4 4513/7/4
f 4513/7/4 4512/7/4 4514/7/4
f 4515/3/4 4516/3/4 4517/3/4
f 4517/3/4 4516/3/4 4518/3/4
f 4519/1/4 4520/1/4 4521/1/4
f 4521/1/4 4520/1/4 4522/1/4
f 4522/5/4 4523/5/4 4524/5/4
f 4524/5/4 4523/5/4 4525/5/4
f 4526/1/4 4527/1/4 4528/1/4
f 4528/1/4 4527/1/4 4529/1/4
f 4530/3/4 4531/3/4 4533/3/4
f 4533/3/4 4531/3/4 4534/3/4
f 4532/1/4 4533/1/4 4535/1/4
f 4535/1/4 4533/1/4 4536/1/4
f 4537/6/4 4538/6/4 4540/6/4
f 4540/6/4 4538/6/4 4541/6/4
f 4539/1/4 4540/1/4 4543/1/4
f 4543/1/4 4540/1/4 4544/1/4
f 4542/1/4 4543/1/4 4545/1/4
f 4545/1/4 4543/1/4 4546/1/4
f 4547/6/4 4548/6/4 4550/6/4
f 4550/6/4 4548/6/4 4551/6/4
f 4549/6/4 4550/6/4 4553/6/4
f 4553/6/4 4550/6/4 4554/6/4
f 4552/1/4 4553/1/4 4555/1/4
f 4555/1/4 4553/1/4 4556/1/4
f 4557/3/4 4558/3/4 4560/3/4
f 4560/3/4 4558/3/4 4561/3/4
f 4559/1/4 4560/1/4 4562/1/4
f 4562/1/4 4560/1/4 4563/1/4
f 4564/4/4 4565/4/4 4566/4/4
f 4566/4/4 4565/4/4 4567/4/4
f 4568/7/4 4569/7/4 4570/7/4
f 4570/7/4 4569/7/4 4571/7/4
f 4572/6/4 4573/6/4 4575/6/4
f 4575/6/4 4573/6/4 4576/6/4
f 4574/6/4 4575/6/4 4578/6/4
f 4578/6/4 4575/6/4 4579/6/4
f 4577/1/4 4578/1/4 4580/1/4
f 4580/1/4 4578/1/4 4581/1/4
f 4582/1/4 4583/1/4 4584/1/4
f 4584/1/4 4583/1/4 4585/1/4
f 4586/7/4 4587/7/4 4590/7/4
f 4590/7/4 4587/7/4 4591/7/4
f 4588/7/4 4589/7/4 4592/7/4
f 4592/7/4 4589/7/4 4593/7/4
f 4594/5/4 4595/5/4 4597/5/4
f 4597/5/4 4595/5/4 4598/5/4
f 4596/6/4 4597/6/4 4600/6/4
f 4600/6/4 4597/6/4 4601/6/4
f 4599/1/4 4600/1/4 4602/1/4
f 4602/1/4 4600/1/4 4603/1/4
f 4604/6/4 4605/6/4 4606/6/4
f 4606/6/4 4605/6/4 4607/6/4
f 4608/4/4 4609/4/4 4610/4/4
f 4610/4/4 4609/4/4 4611/4/4
f 4612/7/4 4613/7/4 4614/7/4
f 4614/7/4 4613/7/4 4615/7/4
f 4616/5/4 4617/5/4 4619/5/4
f 4619/5/4 4617/5/4 4620/5/4
f 4618/6/4 4619/6/4 4621/6/4
f 4621/6/4 4619/6/4 4622/6/4
f 4623/4/4 4624/4/4 4626/4/4
f 4626/4/4 4624/4/4 4627/4/4
f 4625/3/4 4626/3/4 4628/3/4
f 4628/3/4 4626/3/4 4629/3/4
f 4630/7/4 4631/7/4 4634/7/4
f 4634/7/4 4631/7/4 4635/7/4
f 4632/7/4 4633/7/4 4636/7/4
f 4636/7/4 4633/7/4 4637/7/4
f 4638/7/4 4639/7/4 4640/7/4
f 4640/7/4 4639/7/4 4641/7/4
f 4642/5/4 4643/5/4 4644/5/4
f 4644/5/4 4643/5/4 4645/5/4
f 4646/3/4 4647/3/4 4648/3/4
f 4648/3/4 4647/3/4 4649/3/4
f 4650/1/4 4651/1/4 4652/1/4
f 4652/1/4 4651/1/4 4653/1/4
f 4654/5/4 4655/5/4 4656/5/4
f 4656/5/4 4655/5/4 4657/5/4
f 4658/7/4 4659/7/4 4660/7/4
f 4660/7/4 4659/7/4 4661/7/4
f 4662/5/4 4663/5/4 4664/5/4
f 4664/5/4 4663/5/4 4665/5/4
f 4666/5/4 4667/5/4 4669/5/4
f 4667/7/4 4668/7/4 4670/7/4
f 4669/5/4 4667/5/4 4670/5/4
f 4670/7/4 4668/7/4 4671/7/4
f 4671/7/4 4672/7/4 4673/7/4
f 4673/7/4 4672/7/4 4674/7/4
f 4675/7/4 4676/7/4 4677/7/4
f 4677/7/4 4676/7/4 4678/7/4
f 4679/4/4 4680/4/4 4682/4/4
f 4682/4/4 4680/4/4 4683/4/4
f 4681/1/4 4682/1/4 4684/1/4
f 4684/1/4 4682/1/4 4685/1/4
f 4686/7/4 4687/7/4 4688/7/4
f 4688/7/4 4687/7/4 4689/7/4
f 4689/7/4 4690/7/4 4691/7/4
f 4691/7/4 4690/7/4 4692/7/4
f 4693/7/4 4694/7/4 4695/7/4
f 4695/7/4 4694/7/4 4696/7/4
f 4697/1/4 4698/1/4 4700/1/4
f 4700/1/4 4698/1/4 4701/1/4
f 4699/1/4 4700/1/4 4702/1/4
f 4702/1/4 4700/1/4 4703/1/4
f 4704/7/4 4705/7/4 4706/7/4
f 4706/7/4 4705/7/4 4707/7/4
f 4708/7/4 4709/7/4 4710/7/4
f 4710/7/4 4709/7/4 4711/7/4
f 4712/7/4 4713/7/4 4714/7/4
f 4714/7/4 4713/7/4 4715/7/4
f 4715/7/4 4716/7/4 4717/7/4
f 4717/7/4 4716/7/4 4718/7/4
f 4719/7/4 4720/7/4 4721/7/4
f 4721/7/4 4720/7/4 4722/7/4
f 4723/7/4 4724/7/4 4727/7/4
f 4727/7/4 4724/7/4 4728/7/4
f 4725/7/4 4726/7/4 4729/7/4
f 4729/7/4 4726/7/4 4730/7/4
f 4731/5/4 4732/5/4 4733/5/4
f 4733/5/4 4732/5/4 4734/5/4
f 4735/7/4 4736/7/4 4737/7/4
f 4737/7/4 4736/7/4 4738/7/4
f 4739/5/4 4740/5/4 4741/5/4
f 4741/5/4 4740/5/4 4742/5/4
f 4743/7/4 4744/7/4 4747/7/4
f 4747/7/4 4744/7/4 4748/7/4
f 4745/7/4 4746/7/4 4749/7/4
f 4749/7/4 4746/7/4 4750/7/4
f 4751/7/4 4752/7/4 4754/7/4
f 4754/7/4 4752/7/4 4755/7/4
f 4753/7/4 4754/7/4 4756/7/4
f 4756/7/4 4754/7/4 4757/7/4
f 4758/7/4 4759/7/4 4761/7/4
f 4761/7/4 4759/7/4 4762/7/4
f 4760/7/4 4761/7/4 4763/7/4
f 4763/7/4 4761/7/4 4764/7/4
f 4765/7/4 4766/7/4 4767/7/4
f 4767/7/4 4766/7/4 4768/7/4
f 4769/5/4 4770/5/4 4771/5/4
f 4771/5/4 4770/5/4 4772/5/4
f 4773/5/4 4774/5/4 4775/5/4
f 4775/5/4 4774/5/4 4776/5/4
f 4776/5/4 4777/5/4 4778/5/4
f 4778/5/4 4777/5/4 4779/5/4
f 4780/5/4 4781/5/4 4783/5/4
f 4783/5/4 4781/5/4 4784/5/4
f 4782/5/4 4783/5/4 4785/5/4
f 4785/5/4 4783/5/4 4786/5/4
f 4787/5/4 4788/5/4 4790/5/4
f 4790/5/4 4788/5/4 4791/5/4
f 4789/7/4 4790/7/4 4792/7/4
f 4792/7/4 4790/7/4 4793/7/4
f 4794/5/4 4795/5/4 4796/5/4
f 4796/5/4 4795/5/4 4797/5/4
f 4797/6/4 4798/6/4 4799/6/4
f 4799/6/4 4798/6/4 4800/6/4
f 4799/5/4 4800/5/4 4802/5/4
f 4802/5/4 4800/5/4 4803/5/4
f 4801/5/4 4802/5/4 4804/5/4
f 4804/5/4 4802/5/4 4805/5/4
f 4806/7/4 4807/7/4 4808/7/4
f 4808/7/4 4807/7/4 4809/7/4
f 4810/5/4 4811/5/4 4812/5/4
f 4812/5/4 4811/5/4 4813/5/4
f 4813/5/4 4811/5/4 4814/5/4
f 4814/5/4 4811/5/4 4815/5/4
f 4814/1/4 4815/1/4 4817/1/4
f 4816/1/4 4817/1/4 4819/1/4
f 4817/1/4 4815/1/4 4820/1/4
f 4819/1/4 4817/1/4 4820/1/4
f 4820/1/4 4815/1/4 4821/1/4
f 4818/5/4 4819/5/4 4823/5/4
f 4819/5/4 4820/5/4 4823/5/4
f 4823/5/4 4820/5/4 4824/5/4
f 4820/6/4 4821/6/4 4825/6/4
f 4824/5/4 4820/5/4 4825/5/4
f 4821/6/4 4822/6/4 4825/6/4
f 4825/6/4 4822/6/4 4826/6/4
f 4826/6/4 4822/6/4 4827/6/4
f 4827/6/4 4822/6/4 4828/6/4
f 4829/5/4 4830/5/4 4832/5/4
f 4832/5/4 4830/5/4 4833/5/4
f 4831/1/4 4832/1/4 4834/1/4
f 4832/1/4 4833/1/4 4834/1/4
f 4834/1/4 4833/1/4 4835/1/4
f 4831/1/4 4834/1/4 4836/1/4
f 4836/1/4 4834/1/4 4837/1/4
f 4838/5/4 4839/5/4 4840/5/4
f 4840/5/4 4839/5/4 4841/5/4
f 4841/5/4 4842/5/4 4843/5/4
f 4843/5/4 4842/5/4 4844/5/4
f 4845/5/4 4846/5/4 4847/5/4
f 4847/5/4 4846/5/4 4848/5/4
f 4848/4/4 4849/4/4 4850/4/4
f 4850/4/4 4849/4/4 4851/4/4
f 4852/7/4 4853/7/4 4854/7/4
f 4854/7/4 4853/7/4 4855/7/4
f 4855/7/4 4856/7/4 4857/7/4
f 4857/7/4 4856/7/4 4858/7/4
f 4859/4/4 4860/4/4 4861/4/4
f 4861/4/4 4860/4/4 4862/4/4
f 4862/6/4 4863/6/4 4864/6/4
f 4864/6/4 4863/6/4 4865/6/4
f 4866/1/4 4867/1/4 4868/1/4
f 4868/1/4 4867/1/4 4869/1/4
f 4869/5/4 4870/5/4 4871/5/4
f 4871/5/4 4870/5/4 4872/5/4
f 4872/5/4 4873/5/4 4874/5/4
f 4874/5/4 4873/5/4 4875/5/4
f 4876/5/4 4877/5/4 4878/5/4
f 4878/5/4 4877/5/4 4879/5/4
f 4880/5/4 4881/5/4 4882/5/4
f 4882/5/4 4881/5/4 4883/5/4
f 4883/5/4 4884/5/4 4886/5/4
f 4884/7/4 4885/7/4 4887/7/4
f 4886/5/4 4884/5/4 4887/5/4
f 4887/7/4 4885/7/4 4888/7/4
f 4889/6/4 4890/6/4 4891/6/4
f 4891/6/4 4890/6/4 4892/6/4
f 4892/5/4 4893/5/4 4894/5/4
f 4894/5/4 4893/5/4 4895/5/4
f 4896/5/4 4897/5/4 4898/5/4
f 4898/5/4 4897/5/4 4899/5/4
f 4899/3/4 4900/3/4 4901/3/4
f 4901/3/4 4900/3/4 4902/3/4
f 4902/6/4 4903/6/4 4904/6/4
f 4904/6/4 4903/6/4 4905/6/4
f 4905/6/4 4903/6/4 4906/6/4
f 4907/6/4 4908/6/4 4910/6/4
f 4910/6/4 4908/6/4 4911/6/4
f 4909/6/4 4910/6/4 4914/6/4
f 4914/6/4 4910/6/4 4915/6/4
f 4912/5/4 4913/5/4 4917/5/4
f 4917/5/4 4913/5/4 4918/5/4
f 4916/5/4 4917/5/4 4919/5/4
f 4919/5/4 4917/5/4 4920/5/4
f 4921/7/4 4922/7/4 4926/7/4
f 4926/7/4 4922/7/4 4927/7/4
f 4923/7/4 4924/7/4 4928/7/4
f 4928/7/4 4924/7/4 4929/7/4
f 4925/7/4 4926/7/4 4930/7/4
f 4930/7/4 4926/7/4 4931/7/4
f 4932/5/4 4933/5/4 4934/5/4
f 4934/5/4 4933/5/4 4935/5/4
f 4936/5/4 4937/5/4 4938/5/4
f 4938/5/4 4937/5/4 4939/5/4
f 4939/5/4 4940/5/4 4941/5/4
f 4941/5/4 4940/5/4 4942/5/4
f 4943/7/4 4944/7/4 4945/7/4
f 4945/7/4 4944/7/4 4946/7/4
f 4946/7/4 4947/7/4 4948/7/4
f 4948/7/4 4947/7/4 4949/7/4
f 4950/5/4 4951/5/4 4952/5/4
f 4952/5/4 4951/5/4 4953/5/4
f 4953/5/4 4954/5/4 4955/5/4
f 4955/5/4 4954/5/4 4956/5/4
f 4957/5/4 4958/5/4 4959/5/4
f 4959/5/4 4958/5/4 4960/5/4
f 4959/5/4 4960/5/4 4962/5/4
f 4960/5/4 4961/5/4 4962/5/4
f 4962/5/4 4961/5/4 4963/5/4
f 4963/5/4 4961/5/4 4964/5/4
f 4963/6/4 4964/6/4 4965/6/4
f 4965/6/4 4964/6/4 4966/6/4
f 4966/6/4 4967/6/4 4968/6/4
f 4968/6/4 4967/6/4 4969/6/4
f 4969/6/4 4967/6/4 4970/6/4
f 4970/6/4 4967/6/4 4971/6/4
f 4971/6/4 4967/6/4 4972/6/4
f 4972/6/4 4967/6/4 4974/6/4
f 4974/6/4 4967/6/4 4975/6/4
f 4973/6/4 4974/6/4 4978/6/4
f 4978/6/4 4974/6/4 4979/6/4
f 4976/4/4 4977/4/4 4981/4/4
f 4977/6/4 4978/6/4 4982/6/4
f 4981/4/4 4977/4/4 4982/4/4
f 4982/6/4 4978/6/4 4983/6/4
f 4980/5/4 4981/5/4 4984/5/4
f 4984/5/4 4981/5/4 4985/5/4
f 4986/7/4 4987/7/4 4988/7/4
f 4988/7/4 4987/7/4 4989/7/4
f 4990/5/4 4991/5/4 4992/5/4
f 4992/5/4 4991/5/4 4993/5/4
f 4994/5/4 4995/5/4 4996/5/4
f 4996/5/4 4995/5/4 4997/5/4
f 4998/5/4 4999/5/4 5000/5/4
f 5000/5/4 4999/5/4 5001/5/4
f 5002/7/4 5003/7/4 5004/7/4
f 5004/7/4 5003/7/4 5005/7/4
f 5005/7/4 5006/7/4 5007/7/4
f 5007/7/4 5006/7/4 5008/7/4
f 5008/7/4 5009/7/4 5010/7/4
f 5010/7/4 5009/7/4 5011/7/4
f 5012/5/4 5013/5/4 5014/5/4
f 5014/5/4 5013/5/4 5015/5/4
f 5015/5/4 5016/5/4 5017/5/4
f 5017/5/4 5016/5/4 5018/5/4
f 5017/4/4 5018/4/4 5019/4/4
f 5019/4/4 5018/4/4 5020/4/4
f 5021/5/4 5022/5/4 5023/5/4
f 5021/5/4 5023/5/4 5025/5/4
f 5023/5/4 5024/5/4 5025/5/4
f 5025/5/4 5024/5/4 5026/5/4
f 5021/5/4 5025/5/4 5027/5/4
f 5025/6/4 5026/6/4 5028/6/4
f 5027/5/4 5025/5/4 5028/5/4
f 5028/6/4 5026/6/4 5029/6/4
f 5027/5/4 5028/5/4 5030/5/4
f 5028/5/4 5029/5/4 5030/5/4
f 5030/5/4 5029/5/4 5031/5/4
f 5031/5/4 5029/5/4 5032/5/4
f 5030/5/4 5031/5/4 5033/5/4
f 5031/6/4 5032/6/4 5034/6/4
f 5033/5/4 5031/5/4 5034/5/4
f 5034/6/4 5032/6/4 5035/6/4
f 5033/3/4 5034/3/4 5037/3/4
f 5034/3/4 5035/3/4 5037/3/4
f 5037/3/4 5035/3/4 5038/3/4
f 5038/3/4 5035/3/4 5039/3/4
f 5036/4/4 5037/4/4 5040/4/4
f 5037/3/4 5038/3/4 5040/3/4
f 5038/6/4 5039/6/4 5041/6/4
f 5040/3/4 5038/3/4 5041/3/4
f 5041/6/4 5039/6/4 5042/6/4
f 5036/4/4 5040/4/4 5043/4/4
f 5040/6/4 5041/6/4 5044/6/4
f 5043/4/4 5040/4/4 5044/4/4
f 5044/6/4 5041/6/4 5045/6/4
f 5046/7/4 5047/7/4 5048/7/4
f 5048/7/4 5047/7/4 5049/7/4
f 5050/5/4 5051/5/4 5052/5/4
f 5052/5/4 5051/5/4 5053/5/4
f 5053/5/4 5054/5/4 5055/5/4
f 5055/5/4 5054/5/4 5056/5/4
f 5057/5/4 5058/5/4 5059/5/4
f 5059/5/4 5058/5/4 5060/5/4
f 5060/5/4 5061/5/4 5063/5/4
f 5061/7/4 5062/7/4 5064/7/4
f 5063/5/4 5061/5/4 5064/5/4
f 5064/7/4 5062/7/4 5065/7/4
f 5065/7/4 5066/7/4 5067/7/4
f 5067/7/4 5066/7/4 5068/7/4
f 5068/7/4 5069/7/4 5070/7/4
f 5070/7/4 5069/7/4 5071/7/4
f 5071/7/4 5072/7/4 5073/7/4
f 5073/7/4 5072/7/4 5074/7/4
f 5075/4/4 5076/4/4 5077/4/4
f 5077/4/4 5076/4/4 5078/4/4
f 5078/4/4 5079/4/4 5080/4/4
f 5080/4/4 5079/4/4 5081/4/4
f 5082/4/4 5083/4/4 5084/4/4
f 5084/4/4 5083/4/4 5085/4/4
f 5086/5/4 5087/5/4 5089/5/4
f 5089/5/4 5087/5/4 5090/5/4
f 5088/7/4 5089/7/4 5091/7/4
f 5091/7/4 5089/7/4 5092/7/4
f 5093/7/4 5094/7/4 5095/7/4
f 5095/7/4 5094/7/4 5096/7/4
f 5097/5/4 5098/5/4 5099/5/4
f 5099/5/4 5098/5/4 5100/5/4
f 5101/5/4 5102/5/4 5103/5/4
f 5103/5/4 5102/5/4 5104/5/4
f 5105/7/4 5106/7/4 5107/7/4
f 5105/7/4 5107/7/4 5109/7/4
f 5107/7/4 5108/7/4 5109/7/4
f 5109/7/4 5108/7/4 5110/7/4
f 5110/7/4 5108/7/4 5111/7/4
f 5111/7/4 5108/7/4 5112/7/4
f 5112/7/4 5113/7/4 5114/7/4
f 5114/7/4 5113/7/4 5115/7/4
f 5116/4/4 5117/4/4 5118/4/4
f 5118/4/4 5117/4/4 5119/4/4
f 5120/7/4 5121/7/4 5123/7/4
f 5123/7/4 5121/7/4 5124/7/4
f 5122/7/4 5123/7/4 5126/7/4
f 5126/7/4 5123/7/4 5127/7/4
f 5125/7/4 5126/7/4 5128/7/4
f 5128/7/4 5126/7/4 5129/7/4
f 5130/5/4 5131/5/4 5132/5/4
f 5132/5/4 5131/5/4 5133/5/4
f 5134/5/4 5135/5/4 5136/5/4
f 5136/5/4 5135/5/4 5137/5/4
f 5138/5/4 5139/5/4 5140/5/4
f 5140/5/4 5139/5/4 5141/5/4
f 5141/5/4 5142/5/4 5144/5/4
f 5142/7/4 5143/7/4 5145/7/4
f 5144/5/4 5142/5/4 5145/5/4
f 5145/7/4 5143/7/4 5146/7/4
f 5147/7/4 5148/7/4 5149/7/4
f 5147/7/4 5149/7/4 5151/7/4
f 5149/7/4 5150/7/4 5151/7/4
f 5151/7/4 5150/7/4 5152/7/4
f 5152/7/4 5150/7/4 5153/7/4
f 5153/7/4 5150/7/4 5154/7/4
f 5154/7/4 5155/7/4 5156/7/4
f 5156/7/4 5155/7/4 5157/7/4
f 5158/7/4 5159/7/4 5161/7/4
f 5161/7/4 5159/7/4 5162/7/4
f 5160/7/4 5161/7/4 5164/7/4
f 5164/7/4 5161/7/4 5165/7/4
f 5163/7/4 5164/7/4 5166/7/4
f 5166/7/4 5164/7/4 5167/7/4
f 5168/7/4 5169/7/4 5173/7/4
f 5173/7/4 5169/7/4 5174/7/4
f 5170/7/4 5171/7/4 5175/7/4
f 5175/7/4 5171/7/4 5176/7/4
f 5172/7/4 5173/7/4 5177/7/4
f 5177/7/4 5173/7/4 5178/7/4
f 5179/5/4 5180/5/4 5181/5/4
f 5181/5/4 5180/5/4 5182/5/4
f 5183/5/4 5184/5/4 5185/5/4
f 5185/5/4 5184/5/4 5186/5/4
f 5187/7/4 5188/7/4 5189/7/4
f 5187/7/4 5189/7/4 5191/7/4
f 5189/7/4 5190/7/4 5191/7/4
f 5191/7/4 5190/7/4 5192/7/4
f 5192/7/4 5190/7/4 5193/7/4
f 5193/7/4 5190/7/4 5194/7/4
f 5194/7/4 5195/7/4 5196/7/4
f 5196/7/4 5195/7/4 5197/7/4
f 5198/7/4 5199/7/4 5201/7/4
f 5201/7/4 5199/7/4 5202/7/4
f 5200/7/4 5201/7/4 5204/7/4
f 5204/7/4 5201/7/4 5205/7/4
f 5203/7/4 5204/7/4 5206/7/4
f 5206/7/4 5204/7/4 5207/7/4
f 5208/7/4 5209/7/4 5211/7/4
f 5211/7/4 5209/7/4 5212/7/4
f 5210/7/4 5211/7/4 5214/7/4
f 5214/7/4 5211/7/4 5215/7/4
f 5213/7/4 5214/7/4 5216/7/4
f 5216/7/4 5214/7/4 5217/7/4
f 5218/5/4 5219/5/4 5220/5/4
f 5220/5/4 5219/5/4 5221/5/4
f 5222/5/4 5223/5/4 5224/5/4
f 5224/5/4 5223/5/4 5225/5/4
f 5226/5/4 5227/5/4 5228/5/4
f 5228/5/4 5227/5/4 5229/5/4
f 5229/5/4 5230/5/4 5232/5/4
f 5232/5/4 5230/5/4 5233/5/4
f 5233/5/4 5230/5/4 5234/5/4
f 5234/5/4 5230/5/4 5235/5/4
f 5235/5/4 5230/5/4 5236/5/4
f 5236/5/4 5230/5/4 5237/5/4
f 5237/5/4 5230/5/4 5238/5/4
f 5230/7/4 5231/7/4 5239/7/4
f 5238/5/4 5230/5/4 5239/5/4
f 5239/7/4 5231/7/4 5240/7/4
f 5241/7/4 5242/7/4 5243/7/4
f 5241/7/4 5243/7/4 5245/7/4
f 5243/7/4 5244/7/4 5245/7/4
f 5245/7/4 5244/7/4 5246/7/4
f 5246/7/4 5244/7/4 5247/7/4
f 5247/7/4 5244/7/4 5248/7/4
f 5248/7/4 5249/7/4 5250/7/4
f 5250/7/4 5249/7/4 5251/7/4
f 5252/5/4 5253/5/4 5256/5/4
f 5256/5/4 5253/5/4 5257/5/4
f 5254/7/4 5255/7/4 5258/7/4
f 5258/7/4 5255/7/4 5259/7/4
f 5260/5/4 5261/5/4 5265/5/4
f 5265/5/4 5261/5/4 5266/5/4
f 5262/7/4 5263/7/4 5267/7/4
f 5267/7/4 5263/7/4 5268/7/4
f 5264/5/4 5265/5/4 5270/5/4
f 5270/5/4 5265/5/4 5271/5/4
f 5269/5/4 5270/5/4 5276/5/4
f 5270/5/4 5271/5/4 5276/5/4
f 5271/5/4 5272/5/4 5276/5/4
f 5275/5/4 5276/5/4 5277/5/4
f 5276/5/4 5272/5/4 5278/5/4
f 5277/5/4 5276/5/4 5278/5/4
f 5273/7/4 5274/7/4 5281/7/4
f 5281/7/4 5274/7/4 5282/7/4
f 5278/5/4 5279/5/4 5283/5/4
f 5277/5/4 5278/5/4 5283/5/4
f 5280/7/4 5281/7/4 5284/7/4
f 5277/5/4 5283/5/4 5286/5/4
f 5286/5/4 5283/5/4 5287/5/4
f 5287/5/4 5283/5/4 5288/5/4
f 5283/7/4 5284/7/4 5289/7/4
f 5288/5/4 5283/5/4 5289/5/4
f 5284/7/4 5281/7/4 5290/7/4
f 5289/7/4 5284/7/4 5290/7/4
f 5290/7/4 5281/7/4 5291/7/4
f 5287/5/4 5288/5/4 5292/5/4
f 5285/7/4 5286/7/4 5292/7/4
f 5286/7/4 5287/7/4 5292/7/4
f 5288/7/4 5289/7/4 5293/7/4
f 5292/5/4 5288/5/4 5293/5/4
f 5289/7/4 5290/7/4 5293/7/4
f 5293/7/4 5290/7/4 5294/7/4
f 5294/7/4 5290/7/4 5295/7/4
f 5285/7/4 5292/7/4 5297/7/4
f 5292/7/4 5293/7/4 5297/7/4
f 5293/7/4 5294/7/4 5297/7/4
f 5297/7/4 5294/7/4 5298/7/4
f 5296/7/4 5297/7/4 5300/7/4
f 5300/7/4 5297/7/4 5301/7/4
f 5299/7/4 5300/7/4 5302/7/4
f 5302/7/4 5300/7/4 5303/7/4
f 5304/5/4 5305/5/4 5306/5/4
f 5306/5/4 5305/5/4 5307/5/4
f 5307/5/4 5308/5/4 5309/5/4
f 5309/5/4 5308/5/4 5310/5/4
f 5310/5/4 5311/5/4 5312/5/4
f 5312/5/4 5311/5/4 5313/5/4
f 5313/5/4 5314/5/4 5315/5/4
f 5315/5/4 5314/5/4 5316/5/4
f 5316/5/4 5317/5/4 5318/5/4
f 5318/5/4 5317/5/4 5319/5/4
f 5319/5/4 5320/5/4 5321/5/4
f 5321/5/4 5320/5/4 5322/5/4
f 5322/5/4 5323/5/4 5324/5/4
f 5324/5/4 5323/5/4 5325/5/4
f 5326/7/4 5327/7/4 5328/7/4
f 5325/5/4 5326/5/4 5328/5/4
f 5328/7/4 5327/7/4 5329/7/4
f 5329/7/4 5327/7/4 5330/7/4
f 5328/5/4 5329/5/4 5332/5/4
f 5330/7/4 5331/7/4 5332/7/4
f 5329/7/4 5330/7/4 5332/7/4
f 5332/7/4 5331/7/4 5333/7/4
f 5325/5/4 5328/5/4 5335/5/4
f 5328/5/4 5332/5/4 5335/5/4
f 5335/5/4 5332/5/4 5336/5/4
f 5336/5/4 5332/5/4 5337/5/4
f 5337/5/4 5332/5/4 5338/5/4
f 5333/7/4 5334/7/4 5339/7/4
f 5339/7/4 5334/7/4 5340/7/4
f 5336/5/4 5337/5/4 5342/5/4
f 5342/5/4 5337/5/4 5343/5/4
f 5340/7/4 5341/7/4 5347/7/4
f 5347/7/4 5341/7/4 5348/7/4
f 5344/5/4 5345/5/4 5349/5/4
f 5349/5/4 5345/5/4 5350/5/4
f 5346/7/4 5347/7/4 5351/7/4
f 5351/7/4 5347/7/4 5352/7/4
f 5352/7/4 5353/7/4 5357/7/4
f 5357/7/4 5353/7/4 5358/7/4
f 5354/5/4 5355/5/4 5359/5/4
f 5354/5/4 5359/5/4 5361/5/4
f 5361/5/4 5359/5/4 5362/5/4
f 5356/7/4 5357/7/4 5363/7/4
f 5363/7/4 5357/7/4 5364/7/4
f 5360/5/4 5361/5/4 5366/5/4
f 5367/5/4 5368/5/4 5370/5/4
f 5369/5/4 5370/5/4 5371/5/4
f 5371/5/4 5370/5/4 5372/5/4
f 5370/5/4 5368/5/4 5373/5/4
f 5372/5/4 5370/5/4 5373/5/4
f 5373/5/4 5368/5/4 5374/5/4
f 5366/5/4 5361/5/4 5375/5/4
f 5375/5/4 5361/5/4 5376/5/4
f 5364/7/4 5365/7/4 5379/7/4
f 5379/7/4 5365/7/4 5380/7/4
f 5372/5/4 5373/5/4 5381/5/4
f 5381/5/4 5373/5/4 5382/5/4
f 5376/5/4 5377/5/4 5383/5/4
f 5378/7/4 5379/7/4 5384/7/4
f 5376/5/4 5383/5/4 5385/5/4
f 5383/7/4 5384/7/4 5386/7/4
f 5385/5/4 5383/5/4 5386/5/4
f 5384/7/4 5379/7/4 5387/7/4
f 5386/7/4 5384/7/4 5387/7/4
f 5387/7/4 5379/7/4 5388/7/4
f 5386/7/4 5387/7/4 5389/7/4
f 5389/7/4 5387/7/4 5390/7/4
f 5391/7/4 5392/7/4 5393/7/4
f 5393/7/4 5392/7/4 5394/7/4
f 5391/7/4 5393/7/4 5395/7/4
f 5395/7/4 5393/7/4 5396/7/4
f 5397/5/4 5398/5/4 5399/5/4
f 5399/5/4 5398/5/4 5400/5/4
f 5400/5/4 5401/5/4 5402/5/4
f 5402/5/4 5401/5/4 5403/5/4
f 5403/5/4 5404/5/4 5405/5/4
f 5405/5/4 5404/5/4 5406/5/4
f 5406/5/4 5407/5/4 5408/5/4
f 5408/5/4 5407/5/4 5409/5/4
f 5409/5/4 5410/5/4 5411/5/4
f 5409/5/4 5411/5/4 5414/5/4
f 5411/5/4 5412/5/4 5414/5/4
f 5414/5/4 5412/5/4 5415/5/4
f 5413/5/4 5414/5/4 5417/5/4
f 5415/5/4 5416/5/4 5417/5/4
f 5414/5/4 5415/5/4 5417/5/4
f 5417/5/4 5416/5/4 5418/5/4
f 5418/5/4 5416/5/4 5419/5/4
f 5419/5/4 5416/5/4 5420/5/4
f 5420/5/4 5416/5/4 5421/5/4
f 5421/5/4 5416/5/4 5422/5/4
f 5423/7/4 5424/7/4 5426/7/4
f 5426/7/4 5424/7/4 5427/7/4
f 5427/7/4 5424/7/4 5428/7/4
f 5425/5/4 5426/5/4 5430/5/4
f 5426/5/4 5427/5/4 5430/5/4
f 5430/5/4 5427/5/4 5431/5/4
f 5428/7/4 5429/7/4 5432/7/4
f 5431/5/4 5427/5/4 5432/5/4
f 5427/7/4 5428/7/4 5432/7/4
f 5430/5/4 5431/5/4 5433/5/4
f 5431/7/4 5432/7/4 5434/7/4
f 5433/5/4 5431/5/4 5434/5/4
f 5432/7/4 5429/7/4 5435/7/4
f 5434/7/4 5432/7/4 5435/7/4
f 5435/7/4 5429/7/4 5436/7/4
f 5434/7/4 5435/7/4 5438/7/4
f 5438/7/4 5435/7/4 5439/7/4
f 5439/7/4 5435/7/4 5440/7/4
f 5437/5/4 5438/5/4 5442/5/4
f 5438/5/4 5439/5/4 5442/5/4
f 5440/7/4 5441/7/4 5443/7/4
f 5442/5/4 5439/5/4 5443/5/4
f 5439/7/4 5440/7/4 5443/7/4
f 5437/5/4 5442/5/4 5444/5/4
f 5442/7/4 5443/7/4 5445/7/4
f 5444/5/4 5442/5/4 5445/5/4
f 5443/7/4 5441/7/4 5446/7/4
f 5445/7/4 5443/7/4 5446/7/4
f 5446/7/4 5441/7/4 5447/7/4
f 5445/7/4 5446/7/4 5448/7/4
f 5448/7/4 5446/7/4 5449/7/4
f 5448/5/4 5449/5/4 5451/5/4
f 5449/7/4 5446/7/4 5452/7/4
f 5450/5/4 5451/5/4 5454/5/4
f 5452/7/4 5453/7/4 5455/7/4
f 5454/5/4 5451/5/4 5455/5/4
f 5451/5/4 5449/5/4 5455/5/4
f 5449/7/4 5452/7/4 5455/7/4
f 5455/7/4 5453/7/4 5456/7/4
f 5454/5/4 5455/5/4 5457/5/4
f 5455/5/4 5456/5/4 5457/5/4
f 5456/7/4 5453/7/4 5458/7/4
f 5457/5/4 5456/5/4 5458/5/4
f 5454/5/4 5457/5/4 5459/5/4
f 5457/7/4 5458/7/4 5460/7/4
f 5459/5/4 5457/5/4 5460/5/4
f 5454/5/4 5459/5/4 5461/5/4
f 5459/7/4 5460/7/4 5462/7/4
f 5461/5/4 5459/5/4 5462/5/4
f 5458/7/4 5453/7/4 5463/7/4
f 5462/7/4 5460/7/4 5463/7/4
f 5460/7/4 5458/7/4 5463/7/4
f 5463/7/4 5453/7/4 5464/7/4
f 5462/7/4 5463/7/4 5465/7/4
f 5465/7/4 5463/7/4 5466/7/4
f 5467/7/4 5468/7/4 5470/7/4
f 5470/7/4 5468/7/4 5471/7/4
f 5469/7/4 5470/7/4 5472/7/4
f 5472/7/4 5470/7/4 5473/7/4
f 5474/5/4 5475/5/4 5476/5/4
f 5476/5/4 5475/5/4 5477/5/4
f 5477/5/4 5478/5/4 5479/5/4
f 5479/5/4 5478/5/4 5480/5/4
f 5480/5/4 5481/5/4 5482/5/4
f 5482/5/4 5481/5/4 5483/5/4
f 5483/5/4 5481/5/4 5484/5/4
f 5484/5/4 5485/5/4 5486/5/4
f 5483/5/4 5484/5/4 5486/5/4
f 5486/5/4 5485/5/4 5487/5/4
f 5483/5/4 5486/5/4 5488/5/4
f 5488/5/4 5486/5/4 5489/5/4
f 5490/7/4 5491/7/4 5492/7/4
f 5492/7/4 5491/7/4 5493/7/4
f 5494/5/4 5495/5/4 5496/5/4
f 5496/5/4 5495/5/4 5497/5/4
f 5498/5/4 5499/5/4 5500/5/4
f 5500/5/4 5499/5/4 5501/5/4
f 5502/5/4 5503/5/4 5504/5/4
f 5504/5/4 5503/5/4 5505/5/4
f 5506/5/4 5507/5/4 5508/5/4
f 5508/5/4 5507/5/4 5509/5/4
f 5509/5/4 5510/5/4 5511/5/4
f 5511/5/4 5510/5/4 5512/5/4
f 5512/7/4 5513/7/4 5514/7/4
f 5514/7/4 5513/7/4 5515/7/4
f 5516/7/4 5517/7/4 5518/7/4
f 5518/7/4 5517/7/4 5519/7/4
f 5520/7/4 5521/7/4 5523/7/4
f 5523/7/4 5521/7/4 5524/7/4
f 5522/7/4 5523/7/4 5525/7/4
f 5525/7/4 5523/7/4 5526/7/4
f 5527/7/4 5528/7/4 5530/7/4
f 5530/7/4 5528/7/4 5531/7/4
f 5529/7/4 5530/7/4 5532/7/4
f 5532/7/4 5530/7/4 5533/7/4
f 5534/7/4 5535/7/4 5536/7/4
f 5536/7/4 5535/7/4 5537/7/4
f 5538/7/4 5539/7/4 5540/7/4
f 5540/7/4 5539/7/4 5541/7/4
f 5542/2/4 5543/2/4 5544/2/4
f 5544/5/4 5545/5/4 5546/5/4
f 5546/5/4 5547/5/4 5548/5/4
f 5548/5/4 5549/5/4 5550/5/4
f 5550/5/4 5551/5/4 5552/5/4
f 5550/5/4 5552/5/4 5554/5/4
f 5552/7/4 5553/7/4 5554/7/4
f 5554/7/4 5553/7/4 5555/7/4
f 5555/7/4 5553/7/4 5556/7/4
f 5554/5/4 5555/5/4 5558/5/4
f 5556/7/4 5557/7/4 5558/7/4
f 5555/7/4 5556/7/4 5558/7/4
f 5558/7/4 5557/7/4 5559/7/4
f 5558/5/4 5559/5/4 5560/5/4
f 5560/5/4 5561/5/4 5562/5/4
f 5560/5/4 5562/5/4 5564/5/4
f 5562/5/4 5563/5/4 5564/5/4
f 5564/5/4 5563/5/4 5565/5/4
f 5558/5/4 5560/5/4 5567/5/4
f 5560/5/4 5564/5/4 5567/5/4
f 5565/7/4 5566/7/4 5568/7/4
f 5567/5/4 5564/5/4 5568/5/4
f 5564/7/4 5565/7/4 5568/7/4
f 5558/5/4 5567/5/4 5569/5/4
f 5567/7/4 5568/7/4 5569/7/4
f 5568/7/4 5566/7/4 5570/7/4
f 5569/7/4 5568/7/4 5570/7/4
f 5558/5/4 5569/5/4 5571/5/4
f 5569/5/4 5570/5/4 5571/5/4
f 5570/7/4 5566/7/4 5572/7/4
f 5571/5/4 5570/5/4 5572/5/4
f 5571/7/4 5572/7/4 5573/7/4
f 5572/7/4 5566/7/4 5573/7/4
f 5573/7/4 5566/7/4 5574/7/4
f 5558/5/4 5571/5/4 5575/5/4
f 5571/7/4 5573/7/4 5576/7/4
f 5575/5/4 5571/5/4 5576/5/4
f 5576/7/4 5573/7/4 5577/7/4
f 5577/7/4 5573/7/4 5578/7/4
f 5554/5/4 5558/5/4 5579/5/4
f 5558/5/4 5575/5/4 5579/5/4
f 5576/7/4 5577/7/4 5580/7/4
f 5579/5/4 5575/5/4 5580/5/4
f 5575/7/4 5576/7/4 5580/7/4
f 5580/7/4 5577/7/4 5581/7/4
f 5581/7/4 5577/7/4 5582/7/4
f 5579/7/4 5580/7/4 5583/7/4
f 5580/7/4 5581/7/4 5583/7/4
f 5583/7/4 5581/7/4 5584/7/4
f 5550/5/4 5554/5/4 5585/5/4
f 5554/5/4 5579/5/4 5585/5/4
f 5579/7/4 5583/7/4 5586/7/4
f 5585/5/4 5579/5/4 5586/5/4
f 5546/5/4 5548/5/4 5587/5/4
f 5548/5/4 5550/5/4 5587/5/4
f 5550/5/4 5585/5/4 5587/5/4
f 5585/7/4 5586/7/4 5588/7/4
f 5587/5/4 5585/5/4 5588/5/4
f 5586/7/4 5583/7/4 5589/7/4
f 5588/7/4 5586/7/4 5589/7/4
f 5589/7/4 5583/7/4 5590/7/4
f 5546/5/4 5587/5/4 5591/5/4
f 5587/7/4 5588/7/4 5592/7/4
f 5591/5/4 5587/5/4 5592/5/4
f 5588/7/4 5589/7/4 5592/7/4
f 5592/7/4 5589/7/4 5593/7/4
f 5593/7/4 5589/7/4 5594/7/4
f 5591/7/4 5592/7/4 5595/7/4
f 5592/7/4 5593/7/4 5595/7/4
f 5595/7/4 5593/7/4 5596/7/4
f 5544/5/4 5546/5/4 5597/5/4
f 5546/5/4 5591/5/4 5597/5/4
f 5591/7/4 5595/7/4 5598/7/4
f 5597/5/4 5591/5/4 5598/5/4
f 5597/7/4 5598/7/4 5599/7/4
f 5598/7/4 5595/7/4 5599/7/4
f 5599/7/4 5595/7/4 5600/7/4
f 5542/2/4 5544/2/4 5601/2/4
f 5544/5/4 5597/5/4 5601/5/4
f 5597/7/4 5599/7/4 5602/7/4
f 5601/5/4 5597/5/4 5602/5/4
f 5601/7/4 5602/7/4 5603/7/4
f 5602/7/4 5599/7/4 5603/7/4
f 5603/7/4 5599/7/4 5604/7/4
f 5542/2/4 5601/2/4 5605/2/4
f 5601/7/4 5603/7/4 5605/7/4
f 5605/7/4 5603/7/4 5606/7/4
f 5542/2/4 5605/2/4 5607/2/4
f 5607/2/4 5605/2/4 5608/2/4
f 5611/2/5 5610/2/5 5609/2/5
f 5612/2/5 5610/2/5 5611/2/5
f 5613/2/5 5611/2/5 5609/2/5
f 5614/7/5 5612/7/5 5611/7/5
f 5614/2/5 5611/2/5 5613/2/5
f 5615/7/5 5614/7/5 5613/7/5
f 5615/7/5 5612/7/5 5614/7/5
f 5616/2/5 5610/2/5 5612/2/5
f 5616/7/5 5612/7/5 5615/7/5
f 5617/7/5 5615/7/5 5613/7/5
f 5617/2/5 5613/2/5 5609/2/5
f 5618/2/5 5616/2/5 5615/2/5
f 5618/7/5 5615/7/5 5617/7/5
f 5619/2/5 5617/2/5 5609/2/5
f 5619/2/5 5618/2/5 5617/2/5
f 5620/2/5 5618/2/5 5619/2/5
f 5621/2/5 5619/2/5 5609/2/5
f 5621/7/5 5620/7/5 5619/7/5
f 5622/2/5 5618/2/5 5620/2/5
f 5622/7/5 5620/7/5 5621/7/5
f 5623/2/5 5621/2/5 5609/2/5
f 5623/2/5 5622/2/5 5621/2/5
f 5624/2/5 5610/2/5 5616/2/5
f 5624/2/5 5622/2/5 5623/2/5
f 5624/2/5 5616/2/5 5618/2/5
f 5624/2/5 5618/2/5 5622/2/5
f 5627/7/5 5626/7/5 5625/7/5
f 5628/7/5 5626/7/5 5627/7/5
f 5631/7/5 5630/7/5 5629/7/5
f 5632/7/5 5630/7/5 5631/7/5
f 5635/7/5 5634/7/5 5633/7/5
f 5636/7/5 5634/7/5 5635/7/5
f 5639/7/5 5638/7/5 5637/7/5
f 5640/7/5 5638/7/5 5639/7/5
f 5643/7/5 5642/7/5 5641/7/5
f 5644/7/5 5642/7/5 5643/7/5
f 5649/6/5 5646/6/5 5645/6/5
f 5650/6/5 5646/6/5 5649/6/5
f 5652/5/5 5648/5/5 5647/5/5
f 5653/5/5 5648/5/5 5652/5/5
f 5654/7/5 5652/7/5 5651/7/5
f 5655/7/5 5652/7/5 5654/7/5
f 5658/1/5 5657/1/5 5656/1/5
f 5659/1/5 5657/1/5 5658/1/5
f 5663/5/5 5661/5/5 5660/5/5
f 5664/5/5 5661/5/5 5663/5/5
f 5665/5/5 5663/5/5 5662/5/5
f 5666/5/5 5663/5/5 5665/5/5
f 5669/5/5 5668/5/5 5667/5/5
f 5670/5/5 5668/5/5 5669/5/5
f 5673/5/5 5672/5/5 5671/5/5
f 5674/5/5 5672/5/5 5673/5/5
f 5675/5/5 5672/5/5 5674/5/5
f 5684/5/5 5677/5/5 5676/5/5
f 5685/5/5 5677/5/5 5684/5/5
f 5686/5/5 5679/5/5 5678/5/5
f 5687/5/5 5679/5/5 5686/5/5
f 5688/5/5 5681/5/5 5680/5/5
f 5689/5/5 5681/5/5 5688/5/5
f 5690/5/5 5683/5/5 5682/5/5
f 5691/5/5 5683/5/5 5690/5/5
f 5692/5/5 5688/5/5 5687/5/5
f 5693/5/5 5688/5/5 5692/5/5
f 5694/5/5 5688/5/5 5693/5/5
f 5697/7/5 5696/7/5 5695/7/5
f 5698/7/5 5696/7/5 5697/7/5
f 5710/7/5 5700/7/5 5699/7/5
f 5711/7/5 5700/7/5 5710/7/5
f 5712/7/5 5702/7/5 5701/7/5
f 5713/7/5 5702/7/5 5712/7/5
f 5714/7/5 5704/7/5 5703/7/5
f 5715/7/5 5704/7/5 5714/7/5
f 5716/7/5 5706/7/5 5705/7/5
f 5717/5/5 5707/5/5 5706/5/5
f 5717/7/5 5706/7/5 5716/7/5
f 5718/5/5 5707/5/5 5717/5/5
f 5719/7/5 5709/7/5 5708/7/5
f 5720/7/5 5709/7/5 5719/7/5
f 5721/2/6 5722/2/6 5723/2/6
f 5723/2/6 5722/2/6 5724/2/6
f 5721/2/6 5723/2/6 5725/2/6
f 5725/2/6 5723/2/6 5726/2/6
f 5721/2/6 5725/2/6 5727/2/6
f 5727/2/6 5725/2/6 5728/2/6
f 5729/2/6 5730/2/6 5732/2/6
f 5731/2/6 5732/2/6 5734/2/6
f 5733/2/6 5734/2/6 5736/2/6
f 5735/2/6 5736/2/6 5738/2/6
f 5737/2/6 5738/2/6 5740/2/6
f 5739/2/6 5740/2/6 5742/2/6
f 5741/7/6 5742/7/6 5743/7/6
f 5742/2/6 5740/2/6 5744/2/6
f 5743/7/6 5742/7/6 5744/7/6
f 5743/2/6 5744/2/6 5748/2/6
f 5745/2/6 5746/2/6 5749/2/6
f 5747/7/6 5748/7/6 5752/7/6
f 5748/2/6 5744/2/6 5753/2/6
f 5752/7/6 5748/7/6 5753/7/6
f 5749/2/6 5750/2/6 5754/2/6
f 5754/2/6 5755/2/6 5756/2/6
f 5756/2/6 5757/2/6 5758/2/6
f 5758/2/6 5759/2/6 5760/2/6
f 5760/2/6 5761/2/6 5762/2/6
f 5762/2/6 5763/2/6 5764/2/6
f 5764/2/6 5765/2/6 5766/2/6
f 5766/2/6 5767/2/6 5768/2/6
f 5768/2/6 5767/2/6 5769/2/6
f 5764/2/6 5766/2/6 5770/2/6
f 5766/2/6 5768/2/6 5770/2/6
f 5770/2/6 5768/2/6 5771/2/6
f 5764/2/6 5770/2/6 5772/2/6
f 5770/7/6 5771/7/6 5772/7/6
f 5772/7/6 5771/7/6 5773/7/6
f 5751/2/6 5752/2/6 5775/2/6
f 5752/2/6 5753/2/6 5775/2/6
f 5774/2/6 5775/2/6 5777/2/6
f 5764/2/6 5772/2/6 5778/2/6
f 5764/2/6 5778/2/6 5779/2/6
f 5779/2/6 5780/2/6 5781/2/6
f 5776/7/6 5777/7/6 5783/7/6
f 5777/2/6 5775/2/6 5784/2/6
f 5783/7/6 5777/7/6 5784/7/6
f 5781/2/6 5782/2/6 5785/2/6
f 5785/2/6 5786/2/6 5787/2/6
f 5783/2/6 5784/2/6 5790/2/6
f 5787/2/6 5788/2/6 5791/2/6
f 5785/2/6 5787/2/6 5791/2/6
f 5791/2/6 5788/2/6 5792/2/6
f 5789/7/6 5790/7/6 5793/7/6
f 5790/2/6 5784/2/6 5794/2/6
f 5793/7/6 5790/7/6 5794/7/6
f 5781/2/6 5785/2/6 5795/2/6
f 5785/2/6 5791/2/6 5795/2/6
f 5795/2/6 5791/2/6 5796/2/6
f 5793/2/6 5794/2/6 5798/2/6
f 5779/2/6 5781/2/6 5799/2/6
f 5781/2/6 5795/2/6 5799/2/6
f 5799/2/6 5795/2/6 5800/2/6
f 5797/7/6 5798/7/6 5802/7/6
f 5798/2/6 5794/2/6 5803/2/6
f 5802/7/6 5798/7/6 5803/7/6
f 5801/7/6 5802/7/6 5805/7/6
f 5764/2/6 5779/2/6 5806/2/6
f 5779/2/6 5799/2/6 5806/2/6
f 5806/2/6 5799/2/6 5807/2/6
f 5804/7/6 5805/7/6 5809/7/6
f 5805/7/6 5802/7/6 5810/7/6
f 5809/7/6 5805/7/6 5810/7/6
f 5802/2/6 5803/2/6 5811/2/6
f 5810/7/6 5802/7/6 5811/7/6
f 5809/7/6 5810/7/6 5812/7/6
f 5808/7/6 5809/7/6 5812/7/6
f 5812/7/6 5810/7/6 5813/7/6
f 5810/2/6 5811/2/6 5814/2/6
f 5813/7/6 5810/7/6 5814/7/6
f 5813/2/6 5814/2/6 5815/2/6
f 5814/2/6 5811/2/6 5816/2/6
f 5815/2/6 5814/2/6 5816/2/6
f 5815/7/6 5816/7/6 5817/7/6
f 5816/2/6 5811/2/6 5818/2/6
f 5817/7/6 5816/7/6 5818/7/6
f 5811/2/6 5803/2/6 5819/2/6
f 5818/2/6 5811/2/6 5819/2/6
f 5818/7/6 5819/7/6 5820/7/6
f 5819/2/6 5803/2/6 5821/2/6
f 5820/7/6 5819/7/6 5821/7/6
f 5764/2/6 5806/2/6 5822/2/6
f 5822/2/6 5823/2/6 5824/2/6
f 5820/2/6 5821/2/6 5827/2/6
f 5824/2/6 5825/2/6 5828/2/6
f 5764/2/6 5822/2/6 5828/2/6
f 5822/2/6 5824/2/6 5828/2/6
f 5828/2/6 5825/2/6 5829/2/6
f 5829/2/6 5825/2/6 5830/2/6
f 5762/2/6 5764/2/6 5832/2/6
f 5764/2/6 5828/2/6 5832/2/6
f 5828/7/6 5829/7/6 5833/7/6
f 5832/2/6 5828/2/6 5833/2/6
f 5830/2/6 5831/2/6 5834/2/6
f 5833/7/6 5829/7/6 5834/7/6
f 5829/2/6 5830/2/6 5834/2/6
f 5834/2/6 5831/2/6 5835/2/6
f 5835/2/6 5831/2/6 5836/2/6
f 5832/7/6 5833/7/6 5838/7/6
f 5762/2/6 5832/2/6 5838/2/6
f 5833/7/6 5834/7/6 5838/7/6
f 5834/7/6 5835/7/6 5838/7/6
f 5838/7/6 5835/7/6 5839/7/6
f 5839/7/6 5835/7/6 5840/7/6
f 5836/2/6 5837/2/6 5841/2/6
f 5840/7/6 5835/7/6 5841/7/6
f 5835/2/6 5836/2/6 5841/2/6
f 5841/2/6 5837/2/6 5842/2/6
f 5839/7/6 5840/7/6 5844/7/6
f 5838/2/6 5839/2/6 5844/2/6
f 5842/2/6 5843/2/6 5845/2/6
f 5844/7/6 5840/7/6 5845/7/6
f 5841/2/6 5842/2/6 5845/2/6
f 5840/2/6 5841/2/6 5845/2/6
f 5845/2/6 5843/2/6 5846/2/6
f 5844/2/6 5845/2/6 5848/2/6
f 5846/2/6 5847/2/6 5848/2/6
f 5845/2/6 5846/2/6 5848/2/6
f 5826/7/6 5827/7/6 5850/7/6
f 5827/2/6 5821/2/6 5851/2/6
f 5850/7/6 5827/7/6 5851/7/6
f 5745/2/6 5749/2/6 5852/2/6
f 5749/2/6 5754/2/6 5852/2/6
f 5754/2/6 5756/2/6 5852/2/6
f 5844/2/6 5848/2/6 5852/2/6
f 5762/2/6 5838/2/6 5852/2/6
f 5756/2/6 5758/2/6 5852/2/6
f 5758/2/6 5760/2/6 5852/2/6
f 5848/2/6 5849/2/6 5852/2/6
f 5760/2/6 5762/2/6 5852/2/6
f 5838/2/6 5844/2/6 5852/2/6
f 5852/2/6 5849/2/6 5853/2/6
f 5850/2/6 5851/2/6 5854/2/6
f 5732/2/6 5730/2/6 5855/2/6
f 5854/2/6 5851/2/6 5855/2/6
f 5734/2/6 5732/2/6 5855/2/6
f 5736/2/6 5734/2/6 5855/2/6
f 5738/2/6 5736/2/6 5855/2/6
f 5740/2/6 5738/2/6 5855/2/6
f 5753/2/6 5744/2/6 5855/2/6
f 5744/2/6 5740/2/6 5855/2/6
f 5784/2/6 5775/2/6 5855/2/6
f 5851/2/6 5821/2/6 5855/2/6
f 5775/2/6 5753/2/6 5855/2/6
f 5794/2/6 5784/2/6 5855/2/6
f 5803/2/6 5794/2/6 5855/2/6
f 5821/2/6 5803/2/6 5855/2/6
f 5856/7/6 5857/7/6 5860/7/6
f 5860/7/6 5857/7/6 5861/7/6
f 5858/7/6 5859/7/6 5862/7/6
f 5862/7/6 5859/7/6 5863/7/6
f 5864/7/6 5865/7/6 5868/7/6
f 5868/7/6 5865/7/6 5869/7/6
f 5866/7/6 5867/7/6 5870/7/6
f 5870/7/6 5867/7/6 5871/7/6
f 5872/7/6 5873/7/6 5874/7/6
f 5874/7/6 5873/7/6 5875/7/6
f 5876/7/6 5877/7/6 5880/7/6
f 5880/7/6 5877/7/6 5881/7/6
f 5878/5/6 5879/5/6 5882/5/6
f 5882/5/6 5879/5/6 5883/5/6
f 5884/5/6 5885/5/6 5886/5/6
f 5886/5/6 5885/5/6 5887/5/6
f 5888/5/6 5889/5/6 5890/5/6
f 5890/5/6 5889/5/6 5891/5/6
f 5892/5/6 5893/5/6 5894/5/6
f 5894/5/6 5893/5/6 5895/5/6
f 5896/5/6 5897/5/6 5898/5/6
f 5898/5/6 5897/5/6 5899/5/6
f 5900/7/6 5901/7/6 5902/7/6
f 5902/7/6 5901/7/6 5903/7/6
f 5904/7/6 5905/7/6 5906/7/6
f 5906/7/6 5905/7/6 5907/7/6
f 5908/7/6 5909/7/6 5912/7/6
f 5912/7/6 5909/7/6 5913/7/6
f 5910/7/6 5911/7/6 5914/7/6
f 5914/7/6 5911/7/6 5915/7/6
f 5916/7/6 5917/7/6 5918/7/6
f 5918/7/6 5917/7/6 5919/7/6
f 5920/5/6 5921/5/6 5922/5/6
f 5922/5/6 5921/5/6 5923/5/6
f 5924/7/6 5925/7/6 5926/7/6
f 5926/7/6 5925/7/6 5927/7/6
f 5928/7/6 5929/7/6 5930/7/6
f 5930/7/6 5929/7/6 5931/7/6
f 5932/5/6 5933/5/6 5934/5/6
f 5934/5/6 5933/5/6 5935/5/6
f 5936/5/6 5937/5/6 5938/5/6
f 5938/5/6 5937/5/6 5939/5/6
f 5940/7/6 5941/7/6 5942/7/6
f 5942/7/6 5941/7/6 5943/7/6
f 5944/7/6 5945/7/6 5946/7/6
f 5946/7/6 5945/7/6 5947/7/6
f 5948/5/6 5949/5/6 5950/5/6
f 5950/5/6 5949/5/6 5951/5/6
f 5952/7/6 5953/7/6 5954/7/6
f 5954/7/6 5953/7/6 5955/7/6
f 5956/5/6 5957/5/6 5958/5/6
f 5958/5/6 5957/5/6 5959/5/6
f 5960/5/6 5961/5/6 5962/5/6
f 5962/5/6 5961/5/6 5963/5/6
f 5964/5/6 5965/5/6 5968/5/6
f 5968/5/6 5965/5/6 5969/5/6
f 5966/7/6 5967/7/6 5970/7/6
f 5970/7/6 5967/7/6 5971/7/6
f 5972/5/6 5973/5/6 5977/5/6
f 5977/5/6 5973/5/6 5978/5/6
f 5974/5/6 5975/5/6 5979/5/6
f 5979/5/6 5975/5/6 5980/5/6
f 5976/5/6 5977/5/6 5982/5/6
f 5982/5/6 5977/5/6 5983/5/6
f 5981/5/6 5982/5/6 5985/5/6
f 5985/5/6 5982/5/6 5986/5/6
f 5984/5/6 5985/5/6 5987/5/6
f 5987/5/6 5985/5/6 5988/5/6
f 5989/7/6 5990/7/6 5991/7/6
f 5991/7/6 5990/7/6 5992/7/6
f 5992/7/6 5993/7/6 5994/7/6
f 5994/7/6 5993/7/6 5995/7/6
f 5996/7/6 5997/7/6 6000/7/6
f 6000/7/6 5997/7/6 6001/7/6
f 5998/7/6 5999/7/6 6002/7/6
f 6002/7/6 5999/7/6 6003/7/6
f 6004/7/6 6005/7/6 6007/7/6
f 6007/7/6 6005/7/6 6008/7/6
f 6006/7/6 6007/7/6 6011/7/6
f 6011/7/6 6007/7/6 6012/7/6
f 6009/7/6 6010/7/6 6015/7/6
f 6015/7/6 6010/7/6 6016/7/6
f 6013/7/6 6014/7/6 6019/7/6
f 6019/7/6 6014/7/6 6020/7/6
f 6017/5/6 6018/5/6 6021/5/6
f 6021/5/6 6018/5/6 6022/5/6
f 6022/5/6 6023/5/6 6026/5/6
f 6026/5/6 6023/5/6 6027/5/6
f 6024/7/6 6025/7/6 6029/7/6
f 6029/7/6 6025/7/6 6030/7/6
f 6027/5/6 6028/5/6 6031/5/6
f 6031/5/6 6028/5/6 6032/5/6
f 6033/5/6 6034/5/6 6037/5/6
f 6037/5/6 6034/5/6 6038/5/6
f 6039/5/6 6040/5/6 6041/5/6
f 6041/5/6 6040/5/6 6042/5/6
f 6043/5/6 6044/5/6 6045/5/6
f 6045/5/6 6044/5/6 6046/5/6
f 6046/5/6 6047/5/6 6048/5/6
f 6048/5/6 6047/5/6 6049/5/6
f 6050/5/6 6051/5/6 6052/5/6
f 6052/5/6 6051/5/6 6053/5/6
f 6054/7/6 6055/7/6 6056/7/6
f 6056/7/6 6055/7/6 6057/7/6
f 6058/7/6 6059/7/6 6060/7/6
f 6060/7/6 6059/7/6 6061/7/6
f 6035/7/6 6036/7/6 6064/7/6
f 6064/7/6 6036/7/6 6065/7/6
f 6062/7/6 6063/7/6 6066/7/6
f 6066/7/6 6063/7/6 6067/7/6
f 6068/7/6 6069/7/6 6072/7/6
f 6072/7/6 6069/7/6 6073/7/6
f 6070/7/6 6071/7/6 6076/7/6
f 6076/7/6 6071/7/6 6077/7/6
f 6078/7/6 6079/7/6 6080/7/6
f 6080/7/6 6079/7/6 6081/7/6
f 6081/7/6 6082/7/6 6083/7/6
f 6083/7/6 6082/7/6 6084/7/6
f 6074/7/6 6075/7/6 6086/7/6
f 6086/7/6 6075/7/6 6087/7/6
f 6084/7/6 6085/7/6 6088/7/6
f 6088/7/6 6085/7/6 6089/7/6
f 6089/7/6 6090/7/6 6094/7/6
f 6094/7/6 6090/7/6 6095/7/6
f 6091/7/6 6092/7/6 6096/7/6
f 6096/7/6 6092/7/6 6097/7/6
f 6093/7/6 6094/7/6 6099/7/6
f 6099/7/6 6094/7/6 6100/7/6
f 6098/5/6 6099/5/6 6103/5/6
f 6103/5/6 6099/5/6 6104/5/6
f 6101/7/6 6102/7/6 6106/7/6
f 6106/7/6 6102/7/6 6107/7/6
f 6105/7/6 6106/7/6 6111/7/6
f 6111/7/6 6106/7/6 6112/7/6
f 6108/5/6 6109/5/6 6113/5/6
f 6113/5/6 6109/5/6 6114/5/6
f 6110/7/6 6111/7/6 6115/7/6
f 6115/7/6 6111/7/6 6116/7/6
f 6119/7/6 6120/7/6 6121/7/6
f 6121/7/6 6120/7/6 6122/7/6
f 6117/5/6 6118/5/6 6125/5/6
f 6125/5/6 6118/5/6 6126/5/6
f 6123/7/6 6124/7/6 6129/7/6
f 6129/7/6 6124/7/6 6130/7/6
f 6127/5/6 6128/5/6 6131/5/6
f 6131/5/6 6128/5/6 6132/5/6
f 6132/5/6 6133/5/6 6134/5/6
f 6134/5/6 6133/5/6 6135/5/6
f 6136/5/6 6137/5/6 6140/5/6
f 6140/5/6 6137/5/6 6141/5/6
f 6142/5/6 6143/5/6 6144/5/6
f 6144/5/6 6143/5/6 6145/5/6
f 6145/5/6 6146/5/6 6147/5/6
f 6147/5/6 6146/5/6 6148/5/6
f 6148/5/6 6149/5/6 6150/5/6
f 6150/5/6 6149/5/6 6151/5/6
f 6151/5/6 6152/5/6 6153/5/6
f 6153/5/6 6152/5/6 6154/5/6
f 6138/7/6 6139/7/6 6155/7/6
f 6155/7/6 6139/7/6 6156/7/6
f 6157/5/6 6158/5/6 6164/5/6
f 6164/5/6 6158/5/6 6165/5/6
f 6165/5/6 6158/5/6 6166/5/6
f 6166/5/6 6158/5/6 6167/5/6
f 6159/5/6 6160/5/6 6168/5/6
f 6168/5/6 6160/5/6 6169/5/6
f 6163/5/6 6164/5/6 6172/5/6
f 6164/5/6 6165/5/6 6172/5/6
f 6172/5/6 6165/5/6 6173/5/6
f 6173/5/6 6165/5/6 6174/5/6
f 6166/5/6 6167/5/6 6175/5/6
f 6168/5/6 6169/5/6 6175/5/6
f 6167/5/6 6168/5/6 6175/5/6
f 6169/5/6 6170/5/6 6175/5/6
f 6175/5/6 6170/5/6 6176/5/6
f 6172/5/6 6173/5/6 6182/5/6
f 6171/5/6 6172/5/6 6182/5/6
f 6182/5/6 6173/5/6 6183/5/6
f 6183/5/6 6173/5/6 6184/5/6
f 6177/7/6 6178/7/6 6185/7/6
f 6185/7/6 6178/7/6 6186/7/6
f 6186/7/6 6178/7/6 6187/7/6
f 6179/7/6 6180/7/6 6189/7/6
f 6189/7/6 6180/7/6 6190/7/6
f 6161/7/6 6162/7/6 6193/7/6
f 6193/7/6 6162/7/6 6194/7/6
f 6181/5/6 6182/5/6 6196/5/6
f 6182/5/6 6183/5/6 6196/5/6
f 6196/5/6 6183/5/6 6197/5/6
f 6197/5/6 6183/5/6 6198/5/6
f 6187/7/6 6188/7/6 6199/7/6
f 6186/7/6 6187/7/6 6199/7/6
f 6199/7/6 6188/7/6 6200/7/6
f 6191/7/6 6192/7/6 6201/7/6
f 6201/7/6 6192/7/6 6202/7/6
f 6202/7/6 6192/7/6 6203/7/6
f 6203/7/6 6192/7/6 6204/7/6
f 6196/5/6 6197/5/6 6205/5/6
f 6195/5/6 6196/5/6 6205/5/6
f 6205/5/6 6197/5/6 6206/5/6
f 6204/7/6 6192/7/6 6207/7/6
f 6202/7/6 6203/7/6 6209/7/6
f 6207/7/6 6208/7/6 6210/7/6
f 6204/7/6 6207/7/6 6210/7/6
f 6210/7/6 6208/7/6 6211/7/6
f 6202/7/6 6209/7/6 6212/7/6
f 6209/7/6 6210/7/6 6212/7/6
f 6212/7/6 6210/7/6 6213/7/6
f 6213/7/6 6210/7/6 6214/7/6
f 6211/7/6 6208/7/6 6215/7/6
f 6213/7/6 6214/7/6 6216/7/6
f 6214/7/6 6215/7/6 6216/7/6
f 6216/7/6 6215/7/6 6217/7/6
f 6217/7/6 6215/7/6 6218/7/6
f 6215/7/6 6208/7/6 6219/7/6
f 6218/7/6 6215/7/6 6219/7/6
f 6195/5/6 6205/5/6 6222/5/6
f 6222/5/6 6205/5/6 6223/5/6
f 6224/7/6 6225/7/6 6226/7/6
f 6226/7/6 6225/7/6 6227/7/6
f 6227/7/6 6228/7/6 6229/7/6
f 6229/7/6 6228/7/6 6230/7/6
f 6230/7/6 6228/7/6 6231/7/6
f 6231/7/6 6228/7/6 6232/7/6
f 6230/7/6 6231/7/6 6233/7/6
f 6233/7/6 6231/7/6 6234/7/6
f 6234/7/6 6231/7/6 6235/7/6
f 6235/7/6 6231/7/6 6236/7/6
f 6220/7/6 6221/7/6 6238/7/6
f 6234/7/6 6235/7/6 6239/7/6
f 6239/7/6 6235/7/6 6240/7/6
f 6237/7/6 6238/7/6 6242/7/6
f 6238/7/6 6221/7/6 6243/7/6
f 6242/7/6 6238/7/6 6243/7/6
f 6243/7/6 6221/7/6 6244/7/6
f 6241/7/6 6242/7/6 6246/7/6
f 6242/7/6 6243/7/6 6246/7/6
f 6246/7/6 6243/7/6 6247/7/6
f 6247/7/6 6243/7/6 6248/7/6
f 6245/7/6 6246/7/6 6250/7/6
f 6246/7/6 6247/7/6 6250/7/6
f 6250/7/6 6247/7/6 6251/7/6
f 6251/7/6 6247/7/6 6252/7/6
f 6249/7/6 6250/7/6 6254/7/6
f 6250/7/6 6251/7/6 6254/7/6
f 6254/7/6 6251/7/6 6255/7/6
f 6255/7/6 6251/7/6 6256/7/6
f 6253/7/6 6254/7/6 6258/7/6
f 6254/7/6 6255/7/6 6258/7/6
f 6258/7/6 6255/7/6 6259/7/6
f 6259/7/6 6255/7/6 6260/7/6
f 6257/7/6 6258/7/6 6262/7/6
f 6258/7/6 6259/7/6 6262/7/6
f 6262/7/6 6259/7/6 6263/7/6
f 6263/7/6 6259/7/6 6264/7/6
f 6261/7/6 6262/7/6 6265/7/6
f 6262/7/6 6263/7/6 6265/7/6
f 6265/7/6 6263/7/6 6266/7/6
f 6266/7/6 6263/7/6 6267/7/6
f 6267/7/6 6263/7/6 6268/7/6
f 6269/5/6 6270/5/6 6271/5/6
f 6269/5/6 6271/5/6 6273/5/6
f 6271/5/6 6272/5/6 6273/5/6
f 6273/5/6 6272/5/6 6274/5/6
f 6274/5/6 6272/5/6 6275/5/6
f 6275/5/6 6276/5/6 6277/5/6
f 6274/5/6 6275/5/6 6277/5/6
f 6277/5/6 6276/5/6 6278/5/6
f 6278/5/6 6276/5/6 6279/5/6
f 6266/7/6 6267/7/6 6282/7/6
f 6282/7/6 6267/7/6 6283/7/6
f 6279/5/6 6280/5/6 6284/5/6
f 6278/5/6 6279/5/6 6284/5/6
f 6284/5/6 6280/5/6 6285/5/6
f 6285/5/6 6280/5/6 6286/5/6
f 6281/7/6 6282/7/6 6290/7/6
f 6290/7/6 6282/7/6 6291/7/6
f 6285/5/6 6286/5/6 6292/5/6
f 6286/5/6 6287/5/6 6292/5/6
f 6292/5/6 6287/5/6 6293/5/6
f 6293/5/6 6287/5/6 6294/5/6
f 6288/7/6 6289/7/6 6296/7/6
f 6289/7/6 6290/7/6 6296/7/6
f 6296/7/6 6290/7/6 6297/7/6
f 6294/5/6 6295/5/6 6298/5/6
f 6293/5/6 6294/5/6 6298/5/6
f 6298/5/6 6295/5/6 6299/5/6
f 6299/5/6 6295/5/6 6300/5/6
f 6300/5/6 6301/5/6 6302/5/6
f 6299/5/6 6300/5/6 6302/5/6
f 6302/5/6 6301/5/6 6303/5/6
f 6303/5/6 6301/5/6 6304/5/6
f 6297/7/6 6290/7/6 6306/7/6
f 6304/5/6 6305/5/6 6307/5/6
f 6303/5/6 6304/5/6 6307/5/6
f 6307/5/6 6305/5/6 6308/5/6
f 6308/5/6 6305/5/6 6309/5/6
f 6309/5/6 6310/5/6 6311/5/6
f 6308/5/6 6309/5/6 6311/5/6
f 6311/5/6 6310/5/6 6312/5/6
f 6312/5/6 6310/5/6 6313/5/6
f 6312/5/6 6313/5/6 6315/5/6
f 6313/7/6 6314/7/6 6316/7/6
f 6315/5/6 6313/5/6 6316/5/6
f 6316/7/6 6314/7/6 6317/7/6
f 6317/7/6 6318/7/6 6319/7/6
f 6319/7/6 6318/7/6 6320/7/6
f 6320/7/6 6318/7/6 6321/7/6
f 6321/3/6 6322/3/6 6323/3/6
f 6320/7/6 6321/7/6 6323/7/6
f 6323/3/6 6322/3/6 6324/3/6
f 6320/7/6 6323/7/6 6326/7/6
f 6326/7/6 6323/7/6 6327/7/6
f 6325/7/6 6326/7/6 6327/7/6
f 6327/7/6 6323/7/6 6328/7/6
f 6306/7/6 6290/7/6 6330/7/6
f 6325/7/6 6327/7/6 6332/7/6
f 6332/7/6 6327/7/6 6333/7/6
f 6330/7/6 6290/7/6 6334/7/6
f 6329/7/6 6330/7/6 6334/7/6
f 6334/7/6 6290/7/6 6335/7/6
f 6332/7/6 6333/7/6 6336/7/6
f 6331/7/6 6332/7/6 6336/7/6
f 6336/7/6 6333/7/6 6337/7/6
f 6331/7/6 6336/7/6 6338/7/6
f 6329/7/6 6334/7/6 6340/7/6
f 6340/7/6 6334/7/6 6341/7/6
f 6339/7/6 6340/7/6 6341/7/6
f 6341/7/6 6334/7/6 6342/7/6
f 6331/7/6 6338/7/6 6343/7/6
f 6331/7/6 6343/7/6 6345/7/6
f 6343/7/6 6344/7/6 6345/7/6
f 6345/7/6 6344/7/6 6346/7/6
f 6346/7/6 6344/7/6 6347/7/6
f 6347/7/6 6348/7/6 6349/7/6
f 6346/7/6 6347/7/6 6349/7/6
f 6349/7/6 6348/7/6 6350/7/6
f 6350/7/6 6348/7/6 6351/7/6
f 6339/7/6 6341/7/6 6353/7/6
f 6351/7/6 6352/7/6 6354/7/6
f 6350/7/6 6351/7/6 6354/7/6
f 6354/7/6 6352/7/6 6355/7/6
f 6355/7/6 6352/7/6 6356/7/6
f 6353/7/6 6341/7/6 6359/7/6
f 6356/7/6 6357/7/6 6360/7/6
f 6355/7/6 6356/7/6 6360/7/6
f 6360/7/6 6357/7/6 6361/7/6
f 6361/7/6 6357/7/6 6362/7/6
f 6358/7/6 6359/7/6 6364/7/6
f 6359/7/6 6341/7/6 6365/7/6
f 6364/7/6 6359/7/6 6365/7/6
f 6365/7/6 6341/7/6 6366/7/6
f 6362/7/6 6363/7/6 6368/7/6
f 6361/7/6 6362/7/6 6368/7/6
f 6368/7/6 6363/7/6 6369/7/6
f 6364/7/6 6365/7/6 6371/7/6
f 6368/7/6 6369/7/6 6373/7/6
f 6367/7/6 6368/7/6 6373/7/6
f 6373/7/6 6369/7/6 6374/7/6
f 6374/7/6 6369/7/6 6375/7/6
f 6370/5/6 6371/5/6 6377/5/6
f 6371/7/6 6365/7/6 6378/7/6
f 6377/5/6 6371/5/6 6378/5/6
f 6378/7/6 6365/7/6 6379/7/6
f 6372/5/6 6373/5/6 6381/5/6
f 6373/7/6 6374/7/6 6382/7/6
f 6381/5/6 6373/5/6 6382/5/6
f 6382/7/6 6374/7/6 6383/7/6
f 6376/5/6 6377/5/6 6384/5/6
f 6377/7/6 6378/7/6 6385/7/6
f 6384/5/6 6377/5/6 6385/5/6
f 6385/7/6 6378/7/6 6386/7/6
f 6380/5/6 6381/5/6 6387/5/6
f 6381/5/6 6382/5/6 6387/5/6
f 6387/5/6 6382/5/6 6388/5/6
f 6384/7/6 6385/7/6 6389/7/6
f 6389/7/6 6385/7/6 6390/7/6
f 6380/5/6 6387/5/6 6392/5/6
f 6392/5/6 6387/5/6 6393/5/6
f 6391/5/6 6392/5/6 6393/5/6
f 6393/5/6 6387/5/6 6394/5/6
f 6391/5/6 6393/5/6 6395/5/6
f 6391/5/6 6395/5/6 6397/5/6
f 6395/5/6 6396/5/6 6397/5/6
f 6397/5/6 6396/5/6 6398/5/6
f 6398/5/6 6396/5/6 6399/5/6
f 6398/5/6 6399/5/6 6401/5/6
f 6399/5/6 6400/5/6 6401/5/6
f 6401/5/6 6400/5/6 6402/5/6
f 6402/5/6 6400/5/6 6403/5/6
f 6402/5/6 6403/5/6 6405/5/6
f 6403/5/6 6404/5/6 6405/5/6
f 6405/5/6 6404/5/6 6406/5/6
f 6406/5/6 6404/5/6 6407/5/6
f 6406/5/6 6407/5/6 6409/5/6
f 6407/5/6 6408/5/6 6409/5/6
f 6409/5/6 6408/5/6 6410/5/6
f 6410/5/6 6408/5/6 6413/5/6
f 6413/5/6 6408/5/6 6414/5/6
f 6414/5/6 6415/5/6 6416/5/6
f 6416/5/6 6415/5/6 6417/5/6
f 6417/5/6 6418/5/6 6419/5/6
f 6419/5/6 6418/5/6 6420/5/6
f 6420/5/6 6421/5/6 6422/5/6
f 6411/7/6 6412/7/6 6425/7/6
f 6422/5/6 6423/5/6 6426/5/6
f 6420/5/6 6422/5/6 6426/5/6
f 6426/5/6 6423/5/6 6427/5/6
f 6424/7/6 6425/7/6 6428/7/6
f 6425/7/6 6412/7/6 6429/7/6
f 6428/7/6 6425/7/6 6429/7/6
f 6430/4/6 6431/4/6 6434/4/6
f 6434/4/6 6431/4/6 6435/4/6
f 6432/4/6 6433/4/6 6437/4/6
f 6437/4/6 6433/4/6 6438/4/6
f 6435/4/6 6431/4/6 6439/4/6
f 6439/4/6 6431/4/6 6440/4/6
f 6440/4/6 6431/4/6 6441/4/6
f 6441/4/6 6431/4/6 6442/4/6
f 6442/4/6 6431/4/6 6443/4/6
f 6437/4/6 6438/4/6 6445/4/6
f 6436/4/6 6437/4/6 6445/4/6
f 6438/4/6 6439/4/6 6445/4/6
f 6439/4/6 6440/4/6 6445/4/6
f 6445/4/6 6440/4/6 6446/4/6
f 6441/4/6 6442/4/6 6448/4/6
f 6448/4/6 6442/4/6 6449/4/6
f 6449/4/6 6442/4/6 6450/4/6
f 6443/4/6 6431/4/6 6451/4/6
f 6451/4/6 6431/4/6 6452/4/6
f 6452/4/6 6431/4/6 6453/4/6
f 6453/4/6 6431/4/6 6454/4/6
f 6446/4/6 6447/4/6 6457/4/6
f 6444/4/6 6445/4/6 6457/4/6
f 6445/4/6 6446/4/6 6457/4/6
f 6457/4/6 6447/4/6 6458/4/6
f 6449/4/6 6450/4/6 6459/4/6
f 6451/4/6 6452/4/6 6459/4/6
f 6450/4/6 6451/4/6 6459/4/6
f 6459/4/6 6452/4/6 6460/4/6
f 6457/4/6 6458/4/6 6463/4/6
f 6460/4/6 6461/4/6 6463/4/6
f 6459/4/6 6460/4/6 6463/4/6
f 6458/4/6 6459/4/6 6463/4/6
f 6456/4/6 6457/4/6 6463/4/6
f 6453/4/6 6454/4/6 6464/4/6
f 6464/4/6 6454/4/6 6465/4/6
f 6462/4/6 6463/4/6 6466/4/6
f 6463/4/6 6461/4/6 6466/4/6
f 6466/4/6 6467/4/6 6468/4/6
f 6468/4/6 6469/4/6 6470/4/6
f 6465/4/6 6454/4/6 6471/4/6
f 6454/7/6 6455/7/6 6472/7/6
f 6470/4/6 6471/4/6 6472/4/6
f 6471/4/6 6454/4/6 6472/4/6
f 6472/7/6 6455/7/6 6473/7/6
f 6468/4/6 6470/4/6 6475/4/6
f 6462/4/6 6466/4/6 6475/4/6
f 6470/4/6 6472/4/6 6475/4/6
f 6466/4/6 6468/4/6 6475/4/6
f 6475/4/6 6472/4/6 6476/4/6
f 6476/4/6 6472/4/6 6477/4/6
f 6474/4/6 6475/4/6 6478/4/6
f 6475/4/6 6476/4/6 6478/4/6
f 6477/4/6 6472/4/6 6479/4/6
f 6479/4/6 6472/4/6 6480/4/6
f 6478/4/6 6479/4/6 6481/4/6
f 6480/4/6 6472/4/6 6484/4/6
f 6481/4/6 6482/4/6 6485/4/6
f 6483/4/6 6484/4/6 6488/4/6
f 6484/4/6 6472/4/6 6489/4/6
f 6488/4/6 6484/4/6 6489/4/6
f 6489/4/6 6472/4/6 6490/4/6
f 6485/4/6 6486/4/6 6491/4/6
f 6487/4/6 6488/4/6 6492/4/6
f 6488/4/6 6489/4/6 6492/4/6
f 6492/4/6 6489/4/6 6493/4/6
f 6493/4/6 6489/4/6 6494/4/6
f 6491/4/6 6492/4/6 6495/4/6
f 6492/4/6 6493/4/6 6495/4/6
f 6495/4/6 6493/4/6 6496/4/6
f 6491/4/6 6495/4/6 6497/4/6
f 6497/4/6 6495/4/6 6498/4/6
f 6491/4/6 6497/4/6 6499/4/6
f 6499/4/6 6497/4/6 6500/4/6
f 6491/4/6 6499/4/6 6501/4/6
f 6501/4/6 6499/4/6 6502/4/6
f 6474/4/6 6478/4/6 6503/4/6
f 6478/4/6 6481/4/6 6503/4/6
f 6491/4/6 6501/4/6 6503/4/6
f 6485/4/6 6491/4/6 6503/4/6
f 6481/4/6 6485/4/6 6503/4/6
f 6503/4/6 6501/4/6 6504/4/6
f 6504/4/6 6501/4/6 6505/4/6
f 6505/4/6 6501/4/6 6506/4/6
f 6474/4/6 6503/4/6 6507/4/6
f 6503/1/6 6504/1/6 6508/1/6
f 6507/4/6 6503/4/6 6508/4/6
f 6508/1/6 6504/1/6 6509/1/6
f 6509/1/6 6504/1/6 6510/1/6
f 6504/4/6 6505/4/6 6511/4/6
f 6510/1/6 6504/1/6 6511/1/6
f 6511/4/6 6505/4/6 6512/4/6
f 6512/4/6 6505/4/6 6513/4/6
f 6474/4/6 6507/4/6 6515/4/6
f 6507/1/6 6508/1/6 6516/1/6
f 6515/4/6 6507/4/6 6516/4/6
f 6508/1/6 6509/1/6 6516/1/6
f 6516/1/6 6509/1/6 6517/1/6
f 6517/1/6 6509/1/6 6518/1/6
f 6511/1/6 6512/1/6 6519/1/6
f 6510/1/6 6511/1/6 6519/1/6
f 6519/1/6 6512/1/6 6520/1/6
f 6474/4/6 6515/4/6 6521/4/6
f 6516/1/6 6517/1/6 6522/1/6
f 6521/4/6 6515/4/6 6522/4/6
f 6515/1/6 6516/1/6 6522/1/6
f 6522/1/6 6517/1/6 6523/1/6
f 6523/1/6 6517/1/6 6524/1/6
f 6520/1/6 6512/1/6 6525/1/6
f 6513/4/6 6514/4/6 6526/4/6
f 6525/1/6 6512/1/6 6526/1/6
f 6512/4/6 6513/4/6 6526/4/6
f 6526/4/6 6514/4/6 6527/4/6
f 6527/4/6 6514/4/6 6528/4/6
f 6528/4/6 6514/4/6 6529/4/6
f 6474/4/6 6521/4/6 6530/4/6
f 6530/4/6 6521/4/6 6531/4/6
f 6531/4/6 6521/4/6 6532/4/6
f 6522/1/6 6523/1/6 6533/1/6
f 6532/4/6 6521/4/6 6533/4/6
f 6521/1/6 6522/1/6 6533/1/6
f 6533/1/6 6523/1/6 6534/1/6
f 6534/1/6 6523/1/6 6535/1/6
f 6526/1/6 6527/1/6 6536/1/6
f 6527/4/6 6528/4/6 6537/4/6
f 6536/1/6 6527/1/6 6537/1/6
f 6537/4/6 6528/4/6 6538/4/6
f 6538/4/6 6528/4/6 6539/4/6
f 6529/4/6 6514/4/6 6540/4/6
f 6540/4/6 6514/4/6 6541/4/6
f 6531/4/6 6532/4/6 6542/4/6
f 6542/4/6 6532/4/6 6543/4/6
f 6533/1/6 6534/1/6 6544/1/6
f 6532/1/6 6533/1/6 6544/1/6
f 6544/1/6 6534/1/6 6545/1/6
f 6537/1/6 6538/1/6 6546/1/6
f 6546/1/6 6538/1/6 6547/1/6
f 6543/4/6 6532/4/6 6548/4/6
f 6548/4/6 6532/4/6 6549/4/6
f 6549/4/6 6532/4/6 6550/4/6
f 6532/1/6 6544/1/6 6551/1/6
f 6550/4/6 6532/4/6 6551/4/6
f 6551/1/6 6544/1/6 6552/1/6
f 6552/1/6 6544/1/6 6553/1/6
f 6541/4/6 6514/4/6 6557/4/6
f 6549/4/6 6550/4/6 6558/4/6
f 6558/4/6 6550/4/6 6559/4/6
f 6550/1/6 6551/1/6 6560/1/6
f 6551/1/6 6552/1/6 6560/1/6
f 6560/1/6 6552/1/6 6561/1/6
f 6554/1/6 6555/1/6 6562/1/6
f 6556/4/6 6557/4/6 6563/4/6
f 6557/4/6 6514/4/6 6564/4/6
f 6563/4/6 6557/4/6 6564/4/6
f 6564/4/6 6514/4/6 6565/4/6
f 6559/4/6 6550/4/6 6566/4/6
f 6566/4/6 6550/4/6 6567/4/6
f 6567/4/6 6550/4/6 6568/4/6
f 6568/4/6 6550/4/6 6569/4/6
f 6569/4/6 6550/4/6 6570/4/6
f 6570/4/6 6550/4/6 6571/4/6
f 6550/1/6 6560/1/6 6572/1/6
f 6571/4/6 6550/4/6 6572/4/6
f 6562/1/6 6563/1/6 6573/1/6
f 6563/4/6 6564/4/6 6574/4/6
f 6573/1/6 6563/1/6 6574/1/6
f 6574/4/6 6564/4/6 6575/4/6
f 6567/4/6 6568/4/6 6576/4/6
f 6576/4/6 6568/4/6 6577/4/6
f 6577/4/6 6568/4/6 6578/4/6
f 6578/4/6 6568/4/6 6579/4/6
f 6570/4/6 6571/4/6 6580/4/6
f 6580/4/6 6571/4/6 6581/4/6
f 6572/1/6 6560/1/6 6582/1/6
f 6571/1/6 6572/1/6 6582/1/6
f 6582/1/6 6560/1/6 6583/1/6
f 6554/1/6 6562/1/6 6585/1/6
f 6562/1/6 6573/1/6 6585/1/6
f 6585/1/6 6573/1/6 6586/1/6
f 6577/4/6 6578/4/6 6588/4/6
f 6588/4/6 6578/4/6 6589/4/6
f 6589/4/6 6578/4/6 6590/4/6
f 6581/4/6 6571/4/6 6591/4/6
f 6571/1/6 6582/1/6 6591/1/6
f 6591/1/6 6582/1/6 6592/1/6
f 6586/1/6 6587/1/6 6593/1/6
f 6585/1/6 6586/1/6 6593/1/6
f 6584/4/6 6585/4/6 6593/4/6
f 6593/1/6 6587/1/6 6594/1/6
f 6589/4/6 6590/4/6 6595/4/6
f 6595/4/6 6590/4/6 6596/4/6
f 6594/1/6 6587/1/6 6597/1/6
f 6593/4/6 6594/4/6 6597/4/6
f 6597/1/6 6587/1/6 6598/1/6
f 6596/4/6 6590/4/6 6599/4/6
f 6599/4/6 6590/4/6 6600/4/6
f 6600/4/6 6590/4/6 6601/4/6
f 6600/7/6 6601/7/6 6602/7/6
f 6602/7/6 6601/7/6 6603/7/6
f 6591/4/6 6592/4/6 6606/4/6
f 6581/4/6 6591/4/6 6606/4/6
f 6597/4/6 6598/4/6 6608/4/6
f 6584/4/6 6593/4/6 6608/4/6
f 6593/4/6 6597/4/6 6608/4/6
f 6603/7/6 6604/7/6 6609/7/6
f 6609/7/6 6604/7/6 6610/7/6
f 6605/4/6 6606/4/6 6613/4/6
f 6611/3/6 6612/3/6 6614/3/6
f 6612/3/6 6613/3/6 6614/3/6
f 6614/3/6 6613/3/6 6615/3/6
f 6615/3/6 6613/3/6 6617/3/6
f 6617/3/6 6613/3/6 6618/3/6
f 6613/4/6 6606/4/6 6619/4/6
f 6618/3/6 6613/3/6 6619/3/6
f 6606/4/6 6592/4/6 6620/4/6
f 6619/4/6 6606/4/6 6620/4/6
f 6620/4/6 6592/4/6 6621/4/6
f 6617/3/6 6618/3/6 6624/3/6
f 6616/3/6 6617/3/6 6624/3/6
f 6618/5/6 6619/5/6 6625/5/6
f 6619/5/6 6620/5/6 6625/5/6
f 6624/3/6 6618/3/6 6625/3/6
f 6607/4/6 6608/4/6 6626/4/6
f 6608/4/6 6598/4/6 6626/4/6
f 6626/4/6 6598/4/6 6627/4/6
f 6623/7/6 6624/7/6 6628/7/6
f 6624/4/6 6625/4/6 6629/4/6
f 6628/7/6 6624/7/6 6629/7/6
f 6625/5/6 6620/5/6 6630/5/6
f 6629/4/6 6625/4/6 6630/4/6
f 6621/4/6 6622/4/6 6631/4/6
f 6630/5/6 6620/5/6 6631/5/6
f 6620/4/6 6621/4/6 6631/4/6
f 6607/4/6 6626/4/6 6633/4/6
f 6628/4/6 6629/4/6 6635/4/6
f 6629/4/6 6630/4/6 6635/4/6
f 6630/4/6 6631/4/6 6635/4/6
f 6635/4/6 6631/4/6 6636/4/6
f 6634/4/6 6635/4/6 6637/4/6
f 6635/5/6 6636/5/6 6638/5/6
f 6637/4/6 6635/4/6 6638/4/6
f 6636/4/6 6631/4/6 6639/4/6
f 6631/4/6 6622/4/6 6640/4/6
f 6639/4/6 6631/4/6 6640/4/6
f 6640/4/6 6622/4/6 6641/4/6
f 6632/4/6 6633/4/6 6642/4/6
f 6633/4/6 6626/4/6 6642/4/6
f 6642/4/6 6626/4/6 6643/4/6
f 6632/4/6 6642/4/6 6644/4/6
f 6637/5/6 6638/5/6 6645/5/6
f 6638/5/6 6636/5/6 6646/5/6
f 6645/5/6 6638/5/6 6646/5/6
f 6639/3/6 6640/3/6 6647/3/6
f 6640/1/6 6641/1/6 6648/1/6
f 6647/3/6 6640/3/6 6648/3/6
f 6648/1/6 6641/1/6 6649/1/6
f 6644/4/6 6642/4/6 6651/4/6
f 6646/5/6 6636/5/6 6652/5/6
f 6652/5/6 6636/5/6 6653/5/6
f 6653/5/6 6636/5/6 6654/5/6
f 6636/4/6 6639/4/6 6655/4/6
f 6654/5/6 6636/5/6 6655/5/6
f 6639/3/6 6647/3/6 6656/3/6
f 6655/4/6 6639/4/6 6656/4/6
f 6648/6/6 6649/6/6 6657/6/6
f 6656/3/6 6647/3/6 6657/3/6
f 6647/6/6 6648/6/6 6657/6/6
f 6653/7/6 6654/7/6 6658/7/6
f 6654/4/6 6655/4/6 6659/4/6
f 6658/7/6 6654/7/6 6659/7/6
f 6655/4/6 6656/4/6 6659/4/6
f 6656/4/6 6657/4/6 6659/4/6
f 6659/4/6 6657/4/6 6660/4/6
f 6660/4/6 6657/4/6 6661/4/6
f 6657/6/6 6649/6/6 6662/6/6
f 6661/4/6 6657/4/6 6662/4/6
f 6662/6/6 6649/6/6 6663/6/6
f 6650/4/6 6651/4/6 6664/4/6
f 6651/4/6 6642/4/6 6664/4/6
f 6664/4/6 6642/4/6 6665/4/6
f 6659/7/6 6660/7/6 6666/7/6
f 6660/4/6 6661/4/6 6667/4/6
f 6666/7/6 6660/7/6 6667/7/6
f 6661/1/6 6662/1/6 6668/1/6
f 6667/4/6 6661/4/6 6668/4/6
f 6662/6/6 6663/6/6 6669/6/6
f 6669/6/6 6663/6/6 6670/6/6
f 6650/4/6 6664/4/6 6672/4/6
f 6664/7/6 6665/7/6 6673/7/6
f 6672/4/6 6664/4/6 6673/4/6
f 6673/7/6 6665/7/6 6674/7/6
f 6667/7/6 6668/7/6 6675/7/6
f 6668/1/6 6662/1/6 6676/1/6
f 6675/7/6 6668/7/6 6676/7/6
f 6662/6/6 6669/6/6 6677/6/6
f 6676/1/6 6662/1/6 6677/1/6
f 6671/4/6 6672/4/6 6678/4/6
f 6672/4/6 6673/4/6 6678/4/6
f 6678/4/6 6673/4/6 6679/4/6
f 6676/4/6 6677/4/6 6680/4/6
f 6677/6/6 6669/6/6 6681/6/6
f 6680/4/6 6677/4/6 6681/4/6
f 6681/6/6 6669/6/6 6682/6/6
f 6671/4/6 6678/4/6 6683/4/6
f 6683/4/6 6678/4/6 6684/4/6
f 6678/5/6 6679/5/6 6685/5/6
f 6684/4/6 6678/4/6 6685/4/6
f 6685/5/6 6679/5/6 6686/5/6
f 6686/5/6 6679/5/6 6687/5/6
f 6680/7/6 6681/7/6 6689/7/6
f 6681/1/6 6682/1/6 6690/1/6
f 6689/7/6 6681/7/6 6690/7/6
f 6690/1/6 6682/1/6 6691/1/6
f 6684/7/6 6685/7/6 6692/7/6
f 6685/5/6 6686/5/6 6693/5/6
f 6692/7/6 6685/7/6 6693/7/6
f 6693/5/6 6686/5/6 6694/5/6
f 6694/5/6 6686/5/6 6695/5/6
f 6688/7/6 6689/7/6 6697/7/6
f 6697/7/6 6689/7/6 6698/7/6
f 6698/7/6 6689/7/6 6699/7/6
f 6693/5/6 6694/5/6 6700/5/6
f 6700/5/6 6694/5/6 6701/5/6
f 6696/7/6 6697/7/6 6703/7/6
f 6697/7/6 6698/7/6 6703/7/6
f 6703/7/6 6698/7/6 6704/7/6
f 6704/7/6 6698/7/6 6705/7/6
f 6702/5/6 6703/5/6 6706/5/6
f 6703/5/6 6704/5/6 6706/5/6
f 6706/5/6 6704/5/6 6707/5/6
f 6702/5/6 6706/5/6 6709/5/6
f 6709/5/6 6706/5/6 6710/5/6
f 6708/5/6 6709/5/6 6711/5/6
f 6711/5/6 6709/5/6 6712/5/6
f 6712/5/6 6713/5/6 6714/5/6
f 6714/5/6 6713/5/6 6715/5/6
f 6716/7/6 6717/7/6 6721/7/6
f 6718/5/6 6719/5/6 6722/5/6
f 6722/5/6 6719/5/6 6723/5/6
f 6720/7/6 6721/7/6 6724/7/6
f 6721/7/6 6717/7/6 6724/7/6
f 6724/7/6 6717/7/6 6725/7/6
f 6723/5/6 6719/5/6 6726/5/6
f 6726/5/6 6719/5/6 6727/5/6
f 6720/7/6 6724/7/6 6728/7/6
f 6728/7/6 6724/7/6 6729/7/6
f 6730/1/6 6731/1/6 6736/1/6
f 6736/1/6 6731/1/6 6737/1/6
f 6732/1/6 6733/1/6 6738/1/6
f 6738/1/6 6733/1/6 6739/1/6
f 6734/1/6 6735/1/6 6743/1/6
f 6743/1/6 6735/1/6 6744/1/6
f 6739/1/6 6740/1/6 6745/1/6
f 6745/1/6 6740/1/6 6746/1/6
f 6741/1/6 6742/1/6 6752/1/6
f 6752/1/6 6742/1/6 6753/1/6
f 6746/1/6 6747/1/6 6754/1/6
f 6754/1/6 6747/1/6 6755/1/6
f 6748/1/6 6749/1/6 6758/1/6
f 6758/1/6 6749/1/6 6759/1/6
f 6750/1/6 6751/1/6 6763/1/6
f 6763/1/6 6751/1/6 6764/1/6
f 6755/1/6 6756/1/6 6765/1/6
f 6765/1/6 6756/1/6 6766/1/6
f 6759/1/6 6760/1/6 6767/1/6
f 6758/1/6 6759/1/6 6767/1/6
f 6757/1/6 6758/1/6 6767/1/6
f 6761/1/6 6762/1/6 6769/1/6
f 6769/1/6 6762/1/6 6770/1/6
f 6766/1/6 6767/1/6 6771/1/6
f 6767/1/6 6760/1/6 6772/1/6
f 6771/1/6 6767/1/6 6772/1/6
f 6772/1/6 6760/1/6 6773/1/6
f 6773/1/6 6760/1/6 6774/1/6
f 6774/1/6 6760/1/6 6775/1/6
f 6768/1/6 6769/1/6 6777/1/6
f 6777/1/6 6769/1/6 6778/1/6
f 6773/1/6 6774/1/6 6779/1/6
f 6779/1/6 6774/1/6 6780/1/6
f 6776/1/6 6777/1/6 6784/1/6
f 6784/1/6 6777/1/6 6785/1/6
f 6781/7/6 6782/7/6 6789/7/6
f 6789/7/6 6782/7/6 6790/7/6
f 6782/5/6 6783/5/6 6791/5/6
f 6790/7/6 6782/7/6 6791/7/6
f 6791/5/6 6783/5/6 6792/5/6
f 6786/1/6 6787/1/6 6796/1/6
f 6796/1/6 6787/1/6 6797/1/6
f 6788/5/6 6789/5/6 6798/5/6
f 6789/7/6 6790/7/6 6799/7/6
f 6798/5/6 6789/5/6 6799/5/6
f 6799/7/6 6790/7/6 6800/7/6
f 6791/7/6 6792/7/6 6801/7/6
f 6792/5/6 6793/5/6 6802/5/6
f 6801/7/6 6792/7/6 6802/7/6
f 6794/1/6 6795/1/6 6803/1/6
f 6803/1/6 6795/1/6 6804/1/6
f 6798/7/6 6799/7/6 6805/7/6
f 6802/5/6 6793/5/6 6808/5/6
f 6805/7/6 6806/7/6 6811/7/6
f 6798/7/6 6805/7/6 6811/7/6
f 6811/7/6 6806/7/6 6812/7/6
f 6812/7/6 6806/7/6 6813/7/6
f 6807/5/6 6808/5/6 6815/5/6
f 6808/5/6 6793/5/6 6816/5/6
f 6815/5/6 6808/5/6 6816/5/6
f 6816/5/6 6793/5/6 6817/5/6
f 6809/1/6 6810/1/6 6818/1/6
f 6818/1/6 6810/1/6 6819/1/6
f 6813/7/6 6814/7/6 6820/7/6
f 6812/7/6 6813/7/6 6820/7/6
f 6814/5/6 6815/5/6 6821/5/6
f 6820/7/6 6814/7/6 6821/7/6
f 6815/5/6 6816/5/6 6821/5/6
f 6821/5/6 6816/5/6 6822/5/6
f 6823/1/6 6824/1/6 6825/1/6
f 6825/1/6 6824/1/6 6826/1/6
f 6827/1/6 6828/1/6 6829/1/6
f 6829/1/6 6828/1/6 6830/1/6
f 6831/1/6 6832/1/6 6833/1/6
f 6833/1/6 6832/1/6 6834/1/6
f 6835/1/6 6836/1/6 6840/1/6
f 6840/1/6 6836/1/6 6841/1/6
f 6837/6/6 6838/6/6 6842/6/6
f 6842/6/6 6838/6/6 6843/6/6
f 6839/1/6 6840/1/6 6844/1/6
f 6844/1/6 6840/1/6 6845/1/6
f 6846/7/6 6847/7/6 6848/7/6
f 6848/7/6 6847/7/6 6849/7/6
f 6849/7/6 6850/7/6 6851/7/6
f 6851/7/6 6850/7/6 6852/7/6
f 6853/5/6 6854/5/6 6858/5/6
f 6858/5/6 6854/5/6 6859/5/6
f 6855/7/6 6856/7/6 6860/7/6
f 6860/7/6 6856/7/6 6861/7/6
f 6857/5/6 6858/5/6 6862/5/6
f 6862/5/6 6858/5/6 6863/5/6
f 6864/7/6 6865/7/6 6866/7/6
f 6866/7/6 6865/7/6 6867/7/6
f 6868/5/6 6869/5/6 6872/5/6
f 6872/5/6 6869/5/6 6873/5/6
f 6870/7/6 6871/7/6 6874/7/6
f 6874/7/6 6871/7/6 6875/7/6
f 6876/5/6 6877/5/6 6878/5/6
f 6878/5/6 6877/5/6 6879/5/6
f 6880/5/6 6881/5/6 6884/5/6
f 6884/5/6 6881/5/6 6885/5/6
f 6882/7/6 6883/7/6 6887/7/6
f 6887/7/6 6883/7/6 6888/7/6
f 6886/7/6 6887/7/6 6892/7/6
f 6892/7/6 6887/7/6 6893/7/6
f 6889/5/6 6890/5/6 6894/5/6
f 6894/5/6 6890/5/6 6895/5/6
f 6891/7/6 6892/7/6 6897/7/6
f 6897/7/6 6892/7/6 6898/7/6
f 6895/5/6 6896/5/6 6899/5/6
f 6899/5/6 6896/5/6 6900/5/6
f 6900/5/6 6901/5/6 6906/5/6
f 6906/5/6 6901/5/6 6907/5/6
f 6902/5/6 6903/5/6 6908/5/6
f 6908/5/6 6903/5/6 6909/5/6
f 6904/7/6 6905/7/6 6910/7/6
f 6910/7/6 6905/7/6 6911/7/6
f 6912/5/6 6913/5/6 6916/5/6
f 6916/5/6 6913/5/6 6917/5/6
f 6914/7/6 6915/7/6 6918/7/6
f 6918/7/6 6915/7/6 6919/7/6
f 6920/1/6 6921/1/6 6923/1/6
f 6923/1/6 6921/1/6 6924/1/6
f 6922/1/6 6923/1/6 6927/1/6
f 6927/1/6 6923/1/6 6928/1/6
f 6924/1/6 6925/1/6 6929/1/6
f 6929/1/6 6925/1/6 6930/1/6
f 6926/1/6 6927/1/6 6933/1/6
f 6933/1/6 6927/1/6 6934/1/6
f 6930/1/6 6931/1/6 6935/1/6
f 6935/1/6 6931/1/6 6936/1/6
f 6932/1/6 6933/1/6 6939/1/6
f 6939/1/6 6933/1/6 6940/1/6
f 6936/1/6 6937/1/6 6941/1/6
f 6941/1/6 6937/1/6 6942/1/6
f 6938/1/6 6939/1/6 6945/1/6
f 6945/1/6 6939/1/6 6946/1/6
f 6946/1/6 6939/1/6 6947/1/6
f 6942/1/6 6943/1/6 6948/1/6
f 6948/1/6 6943/1/6 6949/1/6
f 6944/1/6 6945/1/6 6952/1/6
f 6952/1/6 6945/1/6 6953/1/6
f 6949/1/6 6950/1/6 6954/1/6
f 6951/1/6 6952/1/6 6956/1/6
f 6956/1/6 6952/1/6 6957/1/6
f 6954/1/6 6950/1/6 6959/1/6
f 6959/1/6 6950/1/6 6960/1/6
f 6955/1/6 6956/1/6 6963/1/6
f 6961/7/6 6962/7/6 6965/7/6
f 6965/7/6 6962/7/6 6966/7/6
f 6955/1/6 6963/1/6 6969/1/6
f 6969/1/6 6963/1/6 6970/1/6
f 6968/1/6 6969/1/6 6971/1/6
f 6966/7/6 6967/7/6 6972/7/6
f 6964/7/6 6965/7/6 6972/7/6
f 6965/7/6 6966/7/6 6972/7/6
f 6972/7/6 6967/7/6 6973/7/6
f 6973/7/6 6967/7/6 6974/7/6
f 6974/7/6 6967/7/6 6975/7/6
f 6958/1/6 6959/1/6 6977/1/6
f 6977/1/6 6959/1/6 6978/1/6
f 6973/7/6 6974/7/6 6979/7/6
f 6979/7/6 6974/7/6 6980/7/6
f 6968/1/6 6971/1/6 6981/1/6
f 6968/1/6 6981/1/6 6982/1/6
f 6982/1/6 6981/1/6 6983/1/6
f 6976/1/6 6977/1/6 6985/1/6
f 6983/5/6 6984/5/6 6986/5/6
f 6986/5/6 6984/5/6 6987/5/6
f 6986/1/6 6987/1/6 6988/1/6
f 6985/1/6 6977/1/6 6989/1/6
f 6986/1/6 6988/1/6 6990/1/6
f 6989/1/6 6977/1/6 6992/1/6
f 6992/1/6 6977/1/6 6993/1/6
f 6986/1/6 6990/1/6 6994/1/6
f 6991/3/6 6992/3/6 6995/3/6
f 6995/3/6 6992/3/6 6997/3/6
f 6997/3/6 6992/3/6 6998/3/6
f 6996/1/6 6997/1/6 6999/1/6
f 6986/1/6 6994/1/6 7000/1/6
f 7000/1/6 6994/1/6 7001/1/6
f 6999/1/6 6997/1/6 7003/1/6
f 7003/1/6 6997/1/6 7004/1/6
f 7000/6/6 7001/6/6 7005/6/6
f 7005/6/6 7001/6/6 7006/6/6
f 7002/1/6 7003/1/6 7007/1/6
f 7007/1/6 7003/1/6 7008/1/6
f 7005/5/6 7006/5/6 7010/5/6
f 7010/5/6 7006/5/6 7011/5/6
f 7009/6/6 7010/6/6 7012/6/6
f 7012/6/6 7010/6/6 7013/6/6
f 7014/7/6 7015/7/6 7016/7/6
f 7016/7/6 7015/7/6 7017/7/6
f 7017/7/6 7018/7/6 7021/7/6
f 7021/7/6 7018/7/6 7022/7/6
f 7019/5/6 7020/5/6 7025/5/6
f 7025/5/6 7020/5/6 7026/5/6
f 7027/5/6 7028/5/6 7029/5/6
f 7029/5/6 7028/5/6 7030/5/6
f 7022/7/6 7023/7/6 7031/7/6
f 7031/7/6 7023/7/6 7032/7/6
f 7024/5/6 7025/5/6 7034/5/6
f 7034/5/6 7025/5/6 7035/5/6
f 7032/7/6 7033/7/6 7038/7/6
f 7038/7/6 7033/7/6 7039/7/6
f 7035/5/6 7036/5/6 7040/5/6
f 7040/5/6 7036/5/6 7041/5/6
f 7041/5/6 7042/5/6 7043/5/6
f 7043/5/6 7042/5/6 7044/5/6
f 7037/7/6 7038/7/6 7047/7/6
f 7047/7/6 7038/7/6 7048/7/6
f 7046/7/6 7047/7/6 7050/7/6
f 7050/7/6 7047/7/6 7051/7/6
f 7044/5/6 7045/5/6 7052/5/6
f 7052/5/6 7045/5/6 7053/5/6
f 7049/7/6 7050/7/6 7056/7/6
f 7056/7/6 7050/7/6 7057/7/6
f 7053/5/6 7054/5/6 7058/5/6
f 7058/5/6 7054/5/6 7059/5/6
f 7055/7/6 7056/7/6 7061/7/6
f 7061/7/6 7056/7/6 7062/7/6
f 7059/5/6 7060/5/6 7063/5/6
f 7063/5/6 7060/5/6 7064/5/6
f 7055/7/6 7061/7/6 7069/7/6
f 7069/7/6 7061/7/6 7070/7/6
f 7064/5/6 7065/5/6 7071/5/6
f 7071/5/6 7065/5/6 7072/5/6
f 7066/5/6 7067/5/6 7073/5/6
f 7066/5/6 7073/5/6 7074/5/6
f 7074/5/6 7073/5/6 7075/5/6
f 7068/7/6 7069/7/6 7077/7/6
f 7077/7/6 7069/7/6 7078/7/6
f 7076/7/6 7077/7/6 7079/7/6
f 7079/7/6 7077/7/6 7080/7/6
f 7081/1/6 7082/1/6 7084/1/6
f 7084/1/6 7082/1/6 7085/1/6
f 7085/1/6 7082/1/6 7086/1/6
f 7083/4/6 7084/4/6 7089/4/6
f 7084/4/6 7085/4/6 7089/4/6
f 7086/1/6 7087/1/6 7090/1/6
f 7085/1/6 7086/1/6 7090/1/6
f 7089/4/6 7085/4/6 7090/4/6
f 7090/1/6 7087/1/6 7091/1/6
f 7088/4/6 7089/4/6 7094/4/6
f 7091/4/6 7092/4/6 7094/4/6
f 7090/4/6 7091/4/6 7094/4/6
f 7089/4/6 7090/4/6 7094/4/6
f 7094/4/6 7092/4/6 7095/4/6
f 7093/4/6 7094/4/6 7099/4/6
f 7094/4/6 7095/4/6 7099/4/6
f 7095/4/6 7096/4/6 7099/4/6
f 7099/4/6 7096/4/6 7100/4/6
f 7100/4/6 7096/4/6 7101/4/6
f 7101/4/6 7096/4/6 7102/4/6
f 7097/1/6 7098/1/6 7105/1/6
f 7098/4/6 7099/4/6 7106/4/6
f 7099/4/6 7100/4/6 7106/4/6
f 7105/1/6 7098/1/6 7106/1/6
f 7106/4/6 7100/4/6 7107/4/6
f 7107/4/6 7100/4/6 7108/4/6
f 7101/4/6 7102/4/6 7109/4/6
f 7109/4/6 7102/4/6 7110/4/6
f 7102/1/6 7103/1/6 7111/1/6
f 7110/4/6 7102/4/6 7111/4/6
f 7111/1/6 7103/1/6 7112/1/6
f 7104/1/6 7105/1/6 7114/1/6
f 7105/4/6 7106/4/6 7115/4/6
f 7106/4/6 7107/4/6 7115/4/6
f 7114/1/6 7105/1/6 7115/1/6
f 7108/4/6 7100/4/6 7116/4/6
f 7100/5/6 7101/5/6 7117/5/6
f 7116/4/6 7100/4/6 7117/4/6
f 7101/4/6 7109/4/6 7118/4/6
f 7109/5/6 7110/5/6 7119/5/6
f 7118/4/6 7109/4/6 7119/4/6
f 7110/4/6 7111/4/6 7120/4/6
f 7111/4/6 7112/4/6 7120/4/6
f 7120/4/6 7112/4/6 7121/4/6
f 7113/1/6 7114/1/6 7122/1/6
f 7114/4/6 7115/4/6 7123/4/6
f 7122/1/6 7114/1/6 7123/1/6
f 7116/6/6 7117/6/6 7124/6/6
f 7117/5/6 7101/5/6 7125/5/6
f 7124/6/6 7117/6/6 7125/6/6
f 7101/4/6 7118/4/6 7126/4/6
f 7125/5/6 7101/5/6 7126/5/6
f 7126/4/6 7118/4/6 7127/4/6
f 7118/6/6 7119/6/6 7128/6/6
f 7127/4/6 7118/4/6 7128/4/6
f 7119/5/6 7110/5/6 7129/5/6
f 7128/6/6 7119/6/6 7129/6/6
f 7110/4/6 7120/4/6 7130/4/6
f 7129/5/6 7110/5/6 7130/5/6
f 7130/4/6 7120/4/6 7131/4/6
f 7131/4/6 7120/4/6 7132/4/6
f 7122/4/6 7123/4/6 7134/4/6
f 7115/4/6 7107/4/6 7135/4/6
f 7107/3/6 7108/3/6 7135/3/6
f 7134/4/6 7123/4/6 7135/4/6
f 7123/4/6 7115/4/6 7135/4/6
f 7108/4/6 7116/4/6 7136/4/6
f 7135/3/6 7108/3/6 7136/3/6
f 7136/4/6 7116/4/6 7137/4/6
f 7116/6/6 7124/6/6 7138/6/6
f 7137/4/6 7116/4/6 7138/4/6
f 7138/6/6 7124/6/6 7139/6/6
f 7132/4/6 7120/4/6 7140/4/6
f 7140/4/6 7120/4/6 7141/4/6
f 7133/1/6 7134/1/6 7142/1/6
f 7134/4/6 7135/4/6 7143/4/6
f 7142/1/6 7134/1/6 7143/1/6
f 7136/4/6 7137/4/6 7143/4/6
f 7135/4/6 7136/4/6 7143/4/6
f 7143/4/6 7137/4/6 7144/4/6
f 7144/4/6 7137/4/6 7145/4/6
f 7145/4/6 7137/4/6 7146/4/6
f 7146/4/6 7137/4/6 7147/4/6
f 7147/4/6 7137/4/6 7148/4/6
f 7141/4/6 7120/4/6 7149/4/6
f 7149/4/6 7120/4/6 7150/4/6
f 7145/4/6 7146/4/6 7151/4/6
f 7151/4/6 7146/4/6 7152/4/6
f 7150/4/6 7120/4/6 7153/4/6
f 7149/1/6 7150/1/6 7153/1/6
f 7153/4/6 7120/4/6 7154/4/6
f 7142/3/6 7143/3/6 7155/3/6
f 7143/3/6 7144/3/6 7155/3/6
f 7144/5/6 7145/5/6 7156/5/6
f 7155/3/6 7144/3/6 7156/3/6
f 7145/4/6 7151/4/6 7157/4/6
f 7156/5/6 7145/5/6 7157/5/6
f 7157/4/6 7151/4/6 7158/4/6
f 7158/4/6 7151/4/6 7159/4/6
f 7159/4/6 7151/4/6 7160/4/6
f 7160/4/6 7151/4/6 7161/4/6
f 7142/3/6 7155/3/6 7162/3/6
f 7155/5/6 7156/5/6 7163/5/6
f 7162/3/6 7155/3/6 7163/3/6
f 7156/5/6 7157/5/6 7163/5/6
f 7157/3/6 7158/3/6 7164/3/6
f 7163/5/6 7157/5/6 7164/5/6
f 7158/6/6 7159/6/6 7165/6/6
f 7164/3/6 7158/3/6 7165/3/6
f 7165/6/6 7159/6/6 7166/6/6
f 7163/5/6 7164/5/6 7167/5/6
f 7162/5/6 7163/5/6 7167/5/6
f 7167/5/6 7164/5/6 7168/5/6
f 7168/5/6 7164/5/6 7169/5/6
f 7169/5/6 7164/5/6 7170/5/6
f 7164/6/6 7165/6/6 7171/6/6
f 7170/5/6 7164/5/6 7171/5/6
f 7171/6/6 7165/6/6 7172/6/6
f 7149/1/6 7153/1/6 7173/1/6
f 7173/1/6 7153/1/6 7174/1/6
f 7168/5/6 7169/5/6 7175/5/6
f 7169/3/6 7170/3/6 7176/3/6
f 7175/5/6 7169/5/6 7176/5/6
f 7170/6/6 7171/6/6 7177/6/6
f 7176/3/6 7170/3/6 7177/3/6
f 7177/6/6 7171/6/6 7178/6/6
f 7168/5/6 7175/5/6 7179/5/6
f 7179/5/6 7175/5/6 7180/5/6
f 7175/3/6 7176/3/6 7181/3/6
f 7180/5/6 7175/5/6 7181/5/6
f 7176/3/6 7177/3/6 7181/3/6
f 7177/3/6 7178/3/6 7181/3/6
f 7181/3/6 7178/3/6 7182/3/6
f 7182/3/6 7178/3/6 7183/3/6
f 7173/4/6 7174/4/6 7185/4/6
f 7185/4/6 7174/4/6 7186/4/6
f 7179/1/6 7180/1/6 7187/1/6
f 7180/4/6 7181/4/6 7188/4/6
f 7187/1/6 7180/1/6 7188/1/6
f 7181/3/6 7182/3/6 7189/3/6
f 7188/4/6 7181/4/6 7189/4/6
f 7189/3/6 7182/3/6 7190/3/6
f 7185/3/6 7186/3/6 7192/3/6
f 7184/3/6 7185/3/6 7192/3/6
f 7192/3/6 7186/3/6 7193/3/6
f 7193/3/6 7186/3/6 7194/3/6
f 7187/6/6 7188/6/6 7195/6/6
f 7190/3/6 7182/3/6 7195/3/6
f 7189/6/6 7190/6/6 7195/6/6
f 7188/6/6 7189/6/6 7195/6/6
f 7195/3/6 7182/3/6 7196/3/6
f 7192/3/6 7193/3/6 7198/3/6
f 7191/3/6 7192/3/6 7198/3/6
f 7198/3/6 7193/3/6 7199/3/6
f 7197/6/6 7198/6/6 7201/6/6
f 7198/6/6 7199/6/6 7201/6/6
f 7187/6/6 7195/6/6 7202/6/6
f 7202/6/6 7195/6/6 7203/6/6
f 7203/6/6 7195/6/6 7204/6/6
f 7195/4/6 7196/4/6 7205/4/6
f 7204/6/6 7195/6/6 7205/6/6
f 7205/4/6 7196/4/6 7206/4/6
f 7200/6/6 7201/6/6 7208/6/6
f 7199/3/6 7193/3/6 7209/3/6
f 7201/6/6 7199/6/6 7209/6/6
f 7208/6/6 7201/6/6 7209/6/6
f 7209/3/6 7193/3/6 7210/3/6
f 7203/4/6 7204/4/6 7211/4/6
f 7205/3/6 7206/3/6 7211/3/6
f 7204/3/6 7205/3/6 7211/3/6
f 7211/3/6 7206/3/6 7212/3/6
f 7207/3/6 7208/3/6 7213/3/6
f 7209/4/6 7210/4/6 7214/4/6
f 7208/6/6 7209/6/6 7214/6/6
f 7214/4/6 7210/4/6 7215/4/6
f 7213/3/6 7208/3/6 7217/3/6
f 7208/6/6 7214/6/6 7218/6/6
f 7217/3/6 7208/3/6 7218/3/6
f 7218/6/6 7214/6/6 7219/6/6
f 7219/6/6 7214/6/6 7220/6/6
f 7202/1/6 7203/1/6 7221/1/6
f 7203/4/6 7211/4/6 7221/4/6
f 7211/5/6 7212/5/6 7222/5/6
f 7221/4/6 7211/4/6 7222/4/6
f 7216/3/6 7217/3/6 7223/3/6
f 7217/3/6 7218/3/6 7223/3/6
f 7218/3/6 7219/3/6 7223/3/6
f 7223/3/6 7219/3/6 7224/3/6
f 7219/4/6 7220/4/6 7225/4/6
f 7224/3/6 7219/3/6 7225/3/6
f 7202/1/6 7221/1/6 7226/1/6
f 7221/6/6 7222/6/6 7227/6/6
f 7226/1/6 7221/1/6 7227/1/6
f 7222/5/6 7212/5/6 7228/5/6
f 7227/6/6 7222/6/6 7228/6/6
f 7228/5/6 7212/5/6 7229/5/6
f 7229/5/6 7212/5/6 7230/5/6
f 7223/1/6 7224/1/6 7231/1/6
f 7224/4/6 7225/4/6 7232/4/6
f 7231/1/6 7224/1/6 7232/1/6
f 7232/4/6 7225/4/6 7233/4/6
f 7225/4/6 7220/4/6 7234/4/6
f 7233/4/6 7225/4/6 7234/4/6
f 7234/4/6 7220/4/6 7235/4/6
f 7235/4/6 7220/4/6 7236/4/6
f 7226/5/6 7227/5/6 7237/5/6
f 7228/5/6 7229/5/6 7237/5/6
f 7227/5/6 7228/5/6 7237/5/6
f 7237/5/6 7229/5/6 7238/5/6
f 7234/7/6 7235/7/6 7239/7/6
f 7239/7/6 7235/7/6 7240/7/6
f 7226/5/6 7237/5/6 7241/5/6
f 7241/5/6 7237/5/6 7242/5/6
f 7243/7/6 7244/7/6 7245/7/6
f 7245/7/6 7244/7/6 7246/7/6
f 7246/7/6 7247/7/6 7250/7/6
f 7250/7/6 7247/7/6 7251/7/6
f 7248/5/6 7249/5/6 7253/5/6
f 7253/5/6 7249/5/6 7254/5/6
f 7252/5/6 7253/5/6 7255/5/6
f 7255/5/6 7253/5/6 7256/5/6
f 7257/5/6 7258/5/6 7262/5/6
f 7262/5/6 7258/5/6 7263/5/6
f 7259/5/6 7260/5/6 7268/5/6
f 7260/7/6 7261/7/6 7269/7/6
f 7268/5/6 7260/5/6 7269/5/6
f 7263/5/6 7264/5/6 7270/5/6
f 7270/5/6 7264/5/6 7271/5/6
f 7265/5/6 7266/5/6 7274/5/6
f 7274/5/6 7266/5/6 7275/5/6
f 7266/7/6 7267/7/6 7276/7/6
f 7275/5/6 7266/5/6 7276/5/6
f 7267/5/6 7268/5/6 7277/5/6
f 7276/7/6 7267/7/6 7277/7/6
f 7268/7/6 7269/7/6 7278/7/6
f 7277/5/6 7268/5/6 7278/5/6
f 7269/7/6 7261/7/6 7279/7/6
f 7278/7/6 7269/7/6 7279/7/6
f 7279/7/6 7261/7/6 7280/7/6
f 7272/5/6 7273/5/6 7281/5/6
f 7281/5/6 7273/5/6 7282/5/6
f 7274/5/6 7275/5/6 7283/5/6
f 7275/7/6 7276/7/6 7284/7/6
f 7283/5/6 7275/5/6 7284/5/6
f 7277/7/6 7278/7/6 7284/7/6
f 7276/7/6 7277/7/6 7284/7/6
f 7278/7/6 7279/7/6 7284/7/6
f 7284/7/6 7279/7/6 7285/7/6
f 7282/5/6 7273/5/6 7286/5/6
f 7281/7/6 7282/7/6 7286/7/6
f 7286/5/6 7273/5/6 7287/5/6
f 7285/7/6 7279/7/6 7288/7/6
f 7288/7/6 7279/7/6 7289/7/6
f 7289/7/6 7279/7/6 7290/7/6
f 7290/7/6 7279/7/6 7291/7/6
f 7281/7/6 7286/7/6 7292/7/6
f 7292/7/6 7286/7/6 7293/7/6
f 7289/7/6 7290/7/6 7294/7/6
f 7294/7/6 7290/7/6 7295/7/6
f 7296/5/6 7297/5/6 7302/5/6
f 7302/5/6 7297/5/6 7303/5/6
f 7298/1/6 7299/1/6 7304/1/6
f 7304/1/6 7299/1/6 7305/1/6
f 7300/6/6 7301/6/6 7309/6/6
f 7309/6/6 7301/6/6 7310/6/6
f 7305/1/6 7306/1/6 7311/1/6
f 7311/1/6 7306/1/6 7312/1/6
f 7307/1/6 7308/1/6 7314/1/6
f 7314/1/6 7308/1/6 7315/1/6
f 7313/1/6 7314/1/6 7318/1/6
f 7318/1/6 7314/1/6 7319/1/6
f 7316/6/6 7317/6/6 7323/6/6
f 7323/6/6 7317/6/6 7324/6/6
f 7320/1/6 7321/1/6 7325/1/6
f 7325/1/6 7321/1/6 7326/1/6
f 7322/6/6 7323/6/6 7328/6/6
f 7328/6/6 7323/6/6 7329/6/6
f 7327/6/6 7328/6/6 7330/6/6
f 7330/6/6 7328/6/6 7331/6/6
f 7332/1/6 7333/1/6 7337/1/6
f 7337/1/6 7333/1/6 7338/1/6
f 7334/3/6 7335/3/6 7339/3/6
f 7339/3/6 7335/3/6 7340/3/6
f 7336/1/6 7337/1/6 7342/1/6
f 7342/1/6 7337/1/6 7343/1/6
f 7341/1/6 7342/1/6 7345/1/6
f 7345/1/6 7342/1/6 7346/1/6
f 7344/1/6 7345/1/6 7348/1/6
f 7348/1/6 7345/1/6 7349/1/6
f 7347/6/6 7348/6/6 7350/6/6
f 7350/6/6 7348/6/6 7351/6/6
f 7352/3/6 7353/3/6 7354/3/6
f 7354/3/6 7353/3/6 7355/3/6
f 7356/7/6 7357/7/6 7358/7/6
f 7358/7/6 7357/7/6 7359/7/6
f 7359/7/6 7360/7/6 7363/7/6
f 7363/7/6 7360/7/6 7364/7/6
f 7361/5/6 7362/5/6 7367/5/6
f 7367/5/6 7362/5/6 7368/5/6
f 7365/6/6 7366/6/6 7372/6/6
f 7372/6/6 7366/6/6 7373/6/6
f 7369/7/6 7370/7/6 7374/7/6
f 7374/7/6 7370/7/6 7375/7/6
f 7371/5/6 7372/5/6 7377/5/6
f 7377/5/6 7372/5/6 7378/5/6
f 7376/5/6 7377/5/6 7379/5/6
f 7379/5/6 7377/5/6 7380/5/6
f 7381/5/6 7382/5/6 7385/5/6
f 7385/5/6 7382/5/6 7386/5/6
f 7383/5/6 7384/5/6 7390/5/6
f 7390/5/6 7384/5/6 7391/5/6
f 7386/5/6 7387/5/6 7392/5/6
f 7392/5/6 7387/5/6 7393/5/6
f 7388/5/6 7389/5/6 7394/5/6
f 7394/5/6 7389/5/6 7395/5/6
f 7396/7/6 7397/7/6 7402/7/6
f 7402/7/6 7397/7/6 7403/7/6
f 7398/7/6 7399/7/6 7405/7/6
f 7399/5/6 7400/5/6 7406/5/6
f 7405/7/6 7399/7/6 7406/7/6
f 7406/5/6 7400/5/6 7407/5/6
f 7403/7/6 7404/7/6 7408/7/6
f 7401/7/6 7402/7/6 7408/7/6
f 7402/7/6 7403/7/6 7408/7/6
f 7408/7/6 7404/7/6 7409/7/6
f 7410/5/6 7411/5/6 7418/5/6
f 7411/4/6 7412/4/6 7419/4/6
f 7418/5/6 7411/5/6 7419/5/6
f 7412/6/6 7413/6/6 7420/6/6
f 7419/4/6 7412/4/6 7420/4/6
f 7413/5/6 7414/5/6 7421/5/6
f 7420/6/6 7413/6/6 7421/6/6
f 7421/5/6 7414/5/6 7422/5/6
f 7422/5/6 7414/5/6 7423/5/6
f 7414/6/6 7415/6/6 7424/6/6
f 7423/5/6 7414/5/6 7424/5/6
f 7424/6/6 7415/6/6 7425/6/6
f 7416/6/6 7417/6/6 7429/6/6
f 7417/5/6 7418/5/6 7430/5/6
f 7429/6/6 7417/6/6 7430/6/6
f 7430/5/6 7418/5/6 7431/5/6
f 7425/6/6 7426/6/6 7432/6/6
f 7432/6/6 7426/6/6 7433/6/6
f 7427/6/6 7428/6/6 7436/6/6
f 7428/5/6 7429/5/6 7437/5/6
f 7436/6/6 7428/6/6 7437/6/6
f 7437/5/6 7429/5/6 7438/5/6
f 7435/5/6 7436/5/6 7441/5/6
f 7441/5/6 7436/5/6 7442/5/6
f 7433/6/6 7434/6/6 7444/6/6
f 7444/6/6 7434/6/6 7445/6/6
f 7439/6/6 7440/6/6 7447/6/6
f 7440/5/6 7441/5/6 7448/5/6
f 7447/6/6 7440/6/6 7448/6/6
f 7448/5/6 7441/5/6 7449/5/6
f 7443/6/6 7444/6/6 7450/6/6
f 7450/6/6 7444/6/6 7451/6/6
f 7446/6/6 7447/6/6 7454/6/6
f 7454/6/6 7447/6/6 7455/6/6
f 7451/3/6 7452/3/6 7456/3/6
f 7456/3/6 7452/3/6 7457/3/6
f 7453/5/6 7454/5/6 7459/5/6
f 7459/5/6 7454/5/6 7460/5/6
f 7456/1/6 7457/1/6 7462/1/6
f 7462/1/6 7457/1/6 7463/1/6
f 7458/5/6 7459/5/6 7464/5/6
f 7464/5/6 7459/5/6 7465/5/6
f 7461/1/6 7462/1/6 7467/1/6
f 7467/1/6 7462/1/6 7468/1/6
f 7464/6/6 7465/6/6 7470/6/6
f 7470/6/6 7465/6/6 7471/6/6
f 7466/6/6 7467/6/6 7473/6/6
f 7473/6/6 7467/6/6 7474/6/6
f 7469/6/6 7470/6/6 7475/6/6
f 7475/6/6 7470/6/6 7476/6/6
f 7472/6/6 7473/6/6 7478/6/6
f 7478/6/6 7473/6/6 7479/6/6
f 7475/5/6 7476/5/6 7480/5/6
f 7477/6/6 7478/6/6 7482/6/6
f 7482/6/6 7478/6/6 7483/6/6
f 7481/5/6 7482/5/6 7484/5/6
f 7484/5/6 7482/5/6 7485/5/6
f 7484/6/6 7485/6/6 7487/6/6
f 7487/6/6 7485/6/6 7488/6/6
f 7486/1/6 7487/1/6 7489/1/6
f 7489/1/6 7487/1/6 7490/1/6
f 7475/5/6 7480/5/6 7491/5/6
f 7489/3/6 7490/3/6 7492/3/6
f 7492/3/6 7490/3/6 7493/3/6
f 7475/5/6 7491/5/6 7494/5/6
f 7494/5/6 7491/5/6 7495/5/6
f 7496/3/6 7497/3/6 7498/3/6
f 7498/3/6 7497/3/6 7499/3/6
f 7499/7/6 7500/7/6 7503/7/6
f 7503/7/6 7500/7/6 7504/7/6
f 7501/5/6 7502/5/6 7507/5/6
f 7507/5/6 7502/5/6 7508/5/6
f 7505/6/6 7506/6/6 7510/6/6
f 7506/5/6 7507/5/6 7511/5/6
f 7510/6/6 7506/6/6 7511/6/6
f 7511/5/6 7507/5/6 7512/5/6
f 7509/6/6 7510/6/6 7514/6/6
f 7514/6/6 7510/6/6 7515/6/6
f 7513/7/6 7514/7/6 7516/7/6
f 7516/7/6 7514/7/6 7517/7/6
f 7518/5/6 7519/5/6 7522/5/6
f 7522/5/6 7519/5/6 7523/5/6
f 7520/5/6 7521/5/6 7525/5/6
f 7525/5/6 7521/5/6 7526/5/6
f 7526/5/6 7521/5/6 7527/5/6
f 7527/5/6 7521/5/6 7528/5/6
f 7523/5/6 7524/5/6 7529/5/6
f 7529/5/6 7524/5/6 7530/5/6
f 7530/5/6 7524/5/6 7531/5/6
f 7531/5/6 7524/5/6 7532/5/6
f 7526/5/6 7527/5/6 7533/5/6
f 7533/5/6 7527/5/6 7534/5/6
f 7534/7/6 7535/7/6 7536/7/6
f 7530/5/6 7531/5/6 7537/5/6
f 7537/5/6 7531/5/6 7538/5/6
f 7536/7/6 7535/7/6 7541/7/6
f 7541/7/6 7535/7/6 7542/7/6
f 7538/5/6 7539/5/6 7543/5/6
f 7543/5/6 7539/5/6 7544/5/6
f 7540/7/6 7541/7/6 7545/7/6
f 7545/7/6 7541/7/6 7546/7/6
f 7547/5/6 7548/5/6 7554/5/6
f 7548/4/6 7549/4/6 7555/4/6
f 7554/5/6 7548/5/6 7555/5/6
f 7549/6/6 7550/6/6 7556/6/6
f 7555/4/6 7549/4/6 7556/4/6
f 7550/5/6 7551/5/6 7557/5/6
f 7556/6/6 7550/6/6 7557/6/6
f 7551/6/6 7552/6/6 7558/6/6
f 7557/5/6 7551/5/6 7558/5/6
f 7558/6/6 7552/6/6 7559/6/6
f 7559/6/6 7552/6/6 7560/6/6
f 7556/5/6 7557/5/6 7563/5/6
f 7553/5/6 7554/5/6 7563/5/6
f 7554/5/6 7555/5/6 7563/5/6
f 7558/5/6 7559/5/6 7563/5/6
f 7557/5/6 7558/5/6 7563/5/6
f 7555/5/6 7556/5/6 7563/5/6
f 7562/5/6 7563/5/6 7565/5/6
f 7560/6/6 7561/6/6 7566/6/6
f 7559/6/6 7560/6/6 7566/6/6
f 7566/6/6 7561/6/6 7567/6/6
f 7564/5/6 7565/5/6 7570/5/6
f 7565/5/6 7563/5/6 7571/5/6
f 7563/5/6 7559/5/6 7571/5/6
f 7570/5/6 7565/5/6 7571/5/6
f 7571/5/6 7559/5/6 7572/5/6
f 7572/5/6 7559/5/6 7573/5/6
f 7573/5/6 7559/5/6 7574/5/6
f 7559/6/6 7566/6/6 7575/6/6
f 7574/5/6 7559/5/6 7575/5/6
f 7575/6/6 7566/6/6 7576/6/6
f 7568/6/6 7569/6/6 7579/6/6
f 7569/5/6 7570/5/6 7580/5/6
f 7570/5/6 7571/5/6 7580/5/6
f 7571/6/6 7572/6/6 7581/6/6
f 7580/5/6 7571/5/6 7581/5/6
f 7572/5/6 7573/5/6 7582/5/6
f 7573/6/6 7574/6/6 7583/6/6
f 7582/5/6 7573/5/6 7583/5/6
f 7574/5/6 7575/5/6 7584/5/6
f 7583/6/6 7574/6/6 7584/6/6
f 7584/5/6 7575/5/6 7585/5/6
f 7585/5/6 7575/5/6 7586/5/6
f 7578/5/6 7579/5/6 7588/5/6
f 7579/6/6 7569/6/6 7589/6/6
f 7588/5/6 7579/5/6 7589/5/6
f 7569/5/6 7580/5/6 7590/5/6
f 7589/6/6 7569/6/6 7590/6/6
f 7580/6/6 7581/6/6 7591/6/6
f 7590/5/6 7580/5/6 7591/5/6
f 7572/5/6 7582/5/6 7592/5/6
f 7591/6/6 7581/6/6 7592/6/6
f 7581/6/6 7572/6/6 7592/6/6
f 7592/5/6 7582/5/6 7593/5/6
f 7582/6/6 7583/6/6 7594/6/6
f 7593/5/6 7582/5/6 7594/5/6
f 7583/6/6 7584/6/6 7594/6/6
f 7584/6/6 7585/6/6 7594/6/6
f 7586/5/6 7575/5/6 7595/5/6
f 7585/3/6 7586/3/6 7595/3/6
f 7595/5/6 7575/5/6 7596/5/6
f 7576/3/6 7577/3/6 7597/3/6
f 7596/5/6 7575/5/6 7597/5/6
f 7575/3/6 7576/3/6 7597/3/6
f 7597/3/6 7577/3/6 7598/3/6
f 7598/3/6 7577/3/6 7599/3/6
f 7590/5/6 7591/5/6 7600/5/6
f 7587/5/6 7588/5/6 7600/5/6
f 7588/5/6 7589/5/6 7600/5/6
f 7592/5/6 7593/5/6 7600/5/6
f 7589/5/6 7590/5/6 7600/5/6
f 7591/5/6 7592/5/6 7600/5/6
f 7600/5/6 7593/5/6 7601/5/6
f 7593/1/6 7594/1/6 7602/1/6
f 7601/5/6 7593/5/6 7602/5/6
f 7594/6/6 7585/6/6 7603/6/6
f 7602/1/6 7594/1/6 7603/1/6
f 7603/6/6 7585/6/6 7604/6/6
f 7585/3/6 7595/3/6 7605/3/6
f 7604/6/6 7585/6/6 7605/6/6
f 7595/4/6 7596/4/6 7606/4/6
f 7605/3/6 7595/3/6 7606/3/6
f 7597/6/6 7598/6/6 7607/6/6
f 7606/4/6 7596/4/6 7607/4/6
f 7596/6/6 7597/6/6 7607/6/6
f 7607/6/6 7598/6/6 7608/6/6
f 7608/6/6 7598/6/6 7609/6/6
f 7587/5/6 7600/5/6 7611/5/6
f 7611/5/6 7600/5/6 7612/5/6
f 7600/4/6 7601/4/6 7613/4/6
f 7612/5/6 7600/5/6 7613/5/6
f 7601/6/6 7602/6/6 7614/6/6
f 7613/4/6 7601/4/6 7614/4/6
f 7602/6/6 7603/6/6 7614/6/6
f 7603/6/6 7604/6/6 7614/6/6
f 7607/6/6 7608/6/6 7615/6/6
f 7615/6/6 7608/6/6 7616/6/6
f 7612/5/6 7613/5/6 7617/5/6
f 7610/6/6 7611/6/6 7617/6/6
f 7611/6/6 7612/6/6 7617/6/6
f 7617/5/6 7613/5/6 7618/5/6
f 7604/5/6 7605/5/6 7619/5/6
f 7605/5/6 7606/5/6 7619/5/6
f 7607/6/6 7615/6/6 7619/6/6
f 7606/5/6 7607/5/6 7619/5/6
f 7619/6/6 7615/6/6 7620/6/6
f 7617/6/6 7618/6/6 7621/6/6
f 7610/6/6 7617/6/6 7621/6/6
f 7621/6/6 7618/6/6 7622/6/6
f 7618/5/6 7613/5/6 7623/5/6
f 7622/6/6 7618/6/6 7623/6/6
f 7623/5/6 7613/5/6 7624/5/6
f 7604/5/6 7619/5/6 7625/5/6
f 7613/6/6 7614/6/6 7625/6/6
f 7614/6/6 7604/6/6 7625/6/6
f 7625/5/6 7619/5/6 7626/5/6
f 7626/5/6 7619/5/6 7627/5/6
f 7627/5/6 7619/5/6 7628/5/6
f 7624/5/6 7613/5/6 7629/5/6
f 7613/6/6 7625/6/6 7629/6/6
f 7625/6/6 7626/6/6 7629/6/6
f 7629/6/6 7626/6/6 7630/6/6
f 7630/6/6 7626/6/6 7631/6/6
f 7621/5/6 7622/5/6 7632/5/6
f 7622/6/6 7623/6/6 7632/6/6
f 7623/4/6 7624/4/6 7633/4/6
f 7632/6/6 7623/6/6 7633/6/6
f 7624/5/6 7629/5/6 7634/5/6
f 7633/4/6 7624/4/6 7634/4/6
f 7629/5/6 7630/5/6 7634/5/6
f 7630/4/6 7631/4/6 7635/4/6
f 7634/5/6 7630/5/6 7635/5/6
f 7635/4/6 7631/4/6 7636/4/6
f 7631/6/6 7626/6/6 7637/6/6
f 7636/4/6 7631/4/6 7637/4/6
f 7626/5/6 7627/5/6 7638/5/6
f 7637/6/6 7626/6/6 7638/6/6
f 7638/5/6 7627/5/6 7639/5/6
f 7639/5/6 7627/5/6 7640/5/6
f 7621/5/6 7632/5/6 7641/5/6
f 7632/4/6 7633/4/6 7642/4/6
f 7641/5/6 7632/5/6 7642/5/6
f 7636/4/6 7637/4/6 7643/4/6
f 7637/4/6 7638/4/6 7643/4/6
f 7638/4/6 7639/4/6 7643/4/6
f 7643/4/6 7639/4/6 7644/4/6
f 7644/4/6 7639/4/6 7645/4/6
f 7645/4/6 7639/4/6 7646/4/6
f 7621/5/6 7641/5/6 7647/5/6
f 7647/5/6 7641/5/6 7648/5/6
f 7641/3/6 7642/3/6 7649/3/6
f 7648/5/6 7641/5/6 7649/5/6
f 7642/4/6 7633/4/6 7650/4/6
f 7649/3/6 7642/3/6 7650/3/6
f 7650/4/6 7633/4/6 7651/4/6
f 7635/5/6 7636/5/6 7652/5/6
f 7651/4/6 7633/4/6 7652/4/6
f 7633/5/6 7634/5/6 7652/5/6
f 7634/5/6 7635/5/6 7652/5/6
f 7652/5/6 7636/5/6 7653/5/6
f 7636/4/6 7643/4/6 7654/4/6
f 7653/5/6 7636/5/6 7654/5/6
f 7643/6/6 7644/6/6 7655/6/6
f 7654/4/6 7643/4/6 7655/4/6
f 7644/4/6 7645/4/6 7656/4/6
f 7655/6/6 7644/6/6 7656/6/6
f 7645/3/6 7646/3/6 7657/3/6
f 7656/4/6 7645/4/6 7657/4/6
f 7657/3/6 7646/3/6 7658/3/6
f 7659/5/6 7660/5/6 7662/5/6
f 7662/5/6 7660/5/6 7663/5/6
f 7661/5/6 7662/5/6 7664/5/6
f 7664/5/6 7662/5/6 7665/5/6
f 7666/5/6 7667/5/6 7672/5/6
f 7672/5/6 7667/5/6 7673/5/6
f 7668/5/6 7669/5/6 7674/5/6
f 7674/5/6 7669/5/6 7675/5/6
f 7670/5/6 7671/5/6 7678/5/6
f 7678/5/6 7671/5/6 7679/5/6
f 7675/5/6 7676/5/6 7680/5/6
f 7680/5/6 7676/5/6 7681/5/6
f 7681/5/6 7676/5/6 7682/5/6
f 7677/5/6 7678/5/6 7684/5/6
f 7682/5/6 7683/5/6 7685/5/6
f 7681/5/6 7682/5/6 7685/5/6
f 7685/5/6 7683/5/6 7686/5/6
f 7677/5/6 7684/5/6 7687/5/6
f 7687/5/6 7684/5/6 7688/5/6
f 7685/7/6 7686/7/6 7691/7/6
f 7691/7/6 7686/7/6 7692/7/6
f 7692/7/6 7686/7/6 7693/7/6
f 7688/5/6 7689/5/6 7694/5/6
f 7694/5/6 7689/5/6 7695/5/6
f 7691/7/6 7692/7/6 7696/7/6
f 7690/7/6 7691/7/6 7696/7/6
f 7696/7/6 7692/7/6 7697/7/6
f 7698/3/6 7699/3/6 7704/3/6
f 7704/3/6 7699/3/6 7705/3/6
f 7700/6/6 7701/6/6 7706/6/6
f 7706/6/6 7701/6/6 7707/6/6
f 7702/5/6 7703/5/6 7710/5/6
f 7710/5/6 7703/5/6 7711/5/6
f 7707/6/6 7708/6/6 7712/6/6
f 7712/6/6 7708/6/6 7713/6/6
f 7709/5/6 7710/5/6 7714/5/6
f 7714/5/6 7710/5/6 7715/5/6
f 7716/5/6 7717/5/6 7722/5/6
f 7722/5/6 7717/5/6 7723/5/6
f 7718/5/6 7719/5/6 7724/5/6
f 7724/5/6 7719/5/6 7725/5/6
f 7720/5/6 7721/5/6 7727/5/6
f 7722/7/6 7723/7/6 7728/7/6
f 7727/5/6 7721/5/6 7728/5/6
f 7721/7/6 7722/7/6 7728/7/6
f 7724/7/6 7725/7/6 7728/7/6
f 7723/7/6 7724/7/6 7728/7/6
f 7725/5/6 7726/5/6 7729/5/6
f 7728/7/6 7725/7/6 7729/7/6
f 7729/5/6 7726/5/6 7730/5/6
f 7727/7/6 7728/7/6 7731/7/6
f 7728/7/6 7729/7/6 7731/7/6
f 7729/7/6 7730/7/6 7731/7/6
f 7731/7/6 7730/7/6 7732/7/6
f 7732/7/6 7730/7/6 7733/7/6
f 7733/7/6 7730/7/6 7734/7/6
f 7732/7/6 7733/7/6 7735/7/6
f 7735/7/6 7733/7/6 7736/7/6
f 7737/6/6 7738/6/6 7746/6/6
f 7746/6/6 7738/6/6 7747/6/6
f 7738/5/6 7739/5/6 7748/5/6
f 7747/6/6 7738/6/6 7748/6/6
f 7748/5/6 7739/5/6 7749/5/6
f 7739/3/6 7740/3/6 7750/3/6
f 7749/5/6 7739/5/6 7750/5/6
f 7740/1/6 7741/1/6 7751/1/6
f 7750/3/6 7740/3/6 7751/3/6
f 7741/5/6 7742/5/6 7752/5/6
f 7751/1/6 7741/1/6 7752/1/6
f 7752/5/6 7742/5/6 7753/5/6
f 7753/5/6 7742/5/6 7754/5/6
f 7742/6/6 7743/6/6 7755/6/6
f 7754/5/6 7742/5/6 7755/5/6
f 7755/6/6 7743/6/6 7756/6/6
f 7756/6/6 7743/6/6 7757/6/6
f 7744/6/6 7745/6/6 7760/6/6
f 7745/3/6 7746/3/6 7761/3/6
f 7760/6/6 7745/6/6 7761/6/6
f 7761/3/6 7746/3/6 7762/3/6
f 7757/6/6 7758/6/6 7763/6/6
f 7763/6/6 7758/6/6 7764/6/6
f 7759/6/6 7760/6/6 7765/6/6
f 7765/6/6 7760/6/6 7766/6/6
f 7767/6/6 7768/6/6 7778/6/6
f 7771/6/6 7772/6/6 7779/6/6
f 7772/5/6 7773/5/6 7779/5/6
f 7773/6/6 7774/6/6 7780/6/6
f 7779/5/6 7773/5/6 7780/5/6
f 7775/6/6 7776/6/6 7781/6/6
f 7777/6/6 7778/6/6 7785/6/6
f 7778/6/6 7768/6/6 7786/6/6
f 7785/6/6 7778/6/6 7786/6/6
f 7768/5/6 7769/5/6 7787/5/6
f 7786/6/6 7768/6/6 7787/6/6
f 7787/5/6 7769/5/6 7788/5/6
f 7769/6/6 7770/6/6 7789/6/6
f 7788/5/6 7769/5/6 7789/5/6
f 7770/5/6 7771/5/6 7790/5/6
f 7789/6/6 7770/6/6 7790/6/6
f 7775/6/6 7781/6/6 7791/6/6
f 7781/6/6 7782/6/6 7791/6/6
f 7782/5/6 7783/5/6 7792/5/6
f 7791/6/6 7782/6/6 7792/6/6
f 7792/5/6 7783/5/6 7793/5/6
f 7785/6/6 7786/6/6 7797/6/6
f 7784/6/6 7785/6/6 7797/6/6
f 7787/4/6 7788/4/6 7798/4/6
f 7786/4/6 7787/4/6 7798/4/6
f 7797/6/6 7786/6/6 7798/6/6
f 7798/4/6 7788/4/6 7799/4/6
f 7788/6/6 7789/6/6 7800/6/6
f 7799/4/6 7788/4/6 7800/4/6
f 7796/6/6 7797/6/6 7803/6/6
f 7797/6/6 7798/6/6 7803/6/6
f 7803/6/6 7798/6/6 7804/6/6
f 7804/6/6 7798/6/6 7805/6/6
f 7798/5/6 7799/5/6 7806/5/6
f 7805/6/6 7798/6/6 7806/6/6
f 7799/6/6 7800/6/6 7807/6/6
f 7806/5/6 7799/5/6 7807/5/6
f 7800/6/6 7789/6/6 7808/6/6
f 7807/6/6 7800/6/6 7808/6/6
f 7789/5/6 7790/5/6 7809/5/6
f 7808/6/6 7789/6/6 7809/6/6
f 7790/5/6 7771/5/6 7810/5/6
f 7809/5/6 7790/5/6 7810/5/6
f 7771/6/6 7779/6/6 7811/6/6
f 7810/5/6 7771/5/6 7811/5/6
f 7779/6/6 7780/6/6 7811/6/6
f 7780/6/6 7774/6/6 7812/6/6
f 7811/6/6 7780/6/6 7812/6/6
f 7774/4/6 7775/4/6 7813/4/6
f 7812/6/6 7774/6/6 7813/6/6
f 7793/5/6 7794/5/6 7814/5/6
f 7791/5/6 7792/5/6 7814/5/6
f 7792/5/6 7793/5/6 7814/5/6
f 7794/6/6 7795/6/6 7815/6/6
f 7814/5/6 7794/5/6 7815/5/6
f 7815/6/6 7795/6/6 7816/6/6
f 7801/1/6 7802/1/6 7818/1/6
f 7818/1/6 7802/1/6 7819/1/6
f 7803/4/6 7804/4/6 7820/4/6
f 7819/1/6 7802/1/6 7820/1/6
f 7802/4/6 7803/4/6 7820/4/6
f 7820/4/6 7804/4/6 7821/4/6
f 7821/4/6 7804/4/6 7822/4/6
f 7804/6/6 7805/6/6 7823/6/6
f 7822/4/6 7804/4/6 7823/4/6
f 7805/5/6 7806/5/6 7824/5/6
f 7823/6/6 7805/6/6 7824/6/6
f 7824/5/6 7806/5/6 7825/5/6
f 7811/1/6 7812/1/6 7826/1/6
f 7812/4/6 7813/4/6 7827/4/6
f 7826/1/6 7812/1/6 7827/1/6
f 7813/4/6 7775/4/6 7828/4/6
f 7827/4/6 7813/4/6 7828/4/6
f 7775/6/6 7791/6/6 7829/6/6
f 7828/4/6 7775/4/6 7829/4/6
f 7791/5/6 7814/5/6 7830/5/6
f 7829/6/6 7791/6/6 7830/6/6
f 7830/5/6 7814/5/6 7831/5/6
f 7831/5/6 7814/5/6 7832/5/6
f 7818/7/6 7819/7/6 7834/7/6
f 7817/7/6 7818/7/6 7834/7/6
f 7820/4/6 7821/4/6 7835/4/6
f 7819/4/6 7820/4/6 7835/4/6
f 7834/7/6 7819/7/6 7835/7/6
f 7821/1/6 7822/1/6 7836/1/6
f 7835/4/6 7821/4/6 7836/4/6
f 7823/6/6 7824/6/6 7837/6/6
f 7836/1/6 7822/1/6 7837/1/6
f 7822/6/6 7823/6/6 7837/6/6
f 7837/6/6 7824/6/6 7838/6/6
f 7828/4/6 7829/4/6 7839/4/6
f 7830/3/6 7831/3/6 7840/3/6
f 7839/4/6 7829/4/6 7840/4/6
f 7829/3/6 7830/3/6 7840/3/6
f 7840/3/6 7831/3/6 7841/3/6
f 7841/3/6 7831/3/6 7842/3/6
f 7834/7/6 7835/7/6 7843/7/6
f 7833/7/6 7834/7/6 7843/7/6
f 7843/7/6 7835/7/6 7844/7/6
f 7844/7/6 7835/7/6 7845/7/6
f 7840/3/6 7841/3/6 7846/3/6
f 7841/6/6 7842/6/6 7847/6/6
f 7846/3/6 7841/3/6 7847/3/6
f 7833/7/6 7843/7/6 7848/7/6
f 7848/7/6 7843/7/6 7849/7/6
f 7847/6/6 7842/6/6 7850/6/6
f 7850/6/6 7842/6/6 7851/6/6
f 7851/6/6 7842/6/6 7854/6/6
f 7854/6/6 7842/6/6 7855/6/6
f 7852/7/6 7853/7/6 7857/7/6
f 7858/5/6 7859/5/6 7861/5/6
f 7861/5/6 7859/5/6 7862/5/6
f 7856/7/6 7857/7/6 7863/7/6
f 7857/7/6 7853/7/6 7864/7/6
f 7863/7/6 7857/7/6 7864/7/6
f 7861/1/6 7862/1/6 7865/1/6
f 7860/1/6 7861/1/6 7865/1/6
f 7865/1/6 7862/1/6 7866/1/6
f 7866/1/6 7862/1/6 7867/1/6
f 7865/6/6 7866/6/6 7868/6/6
f 7866/1/6 7867/1/6 7869/1/6
f 7868/6/6 7866/6/6 7869/6/6
f 7869/1/6 7867/1/6 7870/1/6
f 7870/1/6 7867/1/6 7871/1/6
f 7864/7/6 7853/7/6 7872/7/6
f 7869/6/6 7870/6/6 7874/6/6
f 7870/4/6 7871/4/6 7875/4/6
f 7874/6/6 7870/6/6 7875/6/6
f 7875/4/6 7871/4/6 7876/4/6
f 7877/6/6 7878/6/6 7879/6/6
f 7879/6/6 7878/6/6 7880/6/6
f 7872/7/6 7873/7/6 7881/7/6
f 7864/7/6 7872/7/6 7881/7/6
f 7881/7/6 7873/7/6 7882/7/6
f 7883/7/6 7884/7/6 7885/7/6
f 7885/7/6 7884/7/6 7886/7/6
f 7886/7/6 7887/7/6 7888/7/6
f 7864/7/6 7881/7/6 7891/7/6
f 7888/7/6 7889/7/6 7892/7/6
f 7886/7/6 7888/7/6 7892/7/6
f 7892/7/6 7889/7/6 7893/7/6
f 7893/7/6 7889/7/6 7894/7/6
f 7890/7/6 7891/7/6 7897/7/6
f 7891/7/6 7881/7/6 7898/7/6
f 7897/7/6 7891/7/6 7898/7/6
f 7898/7/6 7881/7/6 7899/7/6
f 7894/7/6 7895/7/6 7900/7/6
f 7893/7/6 7894/7/6 7900/7/6
f 7896/7/6 7897/7/6 7903/7/6
f 7897/7/6 7898/7/6 7903/7/6
f 7903/7/6 7898/7/6 7904/7/6
f 7904/7/6 7898/7/6 7905/7/6
f 7900/7/6 7901/7/6 7906/7/6
f 7893/7/6 7900/7/6 7906/7/6
f 7906/7/6 7901/7/6 7907/7/6
f 7907/7/6 7901/7/6 7908/7/6
f 7903/7/6 7904/7/6 7910/7/6
f 7902/7/6 7903/7/6 7910/7/6
f 7910/7/6 7904/7/6 7911/7/6
f 7908/7/6 7909/7/6 7912/7/6
f 7907/7/6 7908/7/6 7912/7/6
f 7912/7/6 7909/7/6 7913/7/6
f 7914/5/6 7915/5/6 7923/5/6
f 7923/5/6 7915/5/6 7924/5/6
f 7916/3/6 7917/3/6 7925/3/6
f 7925/3/6 7917/3/6 7926/3/6
f 7918/6/6 7919/6/6 7930/6/6
f 7930/6/6 7919/6/6 7931/6/6
f 7920/5/6 7921/5/6 7932/5/6
f 7932/5/6 7921/5/6 7933/5/6
f 7922/5/6 7923/5/6 7937/5/6
f 7937/5/6 7923/5/6 7938/5/6
f 7927/6/6 7928/6/6 7939/6/6
f 7939/6/6 7928/6/6 7940/6/6
f 7929/6/6 7930/6/6 7942/6/6
f 7942/6/6 7930/6/6 7943/6/6
f 7933/7/6 7934/7/6 7944/7/6
f 7944/7/6 7934/7/6 7945/7/6
f 7935/5/6 7936/5/6 7948/5/6
f 7948/5/6 7936/5/6 7949/5/6
f 7940/1/6 7941/1/6 7950/1/6
f 7950/1/6 7941/1/6 7951/1/6
f 7946/7/6 7947/7/6 7954/7/6
f 7954/7/6 7947/7/6 7955/7/6
f 7951/6/6 7952/6/6 7956/6/6
f 7956/6/6 7952/6/6 7957/6/6
f 7953/7/6 7954/7/6 7960/7/6
f 7960/7/6 7954/7/6 7961/7/6
f 7957/6/6 7958/6/6 7962/6/6
f 7962/6/6 7958/6/6 7963/6/6
f 7959/7/6 7960/7/6 7965/7/6
f 7965/7/6 7960/7/6 7966/7/6
f 7963/6/6 7964/6/6 7967/6/6
f 7967/6/6 7964/6/6 7968/6/6
f 7969/7/6 7970/7/6 7971/7/6
f 7971/7/6 7970/7/6 7972/7/6
f 7973/1/6 7974/1/6 7977/1/6
f 7977/1/6 7974/1/6 7978/1/6
f 7975/3/6 7976/3/6 7981/3/6
f 7981/3/6 7976/3/6 7982/3/6
f 7979/7/6 7980/7/6 7983/7/6
f 7983/7/6 7980/7/6 7984/7/6
f 7985/6/6 7986/6/6 7991/6/6
f 7991/6/6 7986/6/6 7992/6/6
f 7987/5/6 7988/5/6 7996/5/6
f 7996/5/6 7988/5/6 7997/5/6
f 7989/7/6 7990/7/6 7998/7/6
f 7998/7/6 7990/7/6 7999/7/6
f 7993/3/6 7994/3/6 8000/3/6
f 7994/4/6 7995/4/6 8001/4/6
f 8000/3/6 7994/3/6 8001/3/6
f 8001/4/6 7995/4/6 8002/4/6
f 8002/5/6 8003/5/6 8009/5/6
f 8009/5/6 8003/5/6 8010/5/6
f 8004/5/6 8005/5/6 8013/5/6
f 8005/6/6 8006/6/6 8014/6/6
f 8013/5/6 8005/5/6 8014/5/6
f 8014/6/6 8006/6/6 8015/6/6
f 8007/7/6 8008/7/6 8016/7/6
f 8016/7/6 8008/7/6 8017/7/6
f 8010/5/6 8011/5/6 8019/5/6
f 8019/5/6 8011/5/6 8020/5/6
f 8012/6/6 8013/6/6 8022/6/6
f 8022/6/6 8013/6/6 8023/6/6
f 8017/7/6 8018/7/6 8024/7/6
f 8024/7/6 8018/7/6 8025/7/6
f 8020/5/6 8021/5/6 8027/5/6
f 8027/5/6 8021/5/6 8028/5/6
f 8025/7/6 8026/7/6 8033/7/6
f 8033/7/6 8026/7/6 8034/7/6
f 8029/4/6 8030/4/6 8037/4/6
f 8037/4/6 8030/4/6 8038/4/6
f 8031/7/6 8032/7/6 8040/7/6
f 8040/7/6 8032/7/6 8041/7/6
f 8035/7/6 8036/7/6 8042/7/6
f 8042/7/6 8036/7/6 8043/7/6
f 8039/7/6 8040/7/6 8047/7/6
f 8047/7/6 8040/7/6 8048/7/6
f 8044/7/6 8045/7/6 8049/7/6
f 8049/7/6 8045/7/6 8050/7/6
f 8046/7/6 8047/7/6 8054/7/6
f 8054/7/6 8047/7/6 8055/7/6
f 8051/7/6 8052/7/6 8056/7/6
f 8056/7/6 8052/7/6 8057/7/6
f 8053/7/6 8054/7/6 8062/7/6
f 8062/7/6 8054/7/6 8063/7/6
f 8058/7/6 8059/7/6 8064/7/6
f 8064/7/6 8059/7/6 8065/7/6
f 8060/7/6 8061/7/6 8073/7/6
f 8073/7/6 8061/7/6 8074/7/6
f 8065/7/6 8066/7/6 8075/7/6
f 8075/7/6 8066/7/6 8076/7/6
f 8067/7/6 8068/7/6 8077/7/6
f 8077/7/6 8068/7/6 8078/7/6
f 8069/7/6 8070/7/6 8079/7/6
f 8079/7/6 8070/7/6 8080/7/6
f 8071/7/6 8072/7/6 8081/7/6
f 8081/7/6 8072/7/6 8082/7/6
f 8083/5/6 8084/5/6 8090/5/6
f 8090/5/6 8084/5/6 8091/5/6
f 8084/6/6 8085/6/6 8092/6/6
f 8091/5/6 8084/5/6 8092/5/6
f 8085/5/6 8086/5/6 8093/5/6
f 8092/6/6 8085/6/6 8093/6/6
f 8093/5/6 8086/5/6 8094/5/6
f 8087/5/6 8088/5/6 8097/5/6
f 8097/5/6 8088/5/6 8098/5/6
f 8098/5/6 8088/5/6 8099/5/6
f 8089/5/6 8090/5/6 8104/5/6
f 8104/5/6 8090/5/6 8105/5/6
f 8094/6/6 8095/6/6 8106/6/6
f 8106/6/6 8095/6/6 8107/6/6
f 8096/6/6 8097/6/6 8110/6/6
f 8110/6/6 8097/6/6 8111/6/6
f 8099/5/6 8100/5/6 8112/5/6
f 8112/5/6 8100/5/6 8113/5/6
f 8101/5/6 8102/5/6 8118/5/6
f 8118/5/6 8102/5/6 8119/5/6
f 8103/5/6 8104/5/6 8120/5/6
f 8120/5/6 8104/5/6 8121/5/6
f 8107/6/6 8108/6/6 8122/6/6
f 8122/6/6 8108/6/6 8123/6/6
f 8109/6/6 8110/6/6 8125/6/6
f 8125/6/6 8110/6/6 8126/6/6
f 8113/7/6 8114/7/6 8127/7/6
f 8115/7/6 8116/7/6 8129/7/6
f 8116/6/6 8117/6/6 8130/6/6
f 8129/7/6 8116/7/6 8130/7/6
f 8130/6/6 8117/6/6 8131/6/6
f 8117/5/6 8118/5/6 8132/5/6
f 8131/6/6 8117/6/6 8132/6/6
f 8132/5/6 8118/5/6 8133/5/6
f 8123/1/6 8124/1/6 8134/1/6
f 8134/1/6 8124/1/6 8135/1/6
f 8128/7/6 8129/7/6 8138/7/6
f 8138/7/6 8129/7/6 8139/7/6
f 8135/6/6 8136/6/6 8140/6/6
f 8140/6/6 8136/6/6 8141/6/6
f 8125/5/6 8126/5/6 8143/5/6
f 8143/5/6 8126/5/6 8144/5/6
f 8137/7/6 8138/7/6 8146/7/6
f 8146/7/6 8138/7/6 8147/7/6
f 8141/6/6 8142/6/6 8148/6/6
f 8143/6/6 8144/6/6 8149/6/6
f 8149/6/6 8144/6/6 8150/6/6
f 8127/7/6 8114/7/6 8152/7/6
f 8152/7/6 8114/7/6 8153/7/6
f 8148/6/6 8149/6/6 8154/6/6
f 8141/6/6 8148/6/6 8154/6/6
f 8151/7/6 8152/7/6 8155/7/6
f 8154/6/6 8149/6/6 8163/6/6
f 8155/7/6 8152/7/6 8164/7/6
f 8164/7/6 8152/7/6 8165/7/6
f 8156/4/6 8157/4/6 8166/4/6
f 8157/5/6 8158/5/6 8167/5/6
f 8166/4/6 8157/4/6 8167/4/6
f 8158/1/6 8159/1/6 8168/1/6
f 8167/5/6 8158/5/6 8168/5/6
f 8159/1/6 8160/1/6 8168/1/6
f 8168/1/6 8160/1/6 8169/1/6
f 8154/6/6 8163/6/6 8170/6/6
f 8170/6/6 8163/6/6 8171/6/6
f 8166/5/6 8167/5/6 8172/5/6
f 8172/5/6 8167/5/6 8173/5/6
f 8161/1/6 8162/1/6 8175/1/6
f 8175/1/6 8162/1/6 8176/1/6
f 8170/6/6 8171/6/6 8177/6/6
f 8177/6/6 8171/6/6 8178/6/6
f 8164/4/6 8165/4/6 8179/4/6
f 8179/4/6 8165/4/6 8180/4/6
f 8173/5/6 8174/5/6 8182/5/6
f 8182/5/6 8174/5/6 8183/5/6
f 8175/6/6 8176/6/6 8185/6/6
f 8185/6/6 8176/6/6 8186/6/6
f 8177/5/6 8178/5/6 8187/5/6
f 8187/5/6 8178/5/6 8188/5/6
f 8180/7/6 8181/7/6 8190/7/6
f 8145/7/6 8146/7/6 8191/7/6
f 8191/7/6 8146/7/6 8192/7/6
f 8183/6/6 8184/6/6 8194/6/6
f 8182/6/6 8183/6/6 8194/6/6
f 8194/6/6 8184/6/6 8195/6/6
f 8195/6/6 8184/6/6 8196/6/6
f 8185/4/6 8186/4/6 8198/4/6
f 8198/4/6 8186/4/6 8199/4/6
f 8196/5/6 8197/5/6 8201/5/6
f 8201/5/6 8197/5/6 8202/5/6
f 8199/6/6 8200/6/6 8203/6/6
f 8203/6/6 8200/6/6 8204/6/6
f 8177/5/6 8187/5/6 8207/5/6
f 8207/5/6 8187/5/6 8208/5/6
f 8188/6/6 8189/6/6 8209/6/6
f 8190/7/6 8181/7/6 8210/7/6
f 8192/7/6 8193/7/6 8211/7/6
f 8211/7/6 8193/7/6 8212/7/6
f 8202/5/6 8203/5/6 8214/5/6
f 8214/5/6 8203/5/6 8215/5/6
f 8204/5/6 8205/5/6 8216/5/6
f 8216/5/6 8205/5/6 8217/5/6
f 8206/5/6 8207/5/6 8220/5/6
f 8220/5/6 8207/5/6 8221/5/6
f 8188/6/6 8209/6/6 8222/6/6
f 8222/6/6 8209/6/6 8223/6/6
f 8210/7/6 8181/7/6 8224/7/6
f 8224/7/6 8181/7/6 8225/7/6
f 8212/7/6 8213/7/6 8226/7/6
f 8226/7/6 8213/7/6 8227/7/6
f 8215/5/6 8216/5/6 8229/5/6
f 8229/5/6 8216/5/6 8230/5/6
f 8217/5/6 8218/5/6 8231/5/6
f 8231/5/6 8218/5/6 8232/5/6
f 8219/4/6 8220/4/6 8236/4/6
f 8236/4/6 8220/4/6 8237/4/6
f 8221/6/6 8222/6/6 8238/6/6
f 8238/6/6 8222/6/6 8239/6/6
f 8239/6/6 8222/6/6 8240/6/6
f 8224/5/6 8225/5/6 8241/5/6
f 8241/5/6 8225/5/6 8242/5/6
f 8227/7/6 8228/7/6 8243/7/6
f 8243/7/6 8228/7/6 8244/7/6
f 8230/5/6 8231/5/6 8246/5/6
f 8246/5/6 8231/5/6 8247/5/6
f 8233/4/6 8234/4/6 8248/4/6
f 8232/4/6 8233/4/6 8248/4/6
f 8248/4/6 8234/4/6 8249/4/6
f 8249/4/6 8234/4/6 8250/4/6
f 8236/4/6 8237/4/6 8253/4/6
f 8235/4/6 8236/4/6 8253/4/6
f 8253/4/6 8237/4/6 8254/4/6
f 8237/6/6 8238/6/6 8255/6/6
f 8254/4/6 8237/4/6 8255/4/6
f 8255/6/6 8238/6/6 8256/6/6
f 8241/7/6 8242/7/6 8258/7/6
f 8258/7/6 8242/7/6 8259/7/6
f 8244/7/6 8245/7/6 8260/7/6
f 8260/7/6 8245/7/6 8261/7/6
f 8246/5/6 8247/5/6 8263/5/6
f 8247/5/6 8248/5/6 8263/5/6
f 8248/4/6 8249/4/6 8264/4/6
f 8263/5/6 8248/5/6 8264/5/6
f 8264/4/6 8249/4/6 8265/4/6
f 8250/4/6 8251/4/6 8266/4/6
f 8266/4/6 8251/4/6 8267/4/6
f 8267/4/6 8251/4/6 8268/4/6
f 8253/4/6 8254/4/6 8270/4/6
f 8252/4/6 8253/4/6 8270/4/6
f 8270/4/6 8254/4/6 8271/4/6
f 8257/7/6 8258/7/6 8273/7/6
f 8273/7/6 8258/7/6 8274/7/6
f 8261/7/6 8262/7/6 8275/7/6
f 8275/7/6 8262/7/6 8276/7/6
f 8266/4/6 8267/4/6 8278/4/6
f 8265/4/6 8266/4/6 8278/4/6
f 8278/4/6 8267/4/6 8279/4/6
f 8268/4/6 8269/4/6 8280/4/6
f 8280/4/6 8269/4/6 8281/4/6
f 8281/4/6 8269/4/6 8282/4/6
f 8272/7/6 8273/7/6 8284/7/6
f 8284/7/6 8273/7/6 8285/7/6
f 8276/7/6 8277/7/6 8286/7/6
f 8286/7/6 8277/7/6 8287/7/6
f 8283/7/6 8284/7/6 8290/7/6
f 8290/7/6 8284/7/6 8291/7/6
f 8287/7/6 8288/7/6 8292/7/6
f 8292/7/6 8288/7/6 8293/7/6
f 8289/7/6 8290/7/6 8300/7/6
f 8300/7/6 8290/7/6 8301/7/6
f 8293/7/6 8294/7/6 8302/7/6
f 8302/7/6 8294/7/6 8303/7/6
f 8295/7/6 8296/7/6 8304/7/6
f 8304/7/6 8296/7/6 8305/7/6
f 8297/7/6 8298/7/6 8306/7/6
f 8306/7/6 8298/7/6 8307/7/6
f 8299/7/6 8300/7/6 8308/7/6
f 8308/7/6 8300/7/6 8309/7/6
f 8303/7/6 8304/7/6 8310/7/6
f 8310/7/6 8304/7/6 8311/7/6
f 8305/7/6 8306/7/6 8312/7/6
f 8312/7/6 8306/7/6 8313/7/6
f 8307/7/6 8308/7/6 8314/7/6
f 8314/7/6 8308/7/6 8315/7/6
f 8316/5/6 8317/5/6 8329/5/6
f 8318/4/6 8319/4/6 8330/4/6
f 8319/6/6 8320/6/6 8330/6/6
f 8330/6/6 8320/6/6 8331/6/6
f 8331/6/6 8320/6/6 8332/6/6
f 8321/6/6 8322/6/6 8335/6/6
f 8322/5/6 8323/5/6 8336/5/6
f 8335/6/6 8322/6/6 8336/6/6
f 8336/5/6 8323/5/6 8337/5/6
f 8324/5/6 8325/5/6 8340/5/6
f 8340/5/6 8325/5/6 8341/5/6
f 8326/6/6 8327/6/6 8342/6/6
f 8342/6/6 8327/6/6 8343/6/6
f 8328/5/6 8329/5/6 8344/5/6
f 8329/5/6 8317/5/6 8345/5/6
f 8344/5/6 8329/5/6 8345/5/6
f 8317/6/6 8318/6/6 8346/6/6
f 8318/4/6 8330/4/6 8346/4/6
f 8330/4/6 8331/4/6 8346/4/6
f 8332/6/6 8333/6/6 8347/6/6
f 8346/4/6 8331/4/6 8347/4/6
f 8331/6/6 8332/6/6 8347/6/6
f 8347/6/6 8333/6/6 8348/6/6
f 8348/6/6 8333/6/6 8349/6/6
f 8334/5/6 8335/5/6 8351/5/6
f 8335/5/6 8336/5/6 8351/5/6
f 8336/4/6 8337/4/6 8351/4/6
f 8337/1/6 8338/1/6 8352/1/6
f 8351/4/6 8337/4/6 8352/4/6
f 8352/1/6 8338/1/6 8353/1/6
f 8339/5/6 8340/5/6 8356/5/6
f 8356/5/6 8340/5/6 8357/5/6
f 8357/5/6 8340/5/6 8358/5/6
f 8343/6/6 8344/6/6 8359/6/6
f 8344/6/6 8345/6/6 8359/6/6
f 8359/6/6 8345/6/6 8360/6/6
f 8345/5/6 8317/5/6 8361/5/6
f 8360/6/6 8345/6/6 8361/6/6
f 8349/1/6 8350/1/6 8362/1/6
f 8348/5/6 8349/5/6 8362/5/6
f 8362/1/6 8350/1/6 8363/1/6
f 8354/6/6 8355/6/6 8366/6/6
f 8361/5/6 8317/5/6 8367/5/6
f 8360/5/6 8361/5/6 8367/5/6
f 8367/5/6 8317/5/6 8368/5/6
f 8317/6/6 8346/6/6 8369/6/6
f 8368/5/6 8317/5/6 8369/5/6
f 8347/6/6 8348/6/6 8369/6/6
f 8346/6/6 8347/6/6 8369/6/6
f 8369/6/6 8348/6/6 8370/6/6
f 8348/5/6 8362/5/6 8371/5/6
f 8370/6/6 8348/6/6 8371/6/6
f 8371/5/6 8362/5/6 8372/5/6
f 8372/5/6 8362/5/6 8373/5/6
f 8363/6/6 8364/6/6 8374/6/6
f 8373/5/6 8362/5/6 8374/5/6
f 8362/6/6 8363/6/6 8374/6/6
f 8374/6/6 8364/6/6 8375/6/6
f 8365/4/6 8366/4/6 8378/4/6
f 8366/6/6 8355/6/6 8379/6/6
f 8378/4/6 8366/4/6 8379/4/6
f 8356/5/6 8357/5/6 8380/5/6
f 8379/6/6 8355/6/6 8380/6/6
f 8355/5/6 8356/5/6 8380/5/6
f 8380/5/6 8357/5/6 8381/5/6
f 8360/5/6 8367/5/6 8384/5/6
f 8384/5/6 8367/5/6 8385/5/6
f 8385/5/6 8367/5/6 8386/5/6
f 8375/6/6 8376/6/6 8387/6/6
f 8374/6/6 8375/6/6 8387/6/6
f 8387/6/6 8376/6/6 8388/6/6
f 8352/5/6 8353/5/6 8390/5/6
f 8334/5/6 8351/5/6 8390/5/6
f 8351/5/6 8352/5/6 8390/5/6
f 8390/5/6 8353/5/6 8391/5/6
f 8391/5/6 8353/5/6 8392/5/6
f 8392/5/6 8353/5/6 8393/5/6
f 8381/5/6 8382/5/6 8394/5/6
f 8380/5/6 8381/5/6 8394/5/6
f 8394/5/6 8382/5/6 8395/5/6
f 8384/5/6 8385/5/6 8398/5/6
f 8383/5/6 8384/5/6 8398/5/6
f 8388/6/6 8376/6/6 8399/6/6
f 8399/6/6 8376/6/6 8400/6/6
f 8400/6/6 8376/6/6 8401/6/6
f 8391/5/6 8392/5/6 8402/5/6
f 8390/6/6 8391/6/6 8402/6/6
f 8389/6/6 8390/6/6 8402/6/6
f 8402/5/6 8392/5/6 8403/5/6
f 8403/5/6 8392/5/6 8404/5/6
f 8378/7/6 8379/7/6 8405/7/6
f 8377/7/6 8378/7/6 8405/7/6
f 8379/4/6 8380/4/6 8405/4/6
f 8380/5/6 8394/5/6 8406/5/6
f 8405/4/6 8380/4/6 8406/4/6
f 8395/1/6 8396/1/6 8407/1/6
f 8406/5/6 8394/5/6 8407/5/6
f 8394/1/6 8395/1/6 8407/1/6
f 8407/1/6 8396/1/6 8408/1/6
f 8397/5/6 8398/5/6 8409/5/6
f 8398/5/6 8385/5/6 8410/5/6
f 8409/5/6 8398/5/6 8410/5/6
f 8410/5/6 8385/5/6 8411/5/6
f 8402/6/6 8403/6/6 8412/6/6
f 8389/6/6 8402/6/6 8412/6/6
f 8412/6/6 8403/6/6 8413/6/6
f 8403/4/6 8404/4/6 8414/4/6
f 8413/6/6 8403/6/6 8414/6/6
f 8400/1/6 8401/1/6 8415/1/6
f 8415/1/6 8401/1/6 8416/1/6
f 8412/3/6 8413/3/6 8417/3/6
f 8417/3/6 8413/3/6 8418/3/6
f 8413/4/6 8414/4/6 8419/4/6
f 8418/3/6 8413/3/6 8419/3/6
f 8405/5/6 8406/5/6 8420/5/6
f 8409/5/6 8410/5/6 8422/5/6
f 8422/5/6 8410/5/6 8423/5/6
f 8417/6/6 8418/6/6 8424/6/6
f 8418/4/6 8419/4/6 8425/4/6
f 8424/6/6 8418/6/6 8425/6/6
f 8414/4/6 8404/4/6 8426/4/6
f 8425/4/6 8419/4/6 8426/4/6
f 8419/4/6 8414/4/6 8426/4/6
f 8424/4/6 8425/4/6 8428/4/6
f 8425/5/6 8426/5/6 8429/5/6
f 8428/4/6 8425/4/6 8429/4/6
f 8426/4/6 8427/4/6 8430/4/6
f 8429/5/6 8426/5/6 8430/5/6
f 8430/4/6 8427/4/6 8431/4/6
f 8377/7/6 8405/7/6 8432/7/6
f 8432/7/6 8405/7/6 8433/7/6
f 8420/5/6 8421/5/6 8434/5/6
f 8433/7/6 8405/7/6 8434/7/6
f 8405/5/6 8420/5/6 8434/5/6
f 8434/5/6 8421/5/6 8435/5/6
f 8435/5/6 8421/5/6 8436/5/6
f 8422/6/6 8423/6/6 8439/6/6
f 8439/6/6 8423/6/6 8440/6/6
f 8440/6/6 8423/6/6 8441/6/6
f 8415/5/6 8416/5/6 8443/5/6
f 8433/7/6 8434/7/6 8444/7/6
f 8434/7/6 8435/7/6 8444/7/6
f 8435/4/6 8436/4/6 8444/4/6
f 8436/3/6 8437/3/6 8445/3/6
f 8444/4/6 8436/4/6 8445/4/6
f 8437/5/6 8438/5/6 8446/5/6
f 8445/3/6 8437/3/6 8446/3/6
f 8446/5/6 8438/5/6 8447/5/6
f 8441/5/6 8442/5/6 8449/5/6
f 8440/5/6 8441/5/6 8449/5/6
f 8449/5/6 8442/5/6 8450/5/6
f 8450/5/6 8442/5/6 8451/5/6
f 8443/5/6 8416/5/6 8453/5/6
f 8453/5/6 8416/5/6 8454/5/6
f 8429/5/6 8430/5/6 8455/5/6
f 8455/5/6 8430/5/6 8456/5/6
f 8456/5/6 8430/5/6 8457/5/6
f 8430/7/6 8431/7/6 8458/7/6
f 8457/5/6 8430/5/6 8458/5/6
f 8458/7/6 8431/7/6 8459/7/6
f 8444/7/6 8445/7/6 8460/7/6
f 8433/7/6 8444/7/6 8460/7/6
f 8460/7/6 8445/7/6 8461/7/6
f 8445/4/6 8446/4/6 8462/4/6
f 8461/7/6 8445/7/6 8462/7/6
f 8447/5/6 8448/5/6 8463/5/6
f 8462/4/6 8446/4/6 8463/4/6
f 8446/5/6 8447/5/6 8463/5/6
f 8463/5/6 8448/5/6 8464/5/6
f 8451/5/6 8452/5/6 8466/5/6
f 8450/5/6 8451/5/6 8466/5/6
f 8466/5/6 8452/5/6 8467/5/6
f 8467/5/6 8452/5/6 8468/5/6
f 8455/6/6 8456/6/6 8472/6/6
f 8456/7/6 8457/7/6 8473/7/6
f 8472/6/6 8456/6/6 8473/6/6
f 8461/7/6 8462/7/6 8474/7/6
f 8462/7/6 8463/7/6 8474/7/6
f 8474/7/6 8463/7/6 8475/7/6
f 8464/5/6 8465/5/6 8476/5/6
f 8475/7/6 8463/7/6 8476/7/6
f 8463/5/6 8464/5/6 8476/5/6
f 8476/5/6 8465/5/6 8477/5/6
f 8477/5/6 8465/5/6 8478/5/6
f 8467/5/6 8468/5/6 8480/5/6
f 8468/4/6 8469/4/6 8481/4/6
f 8480/5/6 8468/5/6 8481/5/6
f 8469/5/6 8470/5/6 8482/5/6
f 8481/4/6 8469/4/6 8482/4/6
f 8482/5/6 8470/5/6 8483/5/6
f 8471/5/6 8472/5/6 8490/5/6
f 8472/5/6 8473/5/6 8490/5/6
f 8475/7/6 8476/7/6 8491/7/6
f 8476/7/6 8477/7/6 8491/7/6
f 8491/7/6 8477/7/6 8492/7/6
f 8478/5/6 8479/5/6 8493/5/6
f 8492/7/6 8477/7/6 8493/7/6
f 8477/5/6 8478/5/6 8493/5/6
f 8493/5/6 8479/5/6 8494/5/6
f 8494/5/6 8479/5/6 8495/5/6
f 8482/4/6 8483/4/6 8496/4/6
f 8483/4/6 8484/4/6 8496/4/6
f 8496/4/6 8484/4/6 8497/4/6
f 8484/5/6 8485/5/6 8498/5/6
f 8497/4/6 8484/4/6 8498/4/6
f 8486/4/6 8487/4/6 8499/4/6
f 8498/5/6 8485/5/6 8499/5/6
f 8485/4/6 8486/4/6 8499/4/6
f 8499/4/6 8487/4/6 8500/4/6
f 8500/4/6 8487/4/6 8501/4/6
f 8488/6/6 8489/6/6 8503/6/6
f 8489/5/6 8490/5/6 8504/5/6
f 8503/6/6 8489/6/6 8504/6/6
f 8473/7/6 8457/7/6 8505/7/6
f 8458/5/6 8459/5/6 8505/5/6
f 8457/5/6 8458/5/6 8505/5/6
f 8505/5/6 8459/5/6 8506/5/6
f 8506/5/6 8459/5/6 8507/5/6
f 8493/7/6 8494/7/6 8508/7/6
f 8492/7/6 8493/7/6 8508/7/6
f 8508/7/6 8494/7/6 8509/7/6
f 8494/4/6 8495/4/6 8510/4/6
f 8509/7/6 8494/7/6 8510/7/6
f 8510/4/6 8495/4/6 8511/4/6
f 8511/4/6 8495/4/6 8512/4/6
f 8497/4/6 8498/4/6 8515/4/6
f 8499/4/6 8500/4/6 8515/4/6
f 8498/4/6 8499/4/6 8515/4/6
f 8515/4/6 8500/4/6 8516/4/6
f 8516/4/6 8500/4/6 8517/4/6
f 8502/4/6 8503/4/6 8518/4/6
f 8503/4/6 8504/4/6 8518/4/6
f 8518/4/6 8504/4/6 8519/4/6
f 8504/5/6 8490/5/6 8520/5/6
f 8519/4/6 8504/4/6 8520/4/6
f 8490/5/6 8473/5/6 8521/5/6
f 8520/5/6 8490/5/6 8521/5/6
f 8505/7/6 8506/7/6 8521/7/6
f 8473/7/6 8505/7/6 8521/7/6
f 8521/7/6 8506/7/6 8522/7/6
f 8522/7/6 8506/7/6 8523/7/6
f 8510/7/6 8511/7/6 8524/7/6
f 8509/7/6 8510/7/6 8524/7/6
f 8524/7/6 8511/7/6 8525/7/6
f 8512/4/6 8513/4/6 8526/4/6
f 8525/7/6 8511/7/6 8526/7/6
f 8511/4/6 8512/4/6 8526/4/6
f 8526/4/6 8513/4/6 8527/4/6
f 8514/4/6 8515/4/6 8528/4/6
f 8528/4/6 8515/4/6 8529/4/6
f 8518/4/6 8519/4/6 8531/4/6
f 8516/4/6 8517/4/6 8531/4/6
f 8517/4/6 8518/4/6 8531/4/6
f 8531/4/6 8519/4/6 8532/4/6
f 8532/4/6 8519/4/6 8533/4/6
f 8519/7/6 8520/7/6 8534/7/6
f 8533/4/6 8519/4/6 8534/4/6
f 8521/7/6 8522/7/6 8534/7/6
f 8520/7/6 8521/7/6 8534/7/6
f 8534/7/6 8522/7/6 8535/7/6
f 8535/7/6 8522/7/6 8536/7/6
f 8528/7/6 8529/7/6 8537/7/6
f 8527/7/6 8528/7/6 8537/7/6
f 8526/7/6 8527/7/6 8537/7/6
f 8525/7/6 8526/7/6 8537/7/6
f 8537/7/6 8529/7/6 8538/7/6
f 8529/4/6 8530/4/6 8539/4/6
f 8538/7/6 8529/7/6 8539/7/6
f 8531/7/6 8532/7/6 8540/7/6
f 8539/4/6 8530/4/6 8540/4/6
f 8530/7/6 8531/7/6 8540/7/6
f 8532/4/6 8533/4/6 8541/4/6
f 8540/7/6 8532/7/6 8541/7/6
f 8534/7/6 8535/7/6 8542/7/6
f 8541/4/6 8533/4/6 8542/4/6
f 8533/7/6 8534/7/6 8542/7/6
f 8542/7/6 8535/7/6 8543/7/6
f 8543/7/6 8535/7/6 8544/7/6
f 8540/7/6 8541/7/6 8545/7/6
f 8542/7/6 8543/7/6 8545/7/6
f 8541/7/6 8542/7/6 8545/7/6
f 8539/7/6 8540/7/6 8545/7/6
f 8538/7/6 8539/7/6 8545/7/6
f 8545/7/6 8543/7/6 8546/7/6
f 8546/7/6 8543/7/6 8547/7/6
f 8547/7/6 8543/7/6 8548/7/6
f 8548/7/6 8543/7/6 8549/7/6
f 8549/7/6 8543/7/6 8550/7/6
f 8550/7/6 8543/7/6 8551/7/6
f 8551/7/6 8543/7/6 8552/7/6
f 8546/7/6 8547/7/6 8553/7/6
f 8553/7/6 8547/7/6 8554/7/6
f 8548/7/6 8549/7/6 8555/7/6
f 8555/7/6 8549/7/6 8556/7/6
f 8550/7/6 8551/7/6 8557/7/6
f 8557/7/6 8551/7/6 8558/7/6
f 8559/5/6 8560/5/6 8562/5/6
f 8562/5/6 8560/5/6 8563/5/6
f 8561/5/6 8562/5/6 8566/5/6
f 8566/5/6 8562/5/6 8567/5/6
f 8563/5/6 8564/5/6 8568/5/6
f 8568/5/6 8564/5/6 8569/5/6
f 8565/5/6 8566/5/6 8575/5/6
f 8575/5/6 8566/5/6 8576/5/6
f 8569/5/6 8570/5/6 8579/5/6
f 8579/5/6 8570/5/6 8580/5/6
f 8571/6/6 8572/6/6 8582/6/6
f 8582/6/6 8572/6/6 8583/6/6
f 8573/6/6 8574/6/6 8584/6/6
f 8584/6/6 8574/6/6 8585/6/6
f 8576/5/6 8577/5/6 8587/5/6
f 8587/5/6 8577/5/6 8588/5/6
f 8578/5/6 8579/5/6 8590/5/6
f 8590/5/6 8579/5/6 8591/5/6
f 8581/5/6 8582/5/6 8592/5/6
f 8592/5/6 8582/5/6 8593/5/6
f 8585/6/6 8586/6/6 8594/6/6
f 8594/6/6 8586/6/6 8595/6/6
f 8588/6/6 8589/6/6 8597/6/6
f 8589/6/6 8590/6/6 8597/6/6
f 8597/6/6 8590/6/6 8598/6/6
f 8595/5/6 8596/5/6 8601/5/6
f 8601/5/6 8596/5/6 8602/5/6
f 8599/5/6 8600/5/6 8603/5/6
f 8603/5/6 8600/5/6 8604/5/6
f 8605/1/6 8606/1/6 8607/1/6
f 8607/1/6 8606/1/6 8608/1/6
f 8608/5/6 8609/5/6 8610/5/6
f 8610/5/6 8609/5/6 8611/5/6
f 8611/5/6 8612/5/6 8615/5/6
f 8615/5/6 8612/5/6 8616/5/6
f 8613/6/6 8614/6/6 8620/6/6
f 8620/6/6 8614/6/6 8621/6/6
f 8617/5/6 8618/5/6 8622/5/6
f 8622/5/6 8618/5/6 8623/5/6
f 8619/6/6 8620/6/6 8624/6/6
f 8624/6/6 8620/6/6 8625/6/6
f 8626/5/6 8627/5/6 8629/5/6
f 8629/5/6 8627/5/6 8630/5/6
f 8630/5/6 8627/5/6 8631/5/6
f 8628/5/6 8629/5/6 8638/5/6
f 8629/6/6 8630/6/6 8639/6/6
f 8638/5/6 8629/5/6 8639/5/6
f 8630/5/6 8631/5/6 8640/5/6
f 8631/5/6 8632/5/6 8640/5/6
f 8640/5/6 8632/5/6 8641/5/6
f 8633/5/6 8634/5/6 8643/5/6
f 8643/5/6 8634/5/6 8644/5/6
f 8634/6/6 8635/6/6 8645/6/6
f 8644/5/6 8634/5/6 8645/5/6
f 8635/5/6 8636/5/6 8646/5/6
f 8645/6/6 8635/6/6 8646/6/6
f 8636/6/6 8637/6/6 8647/6/6
f 8646/5/6 8636/5/6 8647/5/6
f 8647/6/6 8637/6/6 8648/6/6
f 8648/6/6 8637/6/6 8649/6/6
f 8639/6/6 8630/6/6 8651/6/6
f 8630/5/6 8640/5/6 8652/5/6
f 8651/6/6 8630/6/6 8652/6/6
f 8652/5/6 8640/5/6 8653/5/6
f 8642/6/6 8643/6/6 8655/6/6
f 8655/6/6 8643/6/6 8656/6/6
f 8649/6/6 8650/6/6 8657/6/6
f 8657/6/6 8650/6/6 8658/6/6
f 8654/4/6 8655/4/6 8660/4/6
f 8660/4/6 8655/4/6 8661/4/6
f 8658/5/6 8659/5/6 8662/5/6
f 8662/5/6 8659/5/6 8663/5/6
f 8660/5/6 8661/5/6 8666/5/6
f 8666/5/6 8661/5/6 8667/5/6
f 8663/5/6 8664/5/6 8668/5/6
f 8668/5/6 8664/5/6 8669/5/6
f 8665/5/6 8666/5/6 8670/5/6
f 8670/5/6 8666/5/6 8671/5/6
f 8671/5/6 8672/5/6 8673/5/6
f 8673/5/6 8672/5/6 8674/5/6
f 8674/3/6 8675/3/6 8676/3/6
f 8676/3/6 8675/3/6 8677/3/6
f 8668/6/6 8669/6/6 8681/6/6
f 8681/6/6 8669/6/6 8682/6/6
f 8677/5/6 8678/5/6 8683/5/6
f 8678/6/6 8679/6/6 8684/6/6
f 8683/5/6 8678/5/6 8684/5/6
f 8684/6/6 8679/6/6 8685/6/6
f 8680/6/6 8681/6/6 8691/6/6
f 8691/6/6 8681/6/6 8692/6/6
f 8685/5/6 8686/5/6 8693/5/6
f 8686/6/6 8687/6/6 8694/6/6
f 8693/5/6 8686/5/6 8694/5/6
f 8687/5/6 8688/5/6 8695/5/6
f 8694/6/6 8687/6/6 8695/6/6
f 8688/6/6 8689/6/6 8696/6/6
f 8695/5/6 8688/5/6 8696/5/6
f 8689/3/6 8690/3/6 8697/3/6
f 8696/6/6 8689/6/6 8697/6/6
f 8690/6/6 8691/6/6 8698/6/6
f 8697/3/6 8690/3/6 8698/3/6
f 8698/6/6 8691/6/6 8699/6/6
f 8700/6/6 8701/6/6 8705/6/6
f 8702/6/6 8703/6/6 8706/6/6
f 8701/5/6 8702/5/6 8706/5/6
f 8706/6/6 8703/6/6 8707/6/6
f 8704/6/6 8705/6/6 8709/6/6
f 8707/5/6 8708/5/6 8709/5/6
f 8706/5/6 8707/5/6 8709/5/6
f 8701/5/6 8706/5/6 8709/5/6
f 8705/6/6 8701/6/6 8709/6/6
f 8709/5/6 8708/5/6 8710/5/6
f 8710/5/6 8708/5/6 8711/5/6
f 8704/6/6 8709/6/6 8714/6/6
f 8709/6/6 8710/6/6 8714/6/6
f 8714/6/6 8710/6/6 8715/6/6
f 8711/5/6 8712/5/6 8716/5/6
f 8715/6/6 8710/6/6 8716/6/6
f 8710/5/6 8711/5/6 8716/5/6
f 8716/5/6 8712/5/6 8717/5/6
f 8717/5/6 8712/5/6 8718/5/6
f 8718/5/6 8712/5/6 8719/5/6
f 8714/5/6 8715/5/6 8720/5/6
f 8713/5/6 8714/5/6 8720/5/6
f 8720/5/6 8715/5/6 8721/5/6
f 8715/6/6 8716/6/6 8722/6/6
f 8716/6/6 8717/6/6 8722/6/6
f 8717/5/6 8718/5/6 8722/5/6
f 8718/6/6 8719/6/6 8723/6/6
f 8722/5/6 8718/5/6 8723/5/6
f 8721/5/6 8715/5/6 8724/5/6
f 8724/5/6 8715/5/6 8725/5/6
f 8715/6/6 8722/6/6 8726/6/6
f 8725/5/6 8715/5/6 8726/5/6
f 8722/6/6 8723/6/6 8726/6/6
f 8725/6/6 8726/6/6 8727/6/6
f 8726/6/6 8723/6/6 8728/6/6
f 8727/6/6 8726/6/6 8728/6/6
f 8723/6/6 8719/6/6 8729/6/6
f 8728/6/6 8723/6/6 8729/6/6
f 8729/6/6 8719/6/6 8730/6/6
f 8728/6/6 8729/6/6 8731/6/6
f 8731/6/6 8729/6/6 8732/6/6
