# MagicaVoxel @ Ephtracy

# group
o 

# material
mtllib Red_Recording_Cube.mtl
usemtl palette

# normals
vn -1 0 0
vn 1 0 0
vn 0 0 1
vn 0 0 -1
vn 0 -1 0
vn 0 1 0

# texcoords
vt 0.841797 0.5
vt 0.845703 0.5
vt 0.849609 0.5
vt 0.857422 0.5
vt 0.861328 0.5
vt 0.982422 0.5

# verts
v -1.4 0 1.2
v -1.4 0 -1.1
v -1.4 0.1 1.2
v -1.4 0.1 -1.1
v -1.3 0 1.6
v -1.3 0 1.3
v -1.3 0 -1.2
v -1.3 0 -1.3
v -1.3 0.1 1.6
v -1.3 0.1 1.3
v -1.3 0.1 -1.2
v -1.3 0.1 -1.3
v -1.3 0.2 1.4
v -1.3 0.2 1.3
v -1.3 0.2 1.2
v -1.3 0.2 -1.1
v -1.3 0.2 -1.2
v -1.3 0.2 -1.3
v -1.3 0.6 1.4
v -1.3 0.6 1.3
v -1.3 0.6 1.2
v -1.3 0.6 -1.1
v -1.3 0.6 -1.2
v -1.3 0.6 -1.3
v -1.2 0 1.3
v -1.2 0 1.2
v -1.2 0 -1.1
v -1.2 0 -1.2
v -1.2 0.1 1.3
v -1.2 0.1 1.2
v -1.2 0.1 -1.1
v -1.2 0.1 -1.2
v -1.2 0.2 1.3
v -1.2 0.2 1.2
v -1.2 0.2 -1.1
v -1.2 0.2 -1.2
v -1.2 0.6 1.3
v -1.2 0.6 1.2
v -1.2 0.6 -1.1
v -1.2 0.6 -1.2
v -1.1 0 1.6
v -1.1 0 1.3
v -1.1 0 -1.2
v -1.1 0 -1.4
v -1.1 0.1 1.6
v -1.1 0.1 1.5
v -1.1 0.1 -1.2
v -1.1 0.1 -1.4
v -1.1 0.2 1.5
v -1.1 0.2 1.4
v -1.1 0.2 -1.2
v -1.1 0.2 -1.3
v -1.1 0.6 1.4
v -1.1 0.6 1.3
v -1.1 0.6 -1.2
v -1.1 0.6 -1.3
v -1 0.6 1
v -1 0.6 0.8
v -1 0.6 0.7
v -1 0.6 0.5
v -1 0.6 0.3
v -1 0.6 -0.2
v -1 0.6 -0.3
v -1 0.6 -0.5
v -1 0.6 -0.6
v -1 0.6 -0.7
v -1 0.6 -0.8
v -1 0.6 -1
v -1 0.7 0.5
v -1 0.7 0.3
v -1 0.7 0.1
v -1 0.7 -0.2
v -1 0.7 -0.3
v -1 0.7 -0.5
v -1 0.7 -0.6
v -1 0.8 1
v -1 0.8 0.8
v -1 0.8 0.7
v -1 0.8 0.3
v -1 0.8 0.1
v -1 0.8 -0.5
v -1 0.8 -0.6
v -1 0.8 -0.7
v -1 0.8 -0.8
v -1 0.8 -1
v -1 0.9 1
v -1 0.9 0.8
v -1 0.9 0.7
v -1 0.9 0.2
v -1 0.9 0
v -1 0.9 -0.5
v -1 0.9 -0.6
v -1 0.9 -0.7
v -1 0.9 -0.8
v -1 0.9 -1
v -1 1 1
v -1 1 0.9
v -1 1 0.2
v -1 1 0
v -1 1 -0.5
v -1 1 -0.6
v -1 1.1 1
v -1 1.1 0.9
v -1 1.1 0.4
v -1 1.1 0.3
v -1 1.1 -0.3
v -1 1.1 -0.4
v -1 1.1 -0.5
v -1 1.1 -0.6
v -1 1.2 0.4
v -1 1.2 0.3
v -1 1.2 -0.3
v -1 1.2 -0.4
v -1 1.3 1
v -1 1.3 0.9
v -1 1.4 1
v -1 1.4 0.9
v -1 1.4 -0.2
v -1 1.4 -0.3
v -1 1.5 -0.1
v -1 1.5 -0.2
v -1 1.5 -0.3
v -1 1.5 -0.8
v -1 1.5 -0.9
v -1 1.6 0.6
v -1 1.6 0.5
v -1 1.6 -0.1
v -1 1.6 -0.2
v -1 1.6 -0.3
v -1 1.6 -0.8
v -1 1.6 -0.9
v -1 1.7 0.6
v -1 1.7 0.5
v -1 1.7 0.3
v -1 1.7 0.2
v -1 1.7 -0.4
v -1 1.7 -0.6
v -1 1.8 0.9
v -1 1.8 0.8
v -1 1.8 0.6
v -1 1.8 0.5
v -1 1.8 0.3
v -1 1.8 0.2
v -1 1.8 -0.2
v -1 1.8 -0.3
v -1 1.8 -0.4
v -1 1.8 -0.6
v -1 1.8 -0.8
v -1 1.8 -0.9
v -1 1.9 0.9
v -1 1.9 0.8
v -1 1.9 0.6
v -1 1.9 0.5
v -1 1.9 -0.2
v -1 1.9 -0.3
v -1 1.9 -0.8
v -1 1.9 -0.9
v -1 2 -0.2
v -1 2 -0.3
v -1 2 -0.5
v -1 2 -0.6
v -1 2.1 0.9
v -1 2.1 0.8
v -1 2.1 0.5
v -1 2.1 0.4
v -1 2.1 -0.5
v -1 2.1 -0.6
v -1 2.2 1
v -1 2.2 0.9
v -1 2.2 0.8
v -1 2.2 0.7
v -1 2.2 0.5
v -1 2.2 0.4
v -1 2.2 -0.7
v -1 2.2 -0.8
v -1 2.2 -1
v -1 2.3 1
v -1 2.3 0.8
v -1 2.3 0.7
v -1 2.3 0.4
v -1 2.3 0.3
v -1 2.3 0.1
v -1 2.3 0
v -1 2.3 -0.1
v -1 2.3 -0.2
v -1 2.3 -0.7
v -1 2.3 -0.8
v -1 2.3 -0.9
v -1 2.3 -1
v -1 2.4 1
v -1 2.4 0.9
v -1 2.4 0.5
v -1 2.4 0.4
v -1 2.4 0.3
v -1 2.4 0.1
v -1 2.4 0
v -1 2.4 -0.1
v -1 2.4 -0.2
v -1 2.4 -0.3
v -1 2.4 -0.4
v -1 2.4 -0.8
v -1 2.4 -0.9
v -1 2.5 1
v -1 2.5 0.9
v -1 2.5 0.8
v -1 2.5 0.7
v -1 2.5 0.5
v -1 2.5 0.4
v -1 2.5 0.3
v -1 2.5 -0.1
v -1 2.5 -0.2
v -1 2.5 -0.3
v -1 2.5 -0.4
v -1 2.5 -0.7
v -1 2.5 -0.8
v -1 2.5 -1
v -0.9 0.6 0.8
v -0.9 0.6 0.7
v -0.9 0.6 -0.7
v -0.9 0.6 -0.8
v -0.9 0.8 0.9
v -0.9 0.8 0.8
v -0.9 0.8 0.7
v -0.9 0.8 0.3
v -0.9 0.8 0.1
v -0.9 0.8 -0.5
v -0.9 0.8 -0.6
v -0.9 0.8 -0.7
v -0.9 0.8 -0.8
v -0.9 0.8 -0.9
v -0.9 0.9 0.9
v -0.9 0.9 0.8
v -0.9 0.9 0.7
v -0.9 0.9 0.2
v -0.9 0.9 0
v -0.9 0.9 -0.5
v -0.9 0.9 -0.6
v -0.9 0.9 -0.7
v -0.9 0.9 -0.8
v -0.9 0.9 -0.9
v -0.9 1.5 -0.8
v -0.9 1.6 -0.8
v -0.9 1.8 0.8
v -0.9 1.8 -0.8
v -0.9 1.9 0.8
v -0.9 1.9 -0.8
v -0.9 2.1 0.8
v -0.9 2.2 0.9
v -0.9 2.2 0.8
v -0.9 2.2 0.7
v -0.9 2.2 0.5
v -0.9 2.2 0.4
v -0.9 2.2 -0.7
v -0.9 2.2 -0.8
v -0.9 2.2 -0.9
v -0.9 2.3 0.9
v -0.9 2.3 0.8
v -0.9 2.3 0.7
v -0.9 2.3 0.4
v -0.9 2.3 0.3
v -0.9 2.3 0.1
v -0.9 2.3 0
v -0.9 2.3 -0.1
v -0.9 2.3 -0.2
v -0.9 2.3 -0.7
v -0.9 2.3 -0.8
v -0.9 2.3 -0.9
v -0.9 2.4 0.8
v -0.9 2.4 0.7
v -0.9 2.4 -0.7
v -0.9 2.4 -0.8
v -0.8 0.8 0.8
v -0.8 0.8 0.7
v -0.8 0.8 -0.7
v -0.8 0.8 -0.8
v -0.8 0.9 0.8
v -0.8 0.9 0.7
v -0.8 0.9 -0.7
v -0.8 0.9 -0.8
v -0.8 2.2 0.8
v -0.8 2.2 0.7
v -0.8 2.2 -0.7
v -0.8 2.2 -0.8
v -0.8 2.3 0.8
v -0.8 2.3 0.7
v -0.8 2.3 -0.7
v -0.8 2.3 -0.8
v -0.7 0.6 1
v -0.7 0.6 0.9
v -0.7 0.6 -0.9
v -0.7 0.6 -1
v -0.7 0.7 -0.9
v -0.7 0.7 -1
v -0.7 0.8 1
v -0.7 0.8 0.9
v -0.7 0.8 -0.9
v -0.7 0.8 -1
v -0.7 0.9 1
v -0.7 0.9 0.9
v -0.7 0.9 -0.9
v -0.7 0.9 -1
v -0.7 1 1
v -0.7 1 0.9
v -0.7 1 -0.9
v -0.7 1 -1
v -0.7 1.1 1
v -0.7 1.1 0.9
v -0.7 1.1 -0.9
v -0.7 1.1 -1
v -0.7 1.2 -0.9
v -0.7 1.2 -1
v -0.7 1.6 1
v -0.7 1.6 0.9
v -0.7 1.6 -0.9
v -0.7 1.7 1
v -0.7 1.7 0.9
v -0.7 1.8 -0.9
v -0.7 2.1 -0.9
v -0.7 2.1 -1
v -0.7 2.2 1
v -0.7 2.2 0.9
v -0.7 2.3 1
v -0.7 2.3 0.9
v -0.7 2.3 -0.9
v -0.7 2.3 -1
v -0.7 2.4 1
v -0.7 2.4 0.9
v -0.7 2.4 0.8
v -0.7 2.4 0.7
v -0.7 2.4 0.4
v -0.7 2.4 0.3
v -0.7 2.4 0
v -0.7 2.4 -0.1
v -0.7 2.4 -0.2
v -0.7 2.4 -0.3
v -0.7 2.4 -0.7
v -0.7 2.4 -0.8
v -0.7 2.4 -0.9
v -0.7 2.5 1
v -0.7 2.5 0.8
v -0.7 2.5 0.7
v -0.7 2.5 0.4
v -0.7 2.5 0.3
v -0.7 2.5 0
v -0.7 2.5 -0.1
v -0.7 2.5 -0.2
v -0.7 2.5 -0.3
v -0.7 2.5 -0.7
v -0.7 2.5 -0.8
v -0.7 2.5 -1
v -0.6 1.1 -0.9
v -0.6 1.1 -1
v -0.6 1.2 -0.9
v -0.6 1.2 -1
v -0.6 2.1 -0.9
v -0.6 2.1 -1
v -0.6 2.2 -0.9
v -0.6 2.2 -1
v -0.4 1.9 -0.9
v -0.4 1.9 -1
v -0.4 2 -0.9
v -0.4 2 -1
v -0.4 2.4 -0.9
v -0.4 2.4 -1
v -0.4 2.5 -0.9
v -0.4 2.5 -1
v -0.3 1 -0.9
v -0.3 1 -1
v -0.3 1.1 -0.9
v -0.3 1.1 -1
v 0 1.6 -0.9
v 0 1.6 -1
v 0 1.7 -0.9
v 0 1.7 -1
v 0 2.1 -0.9
v 0 2.1 -1
v 0 2.2 -0.9
v 0 2.2 -1
v 0.1 0.1 1.5
v 0.1 0.1 1.3
v 0.1 0.2 1.5
v 0.1 0.2 1.3
v 0.1 0.3 1.4
v 0.1 0.3 1.3
v 0.1 0.4 1.4
v 0.1 0.4 1.3
v 0.1 0.5 1.4
v 0.1 0.5 1.3
v 0.1 0.6 1.4
v 0.1 0.6 1.3
v 0.2 0.2 1.4
v 0.2 0.2 1.3
v 0.2 0.3 1.4
v 0.2 0.3 1.3
v 0.2 0.4 1.4
v 0.2 0.4 1.3
v 0.2 0.5 1.4
v 0.2 0.5 1.3
v 0.2 1.3 -0.9
v 0.2 1.3 -1
v 0.2 1.4 -0.9
v 0.2 1.4 -1
v 0.4 0.9 -0.9
v 0.4 0.9 -1
v 0.4 1 -0.9
v 0.4 1 -1
v 0.4 2.1 -0.9
v 0.4 2.1 -1
v 0.4 2.2 -0.9
v 0.4 2.2 -1
v 0.5 1.2 -0.9
v 0.5 1.2 -1
v 0.5 1.3 -0.9
v 0.5 1.3 -1
v 0.6 1.8 -0.9
v 0.6 1.8 -1
v 0.6 1.9 -0.9
v 0.6 1.9 -1
v 0.8 0.6 1
v 0.8 0.6 0.9
v 0.8 0.6 -0.9
v 0.8 0.6 -1
v 0.8 0.7 1
v 0.8 0.7 0.9
v 0.8 0.8 1
v 0.8 0.8 0.9
v 0.8 0.8 -0.9
v 0.8 0.8 -1
v 0.8 0.9 1
v 0.8 0.9 0.9
v 0.8 0.9 -0.9
v 0.8 0.9 -1
v 0.8 1 1
v 0.8 1 0.9
v 0.8 1.1 1
v 0.8 1.1 0.9
v 0.8 1.1 -0.9
v 0.8 1.3 1
v 0.8 1.3 0.9
v 0.8 1.4 1
v 0.8 1.4 0.9
v 0.8 1.6 1
v 0.8 1.6 0.9
v 0.8 1.7 -0.9
v 0.8 1.8 1
v 0.8 1.8 0.9
v 0.8 1.8 -0.9
v 0.8 1.9 -0.9
v 0.8 2.1 1
v 0.8 2.1 0.9
v 0.8 2.1 -0.9
v 0.8 2.1 -1
v 0.8 2.2 1
v 0.8 2.2 0.9
v 0.8 2.3 1
v 0.8 2.3 0.9
v 0.8 2.3 -0.9
v 0.8 2.3 -1
v 0.8 2.4 0.9
v 0.8 2.4 0.8
v 0.8 2.4 0.7
v 0.8 2.4 0.2
v 0.8 2.4 0.1
v 0.8 2.4 0
v 0.8 2.4 -0.1
v 0.8 2.4 -0.2
v 0.8 2.4 -0.3
v 0.8 2.4 -0.7
v 0.8 2.5 1
v 0.8 2.5 0.8
v 0.8 2.5 0.7
v 0.8 2.5 0.2
v 0.8 2.5 0.1
v 0.8 2.5 0
v 0.8 2.5 -0.1
v 0.8 2.5 -0.7
v 0.8 2.5 -0.9
v 0.8 2.5 -1
v 0.9 2.1 -0.9
v 0.9 2.1 -1
v 0.9 2.2 -0.9
v 0.9 2.2 -1
v 1.2 0 1.6
v 1.2 0 1.3
v 1.2 0 -1.2
v 1.2 0 -1.3
v 1.2 0.1 1.6
v 1.2 0.1 1.3
v 1.2 0.1 -1.2
v 1.2 0.1 -1.3
v 1.2 0.2 1.4
v 1.2 0.2 1.3
v 1.2 0.2 -1.2
v 1.2 0.2 -1.3
v 1.2 0.6 1.4
v 1.2 0.6 1.3
v 1.2 0.6 -1.2
v 1.2 0.6 -1.3
v -1.2 0 1.6
v -1.2 0 1.3
v -1.2 0 -1.2
v -1.2 0 -1.3
v -1.2 0.1 1.6
v -1.2 0.1 1.3
v -1.2 0.1 -1.2
v -1.2 0.1 -1.3
v -1.2 0.2 1.4
v -1.2 0.2 1.3
v -1.2 0.2 -1.2
v -1.2 0.2 -1.3
v -1.2 0.6 1.4
v -1.2 0.6 1.3
v -1.2 0.6 -1.2
v -1.2 0.6 -1.3
v -0.8 0.6 1
v -0.8 0.6 0.9
v -0.8 0.6 -0.9
v -0.8 0.6 -1
v -0.8 0.8 1
v -0.8 0.8 0.9
v -0.8 0.8 -0.9
v -0.8 0.8 -1
v -0.8 0.9 1
v -0.8 0.9 0.9
v -0.8 0.9 -0.9
v -0.8 0.9 -1
v -0.8 1.6 1
v -0.8 1.6 0.9
v -0.8 1.6 -0.9
v -0.8 1.7 1
v -0.8 1.7 0.9
v -0.8 1.8 -0.9
v -0.8 2 1
v -0.8 2 0.9
v -0.8 2.1 1
v -0.8 2.1 0.9
v -0.8 2.2 1
v -0.8 2.2 0.9
v -0.8 2.2 -0.9
v -0.8 2.2 -1
v -0.8 2.3 1
v -0.8 2.3 0.9
v -0.8 2.3 -0.9
v -0.8 2.3 -1
v -0.8 2.4 1
v -0.8 2.4 0.9
v -0.8 2.4 0.8
v -0.8 2.4 0.7
v -0.8 2.4 0.1
v -0.8 2.4 0
v -0.8 2.4 -0.4
v -0.8 2.4 -0.5
v -0.8 2.4 -0.7
v -0.8 2.4 -0.8
v -0.8 2.4 -0.9
v -0.8 2.5 1
v -0.8 2.5 0.8
v -0.8 2.5 0.7
v -0.8 2.5 0.1
v -0.8 2.5 0
v -0.8 2.5 -0.4
v -0.8 2.5 -0.5
v -0.8 2.5 -0.7
v -0.8 2.5 -0.8
v -0.8 2.5 -1
v -0.5 1.9 -0.9
v -0.5 1.9 -1
v -0.5 2 -0.9
v -0.5 2 -1
v -0.5 2.4 -0.9
v -0.5 2.4 -1
v -0.5 2.5 -0.9
v -0.5 2.5 -1
v -0.4 1 -0.9
v -0.4 1 -1
v -0.4 1.1 -0.9
v -0.4 1.1 -1
v -0.2 0.2 1.4
v -0.2 0.2 1.3
v -0.2 0.3 1.4
v -0.2 0.3 1.3
v -0.2 0.4 1.4
v -0.2 0.4 1.3
v -0.2 0.5 1.4
v -0.2 0.5 1.3
v -0.1 0.1 1.5
v -0.1 0.1 1.3
v -0.1 0.2 1.5
v -0.1 0.2 1.3
v -0.1 0.3 1.4
v -0.1 0.3 1.3
v -0.1 0.4 1.4
v -0.1 0.4 1.3
v -0.1 0.5 1.4
v -0.1 0.5 1.3
v -0.1 0.6 1.4
v -0.1 0.6 1.3
v -0.1 1.6 -0.9
v -0.1 1.6 -1
v -0.1 1.7 -0.9
v -0.1 1.7 -1
v -0.1 2.1 -0.9
v -0.1 2.1 -1
v -0.1 2.2 -0.9
v -0.1 2.2 -1
v 0.1 1.3 -0.9
v 0.1 1.3 -1
v 0.1 1.4 -0.9
v 0.1 1.4 -1
v 0.3 0.9 -0.9
v 0.3 0.9 -1
v 0.3 1 -0.9
v 0.3 1 -1
v 0.3 2.1 -0.9
v 0.3 2.1 -1
v 0.3 2.2 -0.9
v 0.3 2.2 -1
v 0.4 1.2 -0.9
v 0.4 1.2 -1
v 0.4 1.3 -0.9
v 0.4 1.3 -1
v 0.5 1.8 -0.9
v 0.5 1.8 -1
v 0.5 1.9 -0.9
v 0.5 1.9 -1
v 0.6 1.5 -0.9
v 0.6 1.5 -1
v 0.6 1.6 -0.9
v 0.6 1.6 -1
v 0.7 0.6 1
v 0.7 0.6 0.9
v 0.7 0.6 -0.9
v 0.7 0.6 -1
v 0.7 0.7 0.9
v 0.7 0.8 1
v 0.7 0.8 0.9
v 0.7 0.8 -0.9
v 0.7 0.8 -1
v 0.7 0.9 1
v 0.7 0.9 0.9
v 0.7 0.9 -0.9
v 0.7 0.9 -1
v 0.7 1.1 -0.9
v 0.7 1.3 1
v 0.7 1.3 0.9
v 0.7 1.4 1
v 0.7 1.4 0.9
v 0.7 1.5 -0.9
v 0.7 1.5 -1
v 0.7 1.6 -0.9
v 0.7 1.6 -1
v 0.7 1.7 1
v 0.7 1.7 0.9
v 0.7 1.7 -0.9
v 0.7 1.8 1
v 0.7 1.8 0.9
v 0.7 1.8 -0.9
v 0.7 1.9 -0.9
v 0.7 2.2 1
v 0.7 2.2 0.9
v 0.7 2.2 -0.9
v 0.7 2.2 -1
v 0.7 2.3 1
v 0.7 2.3 0.9
v 0.7 2.3 -0.9
v 0.7 2.3 -1
v 0.7 2.4 0.9
v 0.7 2.4 0.8
v 0.7 2.4 0.7
v 0.7 2.4 0.4
v 0.7 2.4 0.2
v 0.7 2.4 0.1
v 0.7 2.4 0
v 0.7 2.4 -0.1
v 0.7 2.4 -0.2
v 0.7 2.4 -0.3
v 0.7 2.4 -0.4
v 0.7 2.4 -0.5
v 0.7 2.4 -0.6
v 0.7 2.4 -0.7
v 0.7 2.5 1
v 0.7 2.5 0.8
v 0.7 2.5 0.7
v 0.7 2.5 0.4
v 0.7 2.5 0.2
v 0.7 2.5 -0.1
v 0.7 2.5 -0.2
v 0.7 2.5 -0.4
v 0.7 2.5 -0.5
v 0.7 2.5 -0.6
v 0.7 2.5 -0.7
v 0.7 2.5 -0.9
v 0.7 2.5 -1
v 0.9 0.6 0.8
v 0.9 0.6 0.7
v 0.9 0.6 -0.7
v 0.9 0.6 -0.8
v 0.9 0.7 0.8
v 0.9 0.7 0.7
v 0.9 0.7 -0.7
v 0.9 0.8 0.9
v 0.9 0.8 0.8
v 0.9 0.8 0.7
v 0.9 0.8 0.3
v 0.9 0.8 0.2
v 0.9 0.8 0.1
v 0.9 0.8 0
v 0.9 0.8 -0.6
v 0.9 0.8 -0.7
v 0.9 0.8 -0.8
v 0.9 0.8 -0.9
v 0.9 0.9 0.9
v 0.9 0.9 0.8
v 0.9 0.9 0.7
v 0.9 0.9 0.6
v 0.9 0.9 0.5
v 0.9 0.9 0.2
v 0.9 0.9 0.1
v 0.9 0.9 -0.1
v 0.9 0.9 -0.2
v 0.9 0.9 -0.6
v 0.9 0.9 -0.7
v 0.9 0.9 -0.8
v 0.9 0.9 -0.9
v 0.9 1 -0.7
v 0.9 1.4 0.8
v 0.9 1.4 0.7
v 0.9 1.5 0.8
v 0.9 1.5 0.7
v 0.9 1.7 -0.9
v 0.9 1.7 -1
v 0.9 1.8 -0.9
v 0.9 1.8 -1
v 0.9 2 -0.8
v 0.9 2.1 0.8
v 0.9 2.1 -0.8
v 0.9 2.2 0.9
v 0.9 2.2 0.8
v 0.9 2.2 0.7
v 0.9 2.2 0.3
v 0.9 2.2 0.2
v 0.9 2.2 -0.7
v 0.9 2.2 -0.8
v 0.9 2.2 -0.9
v 0.9 2.3 0.9
v 0.9 2.3 0.8
v 0.9 2.3 0.7
v 0.9 2.3 -0.1
v 0.9 2.3 -0.3
v 0.9 2.3 -0.6
v 0.9 2.3 -0.7
v 0.9 2.3 -0.8
v 0.9 2.3 -0.9
v 0.9 2.4 0.8
v 0.9 2.4 0.7
v 0.9 2.4 -0.7
v 0.9 2.4 -0.8
v 1 0.6 1
v 1 0.6 0.8
v 1 0.6 0.7
v 1 0.6 0.6
v 1 0.6 -0.3
v 1 0.6 -0.4
v 1 0.6 -0.7
v 1 0.6 -0.8
v 1 0.6 -1
v 1 0.7 0.7
v 1 0.7 0.6
v 1 0.7 0.3
v 1 0.7 0.2
v 1 0.7 0.1
v 1 0.7 0
v 1 0.7 -0.3
v 1 0.7 -0.4
v 1 0.7 -0.6
v 1 0.7 -0.7
v 1 0.8 1
v 1 0.8 0.8
v 1 0.8 0.7
v 1 0.8 0.3
v 1 0.8 0.2
v 1 0.8 0.1
v 1 0.8 0
v 1 0.8 -0.6
v 1 0.8 -0.7
v 1 0.8 -0.8
v 1 0.8 -1
v 1 0.9 1
v 1 0.9 0.8
v 1 0.9 0.7
v 1 0.9 0.6
v 1 0.9 0.5
v 1 0.9 0.2
v 1 0.9 0.1
v 1 0.9 -0.1
v 1 0.9 -0.2
v 1 0.9 -0.6
v 1 0.9 -0.7
v 1 0.9 -0.8
v 1 0.9 -1
v 1 1 0.6
v 1 1 0.5
v 1 1 0.4
v 1 1 0.2
v 1 1 0.1
v 1 1 -0.6
v 1 1 -0.7
v 1 1.1 1
v 1 1.1 0.9
v 1 1.1 0.4
v 1 1.1 0.2
v 1 1.1 -0.1
v 1 1.1 -0.2
v 1 1.2 1
v 1 1.2 0.9
v 1 1.2 -0.2
v 1 1.2 -0.3
v 1 1.3 0.6
v 1 1.3 0.5
v 1 1.3 0.3
v 1 1.3 0.2
v 1 1.3 -0.2
v 1 1.3 -0.3
v 1 1.4 0.6
v 1 1.4 0.5
v 1 1.4 0.3
v 1 1.4 0.2
v 1 1.4 0.1
v 1 1.4 0
v 1 1.4 -0.1
v 1 1.4 -0.2
v 1 1.5 0.1
v 1 1.5 0
v 1 1.5 -0.1
v 1 1.5 -0.2
v 1 1.5 -0.3
v 1 1.5 -0.4
v 1 1.5 -0.5
v 1 1.5 -0.6
v 1 1.6 0.3
v 1 1.6 0.2
v 1 1.6 -0.3
v 1 1.6 -0.4
v 1 1.7 1
v 1 1.7 0.9
v 1 1.7 0
v 1 1.7 -0.1
v 1 1.7 -0.5
v 1 1.7 -0.6
v 1 1.7 -0.9
v 1 1.7 -1
v 1 1.8 1
v 1 1.8 0.9
v 1 1.8 0.4
v 1 1.8 0.3
v 1 1.8 0.2
v 1 1.8 0
v 1 1.8 -0.1
v 1 1.8 -0.4
v 1 1.8 -0.5
v 1 1.8 -0.9
v 1 1.8 -1
v 1 1.9 0.4
v 1 1.9 0.3
v 1 1.9 -0.4
v 1 1.9 -0.5
v 1 2 -0.1
v 1 2 -0.2
v 1 2 -0.8
v 1 2 -0.9
v 1 2.1 0.9
v 1 2.1 0.8
v 1 2.1 0.3
v 1 2.1 0.2
v 1 2.1 -0.1
v 1 2.1 -0.2
v 1 2.1 -0.8
v 1 2.1 -0.9
v 1 2.2 1
v 1 2.2 0.9
v 1 2.2 0.8
v 1 2.2 0.7
v 1 2.2 0.3
v 1 2.2 0.2
v 1 2.2 -0.7
v 1 2.2 -0.8
v 1 2.2 -1
v 1 2.3 1
v 1 2.3 0.8
v 1 2.3 0.7
v 1 2.3 -0.1
v 1 2.3 -0.3
v 1 2.3 -0.6
v 1 2.3 -0.7
v 1 2.3 -0.8
v 1 2.3 -1
v 1 2.4 0.5
v 1 2.4 0.4
v 1 2.4 -0.1
v 1 2.4 -0.3
v 1 2.4 -0.6
v 1 2.4 -0.7
v 1 2.5 1
v 1 2.5 0.8
v 1 2.5 0.7
v 1 2.5 0.5
v 1 2.5 0.4
v 1 2.5 -0.7
v 1 2.5 -0.8
v 1 2.5 -1
v 1.1 0 1.6
v 1.1 0 1.3
v 1.1 0 -1.2
v 1.1 0 -1.4
v 1.1 0.1 1.6
v 1.1 0.1 1.5
v 1.1 0.1 -1.2
v 1.1 0.1 -1.4
v 1.1 0.2 1.5
v 1.1 0.2 1.4
v 1.1 0.2 -1.2
v 1.1 0.2 -1.3
v 1.1 0.6 1.4
v 1.1 0.6 1.3
v 1.1 0.6 -1.2
v 1.1 0.6 -1.3
v 1.2 0 1.3
v 1.2 0 1.2
v 1.2 0 -1.1
v 1.2 0 -1.2
v 1.2 0.1 1.3
v 1.2 0.1 1.2
v 1.2 0.1 -1.1
v 1.2 0.1 -1.2
v 1.2 0.2 1.3
v 1.2 0.2 1.2
v 1.2 0.2 -1.1
v 1.2 0.2 -1.2
v 1.2 0.6 1.3
v 1.2 0.6 1.2
v 1.2 0.6 -1.1
v 1.2 0.6 -1.2
v 1.3 0 1.6
v 1.3 0 1.3
v 1.3 0 -1.2
v 1.3 0 -1.3
v 1.3 0.1 1.6
v 1.3 0.1 1.3
v 1.3 0.1 -1.2
v 1.3 0.1 -1.3
v 1.3 0.2 1.4
v 1.3 0.2 1.3
v 1.3 0.2 1.2
v 1.3 0.2 -1.1
v 1.3 0.2 -1.2
v 1.3 0.2 -1.3
v 1.3 0.6 1.4
v 1.3 0.6 1.3
v 1.3 0.6 1.2
v 1.3 0.6 -1.1
v 1.3 0.6 -1.2
v 1.3 0.6 -1.3
v 1.4 0 1.2
v 1.4 0 -1.1
v 1.4 0.1 1.2
v 1.4 0.1 -1.1
v -1.3 0 1.6
v -1.3 0.1 1.6
v -1.2 0 1.6
v -1.2 0.1 1.6
v -1.1 0 1.6
v -1.1 0.1 1.6
v 1.1 0 1.6
v 1.1 0.1 1.6
v 1.2 0 1.6
v 1.2 0.1 1.6
v 1.3 0 1.6
v 1.3 0.1 1.6
v -1.1 0.1 1.5
v -1.1 0.2 1.5
v -0.1 0.1 1.5
v -0.1 0.2 1.5
v 0.1 0.1 1.5
v 0.1 0.2 1.5
v 1.1 0.1 1.5
v 1.1 0.2 1.5
v -1.3 0.2 1.4
v -1.3 0.6 1.4
v -1.2 0.2 1.4
v -1.2 0.6 1.4
v -1.1 0.2 1.4
v -1.1 0.6 1.4
v -0.2 0.2 1.4
v -0.2 0.3 1.4
v -0.2 0.4 1.4
v -0.2 0.5 1.4
v -0.1 0.3 1.4
v -0.1 0.4 1.4
v -0.1 0.5 1.4
v -0.1 0.6 1.4
v 0.1 0.3 1.4
v 0.1 0.4 1.4
v 0.1 0.5 1.4
v 0.1 0.6 1.4
v 0.2 0.2 1.4
v 0.2 0.3 1.4
v 0.2 0.4 1.4
v 0.2 0.5 1.4
v 1.1 0.2 1.4
v 1.1 0.6 1.4
v 1.2 0.2 1.4
v 1.2 0.6 1.4
v 1.3 0.2 1.4
v 1.3 0.6 1.4
v -1.2 0 1.3
v -1.2 0.1 1.3
v -1.2 0.2 1.3
v -1.2 0.6 1.3
v -1.1 0 1.3
v -1.1 0.6 1.3
v -0.2 0.2 1.3
v -0.2 0.3 1.3
v -0.2 0.4 1.3
v -0.2 0.5 1.3
v -0.1 0.1 1.3
v -0.1 0.2 1.3
v -0.1 0.3 1.3
v -0.1 0.4 1.3
v -0.1 0.5 1.3
v -0.1 0.6 1.3
v 0.1 0.1 1.3
v 0.1 0.2 1.3
v 0.1 0.3 1.3
v 0.1 0.4 1.3
v 0.1 0.5 1.3
v 0.1 0.6 1.3
v 0.2 0.2 1.3
v 0.2 0.3 1.3
v 0.2 0.4 1.3
v 0.2 0.5 1.3
v 1.1 0 1.3
v 1.1 0.6 1.3
v 1.2 0 1.3
v 1.2 0.1 1.3
v 1.2 0.2 1.3
v 1.2 0.6 1.3
v -1.4 0 1.2
v -1.4 0.1 1.2
v -1.3 0.2 1.2
v -1.3 0.6 1.2
v -1.2 0 1.2
v -1.2 0.1 1.2
v -1.2 0.2 1.2
v -1.2 0.6 1.2
v 1.2 0 1.2
v 1.2 0.1 1.2
v 1.2 0.2 1.2
v 1.2 0.6 1.2
v 1.3 0.2 1.2
v 1.3 0.6 1.2
v 1.4 0 1.2
v 1.4 0.1 1.2
v -1 0.6 1
v -1 0.8 1
v -1 0.9 1
v -1 1 1
v -1 1.1 1
v -1 1.3 1
v -1 1.4 1
v -1 2.2 1
v -1 2.3 1
v -1 2.4 1
v -1 2.5 1
v -0.9 1 1
v -0.9 1.1 1
v -0.9 1.3 1
v -0.9 1.4 1
v -0.9 1.6 1
v -0.9 1.7 1
v -0.9 2 1
v -0.9 2.1 1
v -0.9 2.3 1
v -0.9 2.4 1
v -0.9 2.5 1
v -0.8 0.6 1
v -0.8 0.8 1
v -0.8 0.9 1
v -0.8 1.6 1
v -0.8 1.7 1
v -0.8 2 1
v -0.8 2.1 1
v -0.8 2.2 1
v -0.8 2.3 1
v -0.8 2.4 1
v -0.8 2.5 1
v -0.7 0.6 1
v -0.7 0.8 1
v -0.7 0.9 1
v -0.7 1 1
v -0.7 1.1 1
v -0.7 1.6 1
v -0.7 1.7 1
v -0.7 2.2 1
v -0.7 2.3 1
v -0.7 2.4 1
v -0.7 2.5 1
v -0.6 0.7 1
v -0.6 0.8 1
v -0.6 1 1
v -0.6 1.1 1
v -0.6 1.2 1
v -0.6 1.3 1
v -0.6 1.6 1
v -0.6 1.7 1
v -0.6 1.9 1
v -0.6 2 1
v -0.6 2.1 1
v -0.6 2.2 1
v -0.6 2.3 1
v -0.6 2.4 1
v -0.5 0.7 1
v -0.5 0.8 1
v -0.5 1 1
v -0.5 1.1 1
v -0.5 1.2 1
v -0.5 1.3 1
v -0.5 1.4 1
v -0.5 1.5 1
v -0.5 1.9 1
v -0.5 2 1
v -0.5 2.1 1
v -0.5 2.2 1
v -0.4 0.7 1
v -0.4 0.8 1
v -0.4 1 1
v -0.4 1.1 1
v -0.4 1.4 1
v -0.4 1.5 1
v -0.4 1.8 1
v -0.4 1.9 1
v -0.4 2.4 1
v -0.4 2.5 1
v -0.3 0.7 1
v -0.3 0.8 1
v -0.3 1.2 1
v -0.3 1.3 1
v -0.3 1.6 1
v -0.3 1.7 1
v -0.3 1.8 1
v -0.3 1.9 1
v -0.3 2 1
v -0.3 2.1 1
v -0.3 2.4 1
v -0.3 2.5 1
v -0.2 0.6 1
v -0.2 0.7 1
v -0.2 1.2 1
v -0.2 1.3 1
v -0.2 1.6 1
v -0.2 1.7 1
v -0.2 1.8 1
v -0.2 1.9 1
v -0.2 2 1
v -0.2 2.1 1
v -0.2 2.4 1
v -0.2 2.5 1
v -0.1 0.6 1
v -0.1 0.7 1
v -0.1 0.9 1
v -0.1 1.1 1
v -0.1 1.2 1
v -0.1 1.3 1
v -0.1 1.5 1
v -0.1 1.6 1
v -0.1 1.8 1
v -0.1 1.9 1
v -0.1 2.4 1
v -0.1 2.5 1
v 0 0.6 1
v 0 0.8 1
v 0 0.9 1
v 0 1 1
v 0 1.1 1
v 0 1.2 1
v 0 1.3 1
v 0 1.5 1
v 0 1.6 1
v 0 1.8 1
v 0 1.9 1
v 0 2.1 1
v 0 2.2 1
v 0.1 0.6 1
v 0.1 0.7 1
v 0.1 0.8 1
v 0.1 0.9 1
v 0.1 1 1
v 0.1 1.1 1
v 0.1 1.5 1
v 0.1 1.6 1
v 0.1 1.8 1
v 0.1 1.9 1
v 0.1 2.1 1
v 0.1 2.2 1
v 0.2 0.6 1
v 0.2 0.7 1
v 0.2 0.8 1
v 0.2 0.9 1
v 0.2 1 1
v 0.2 1.1 1
v 0.2 1.3 1
v 0.2 1.4 1
v 0.2 1.5 1
v 0.2 1.6 1
v 0.2 1.8 1
v 0.2 1.9 1
v 0.2 2.1 1
v 0.2 2.2 1
v 0.2 2.4 1
v 0.2 2.5 1
v 0.3 0.7 1
v 0.3 0.8 1
v 0.3 1 1
v 0.3 1.1 1
v 0.3 1.2 1
v 0.3 1.3 1
v 0.3 1.4 1
v 0.3 1.6 1
v 0.3 1.8 1
v 0.3 1.9 1
v 0.3 2.1 1
v 0.3 2.2 1
v 0.3 2.4 1
v 0.3 2.5 1
v 0.4 0.6 1
v 0.4 0.8 1
v 0.4 1 1
v 0.4 1.1 1
v 0.4 1.2 1
v 0.4 1.3 1
v 0.4 1.4 1
v 0.4 1.6 1
v 0.4 1.8 1
v 0.4 2.1 1
v 0.4 2.2 1
v 0.5 0.6 1
v 0.5 0.8 1
v 0.5 0.9 1
v 0.5 1 1
v 0.5 1.1 1
v 0.5 1.2 1
v 0.5 1.3 1
v 0.5 1.4 1
v 0.5 1.5 1
v 0.5 1.6 1
v 0.5 1.8 1
v 0.5 1.9 1
v 0.5 2 1
v 0.5 2.1 1
v 0.5 2.2 1
v 0.6 0.9 1
v 0.6 1 1
v 0.6 1.1 1
v 0.6 1.2 1
v 0.6 1.3 1
v 0.6 1.4 1
v 0.6 1.5 1
v 0.6 1.6 1
v 0.6 1.7 1
v 0.6 1.8 1
v 0.6 1.9 1
v 0.6 2 1
v 0.7 0.6 1
v 0.7 0.8 1
v 0.7 0.9 1
v 0.7 1.3 1
v 0.7 1.4 1
v 0.7 1.7 1
v 0.7 1.8 1
v 0.7 2.2 1
v 0.7 2.3 1
v 0.7 2.5 1
v 0.8 0.6 1
v 0.8 0.7 1
v 0.8 0.8 1
v 0.8 0.9 1
v 0.8 1 1
v 0.8 1.1 1
v 0.8 1.3 1
v 0.8 1.4 1
v 0.8 1.6 1
v 0.8 1.8 1
v 0.8 2.1 1
v 0.8 2.2 1
v 0.8 2.3 1
v 0.8 2.5 1
v 0.9 0.7 1
v 0.9 0.8 1
v 0.9 1 1
v 0.9 1.1 1
v 0.9 1.2 1
v 0.9 1.3 1
v 0.9 1.4 1
v 0.9 1.6 1
v 0.9 1.7 1
v 0.9 1.8 1
v 0.9 2.1 1
v 0.9 2.2 1
v 1 0.6 1
v 1 0.8 1
v 1 0.9 1
v 1 1.1 1
v 1 1.2 1
v 1 1.7 1
v 1 1.8 1
v 1 2.2 1
v 1 2.3 1
v 1 2.5 1
v -0.9 0.8 0.9
v -0.9 0.9 0.9
v -0.9 2.2 0.9
v -0.9 2.3 0.9
v -0.8 0.6 0.9
v -0.8 0.8 0.9
v -0.8 0.9 0.9
v -0.8 1.6 0.9
v -0.8 1.7 0.9
v -0.8 2 0.9
v -0.8 2.1 0.9
v -0.8 2.2 0.9
v -0.8 2.3 0.9
v -0.8 2.4 0.9
v -0.7 0.6 0.9
v -0.7 0.8 0.9
v -0.7 0.9 0.9
v -0.7 1 0.9
v -0.7 1.1 0.9
v -0.7 1.6 0.9
v -0.7 1.7 0.9
v -0.7 2.2 0.9
v -0.7 2.3 0.9
v -0.7 2.4 0.9
v -0.6 0.8 0.9
v -0.6 2.2 0.9
v -0.6 2.3 0.9
v -0.5 0.8 0.9
v -0.5 2.2 0.9
v -0.4 0.8 0.9
v -0.3 0.8 0.9
v -0.1 0.9 0.9
v 0 0.8 0.9
v 0 0.9 0.9
v 0 2.2 0.9
v 0.1 0.8 0.9
v 0.1 0.9 0.9
v 0.1 2.2 0.9
v 0.2 0.8 0.9
v 0.2 0.9 0.9
v 0.2 2.2 0.9
v 0.3 0.8 0.9
v 0.3 2.2 0.9
v 0.4 0.8 0.9
v 0.4 2.2 0.9
v 0.5 0.8 0.9
v 0.5 0.9 0.9
v 0.5 2.2 0.9
v 0.6 0.9 0.9
v 0.7 0.6 0.9
v 0.7 0.7 0.9
v 0.7 0.8 0.9
v 0.7 0.9 0.9
v 0.7 1.3 0.9
v 0.7 1.4 0.9
v 0.7 1.7 0.9
v 0.7 1.8 0.9
v 0.7 2.2 0.9
v 0.7 2.3 0.9
v 0.7 2.4 0.9
v 0.8 0.6 0.9
v 0.8 0.7 0.9
v 0.8 0.8 0.9
v 0.8 0.9 0.9
v 0.8 1 0.9
v 0.8 1.1 0.9
v 0.8 1.3 0.9
v 0.8 1.4 0.9
v 0.8 1.6 0.9
v 0.8 1.8 0.9
v 0.8 2.1 0.9
v 0.8 2.2 0.9
v 0.8 2.3 0.9
v 0.8 2.4 0.9
v 0.9 0.8 0.9
v 0.9 0.9 0.9
v 0.9 2.2 0.9
v 0.9 2.3 0.9
v -1 0.6 0.7
v -1 0.8 0.7
v -1 0.9 0.7
v -1 2.2 0.7
v -1 2.3 0.7
v -1 2.5 0.7
v -0.9 0.6 0.7
v -0.9 0.8 0.7
v -0.9 0.9 0.7
v -0.9 2.2 0.7
v -0.9 2.3 0.7
v -0.9 2.4 0.7
v -0.8 0.8 0.7
v -0.8 0.9 0.7
v -0.8 2.2 0.7
v -0.8 2.3 0.7
v -0.8 2.4 0.7
v -0.8 2.5 0.7
v -0.7 2.4 0.7
v -0.7 2.5 0.7
v -0.6 2.4 0.7
v -0.6 2.5 0.7
v -0.5 2.4 0.7
v -0.5 2.5 0.7
v 0.1 2.4 0.7
v 0.1 2.5 0.7
v 0.2 2.4 0.7
v 0.2 2.5 0.7
v 0.7 2.4 0.7
v 0.7 2.5 0.7
v 0.8 2.4 0.7
v 0.8 2.5 0.7
v 0.9 0.6 0.7
v 0.9 0.7 0.7
v 0.9 0.8 0.7
v 0.9 0.9 0.7
v 0.9 1.4 0.7
v 0.9 1.5 0.7
v 0.9 2.2 0.7
v 0.9 2.3 0.7
v 0.9 2.4 0.7
v 1 0.6 0.7
v 1 0.7 0.7
v 1 0.8 0.7
v 1 0.9 0.7
v 1 2.2 0.7
v 1 2.3 0.7
v 1 2.5 0.7
v -1 0.6 -0.8
v -1 0.8 -0.8
v -1 0.9 -0.8
v -1 1.5 -0.8
v -1 1.6 -0.8
v -1 1.8 -0.8
v -1 1.9 -0.8
v -1 2.2 -0.8
v -1 2.3 -0.8
v -1 2.4 -0.8
v -1 2.5 -0.8
v -0.9 0.6 -0.8
v -0.9 0.8 -0.8
v -0.9 0.9 -0.8
v -0.9 1.5 -0.8
v -0.9 1.6 -0.8
v -0.9 1.8 -0.8
v -0.9 1.9 -0.8
v -0.9 2.2 -0.8
v -0.9 2.3 -0.8
v -0.9 2.4 -0.8
v -0.8 0.8 -0.8
v -0.8 0.9 -0.8
v -0.8 2.2 -0.8
v -0.8 2.3 -0.8
v -0.8 2.4 -0.8
v -0.8 2.5 -0.8
v -0.7 2.4 -0.8
v -0.7 2.5 -0.8
v -0.6 2.4 -0.8
v -0.6 2.5 -0.8
v -0.5 2.4 -0.8
v -0.5 2.5 -0.8
v 0.1 2.4 -0.8
v 0.1 2.5 -0.8
v 0.2 2.4 -0.8
v 0.2 2.5 -0.8
v 0.6 2.4 -0.8
v 0.7 2.4 -0.8
v 0.7 2.5 -0.8
v 0.8 2.4 -0.8
v 0.8 2.5 -0.8
v 0.9 0.6 -0.8
v 0.9 0.8 -0.8
v 0.9 0.9 -0.8
v 0.9 2 -0.8
v 0.9 2.1 -0.8
v 0.9 2.2 -0.8
v 0.9 2.3 -0.8
v 0.9 2.4 -0.8
v 0.9 2.5 -0.8
v 1 0.6 -0.8
v 1 0.8 -0.8
v 1 0.9 -0.8
v 1 2 -0.8
v 1 2.1 -0.8
v 1 2.2 -0.8
v 1 2.3 -0.8
v 1 2.5 -0.8
v -1.3 0 -1.2
v -1.3 0.1 -1.2
v -1.3 0.2 -1.2
v -1.3 0.6 -1.2
v -1.2 0 -1.2
v -1.2 0.1 -1.2
v -1.2 0.2 -1.2
v -1.2 0.6 -1.2
v 1.2 0 -1.2
v 1.2 0.1 -1.2
v 1.2 0.2 -1.2
v 1.2 0.6 -1.2
v 1.3 0 -1.2
v 1.3 0.1 -1.2
v 1.3 0.2 -1.2
v 1.3 0.6 -1.2
v -1.3 0 1.3
v -1.3 0.1 1.3
v -1.3 0.2 1.3
v -1.3 0.6 1.3
v -1.2 0 1.3
v -1.2 0.1 1.3
v -1.2 0.2 1.3
v -1.2 0.6 1.3
v 1.2 0 1.3
v 1.2 0.1 1.3
v 1.2 0.2 1.3
v 1.2 0.6 1.3
v 1.3 0 1.3
v 1.3 0.1 1.3
v 1.3 0.2 1.3
v 1.3 0.6 1.3
v -1 0.6 0.8
v -1 0.8 0.8
v -1 0.9 0.8
v -1 1.8 0.8
v -1 1.9 0.8
v -1 2.1 0.8
v -1 2.2 0.8
v -1 2.3 0.8
v -1 2.5 0.8
v -0.9 0.6 0.8
v -0.9 0.8 0.8
v -0.9 0.9 0.8
v -0.9 1.8 0.8
v -0.9 1.9 0.8
v -0.9 2.1 0.8
v -0.9 2.2 0.8
v -0.9 2.3 0.8
v -0.9 2.4 0.8
v -0.8 0.8 0.8
v -0.8 0.9 0.8
v -0.8 2.2 0.8
v -0.8 2.3 0.8
v -0.8 2.4 0.8
v -0.8 2.5 0.8
v -0.7 2.4 0.8
v -0.7 2.5 0.8
v -0.6 2.4 0.8
v -0.6 2.5 0.8
v -0.5 2.4 0.8
v -0.5 2.5 0.8
v -0.1 2.4 0.8
v -0.1 2.5 0.8
v 0 2.4 0.8
v 0 2.5 0.8
v 0.7 2.4 0.8
v 0.7 2.5 0.8
v 0.8 2.4 0.8
v 0.8 2.5 0.8
v 0.9 0.6 0.8
v 0.9 0.7 0.8
v 0.9 0.8 0.8
v 0.9 0.9 0.8
v 0.9 1.4 0.8
v 0.9 1.5 0.8
v 0.9 2.1 0.8
v 0.9 2.2 0.8
v 0.9 2.3 0.8
v 0.9 2.4 0.8
v 1 0.6 0.8
v 1 0.8 0.8
v 1 0.9 0.8
v 1 2.1 0.8
v 1 2.2 0.8
v 1 2.3 0.8
v 1 2.5 0.8
v -1 0.6 -0.7
v -1 0.8 -0.7
v -1 0.9 -0.7
v -1 2.2 -0.7
v -1 2.3 -0.7
v -1 2.5 -0.7
v -0.9 0.6 -0.7
v -0.9 0.8 -0.7
v -0.9 0.9 -0.7
v -0.9 2.2 -0.7
v -0.9 2.3 -0.7
v -0.9 2.4 -0.7
v -0.8 0.8 -0.7
v -0.8 0.9 -0.7
v -0.8 2.2 -0.7
v -0.8 2.3 -0.7
v -0.8 2.4 -0.7
v -0.8 2.5 -0.7
v -0.7 2.4 -0.7
v -0.7 2.5 -0.7
v -0.5 2.4 -0.7
v -0.5 2.5 -0.7
v -0.4 2.4 -0.7
v -0.4 2.5 -0.7
v 0.6 2.4 -0.7
v 0.6 2.5 -0.7
v 0.7 2.4 -0.7
v 0.7 2.5 -0.7
v 0.8 2.4 -0.7
v 0.8 2.5 -0.7
v 0.9 0.6 -0.7
v 0.9 0.7 -0.7
v 0.9 0.8 -0.7
v 0.9 0.9 -0.7
v 0.9 1 -0.7
v 0.9 2.2 -0.7
v 0.9 2.3 -0.7
v 0.9 2.4 -0.7
v 1 0.6 -0.7
v 1 0.7 -0.7
v 1 0.8 -0.7
v 1 0.9 -0.7
v 1 1 -0.7
v 1 2.2 -0.7
v 1 2.3 -0.7
v 1 2.4 -0.7
v 1 2.5 -0.7
v -0.9 0.8 -0.9
v -0.9 0.9 -0.9
v -0.9 2.2 -0.9
v -0.9 2.3 -0.9
v -0.8 0.6 -0.9
v -0.8 0.8 -0.9
v -0.8 0.9 -0.9
v -0.8 1.6 -0.9
v -0.8 1.8 -0.9
v -0.8 2.2 -0.9
v -0.8 2.3 -0.9
v -0.8 2.4 -0.9
v -0.7 0.6 -0.9
v -0.7 0.7 -0.9
v -0.7 0.8 -0.9
v -0.7 0.9 -0.9
v -0.7 1 -0.9
v -0.7 1.1 -0.9
v -0.7 1.2 -0.9
v -0.7 1.6 -0.9
v -0.7 1.8 -0.9
v -0.7 2.1 -0.9
v -0.7 2.2 -0.9
v -0.7 2.3 -0.9
v -0.7 2.4 -0.9
v -0.6 1.1 -0.9
v -0.6 1.2 -0.9
v -0.6 2.1 -0.9
v -0.6 2.2 -0.9
v -0.5 1.9 -0.9
v -0.5 2 -0.9
v -0.5 2.4 -0.9
v -0.5 2.5 -0.9
v -0.4 1 -0.9
v -0.4 1.1 -0.9
v -0.4 1.9 -0.9
v -0.4 2 -0.9
v -0.4 2.4 -0.9
v -0.4 2.5 -0.9
v -0.3 1 -0.9
v -0.3 1.1 -0.9
v -0.1 1.6 -0.9
v -0.1 1.7 -0.9
v -0.1 2.1 -0.9
v -0.1 2.2 -0.9
v 0 1.6 -0.9
v 0 1.7 -0.9
v 0 2.1 -0.9
v 0 2.2 -0.9
v 0.1 1.3 -0.9
v 0.1 1.4 -0.9
v 0.2 1.3 -0.9
v 0.2 1.4 -0.9
v 0.3 0.9 -0.9
v 0.3 1 -0.9
v 0.3 2.1 -0.9
v 0.3 2.2 -0.9
v 0.4 0.9 -0.9
v 0.4 1 -0.9
v 0.4 1.2 -0.9
v 0.4 1.3 -0.9
v 0.4 2.1 -0.9
v 0.4 2.2 -0.9
v 0.5 0.9 -0.9
v 0.5 1.2 -0.9
v 0.5 1.3 -0.9
v 0.5 1.8 -0.9
v 0.5 1.9 -0.9
v 0.6 0.9 -0.9
v 0.6 1.5 -0.9
v 0.6 1.6 -0.9
v 0.6 1.8 -0.9
v 0.6 1.9 -0.9
v 0.7 0.6 -0.9
v 0.7 0.8 -0.9
v 0.7 0.9 -0.9
v 0.7 1.1 -0.9
v 0.7 1.5 -0.9
v 0.7 1.6 -0.9
v 0.7 1.7 -0.9
v 0.7 1.8 -0.9
v 0.7 1.9 -0.9
v 0.7 2.2 -0.9
v 0.7 2.3 -0.9
v 0.7 2.5 -0.9
v 0.8 0.6 -0.9
v 0.8 0.8 -0.9
v 0.8 0.9 -0.9
v 0.8 1.1 -0.9
v 0.8 1.7 -0.9
v 0.8 1.8 -0.9
v 0.8 1.9 -0.9
v 0.8 2.1 -0.9
v 0.8 2.2 -0.9
v 0.8 2.3 -0.9
v 0.8 2.5 -0.9
v 0.9 0.8 -0.9
v 0.9 0.9 -0.9
v 0.9 1.7 -0.9
v 0.9 1.8 -0.9
v 0.9 2.1 -0.9
v 0.9 2.2 -0.9
v 0.9 2.3 -0.9
v 1 1.7 -0.9
v 1 1.8 -0.9
v -1 0.6 -1
v -1 0.8 -1
v -1 0.9 -1
v -1 2.2 -1
v -1 2.3 -1
v -1 2.5 -1
v -0.8 0.6 -1
v -0.8 0.8 -1
v -0.8 0.9 -1
v -0.8 2.2 -1
v -0.8 2.3 -1
v -0.8 2.5 -1
v -0.7 0.6 -1
v -0.7 0.7 -1
v -0.7 0.8 -1
v -0.7 0.9 -1
v -0.7 1 -1
v -0.7 1.1 -1
v -0.7 1.2 -1
v -0.7 2.1 -1
v -0.7 2.3 -1
v -0.7 2.5 -1
v -0.6 0.6 -1
v -0.6 0.7 -1
v -0.6 1 -1
v -0.6 1.1 -1
v -0.6 1.2 -1
v -0.6 1.6 -1
v -0.6 1.8 -1
v -0.6 2.1 -1
v -0.6 2.2 -1
v -0.5 1.2 -1
v -0.5 1.3 -1
v -0.5 1.4 -1
v -0.5 1.5 -1
v -0.5 1.6 -1
v -0.5 1.8 -1
v -0.5 1.9 -1
v -0.5 2 -1
v -0.5 2.4 -1
v -0.5 2.5 -1
v -0.4 0.6 -1
v -0.4 0.7 -1
v -0.4 1 -1
v -0.4 1.1 -1
v -0.4 1.2 -1
v -0.4 1.3 -1
v -0.4 1.4 -1
v -0.4 1.5 -1
v -0.4 1.9 -1
v -0.4 2 -1
v -0.4 2.1 -1
v -0.4 2.4 -1
v -0.4 2.5 -1
v -0.3 0.6 -1
v -0.3 0.7 -1
v -0.3 1 -1
v -0.3 1.1 -1
v -0.3 1.6 -1
v -0.3 1.7 -1
v -0.3 1.8 -1
v -0.3 1.9 -1
v -0.3 2 -1
v -0.3 2.1 -1
v -0.2 1.1 -1
v -0.2 1.2 -1
v -0.2 1.6 -1
v -0.2 1.7 -1
v -0.1 1.1 -1
v -0.1 1.2 -1
v -0.1 1.6 -1
v -0.1 1.7 -1
v -0.1 1.8 -1
v -0.1 1.9 -1
v -0.1 2.1 -1
v -0.1 2.2 -1
v 0 1.6 -1
v 0 1.7 -1
v 0 1.9 -1
v 0 2 -1
v 0 2.1 -1
v 0 2.2 -1
v 0.1 1 -1
v 0.1 1.1 -1
v 0.1 1.3 -1
v 0.1 1.4 -1
v 0.1 1.8 -1
v 0.1 1.9 -1
v 0.1 2 -1
v 0.2 1 -1
v 0.2 1.1 -1
v 0.2 1.2 -1
v 0.2 1.3 -1
v 0.2 1.4 -1
v 0.2 1.5 -1
v 0.2 1.6 -1
v 0.2 1.7 -1
v 0.3 0.9 -1
v 0.3 1 -1
v 0.3 1.4 -1
v 0.3 1.5 -1
v 0.3 1.6 -1
v 0.3 1.7 -1
v 0.3 1.8 -1
v 0.3 1.9 -1
v 0.3 2.1 -1
v 0.3 2.2 -1
v 0.3 2.4 -1
v 0.3 2.5 -1
v 0.4 0.9 -1
v 0.4 1 -1
v 0.4 1.1 -1
v 0.4 1.2 -1
v 0.4 1.3 -1
v 0.4 2 -1
v 0.4 2.1 -1
v 0.4 2.2 -1
v 0.4 2.4 -1
v 0.4 2.5 -1
v 0.5 0.9 -1
v 0.5 1 -1
v 0.5 1.2 -1
v 0.5 1.3 -1
v 0.5 1.8 -1
v 0.5 1.9 -1
v 0.5 2 -1
v 0.5 2.1 -1
v 0.6 0.9 -1
v 0.6 1 -1
v 0.6 1.5 -1
v 0.6 1.6 -1
v 0.6 1.8 -1
v 0.6 1.9 -1
v 0.7 0.6 -1
v 0.7 0.8 -1
v 0.7 0.9 -1
v 0.7 1.5 -1
v 0.7 1.6 -1
v 0.7 2.2 -1
v 0.7 2.3 -1
v 0.7 2.5 -1
v 0.8 0.6 -1
v 0.8 0.8 -1
v 0.8 0.9 -1
v 0.8 2.1 -1
v 0.8 2.3 -1
v 0.8 2.5 -1
v 0.9 1.7 -1
v 0.9 1.8 -1
v 0.9 2.1 -1
v 0.9 2.2 -1
v 1 0.6 -1
v 1 0.8 -1
v 1 0.9 -1
v 1 1.7 -1
v 1 1.8 -1
v 1 2.2 -1
v 1 2.3 -1
v 1 2.5 -1
v -1.4 0 -1.1
v -1.4 0.1 -1.1
v -1.3 0.2 -1.1
v -1.3 0.6 -1.1
v -1.2 0 -1.1
v -1.2 0.1 -1.1
v -1.2 0.2 -1.1
v -1.2 0.6 -1.1
v 1.2 0 -1.1
v 1.2 0.1 -1.1
v 1.2 0.2 -1.1
v 1.2 0.6 -1.1
v 1.3 0.2 -1.1
v 1.3 0.6 -1.1
v 1.4 0 -1.1
v 1.4 0.1 -1.1
v -1.2 0 -1.2
v -1.2 0.1 -1.2
v -1.2 0.2 -1.2
v -1.2 0.6 -1.2
v -1.1 0 -1.2
v -1.1 0.1 -1.2
v -1.1 0.2 -1.2
v -1.1 0.6 -1.2
v 1.1 0 -1.2
v 1.1 0.1 -1.2
v 1.1 0.2 -1.2
v 1.1 0.6 -1.2
v 1.2 0 -1.2
v 1.2 0.1 -1.2
v 1.2 0.2 -1.2
v 1.2 0.6 -1.2
v -1.3 0 -1.3
v -1.3 0.1 -1.3
v -1.3 0.2 -1.3
v -1.3 0.6 -1.3
v -1.2 0 -1.3
v -1.2 0.1 -1.3
v -1.2 0.2 -1.3
v -1.2 0.6 -1.3
v -1.1 0.2 -1.3
v -1.1 0.6 -1.3
v 1.1 0.2 -1.3
v 1.1 0.6 -1.3
v 1.2 0 -1.3
v 1.2 0.1 -1.3
v 1.2 0.2 -1.3
v 1.2 0.6 -1.3
v 1.3 0 -1.3
v 1.3 0.1 -1.3
v 1.3 0.2 -1.3
v 1.3 0.6 -1.3
v -1.1 0 -1.4
v -1.1 0.1 -1.4
v 1.1 0 -1.4
v 1.1 0.1 -1.4
v -1.3 0 1.6
v -1.2 0 1.6
v -1.1 0 1.6
v 1.1 0 1.6
v 1.2 0 1.6
v 1.3 0 1.6
v -1.3 0 1.3
v -1.2 0 1.3
v -1.1 0 1.3
v 1.1 0 1.3
v 1.2 0 1.3
v 1.3 0 1.3
v -1.4 0 1.2
v -1.2 0 1.2
v 1.2 0 1.2
v 1.4 0 1.2
v -1.4 0 -1.1
v -1.2 0 -1.1
v 1.2 0 -1.1
v 1.4 0 -1.1
v -1.3 0 -1.2
v -1.2 0 -1.2
v -1.1 0 -1.2
v 1.1 0 -1.2
v 1.2 0 -1.2
v 1.3 0 -1.2
v -1.3 0 -1.3
v -1.2 0 -1.3
v 1.2 0 -1.3
v 1.3 0 -1.3
v -1.1 0 -1.4
v 1.1 0 -1.4
v -1.3 0.2 1.4
v -1.2 0.2 1.4
v 1.2 0.2 1.4
v 1.3 0.2 1.4
v -1.3 0.2 1.3
v -1.2 0.2 1.3
v 1.2 0.2 1.3
v 1.3 0.2 1.3
v -1.3 0.2 1.2
v -1.2 0.2 1.2
v 1.2 0.2 1.2
v 1.3 0.2 1.2
v -1.3 0.2 -1.1
v -1.2 0.2 -1.1
v 1.2 0.2 -1.1
v 1.3 0.2 -1.1
v -1.3 0.2 -1.2
v -1.2 0.2 -1.2
v -1.1 0.2 -1.2
v 1.1 0.2 -1.2
v 1.2 0.2 -1.2
v 1.3 0.2 -1.2
v -1.3 0.2 -1.3
v -1.2 0.2 -1.3
v -1.1 0.2 -1.3
v 1.1 0.2 -1.3
v 1.2 0.2 -1.3
v 1.3 0.2 -1.3
v -0.2 0.3 1.4
v -0.1 0.3 1.4
v 0.1 0.3 1.4
v 0.2 0.3 1.4
v -0.2 0.3 1.3
v -0.1 0.3 1.3
v 0.1 0.3 1.3
v 0.2 0.3 1.3
v -0.2 0.5 1.4
v -0.1 0.5 1.4
v 0.1 0.5 1.4
v 0.2 0.5 1.4
v -0.2 0.5 1.3
v -0.1 0.5 1.3
v 0.1 0.5 1.3
v 0.2 0.5 1.3
v -1 0.9 1
v -0.8 0.9 1
v -0.7 0.9 1
v -0.1 0.9 1
v 0 0.9 1
v 0.1 0.9 1
v 0.2 0.9 1
v 0.5 0.9 1
v 0.6 0.9 1
v 0.7 0.9 1
v 0.8 0.9 1
v 1 0.9 1
v -0.9 0.9 0.9
v -0.8 0.9 0.9
v -0.7 0.9 0.9
v -0.1 0.9 0.9
v 0 0.9 0.9
v 0.1 0.9 0.9
v 0.2 0.9 0.9
v 0.5 0.9 0.9
v 0.6 0.9 0.9
v 0.7 0.9 0.9
v 0.8 0.9 0.9
v 0.9 0.9 0.9
v -1 0.9 0.8
v -0.9 0.9 0.8
v -0.8 0.9 0.8
v 0.9 0.9 0.8
v 1 0.9 0.8
v -1 0.9 0.7
v -0.9 0.9 0.7
v -0.8 0.9 0.7
v 0.9 0.9 0.7
v 1 0.9 0.7
v 0.9 0.9 0.6
v 1 0.9 0.6
v 0.9 0.9 0.5
v 1 0.9 0.5
v -1 0.9 0.2
v -0.9 0.9 0.2
v 0.9 0.9 0.2
v 1 0.9 0.2
v 0.9 0.9 0.1
v 1 0.9 0.1
v -1 0.9 0
v -0.9 0.9 0
v 0.9 0.9 -0.1
v 1 0.9 -0.1
v 0.9 0.9 -0.2
v 1 0.9 -0.2
v -1 0.9 -0.5
v -0.9 0.9 -0.5
v -1 0.9 -0.6
v -0.9 0.9 -0.6
v 0.9 0.9 -0.6
v 1 0.9 -0.6
v -1 0.9 -0.7
v -0.9 0.9 -0.7
v -0.8 0.9 -0.7
v 0.9 0.9 -0.7
v 1 0.9 -0.7
v -1 0.9 -0.8
v -0.9 0.9 -0.8
v -0.8 0.9 -0.8
v 0.9 0.9 -0.8
v 1 0.9 -0.8
v -0.9 0.9 -0.9
v -0.8 0.9 -0.9
v -0.7 0.9 -0.9
v 0.3 0.9 -0.9
v 0.4 0.9 -0.9
v 0.5 0.9 -0.9
v 0.6 0.9 -0.9
v 0.7 0.9 -0.9
v 0.8 0.9 -0.9
v 0.9 0.9 -0.9
v -1 0.9 -1
v -0.8 0.9 -1
v -0.7 0.9 -1
v 0.3 0.9 -1
v 0.4 0.9 -1
v 0.5 0.9 -1
v 0.6 0.9 -1
v 0.7 0.9 -1
v 0.8 0.9 -1
v 1 0.9 -1
v 0.3 1 -0.9
v 0.4 1 -0.9
v 0.3 1 -1
v 0.4 1 -1
v -0.4 1.1 -0.9
v -0.3 1.1 -0.9
v -0.4 1.1 -1
v -0.3 1.1 -1
v -0.7 1.2 -0.9
v -0.6 1.2 -0.9
v -0.7 1.2 -1
v -0.6 1.2 -1
v 0.4 1.3 -0.9
v 0.5 1.3 -0.9
v 0.4 1.3 -1
v 0.5 1.3 -1
v 0.1 1.4 -0.9
v 0.2 1.4 -0.9
v 0.1 1.4 -1
v 0.2 1.4 -1
v 0.6 1.6 -0.9
v 0.7 1.6 -0.9
v 0.6 1.6 -1
v 0.7 1.6 -1
v -0.1 1.7 -0.9
v 0 1.7 -0.9
v -0.1 1.7 -1
v 0 1.7 -1
v 0.9 1.8 -0.9
v 1 1.8 -0.9
v 0.9 1.8 -1
v 1 1.8 -1
v 0.5 1.9 -0.9
v 0.6 1.9 -0.9
v 0.5 1.9 -1
v 0.6 1.9 -1
v -0.5 2 -0.9
v -0.4 2 -0.9
v -0.5 2 -1
v -0.4 2 -1
v -1 2.3 1
v -0.9 2.3 1
v -0.8 2.3 1
v -0.7 2.3 1
v -0.6 2.3 1
v 0.7 2.3 1
v 0.8 2.3 1
v 1 2.3 1
v -0.9 2.3 0.9
v -0.8 2.3 0.9
v -0.7 2.3 0.9
v -0.6 2.3 0.9
v 0.7 2.3 0.9
v 0.8 2.3 0.9
v 0.9 2.3 0.9
v -1 2.3 0.8
v -0.9 2.3 0.8
v -0.8 2.3 0.8
v 0.9 2.3 0.8
v 1 2.3 0.8
v -1 2.3 0.7
v -0.9 2.3 0.7
v -0.8 2.3 0.7
v 0.9 2.3 0.7
v 1 2.3 0.7
v -1 2.3 0.4
v -0.9 2.3 0.4
v -1 2.3 0.3
v -0.9 2.3 0.3
v -1 2.3 0.1
v -0.9 2.3 0.1
v -1 2.3 0
v -0.9 2.3 0
v -1 2.3 -0.1
v -0.9 2.3 -0.1
v 0.9 2.3 -0.1
v 1 2.3 -0.1
v -1 2.3 -0.2
v -0.9 2.3 -0.2
v 0.9 2.3 -0.3
v 1 2.3 -0.3
v 0.9 2.3 -0.6
v 1 2.3 -0.6
v -1 2.3 -0.7
v -0.9 2.3 -0.7
v -0.8 2.3 -0.7
v 0.9 2.3 -0.7
v 1 2.3 -0.7
v -1 2.3 -0.8
v -0.9 2.3 -0.8
v -0.8 2.3 -0.8
v 0.9 2.3 -0.8
v 1 2.3 -0.8
v -1 2.3 -0.9
v -0.9 2.3 -0.9
v -0.8 2.3 -0.9
v -0.7 2.3 -0.9
v 0.7 2.3 -0.9
v 0.8 2.3 -0.9
v 0.9 2.3 -0.9
v -1 2.3 -1
v -0.8 2.3 -1
v -0.7 2.3 -1
v 0.7 2.3 -1
v 0.8 2.3 -1
v 1 2.3 -1
v -1.3 0.1 1.6
v -1.2 0.1 1.6
v -1.1 0.1 1.6
v 1.1 0.1 1.6
v 1.2 0.1 1.6
v 1.3 0.1 1.6
v -1.1 0.1 1.5
v -0.1 0.1 1.5
v 0.1 0.1 1.5
v 1.1 0.1 1.5
v -1.3 0.1 1.3
v -1.2 0.1 1.3
v -0.1 0.1 1.3
v 0.1 0.1 1.3
v 1.2 0.1 1.3
v 1.3 0.1 1.3
v -1.4 0.1 1.2
v -1.2 0.1 1.2
v 1.2 0.1 1.2
v 1.4 0.1 1.2
v -1.4 0.1 -1.1
v -1.2 0.1 -1.1
v 1.2 0.1 -1.1
v 1.4 0.1 -1.1
v -1.3 0.1 -1.2
v -1.2 0.1 -1.2
v -1.1 0.1 -1.2
v 1.1 0.1 -1.2
v 1.2 0.1 -1.2
v 1.3 0.1 -1.2
v -1.3 0.1 -1.3
v -1.2 0.1 -1.3
v 1.2 0.1 -1.3
v 1.3 0.1 -1.3
v -1.1 0.1 -1.4
v 1.1 0.1 -1.4
v -1.1 0.2 1.5
v -0.1 0.2 1.5
v 0.1 0.2 1.5
v 1.1 0.2 1.5
v -1.1 0.2 1.4
v -0.2 0.2 1.4
v 0.2 0.2 1.4
v 1.1 0.2 1.4
v -0.2 0.2 1.3
v -0.1 0.2 1.3
v 0.1 0.2 1.3
v 0.2 0.2 1.3
v -0.2 0.4 1.4
v -0.1 0.4 1.4
v 0.1 0.4 1.4
v 0.2 0.4 1.4
v -0.2 0.4 1.3
v -0.1 0.4 1.3
v 0.1 0.4 1.3
v 0.2 0.4 1.3
v -1.3 0.6 1.4
v -1.2 0.6 1.4
v -1.1 0.6 1.4
v -0.1 0.6 1.4
v 0.1 0.6 1.4
v 1.1 0.6 1.4
v 1.2 0.6 1.4
v 1.3 0.6 1.4
v -1.3 0.6 1.3
v -1.2 0.6 1.3
v -1.1 0.6 1.3
v -0.1 0.6 1.3
v 0.1 0.6 1.3
v 1.1 0.6 1.3
v 1.2 0.6 1.3
v 1.3 0.6 1.3
v -1.3 0.6 1.2
v -1.2 0.6 1.2
v 1.2 0.6 1.2
v 1.3 0.6 1.2
v -1 0.6 1
v -0.8 0.6 1
v -0.7 0.6 1
v -0.2 0.6 1
v -0.1 0.6 1
v 0 0.6 1
v 0.1 0.6 1
v 0.2 0.6 1
v 0.4 0.6 1
v 0.5 0.6 1
v 0.7 0.6 1
v 0.8 0.6 1
v 1 0.6 1
v -0.8 0.6 0.9
v -0.7 0.6 0.9
v 0.7 0.6 0.9
v 0.8 0.6 0.9
v -1 0.6 0.8
v -0.9 0.6 0.8
v 0.9 0.6 0.8
v 1 0.6 0.8
v -1 0.6 0.7
v -0.9 0.6 0.7
v 0.9 0.6 0.7
v 1 0.6 0.7
v 1 0.6 0.6
v -1 0.6 0.5
v -1 0.6 0.3
v -1 0.6 -0.2
v -1 0.6 -0.3
v 1 0.6 -0.3
v 1 0.6 -0.4
v -1 0.6 -0.5
v -1 0.6 -0.6
v -1 0.6 -0.7
v -0.9 0.6 -0.7
v 0.9 0.6 -0.7
v 1 0.6 -0.7
v -1 0.6 -0.8
v -0.9 0.6 -0.8
v 0.9 0.6 -0.8
v 1 0.6 -0.8
v -0.8 0.6 -0.9
v -0.7 0.6 -0.9
v 0.7 0.6 -0.9
v 0.8 0.6 -0.9
v -1 0.6 -1
v -0.8 0.6 -1
v -0.7 0.6 -1
v -0.6 0.6 -1
v -0.4 0.6 -1
v -0.3 0.6 -1
v 0.7 0.6 -1
v 0.8 0.6 -1
v 1 0.6 -1
v -1.3 0.6 -1.1
v -1.2 0.6 -1.1
v 1.2 0.6 -1.1
v 1.3 0.6 -1.1
v -1.3 0.6 -1.2
v -1.2 0.6 -1.2
v -1.1 0.6 -1.2
v 1.1 0.6 -1.2
v 1.2 0.6 -1.2
v 1.3 0.6 -1.2
v -1.3 0.6 -1.3
v -1.2 0.6 -1.3
v -1.1 0.6 -1.3
v 1.1 0.6 -1.3
v 1.2 0.6 -1.3
v 1.3 0.6 -1.3
v -1 0.8 1
v -0.8 0.8 1
v -0.7 0.8 1
v -0.6 0.8 1
v -0.5 0.8 1
v -0.4 0.8 1
v -0.3 0.8 1
v 0 0.8 1
v 0.1 0.8 1
v 0.2 0.8 1
v 0.3 0.8 1
v 0.4 0.8 1
v 0.5 0.8 1
v 0.7 0.8 1
v 0.8 0.8 1
v 0.9 0.8 1
v 1 0.8 1
v -0.9 0.8 0.9
v -0.8 0.8 0.9
v -0.7 0.8 0.9
v -0.6 0.8 0.9
v -0.5 0.8 0.9
v -0.4 0.8 0.9
v -0.3 0.8 0.9
v 0 0.8 0.9
v 0.1 0.8 0.9
v 0.2 0.8 0.9
v 0.3 0.8 0.9
v 0.4 0.8 0.9
v 0.5 0.8 0.9
v 0.7 0.8 0.9
v 0.8 0.8 0.9
v 0.9 0.8 0.9
v -1 0.8 0.8
v -0.9 0.8 0.8
v -0.8 0.8 0.8
v 0.9 0.8 0.8
v 1 0.8 0.8
v -1 0.8 0.7
v -0.9 0.8 0.7
v -0.8 0.8 0.7
v 0.9 0.8 0.7
v 1 0.8 0.7
v -1 0.8 0.3
v -0.9 0.8 0.3
v 0.9 0.8 0.3
v 1 0.8 0.3
v 0.9 0.8 0.2
v 1 0.8 0.2
v -1 0.8 0.1
v -0.9 0.8 0.1
v 0.9 0.8 0.1
v 1 0.8 0.1
v 0.9 0.8 0
v 1 0.8 0
v -1 0.8 -0.5
v -0.9 0.8 -0.5
v -1 0.8 -0.6
v -0.9 0.8 -0.6
v 0.9 0.8 -0.6
v 1 0.8 -0.6
v -1 0.8 -0.7
v -0.9 0.8 -0.7
v -0.8 0.8 -0.7
v 0.9 0.8 -0.7
v 1 0.8 -0.7
v -1 0.8 -0.8
v -0.9 0.8 -0.8
v -0.8 0.8 -0.8
v 0.9 0.8 -0.8
v 1 0.8 -0.8
v -0.9 0.8 -0.9
v -0.8 0.8 -0.9
v -0.7 0.8 -0.9
v 0.7 0.8 -0.9
v 0.8 0.8 -0.9
v 0.9 0.8 -0.9
v -1 0.8 -1
v -0.8 0.8 -1
v -0.7 0.8 -1
v 0.7 0.8 -1
v 0.8 0.8 -1
v 1 0.8 -1
v -0.4 1 -0.9
v -0.3 1 -0.9
v -0.4 1 -1
v -0.3 1 -1
v -0.7 1.1 -0.9
v -0.6 1.1 -0.9
v -0.7 1.1 -1
v -0.6 1.1 -1
v 0.4 1.2 -0.9
v 0.5 1.2 -0.9
v 0.4 1.2 -1
v 0.5 1.2 -1
v 0.1 1.3 -0.9
v 0.2 1.3 -0.9
v 0.1 1.3 -1
v 0.2 1.3 -1
v 0.6 1.5 -0.9
v 0.7 1.5 -0.9
v 0.6 1.5 -1
v 0.7 1.5 -1
v -0.1 1.6 -0.9
v 0 1.6 -0.9
v -0.1 1.6 -1
v 0 1.6 -1
v 0.9 1.7 -0.9
v 1 1.7 -0.9
v 0.9 1.7 -1
v 1 1.7 -1
v 0.5 1.8 -0.9
v 0.6 1.8 -0.9
v 0.5 1.8 -1
v 0.6 1.8 -1
v -0.5 1.9 -0.9
v -0.4 1.9 -0.9
v -0.5 1.9 -1
v -0.4 1.9 -1
v -0.7 2.1 -0.9
v -0.6 2.1 -0.9
v -0.1 2.1 -0.9
v 0 2.1 -0.9
v 0.3 2.1 -0.9
v 0.4 2.1 -0.9
v 0.8 2.1 -0.9
v 0.9 2.1 -0.9
v -0.7 2.1 -1
v -0.6 2.1 -1
v -0.1 2.1 -1
v 0 2.1 -1
v 0.3 2.1 -1
v 0.4 2.1 -1
v 0.8 2.1 -1
v 0.9 2.1 -1
v -1 2.2 1
v -0.8 2.2 1
v -0.7 2.2 1
v -0.6 2.2 1
v -0.5 2.2 1
v 0 2.2 1
v 0.1 2.2 1
v 0.2 2.2 1
v 0.3 2.2 1
v 0.4 2.2 1
v 0.5 2.2 1
v 0.7 2.2 1
v 0.8 2.2 1
v 0.9 2.2 1
v 1 2.2 1
v -1 2.2 0.9
v -0.9 2.2 0.9
v -0.8 2.2 0.9
v -0.7 2.2 0.9
v -0.6 2.2 0.9
v -0.5 2.2 0.9
v 0 2.2 0.9
v 0.1 2.2 0.9
v 0.2 2.2 0.9
v 0.3 2.2 0.9
v 0.4 2.2 0.9
v 0.5 2.2 0.9
v 0.7 2.2 0.9
v 0.8 2.2 0.9
v 0.9 2.2 0.9
v 1 2.2 0.9
v -1 2.2 0.8
v -0.9 2.2 0.8
v -0.8 2.2 0.8
v 0.9 2.2 0.8
v 1 2.2 0.8
v -1 2.2 0.7
v -0.9 2.2 0.7
v -0.8 2.2 0.7
v 0.9 2.2 0.7
v 1 2.2 0.7
v -1 2.2 0.5
v -0.9 2.2 0.5
v -1 2.2 0.4
v -0.9 2.2 0.4
v 0.9 2.2 0.3
v 1 2.2 0.3
v 0.9 2.2 0.2
v 1 2.2 0.2
v -1 2.2 -0.7
v -0.9 2.2 -0.7
v -0.8 2.2 -0.7
v 0.9 2.2 -0.7
v 1 2.2 -0.7
v -1 2.2 -0.8
v -0.9 2.2 -0.8
v -0.8 2.2 -0.8
v 0.9 2.2 -0.8
v 1 2.2 -0.8
v -0.9 2.2 -0.9
v -0.8 2.2 -0.9
v -0.6 2.2 -0.9
v -0.1 2.2 -0.9
v 0 2.2 -0.9
v 0.3 2.2 -0.9
v 0.4 2.2 -0.9
v 0.7 2.2 -0.9
v 0.9 2.2 -0.9
v -1 2.2 -1
v -0.8 2.2 -1
v -0.6 2.2 -1
v -0.1 2.2 -1
v 0 2.2 -1
v 0.3 2.2 -1
v 0.4 2.2 -1
v 0.7 2.2 -1
v 0.9 2.2 -1
v 1 2.2 -1
v -0.8 2.4 0.9
v -0.7 2.4 0.9
v 0.7 2.4 0.9
v 0.8 2.4 0.9
v -0.9 2.4 0.8
v -0.8 2.4 0.8
v -0.7 2.4 0.8
v -0.6 2.4 0.8
v -0.5 2.4 0.8
v -0.1 2.4 0.8
v 0 2.4 0.8
v 0.7 2.4 0.8
v 0.8 2.4 0.8
v 0.9 2.4 0.8
v -0.9 2.4 0.7
v -0.8 2.4 0.7
v -0.7 2.4 0.7
v -0.6 2.4 0.7
v -0.5 2.4 0.7
v 0.1 2.4 0.7
v 0.2 2.4 0.7
v 0.7 2.4 0.7
v 0.8 2.4 0.7
v 0.9 2.4 0.7
v -0.7 2.4 0.4
v 0.7 2.4 0.4
v -0.7 2.4 0.3
v 0.7 2.4 0.2
v 0.8 2.4 0.2
v -0.8 2.4 0.1
v 0.7 2.4 0.1
v 0.8 2.4 0.1
v -0.8 2.4 0
v -0.7 2.4 0
v 0.7 2.4 0
v 0.8 2.4 0
v -0.7 2.4 -0.1
v 0.7 2.4 -0.1
v 0.8 2.4 -0.1
v -0.7 2.4 -0.2
v 0.7 2.4 -0.2
v 0.8 2.4 -0.2
v -0.7 2.4 -0.3
v 0.7 2.4 -0.3
v 0.8 2.4 -0.3
v -0.8 2.4 -0.4
v 0.7 2.4 -0.4
v -0.8 2.4 -0.5
v 0.7 2.4 -0.5
v 0.7 2.4 -0.6
v -0.9 2.4 -0.7
v -0.8 2.4 -0.7
v -0.7 2.4 -0.7
v -0.5 2.4 -0.7
v -0.4 2.4 -0.7
v 0.6 2.4 -0.7
v 0.7 2.4 -0.7
v 0.8 2.4 -0.7
v 0.9 2.4 -0.7
v -0.9 2.4 -0.8
v -0.8 2.4 -0.8
v -0.7 2.4 -0.8
v -0.6 2.4 -0.8
v -0.5 2.4 -0.8
v 0.1 2.4 -0.8
v 0.2 2.4 -0.8
v 0.6 2.4 -0.8
v 0.7 2.4 -0.8
v 0.8 2.4 -0.8
v 0.9 2.4 -0.8
v -0.8 2.4 -0.9
v -0.7 2.4 -0.9
v -0.5 2.4 -0.9
v -0.4 2.4 -0.9
v -0.5 2.4 -1
v -0.4 2.4 -1
v -1 2.5 1
v -0.9 2.5 1
v -0.8 2.5 1
v -0.7 2.5 1
v -0.4 2.5 1
v -0.3 2.5 1
v -0.2 2.5 1
v -0.1 2.5 1
v 0.2 2.5 1
v 0.3 2.5 1
v 0.7 2.5 1
v 0.8 2.5 1
v 1 2.5 1
v -1 2.5 0.9
v -0.9 2.5 0.9
v -0.6 2.5 0.9
v -0.5 2.5 0.9
v -0.4 2.5 0.9
v -0.3 2.5 0.9
v -0.2 2.5 0.9
v -0.1 2.5 0.9
v 0 2.5 0.9
v 0.2 2.5 0.9
v 0.3 2.5 0.9
v -1 2.5 0.8
v -0.8 2.5 0.8
v -0.7 2.5 0.8
v -0.6 2.5 0.8
v -0.5 2.5 0.8
v -0.1 2.5 0.8
v 0 2.5 0.8
v 0.7 2.5 0.8
v 0.8 2.5 0.8
v 1 2.5 0.8
v -1 2.5 0.7
v -0.8 2.5 0.7
v -0.7 2.5 0.7
v -0.6 2.5 0.7
v -0.5 2.5 0.7
v 0.1 2.5 0.7
v 0.2 2.5 0.7
v 0.7 2.5 0.7
v 0.8 2.5 0.7
v 1 2.5 0.7
v -0.5 2.5 0.6
v -0.4 2.5 0.6
v -0.2 2.5 0.6
v -0.1 2.5 0.6
v 0.1 2.5 0.6
v 0.2 2.5 0.6
v -1 2.5 0.5
v -0.9 2.5 0.5
v -0.6 2.5 0.5
v -0.5 2.5 0.5
v -0.4 2.5 0.5
v -0.3 2.5 0.5
v -0.2 2.5 0.5
v -0.1 2.5 0.5
v 0.1 2.5 0.5
v 0.2 2.5 0.5
v 0.3 2.5 0.5
v 0.4 2.5 0.5
v 0.5 2.5 0.5
v 0.6 2.5 0.5
v 0.9 2.5 0.5
v 1 2.5 0.5
v -1 2.5 0.4
v -0.9 2.5 0.4
v -0.7 2.5 0.4
v -0.6 2.5 0.4
v -0.4 2.5 0.4
v -0.3 2.5 0.4
v -0.1 2.5 0.4
v 0 2.5 0.4
v 0.1 2.5 0.4
v 0.2 2.5 0.4
v 0.3 2.5 0.4
v 0.4 2.5 0.4
v 0.5 2.5 0.4
v 0.6 2.5 0.4
v 0.7 2.5 0.4
v 0.9 2.5 0.4
v 1 2.5 0.4
v -1 2.5 0.3
v -0.9 2.5 0.3
v -0.7 2.5 0.3
v -0.6 2.5 0.3
v -0.4 2.5 0.3
v -0.3 2.5 0.3
v -0.1 2.5 0.3
v 0 2.5 0.3
v 0.1 2.5 0.3
v 0.2 2.5 0.3
v 0.3 2.5 0.3
v 0.4 2.5 0.3
v 0.5 2.5 0.3
v -0.6 2.5 0.2
v -0.5 2.5 0.2
v -0.4 2.5 0.2
v -0.3 2.5 0.2
v -0.2 2.5 0.2
v -0.1 2.5 0.2
v 0.3 2.5 0.2
v 0.4 2.5 0.2
v 0.5 2.5 0.2
v 0.6 2.5 0.2
v 0.7 2.5 0.2
v 0.8 2.5 0.2
v 0.9 2.5 0.2
v -0.9 2.5 0.1
v -0.8 2.5 0.1
v -0.6 2.5 0.1
v -0.5 2.5 0.1
v -0.2 2.5 0.1
v -0.1 2.5 0.1
v 0.2 2.5 0.1
v 0.3 2.5 0.1
v 0.5 2.5 0.1
v 0.6 2.5 0.1
v 0.8 2.5 0.1
v 0.9 2.5 0.1
v -0.9 2.5 0
v -0.8 2.5 0
v -0.7 2.5 0
v -0.5 2.5 0
v 0.2 2.5 0
v 0.3 2.5 0
v 0.5 2.5 0
v 0.6 2.5 0
v 0.8 2.5 0
v 0.9 2.5 0
v -1 2.5 -0.1
v -0.9 2.5 -0.1
v -0.7 2.5 -0.1
v -0.5 2.5 -0.1
v -0.4 2.5 -0.1
v -0.2 2.5 -0.1
v -0.1 2.5 -0.1
v 0.1 2.5 -0.1
v 0.2 2.5 -0.1
v 0.3 2.5 -0.1
v 0.4 2.5 -0.1
v 0.6 2.5 -0.1
v 0.7 2.5 -0.1
v 0.8 2.5 -0.1
v 0.9 2.5 -0.1
v -1 2.5 -0.2
v -0.9 2.5 -0.2
v -0.7 2.5 -0.2
v -0.6 2.5 -0.2
v -0.1 2.5 -0.2
v 0 2.5 -0.2
v 0.1 2.5 -0.2
v 0.2 2.5 -0.2
v 0.4 2.5 -0.2
v 0.5 2.5 -0.2
v 0.6 2.5 -0.2
v 0.7 2.5 -0.2
v -1 2.5 -0.3
v -0.9 2.5 -0.3
v -0.7 2.5 -0.3
v -0.6 2.5 -0.3
v -0.5 2.5 -0.3
v -0.4 2.5 -0.3
v -0.3 2.5 -0.3
v -0.2 2.5 -0.3
v -0.1 2.5 -0.3
v 0 2.5 -0.3
v 0.2 2.5 -0.3
v 0.3 2.5 -0.3
v 0.4 2.5 -0.3
v 0.5 2.5 -0.3
v 0.6 2.5 -0.3
v -1 2.5 -0.4
v -0.9 2.5 -0.4
v -0.8 2.5 -0.4
v -0.6 2.5 -0.4
v -0.5 2.5 -0.4
v -0.3 2.5 -0.4
v -0.2 2.5 -0.4
v 0.2 2.5 -0.4
v 0.3 2.5 -0.4
v 0.4 2.5 -0.4
v 0.6 2.5 -0.4
v 0.7 2.5 -0.4
v -0.9 2.5 -0.5
v -0.8 2.5 -0.5
v -0.6 2.5 -0.5
v -0.5 2.5 -0.5
v -0.3 2.5 -0.5
v -0.2 2.5 -0.5
v 0 2.5 -0.5
v 0.1 2.5 -0.5
v 0.3 2.5 -0.5
v 0.4 2.5 -0.5
v 0.6 2.5 -0.5
v 0.7 2.5 -0.5
v -0.5 2.5 -0.6
v -0.4 2.5 -0.6
v -0.3 2.5 -0.6
v -0.2 2.5 -0.6
v 0 2.5 -0.6
v 0.1 2.5 -0.6
v 0.3 2.5 -0.6
v 0.4 2.5 -0.6
v 0.6 2.5 -0.6
v 0.7 2.5 -0.6
v -1 2.5 -0.7
v -0.8 2.5 -0.7
v -0.7 2.5 -0.7
v -0.5 2.5 -0.7
v -0.4 2.5 -0.7
v 0.6 2.5 -0.7
v 0.7 2.5 -0.7
v 0.8 2.5 -0.7
v 1 2.5 -0.7
v -1 2.5 -0.8
v -0.8 2.5 -0.8
v -0.7 2.5 -0.8
v -0.6 2.5 -0.8
v -0.5 2.5 -0.8
v 0.1 2.5 -0.8
v 0.2 2.5 -0.8
v 0.7 2.5 -0.8
v 0.8 2.5 -0.8
v 0.9 2.5 -0.8
v 1 2.5 -0.8
v -0.6 2.5 -0.9
v -0.5 2.5 -0.9
v -0.4 2.5 -0.9
v 0.1 2.5 -0.9
v 0.2 2.5 -0.9
v 0.3 2.5 -0.9
v 0.4 2.5 -0.9
v 0.7 2.5 -0.9
v 0.8 2.5 -0.9
v 0.9 2.5 -0.9
v -1 2.5 -1
v -0.8 2.5 -1
v -0.7 2.5 -1
v -0.5 2.5 -1
v -0.4 2.5 -1
v 0.3 2.5 -1
v 0.4 2.5 -1
v 0.7 2.5 -1
v 0.8 2.5 -1
v 1 2.5 -1

# faces
f 3/6/1 2/6/1 1/6/1
f 4/6/1 2/6/1 3/6/1
f 9/6/1 6/6/1 5/6/1
f 10/6/1 6/6/1 9/6/1
f 11/6/1 8/6/1 7/6/1
f 12/6/1 8/6/1 11/6/1
f 19/6/1 14/6/1 13/6/1
f 20/6/1 14/6/1 19/6/1
f 21/6/1 16/6/1 15/6/1
f 22/6/1 16/6/1 21/6/1
f 23/6/1 18/6/1 17/6/1
f 24/6/1 18/6/1 23/6/1
f 29/6/1 26/6/1 25/6/1
f 30/6/1 26/6/1 29/6/1
f 31/6/1 28/6/1 27/6/1
f 32/6/1 28/6/1 31/6/1
f 33/6/1 30/6/1 29/6/1
f 33/6/1 31/6/1 30/6/1
f 33/6/1 32/6/1 31/6/1
f 34/6/1 32/6/1 33/6/1
f 35/6/1 32/6/1 34/6/1
f 36/6/1 32/6/1 35/6/1
f 37/6/1 34/6/1 33/6/1
f 38/6/1 34/6/1 37/6/1
f 39/6/1 36/6/1 35/6/1
f 40/6/1 36/6/1 39/6/1
f 45/6/1 42/6/1 41/6/1
f 46/6/1 42/6/1 45/6/1
f 47/6/1 44/6/1 43/6/1
f 48/6/1 44/6/1 47/6/1
f 49/6/1 42/6/1 46/6/1
f 50/6/1 42/6/1 49/6/1
f 53/6/1 42/6/1 50/6/1
f 54/6/1 42/6/1 53/6/1
f 55/6/1 52/6/1 51/6/1
f 56/6/1 52/6/1 55/6/1
f 69/3/1 60/3/1 59/3/1
f 69/2/1 61/2/1 60/2/1
f 70/3/1 62/3/1 61/3/1
f 70/2/1 61/2/1 69/2/1
f 71/3/1 62/3/1 70/3/1
f 72/2/1 63/2/1 62/2/1
f 72/3/1 62/3/1 71/3/1
f 73/3/1 64/3/1 63/3/1
f 73/2/1 63/2/1 72/2/1
f 74/1/1 65/1/1 64/1/1
f 74/3/1 64/3/1 73/3/1
f 75/3/1 66/3/1 65/3/1
f 75/1/1 65/1/1 74/1/1
f 76/3/1 58/3/1 57/3/1
f 77/3/1 58/3/1 76/3/1
f 78/3/1 69/3/1 59/3/1
f 78/3/1 70/3/1 69/3/1
f 79/2/1 71/2/1 70/2/1
f 79/3/1 70/3/1 78/3/1
f 80/3/1 74/3/1 73/3/1
f 80/2/1 71/2/1 79/2/1
f 80/3/1 72/3/1 71/3/1
f 80/3/1 73/3/1 72/3/1
f 81/2/1 75/2/1 74/2/1
f 81/3/1 74/3/1 80/3/1
f 82/3/1 66/3/1 75/3/1
f 82/2/1 75/2/1 81/2/1
f 83/3/1 66/3/1 82/3/1
f 84/3/1 68/3/1 67/3/1
f 85/3/1 68/3/1 84/3/1
f 96/3/1 87/3/1 86/3/1
f 97/3/1 87/3/1 96/3/1
f 98/3/1 89/3/1 88/3/1
f 98/2/1 90/2/1 89/2/1
f 99/3/1 91/3/1 90/3/1
f 99/2/1 90/2/1 98/2/1
f 100/2/1 92/2/1 91/2/1
f 100/3/1 91/3/1 99/3/1
f 101/3/1 93/3/1 92/3/1
f 101/2/1 92/2/1 100/2/1
f 102/2/1 97/2/1 96/2/1
f 103/3/1 87/3/1 97/3/1
f 103/2/1 97/2/1 102/2/1
f 104/3/1 98/3/1 88/3/1
f 104/3/1 99/3/1 98/3/1
f 104/3/1 100/3/1 99/3/1
f 105/3/1 100/3/1 104/3/1
f 106/3/1 100/3/1 105/3/1
f 107/3/1 100/3/1 106/3/1
f 108/1/1 101/1/1 100/1/1
f 108/3/1 100/3/1 107/3/1
f 109/3/1 93/3/1 101/3/1
f 109/1/1 101/1/1 108/1/1
f 110/3/1 104/3/1 88/3/1
f 110/2/1 105/2/1 104/2/1
f 111/3/1 106/3/1 105/3/1
f 111/2/1 105/2/1 110/2/1
f 112/2/1 107/2/1 106/2/1
f 112/3/1 106/3/1 111/3/1
f 113/3/1 108/3/1 107/3/1
f 113/2/1 107/2/1 112/2/1
f 113/3/1 109/3/1 108/3/1
f 114/3/1 103/3/1 102/3/1
f 115/3/1 87/3/1 103/3/1
f 115/3/1 103/3/1 114/3/1
f 116/2/1 115/2/1 114/2/1
f 117/3/1 87/3/1 115/3/1
f 117/2/1 115/2/1 116/2/1
f 118/3/1 112/3/1 111/3/1
f 118/3/1 111/3/1 110/3/1
f 118/3/1 113/3/1 112/3/1
f 119/3/1 113/3/1 118/3/1
f 120/3/1 118/3/1 110/3/1
f 121/2/1 119/2/1 118/2/1
f 121/3/1 118/3/1 120/3/1
f 122/3/1 113/3/1 119/3/1
f 122/2/1 119/2/1 121/2/1
f 123/3/1 95/3/1 94/3/1
f 124/3/1 95/3/1 123/3/1
f 125/3/1 110/3/1 88/3/1
f 125/3/1 120/3/1 110/3/1
f 126/3/1 120/3/1 125/3/1
f 127/1/1 121/1/1 120/1/1
f 127/3/1 120/3/1 126/3/1
f 128/3/1 122/3/1 121/3/1
f 128/1/1 121/1/1 127/1/1
f 129/3/1 113/3/1 122/3/1
f 129/3/1 122/3/1 128/3/1
f 130/1/1 124/1/1 123/1/1
f 131/3/1 95/3/1 124/3/1
f 131/1/1 124/1/1 130/1/1
f 132/2/1 126/2/1 125/2/1
f 132/3/1 125/3/1 88/3/1
f 133/3/1 128/3/1 127/3/1
f 133/2/1 126/2/1 132/2/1
f 133/3/1 127/3/1 126/3/1
f 134/3/1 128/3/1 133/3/1
f 135/3/1 128/3/1 134/3/1
f 136/3/1 109/3/1 113/3/1
f 136/3/1 113/3/1 129/3/1
f 137/3/1 93/3/1 109/3/1
f 137/3/1 109/3/1 136/3/1
f 138/3/1 87/3/1 117/3/1
f 138/3/1 117/3/1 116/3/1
f 139/3/1 87/3/1 138/3/1
f 140/3/1 132/3/1 88/3/1
f 140/3/1 133/3/1 132/3/1
f 140/3/1 134/3/1 133/3/1
f 141/3/1 134/3/1 140/3/1
f 142/2/1 135/2/1 134/2/1
f 142/3/1 134/3/1 141/3/1
f 143/3/1 128/3/1 135/3/1
f 143/2/1 135/2/1 142/2/1
f 144/1/1 129/1/1 128/1/1
f 144/3/1 128/3/1 143/3/1
f 145/3/1 136/3/1 129/3/1
f 145/1/1 129/1/1 144/1/1
f 146/2/1 137/2/1 136/2/1
f 146/3/1 136/3/1 145/3/1
f 147/3/1 93/3/1 137/3/1
f 147/2/1 137/2/1 146/2/1
f 148/3/1 131/3/1 130/3/1
f 149/3/1 95/3/1 131/3/1
f 149/3/1 131/3/1 148/3/1
f 150/2/1 139/2/1 138/2/1
f 150/3/1 138/3/1 116/3/1
f 151/2/1 139/2/1 150/2/1
f 152/2/1 141/2/1 140/2/1
f 152/3/1 140/3/1 88/3/1
f 153/3/1 146/3/1 145/3/1
f 153/2/1 141/2/1 152/2/1
f 153/3/1 142/3/1 141/3/1
f 153/3/1 147/3/1 146/3/1
f 153/3/1 145/3/1 144/3/1
f 153/3/1 144/3/1 143/3/1
f 153/3/1 143/3/1 142/3/1
f 154/3/1 147/3/1 153/3/1
f 155/3/1 147/3/1 154/3/1
f 156/2/1 149/2/1 148/2/1
f 157/3/1 95/3/1 149/3/1
f 157/2/1 149/2/1 156/2/1
f 158/3/1 153/3/1 152/3/1
f 158/3/1 154/3/1 153/3/1
f 158/2/1 155/2/1 154/2/1
f 159/3/1 147/3/1 155/3/1
f 159/2/1 155/2/1 158/2/1
f 160/3/1 147/3/1 159/3/1
f 161/3/1 93/3/1 147/3/1
f 161/3/1 147/3/1 160/3/1
f 162/3/1 150/3/1 116/3/1
f 162/3/1 151/3/1 150/3/1
f 163/3/1 151/3/1 162/3/1
f 164/3/1 158/3/1 152/3/1
f 164/3/1 160/3/1 159/3/1
f 164/3/1 159/3/1 158/3/1
f 165/3/1 160/3/1 164/3/1
f 166/2/1 161/2/1 160/2/1
f 166/3/1 160/3/1 165/3/1
f 167/3/1 93/3/1 161/3/1
f 167/2/1 161/2/1 166/2/1
f 168/3/1 162/3/1 116/3/1
f 169/2/1 163/2/1 162/2/1
f 169/3/1 162/3/1 168/3/1
f 170/2/1 163/2/1 169/2/1
f 171/3/1 152/3/1 88/3/1
f 171/3/1 164/3/1 152/3/1
f 172/2/1 165/2/1 164/2/1
f 172/3/1 164/3/1 171/3/1
f 173/3/1 166/3/1 165/3/1
f 173/2/1 165/2/1 172/2/1
f 173/3/1 167/3/1 166/3/1
f 174/3/1 93/3/1 167/3/1
f 174/3/1 167/3/1 173/3/1
f 175/3/1 157/3/1 156/3/1
f 176/3/1 95/3/1 157/3/1
f 176/3/1 157/3/1 175/3/1
f 190/3/1 178/3/1 177/3/1
f 191/3/1 178/3/1 190/3/1
f 192/3/1 180/3/1 179/3/1
f 193/2/1 181/2/1 180/2/1
f 193/3/1 180/3/1 192/3/1
f 194/3/1 182/3/1 181/3/1
f 194/2/1 181/2/1 193/2/1
f 195/2/1 183/2/1 182/2/1
f 195/3/1 182/3/1 194/3/1
f 196/3/1 184/3/1 183/3/1
f 196/2/1 183/2/1 195/2/1
f 197/2/1 185/2/1 184/2/1
f 197/3/1 184/3/1 196/3/1
f 198/3/1 186/3/1 185/3/1
f 198/2/1 185/2/1 197/2/1
f 199/3/1 186/3/1 198/3/1
f 200/3/1 186/3/1 199/3/1
f 201/2/1 188/2/1 187/2/1
f 202/3/1 189/3/1 188/3/1
f 202/2/1 188/2/1 201/2/1
f 203/2/1 191/2/1 190/2/1
f 204/3/1 178/3/1 191/3/1
f 204/2/1 191/2/1 203/2/1
f 205/3/1 178/3/1 204/3/1
f 206/3/1 192/3/1 179/3/1
f 207/2/1 193/2/1 192/2/1
f 207/3/1 192/3/1 206/3/1
f 208/1/1 194/1/1 193/1/1
f 208/2/1 193/2/1 207/2/1
f 209/3/1 195/3/1 194/3/1
f 209/1/1 194/1/1 208/1/1
f 209/3/1 196/3/1 195/3/1
f 209/3/1 197/3/1 196/3/1
f 210/1/1 198/1/1 197/1/1
f 210/3/1 197/3/1 209/3/1
f 211/3/1 199/3/1 198/3/1
f 211/1/1 198/1/1 210/1/1
f 212/2/1 200/2/1 199/2/1
f 212/3/1 199/3/1 211/3/1
f 213/3/1 186/3/1 200/3/1
f 213/2/1 200/2/1 212/2/1
f 214/3/1 186/3/1 213/3/1
f 215/3/1 202/3/1 201/3/1
f 216/3/1 189/3/1 202/3/1
f 216/3/1 202/3/1 215/3/1
f 222/5/1 218/5/1 217/5/1
f 223/5/1 218/5/1 222/5/1
f 228/5/1 220/5/1 219/5/1
f 229/5/1 220/5/1 228/5/1
f 231/5/1 222/5/1 221/5/1
f 232/5/1 222/5/1 231/5/1
f 233/5/1 227/5/1 226/5/1
f 233/5/1 228/5/1 227/5/1
f 233/5/1 224/5/1 223/5/1
f 233/5/1 225/5/1 224/5/1
f 233/5/1 226/5/1 225/5/1
f 234/5/1 228/5/1 233/5/1
f 235/5/1 228/5/1 234/5/1
f 236/5/1 228/5/1 235/5/1
f 237/5/1 228/5/1 236/5/1
f 238/5/1 228/5/1 237/5/1
f 239/5/1 230/5/1 229/5/1
f 240/5/1 230/5/1 239/5/1
f 241/5/1 239/5/1 238/5/1
f 242/5/1 241/5/1 238/5/1
f 243/5/1 233/5/1 232/5/1
f 244/5/1 242/5/1 238/5/1
f 245/5/1 233/5/1 243/5/1
f 246/5/1 244/5/1 238/5/1
f 247/5/1 233/5/1 245/5/1
f 249/5/1 233/5/1 247/5/1
f 250/5/1 233/5/1 249/5/1
f 253/5/1 246/5/1 238/5/1
f 254/5/1 246/5/1 253/5/1
f 256/5/1 249/5/1 248/5/1
f 257/5/1 249/5/1 256/5/1
f 258/5/1 253/5/1 252/5/1
f 258/5/1 251/5/1 250/5/1
f 258/5/1 252/5/1 251/5/1
f 259/5/1 253/5/1 258/5/1
f 260/5/1 253/5/1 259/5/1
f 261/5/1 253/5/1 260/5/1
f 262/5/1 253/5/1 261/5/1
f 263/5/1 253/5/1 262/5/1
f 264/5/1 253/5/1 263/5/1
f 265/5/1 253/5/1 264/5/1
f 266/5/1 255/5/1 254/5/1
f 267/5/1 255/5/1 266/5/1
f 268/5/1 258/5/1 257/5/1
f 269/5/1 258/5/1 268/5/1
f 270/5/1 266/5/1 265/5/1
f 271/5/1 266/5/1 270/5/1
f 276/5/1 273/5/1 272/5/1
f 277/5/1 273/5/1 276/5/1
f 278/5/1 275/5/1 274/5/1
f 279/5/1 275/5/1 278/5/1
f 284/5/1 281/5/1 280/5/1
f 285/5/1 281/5/1 284/5/1
f 286/5/1 283/5/1 282/5/1
f 287/5/1 283/5/1 286/5/1
f 292/1/1 291/1/1 290/1/1
f 293/1/1 291/1/1 292/1/1
f 294/3/1 289/3/1 288/3/1
f 295/3/1 289/3/1 294/3/1
f 296/3/1 293/3/1 292/3/1
f 297/3/1 293/3/1 296/3/1
f 302/3/1 299/3/1 298/3/1
f 303/3/1 299/3/1 302/3/1
f 304/3/1 301/3/1 300/3/1
f 305/3/1 301/3/1 304/3/1
f 306/2/1 303/2/1 302/2/1
f 307/2/1 303/2/1 306/2/1
f 308/1/1 305/1/1 304/1/1
f 309/1/1 305/1/1 308/1/1
f 312/3/1 307/3/1 306/3/1
f 313/3/1 307/3/1 312/3/1
f 314/3/1 311/3/1 310/3/1
f 315/2/1 313/2/1 312/2/1
f 316/2/1 313/2/1 315/2/1
f 317/3/1 311/3/1 314/3/1
f 318/3/1 311/3/1 317/3/1
f 319/3/1 311/3/1 318/3/1
f 320/3/1 316/3/1 315/3/1
f 321/3/1 316/3/1 320/3/1
f 326/2/1 323/2/1 322/2/1
f 327/2/1 323/2/1 326/2/1
f 338/3/1 325/3/1 324/3/1
f 339/3/1 327/3/1 326/3/1
f 339/3/1 328/3/1 327/3/1
f 340/3/1 328/3/1 339/3/1
f 341/3/1 330/3/1 329/3/1
f 342/1/1 331/1/1 330/1/1
f 342/3/1 330/3/1 341/3/1
f 343/3/1 332/3/1 331/3/1
f 343/1/1 331/1/1 342/1/1
f 344/1/1 333/1/1 332/1/1
f 344/3/1 332/3/1 343/3/1
f 345/3/1 334/3/1 333/3/1
f 345/1/1 333/1/1 344/1/1
f 346/1/1 335/1/1 334/1/1
f 346/3/1 334/3/1 345/3/1
f 347/3/1 336/3/1 335/3/1
f 347/1/1 335/1/1 346/1/1
f 348/3/1 336/3/1 347/3/1
f 349/3/1 338/3/1 337/3/1
f 350/3/1 325/3/1 338/3/1
f 350/3/1 338/3/1 349/3/1
f 353/3/1 352/3/1 351/3/1
f 354/3/1 352/3/1 353/3/1
f 357/3/1 356/3/1 355/3/1
f 358/3/1 356/3/1 357/3/1
f 361/3/1 360/3/1 359/3/1
f 362/3/1 360/3/1 361/3/1
f 365/3/1 364/3/1 363/3/1
f 366/3/1 364/3/1 365/3/1
f 369/3/1 368/3/1 367/3/1
f 370/3/1 368/3/1 369/3/1
f 373/3/1 372/3/1 371/3/1
f 374/3/1 372/3/1 373/3/1
f 377/3/1 376/3/1 375/3/1
f 378/3/1 376/3/1 377/3/1
f 381/6/1 380/6/1 379/6/1
f 382/6/1 380/6/1 381/6/1
f 385/6/1 384/6/1 383/6/1
f 386/6/1 384/6/1 385/6/1
f 389/6/1 388/6/1 387/6/1
f 390/6/1 388/6/1 389/6/1
f 393/6/1 392/6/1 391/6/1
f 394/6/1 392/6/1 393/6/1
f 397/6/1 396/6/1 395/6/1
f 398/6/1 396/6/1 397/6/1
f 401/3/1 400/3/1 399/3/1
f 402/3/1 400/3/1 401/3/1
f 405/3/1 404/3/1 403/3/1
f 406/3/1 404/3/1 405/3/1
f 409/3/1 408/3/1 407/3/1
f 410/3/1 408/3/1 409/3/1
f 413/3/1 412/3/1 411/3/1
f 414/3/1 412/3/1 413/3/1
f 417/3/1 416/3/1 415/3/1
f 418/3/1 416/3/1 417/3/1
f 423/3/1 420/3/1 419/3/1
f 424/3/1 420/3/1 423/3/1
f 425/1/1 424/1/1 423/1/1
f 426/1/1 424/1/1 425/1/1
f 427/3/1 422/3/1 421/3/1
f 428/3/1 422/3/1 427/3/1
f 433/3/1 430/3/1 429/3/1
f 434/3/1 430/3/1 433/3/1
f 435/1/1 434/1/1 433/1/1
f 436/1/1 434/1/1 435/1/1
f 437/3/1 432/3/1 431/3/1
f 438/3/1 436/3/1 435/3/1
f 439/3/1 436/3/1 438/3/1
f 440/1/1 439/1/1 438/1/1
f 441/1/1 439/1/1 440/1/1
f 442/3/1 441/3/1 440/3/1
f 443/3/1 441/3/1 442/3/1
f 444/3/1 432/3/1 437/3/1
f 445/1/1 443/1/1 442/1/1
f 446/1/1 443/1/1 445/1/1
f 447/3/1 432/3/1 444/3/1
f 448/3/1 432/3/1 447/3/1
f 449/3/1 446/3/1 445/3/1
f 450/3/1 446/3/1 449/3/1
f 451/3/1 432/3/1 448/3/1
f 452/3/1 432/3/1 451/3/1
f 453/2/1 450/2/1 449/2/1
f 454/2/1 450/2/1 453/2/1
f 459/3/1 456/3/1 455/3/1
f 469/3/1 459/3/1 455/3/1
f 469/3/1 460/3/1 459/3/1
f 470/3/1 460/3/1 469/3/1
f 471/3/1 462/3/1 461/3/1
f 472/1/1 463/1/1 462/1/1
f 472/3/1 462/3/1 471/3/1
f 473/3/1 464/3/1 463/3/1
f 473/1/1 463/1/1 472/1/1
f 474/1/1 465/1/1 464/1/1
f 474/3/1 464/3/1 473/3/1
f 475/3/1 468/3/1 467/3/1
f 475/1/1 465/1/1 474/1/1
f 475/3/1 467/3/1 466/3/1
f 475/3/1 466/3/1 465/3/1
f 476/3/1 468/3/1 475/3/1
f 477/3/1 458/3/1 457/3/1
f 478/3/1 458/3/1 477/3/1
f 481/3/1 480/3/1 479/3/1
f 482/3/1 480/3/1 481/3/1
f 487/6/1 484/6/1 483/6/1
f 488/6/1 484/6/1 487/6/1
f 489/6/1 486/6/1 485/6/1
f 490/6/1 486/6/1 489/6/1
f 495/6/1 492/6/1 491/6/1
f 496/6/1 492/6/1 495/6/1
f 497/6/1 494/6/1 493/6/1
f 498/6/1 494/6/1 497/6/1
f 499/6/2 500/6/2 503/6/2
f 503/6/2 500/6/2 504/6/2
f 501/6/2 502/6/2 505/6/2
f 505/6/2 502/6/2 506/6/2
f 507/6/2 508/6/2 511/6/2
f 511/6/2 508/6/2 512/6/2
f 509/6/2 510/6/2 513/6/2
f 513/6/2 510/6/2 514/6/2
f 515/3/2 516/3/2 519/3/2
f 519/3/2 516/3/2 520/3/2
f 517/3/2 518/3/2 521/3/2
f 521/3/2 518/3/2 522/3/2
f 523/3/2 524/3/2 527/3/2
f 527/3/2 524/3/2 528/3/2
f 525/3/2 526/3/2 529/3/2
f 527/2/2 528/2/2 530/2/2
f 530/2/2 528/2/2 531/2/2
f 529/3/2 526/3/2 532/3/2
f 530/3/2 531/3/2 533/3/2
f 533/3/2 531/3/2 534/3/2
f 533/2/2 534/2/2 535/2/2
f 535/2/2 534/2/2 536/2/2
f 535/3/2 536/3/2 537/3/2
f 537/3/2 536/3/2 538/3/2
f 532/3/2 526/3/2 539/3/2
f 539/3/2 526/3/2 540/3/2
f 541/5/2 542/5/2 545/5/2
f 545/5/2 542/5/2 546/5/2
f 543/3/2 544/3/2 555/3/2
f 545/3/2 546/3/2 556/3/2
f 546/3/2 547/3/2 556/3/2
f 556/3/2 547/3/2 557/3/2
f 548/3/2 549/3/2 558/3/2
f 549/1/2 550/1/2 559/1/2
f 558/3/2 549/3/2 559/3/2
f 550/3/2 551/3/2 560/3/2
f 559/1/2 550/1/2 560/1/2
f 551/1/2 552/1/2 561/1/2
f 560/3/2 551/3/2 561/3/2
f 552/3/2 553/3/2 562/3/2
f 561/1/2 552/1/2 562/1/2
f 562/3/2 553/3/2 563/3/2
f 554/3/2 555/3/2 564/3/2
f 555/3/2 544/3/2 565/3/2
f 564/3/2 555/3/2 565/3/2
f 566/3/2 567/3/2 568/3/2
f 568/3/2 567/3/2 569/3/2
f 570/3/2 571/3/2 572/3/2
f 572/3/2 571/3/2 573/3/2
f 574/3/2 575/3/2 576/3/2
f 576/3/2 575/3/2 577/3/2
f 578/6/2 579/6/2 580/6/2
f 580/6/2 579/6/2 581/6/2
f 582/6/2 583/6/2 584/6/2
f 584/6/2 583/6/2 585/6/2
f 586/6/2 587/6/2 588/6/2
f 588/6/2 587/6/2 589/6/2
f 590/6/2 591/6/2 592/6/2
f 592/6/2 591/6/2 593/6/2
f 594/6/2 595/6/2 596/6/2
f 596/6/2 595/6/2 597/6/2
f 598/3/2 599/3/2 600/3/2
f 600/3/2 599/3/2 601/3/2
f 602/3/2 603/3/2 604/3/2
f 604/3/2 603/3/2 605/3/2
f 606/3/2 607/3/2 608/3/2
f 608/3/2 607/3/2 609/3/2
f 610/3/2 611/3/2 612/3/2
f 612/3/2 611/3/2 613/3/2
f 614/3/2 615/3/2 616/3/2
f 616/3/2 615/3/2 617/3/2
f 618/3/2 619/3/2 620/3/2
f 620/3/2 619/3/2 621/3/2
f 622/3/2 623/3/2 624/3/2
f 624/3/2 623/3/2 625/3/2
f 626/3/2 627/3/2 628/3/2
f 628/3/2 627/3/2 629/3/2
f 630/3/2 631/3/2 634/3/2
f 630/3/2 634/3/2 635/3/2
f 635/3/2 634/3/2 636/3/2
f 632/3/2 633/3/2 637/3/2
f 637/3/2 633/3/2 638/3/2
f 641/3/2 642/3/2 643/3/2
f 639/3/2 640/3/2 644/3/2
f 644/3/2 640/3/2 645/3/2
f 644/2/2 645/2/2 646/2/2
f 646/2/2 645/2/2 647/2/2
f 643/3/2 642/3/2 648/3/2
f 648/3/2 642/3/2 649/3/2
f 646/3/2 647/3/2 652/3/2
f 652/3/2 647/3/2 653/3/2
f 650/3/2 651/3/2 654/3/2
f 652/2/2 653/2/2 655/2/2
f 655/2/2 653/2/2 656/2/2
f 654/3/2 651/3/2 657/3/2
f 657/3/2 651/3/2 658/3/2
f 655/3/2 656/3/2 659/3/2
f 659/3/2 656/3/2 660/3/2
f 658/3/2 651/3/2 661/3/2
f 661/3/2 651/3/2 662/3/2
f 663/3/2 664/3/2 667/3/2
f 663/3/2 667/3/2 681/3/2
f 667/3/2 668/3/2 681/3/2
f 681/3/2 668/3/2 682/3/2
f 669/3/2 670/3/2 683/3/2
f 670/1/2 671/1/2 684/1/2
f 683/3/2 670/3/2 684/3/2
f 671/3/2 672/3/2 685/3/2
f 684/1/2 671/1/2 685/1/2
f 672/3/2 673/3/2 685/3/2
f 673/3/2 674/3/2 685/3/2
f 674/1/2 675/1/2 686/1/2
f 685/3/2 674/3/2 686/3/2
f 675/3/2 676/3/2 687/3/2
f 686/1/2 675/1/2 687/1/2
f 676/3/2 677/3/2 687/3/2
f 677/1/2 678/1/2 688/1/2
f 687/3/2 677/3/2 688/3/2
f 678/3/2 679/3/2 689/3/2
f 688/1/2 678/1/2 689/1/2
f 679/1/2 680/1/2 690/1/2
f 689/3/2 679/3/2 690/3/2
f 690/1/2 680/1/2 691/1/2
f 665/3/2 666/3/2 692/3/2
f 692/3/2 666/3/2 693/3/2
f 694/5/2 695/5/2 698/5/2
f 698/5/2 695/5/2 699/5/2
f 696/5/2 697/5/2 700/5/2
f 698/1/2 699/1/2 702/1/2
f 702/1/2 699/1/2 703/1/2
f 700/5/2 697/5/2 709/5/2
f 709/5/2 697/5/2 710/5/2
f 707/5/2 708/5/2 712/5/2
f 710/5/2 711/5/2 712/5/2
f 709/5/2 710/5/2 712/5/2
f 708/5/2 709/5/2 712/5/2
f 701/5/2 702/5/2 712/5/2
f 706/5/2 707/5/2 712/5/2
f 705/5/2 706/5/2 712/5/2
f 704/5/2 705/5/2 712/5/2
f 703/5/2 704/5/2 712/5/2
f 702/5/2 703/5/2 712/5/2
f 712/5/2 711/5/2 713/5/2
f 713/5/2 711/5/2 714/5/2
f 714/5/2 711/5/2 715/5/2
f 715/5/2 711/5/2 716/5/2
f 716/5/2 711/5/2 717/5/2
f 717/5/2 711/5/2 718/5/2
f 718/5/2 711/5/2 719/5/2
f 719/5/2 711/5/2 720/5/2
f 720/5/2 711/5/2 721/5/2
f 721/5/2 711/5/2 722/5/2
f 722/5/2 711/5/2 723/5/2
f 723/5/2 711/5/2 724/5/2
f 722/5/2 723/5/2 725/5/2
f 713/5/2 714/5/2 726/5/2
f 726/5/2 714/5/2 727/5/2
f 726/1/2 727/1/2 728/1/2
f 728/1/2 727/1/2 729/1/2
f 730/3/2 731/3/2 732/3/2
f 732/3/2 731/3/2 733/3/2
f 725/5/2 723/5/2 734/5/2
f 728/5/2 729/5/2 735/5/2
f 725/5/2 734/5/2 736/5/2
f 735/5/2 729/5/2 738/5/2
f 738/5/2 729/5/2 739/5/2
f 725/5/2 736/5/2 742/5/2
f 742/5/2 736/5/2 743/5/2
f 742/5/2 743/5/2 745/5/2
f 743/5/2 744/5/2 745/5/2
f 741/5/2 742/5/2 745/5/2
f 739/5/2 740/5/2 745/5/2
f 738/5/2 739/5/2 745/5/2
f 737/5/2 738/5/2 745/5/2
f 740/5/2 741/5/2 745/5/2
f 745/5/2 744/5/2 746/5/2
f 746/5/2 744/5/2 747/5/2
f 747/5/2 744/5/2 748/5/2
f 748/5/2 744/5/2 749/5/2
f 749/5/2 744/5/2 750/5/2
f 750/5/2 744/5/2 751/5/2
f 751/5/2 744/5/2 752/5/2
f 752/5/2 744/5/2 753/5/2
f 746/5/2 747/5/2 754/5/2
f 754/5/2 747/5/2 755/5/2
f 751/5/2 752/5/2 756/5/2
f 756/5/2 752/5/2 757/5/2
f 760/1/2 761/1/2 767/1/2
f 761/3/2 762/3/2 768/3/2
f 767/1/2 761/1/2 768/1/2
f 768/3/2 762/3/2 769/3/2
f 769/3/2 762/3/2 770/3/2
f 770/3/2 762/3/2 771/3/2
f 771/3/2 762/3/2 772/3/2
f 762/1/2 763/1/2 773/1/2
f 772/3/2 762/3/2 773/3/2
f 763/3/2 764/3/2 774/3/2
f 773/1/2 763/1/2 774/1/2
f 774/3/2 764/3/2 775/3/2
f 775/3/2 764/3/2 776/3/2
f 758/3/2 759/3/2 777/3/2
f 777/3/2 759/3/2 778/3/2
f 767/3/2 768/3/2 779/3/2
f 768/3/2 769/3/2 779/3/2
f 769/1/2 770/1/2 780/1/2
f 779/3/2 769/3/2 780/3/2
f 770/3/2 771/3/2 781/3/2
f 780/1/2 770/1/2 781/1/2
f 771/1/2 772/1/2 782/1/2
f 781/3/2 771/3/2 782/3/2
f 772/3/2 773/3/2 783/3/2
f 782/1/2 772/1/2 783/1/2
f 773/3/2 774/3/2 783/3/2
f 774/3/2 775/3/2 783/3/2
f 775/1/2 776/1/2 784/1/2
f 783/3/2 775/3/2 784/3/2
f 784/1/2 776/1/2 785/1/2
f 765/3/2 766/3/2 786/3/2
f 786/3/2 766/3/2 787/3/2
f 790/3/2 791/3/2 801/3/2
f 791/1/2 792/1/2 801/1/2
f 792/3/2 793/3/2 802/3/2
f 801/1/2 792/1/2 802/1/2
f 802/3/2 793/3/2 803/3/2
f 793/1/2 794/1/2 804/1/2
f 803/3/2 793/3/2 804/3/2
f 794/3/2 795/3/2 805/3/2
f 804/1/2 794/1/2 805/1/2
f 797/1/2 798/1/2 806/1/2
f 796/3/2 797/3/2 806/3/2
f 806/1/2 798/1/2 807/1/2
f 788/3/2 789/3/2 808/3/2
f 808/3/2 789/3/2 809/3/2
f 802/3/2 803/3/2 810/3/2
f 803/1/2 804/1/2 810/1/2
f 801/3/2 802/3/2 810/3/2
f 804/3/2 805/3/2 811/3/2
f 810/1/2 804/1/2 811/1/2
f 805/3/2 795/3/2 812/3/2
f 811/3/2 805/3/2 812/3/2
f 795/1/2 796/1/2 812/1/2
f 806/3/2 807/3/2 813/3/2
f 812/1/2 796/1/2 813/1/2
f 796/3/2 806/3/2 813/3/2
f 808/2/2 809/2/2 814/2/2
f 809/3/2 789/3/2 815/3/2
f 814/2/2 809/2/2 815/2/2
f 810/3/2 811/3/2 816/3/2
f 813/3/2 807/3/2 816/3/2
f 811/3/2 812/3/2 816/3/2
f 812/3/2 813/3/2 816/3/2
f 816/3/2 807/3/2 817/3/2
f 790/3/2 801/3/2 818/3/2
f 801/3/2 810/3/2 818/3/2
f 810/3/2 816/3/2 818/3/2
f 818/3/2 816/3/2 819/3/2
f 819/3/2 816/3/2 820/3/2
f 820/3/2 816/3/2 821/3/2
f 816/1/2 817/1/2 822/1/2
f 821/3/2 816/3/2 822/3/2
f 817/3/2 807/3/2 823/3/2
f 822/1/2 817/1/2 823/1/2
f 790/3/2 818/3/2 824/3/2
f 818/1/2 819/1/2 824/1/2
f 819/3/2 820/3/2 825/3/2
f 824/1/2 819/1/2 825/1/2
f 820/1/2 821/1/2 826/1/2
f 825/3/2 820/3/2 826/3/2
f 821/3/2 822/3/2 827/3/2
f 826/1/2 821/1/2 827/1/2
f 822/3/2 823/3/2 827/3/2
f 827/3/2 823/3/2 828/3/2
f 828/3/2 823/3/2 829/3/2
f 829/3/2 823/3/2 830/3/2
f 830/3/2 823/3/2 831/3/2
f 825/3/2 826/3/2 832/3/2
f 824/3/2 825/3/2 832/3/2
f 826/3/2 827/3/2 832/3/2
f 827/3/2 828/3/2 832/3/2
f 828/1/2 829/1/2 832/1/2
f 829/3/2 830/3/2 833/3/2
f 832/1/2 829/1/2 833/1/2
f 830/1/2 831/1/2 834/1/2
f 833/3/2 830/3/2 834/3/2
f 831/3/2 823/3/2 835/3/2
f 834/1/2 831/1/2 835/1/2
f 823/3/2 807/3/2 836/3/2
f 835/3/2 823/3/2 836/3/2
f 836/3/2 807/3/2 837/3/2
f 837/3/2 807/3/2 838/3/2
f 838/3/2 807/3/2 839/3/2
f 833/3/2 834/3/2 840/3/2
f 832/3/2 833/3/2 840/3/2
f 834/3/2 835/3/2 840/3/2
f 824/3/2 832/3/2 840/3/2
f 835/3/2 836/3/2 840/3/2
f 840/3/2 836/3/2 841/3/2
f 836/1/2 837/1/2 842/1/2
f 841/3/2 836/3/2 842/3/2
f 837/3/2 838/3/2 843/3/2
f 842/1/2 837/1/2 843/1/2
f 814/3/2 815/3/2 844/3/2
f 815/3/2 789/3/2 845/3/2
f 844/3/2 815/3/2 845/3/2
f 841/3/2 842/3/2 846/3/2
f 842/3/2 843/3/2 846/3/2
f 846/3/2 843/3/2 847/3/2
f 843/3/2 838/3/2 848/3/2
f 847/3/2 843/3/2 848/3/2
f 838/1/2 839/1/2 848/1/2
f 839/3/2 807/3/2 849/3/2
f 848/1/2 839/1/2 849/1/2
f 799/3/2 800/3/2 850/3/2
f 850/3/2 800/3/2 851/3/2
f 844/2/2 845/2/2 852/2/2
f 845/3/2 789/3/2 853/3/2
f 852/2/2 845/2/2 853/2/2
f 824/3/2 840/3/2 854/3/2
f 840/1/2 841/1/2 855/1/2
f 854/3/2 840/3/2 855/3/2
f 841/3/2 846/3/2 856/3/2
f 855/1/2 841/1/2 856/1/2
f 846/1/2 847/1/2 857/1/2
f 856/3/2 846/3/2 857/3/2
f 848/3/2 849/3/2 858/3/2
f 857/1/2 847/1/2 858/1/2
f 847/3/2 848/3/2 858/3/2
f 858/3/2 849/3/2 859/3/2
f 859/3/2 849/3/2 860/3/2
f 799/3/2 850/3/2 861/3/2
f 854/1/2 855/1/2 863/1/2
f 824/3/2 854/3/2 863/3/2
f 856/3/2 857/3/2 864/3/2
f 863/1/2 855/1/2 864/1/2
f 855/3/2 856/3/2 864/3/2
f 857/3/2 858/3/2 864/3/2
f 858/3/2 859/3/2 864/3/2
f 859/1/2 860/1/2 865/1/2
f 864/3/2 859/3/2 865/3/2
f 860/3/2 849/3/2 866/3/2
f 865/1/2 860/1/2 866/1/2
f 863/3/2 864/3/2 867/3/2
f 864/3/2 865/3/2 867/3/2
f 865/3/2 866/3/2 867/3/2
f 867/3/2 866/3/2 868/3/2
f 861/3/2 862/3/2 869/3/2
f 799/3/2 861/3/2 869/3/2
f 869/3/2 862/3/2 870/3/2
f 852/3/2 853/3/2 871/3/2
f 853/3/2 789/3/2 871/3/2
f 871/3/2 789/3/2 872/3/2
f 863/3/2 867/3/2 873/3/2
f 873/3/2 867/3/2 874/3/2
f 867/1/2 868/1/2 875/1/2
f 874/3/2 867/3/2 875/3/2
f 868/3/2 866/3/2 876/3/2
f 875/1/2 868/1/2 876/1/2
f 869/1/2 870/1/2 877/1/2
f 870/3/2 862/3/2 878/3/2
f 877/1/2 870/1/2 878/1/2
f 852/3/2 871/3/2 879/3/2
f 871/5/2 872/5/2 880/5/2
f 879/3/2 871/3/2 880/3/2
f 880/5/2 872/5/2 881/5/2
f 824/3/2 863/3/2 882/3/2
f 790/3/2 824/3/2 882/3/2
f 863/3/2 873/3/2 882/3/2
f 873/2/2 874/2/2 883/2/2
f 882/3/2 873/3/2 883/3/2
f 874/3/2 875/3/2 884/3/2
f 883/2/2 874/2/2 884/2/2
f 875/3/2 876/3/2 884/3/2
f 849/3/2 807/3/2 885/3/2
f 884/3/2 876/3/2 885/3/2
f 866/3/2 849/3/2 885/3/2
f 876/3/2 866/3/2 885/3/2
f 877/3/2 878/3/2 886/3/2
f 878/3/2 862/3/2 887/3/2
f 886/3/2 878/3/2 887/3/2
f 890/3/2 891/3/2 897/3/2
f 897/3/2 891/3/2 898/3/2
f 891/1/2 892/1/2 899/1/2
f 898/3/2 891/3/2 899/3/2
f 892/3/2 893/3/2 900/3/2
f 899/1/2 892/1/2 900/1/2
f 893/1/2 894/1/2 901/1/2
f 900/3/2 893/3/2 901/3/2
f 901/1/2 894/1/2 902/1/2
f 888/3/2 889/3/2 903/3/2
f 903/3/2 889/3/2 904/3/2
f 890/3/2 897/3/2 905/3/2
f 897/1/2 898/1/2 906/1/2
f 905/3/2 897/3/2 906/3/2
f 898/3/2 899/3/2 907/3/2
f 906/1/2 898/1/2 907/1/2
f 899/3/2 900/3/2 907/3/2
f 900/3/2 901/3/2 907/3/2
f 901/3/2 902/3/2 907/3/2
f 907/3/2 902/3/2 908/3/2
f 895/3/2 896/3/2 909/3/2
f 909/3/2 896/3/2 910/3/2
f 911/6/2 912/6/2 915/6/2
f 915/6/2 912/6/2 916/6/2
f 913/6/2 914/6/2 917/6/2
f 917/6/2 914/6/2 918/6/2
f 916/6/2 912/6/2 919/6/2
f 919/6/2 912/6/2 920/6/2
f 920/6/2 912/6/2 923/6/2
f 923/6/2 912/6/2 924/6/2
f 921/6/2 922/6/2 925/6/2
f 925/6/2 922/6/2 926/6/2
f 927/6/2 928/6/2 931/6/2
f 931/6/2 928/6/2 932/6/2
f 929/6/2 930/6/2 933/6/2
f 933/6/2 930/6/2 934/6/2
f 931/6/2 932/6/2 935/6/2
f 932/6/2 933/6/2 935/6/2
f 933/6/2 934/6/2 935/6/2
f 935/6/2 934/6/2 936/6/2
f 936/6/2 934/6/2 937/6/2
f 937/6/2 934/6/2 938/6/2
f 935/6/2 936/6/2 939/6/2
f 939/6/2 936/6/2 940/6/2
f 937/6/2 938/6/2 941/6/2
f 941/6/2 938/6/2 942/6/2
f 943/6/2 944/6/2 947/6/2
f 947/6/2 944/6/2 948/6/2
f 945/6/2 946/6/2 949/6/2
f 949/6/2 946/6/2 950/6/2
f 951/6/2 952/6/2 957/6/2
f 957/6/2 952/6/2 958/6/2
f 953/6/2 954/6/2 959/6/2
f 959/6/2 954/6/2 960/6/2
f 955/6/2 956/6/2 961/6/2
f 961/6/2 956/6/2 962/6/2
f 963/6/2 964/6/2 965/6/2
f 965/6/2 964/6/2 966/6/2
f 969/6/3 968/6/3 967/6/3
f 970/6/3 968/6/3 969/6/3
f 973/6/3 972/6/3 971/6/3
f 974/6/3 972/6/3 973/6/3
f 977/6/3 976/6/3 975/6/3
f 978/6/3 976/6/3 977/6/3
f 981/6/3 980/6/3 979/6/3
f 982/6/3 980/6/3 981/6/3
f 985/6/3 984/6/3 983/6/3
f 986/6/3 984/6/3 985/6/3
f 989/6/3 988/6/3 987/6/3
f 990/6/3 988/6/3 989/6/3
f 993/6/3 992/6/3 991/6/3
f 994/6/3 992/6/3 993/6/3
f 995/6/3 992/6/3 994/6/3
f 996/6/3 992/6/3 995/6/3
f 997/6/3 995/6/3 994/6/3
f 998/6/3 995/6/3 997/6/3
f 999/6/3 992/6/3 996/6/3
f 1000/6/3 992/6/3 999/6/3
f 1006/6/3 1002/6/3 1001/6/3
f 1007/6/3 1002/6/3 1006/6/3
f 1008/6/3 1004/6/3 1003/6/3
f 1009/6/3 1007/6/3 1006/6/3
f 1009/6/3 1008/6/3 1007/6/3
f 1009/6/3 1006/6/3 1005/6/3
f 1010/6/3 1004/6/3 1008/6/3
f 1010/6/3 1008/6/3 1009/6/3
f 1013/6/3 1012/6/3 1011/6/3
f 1014/6/3 1012/6/3 1013/6/3
f 1019/6/3 1016/6/3 1015/6/3
f 1019/6/3 1018/6/3 1017/6/3
f 1019/6/3 1017/6/3 1016/6/3
f 1020/6/3 1018/6/3 1019/6/3
f 1026/6/3 1022/6/3 1021/6/3
f 1027/6/3 1022/6/3 1026/6/3
f 1028/6/3 1024/6/3 1023/6/3
f 1029/6/3 1024/6/3 1028/6/3
f 1031/6/3 1027/6/3 1026/6/3
f 1031/6/3 1030/6/3 1029/6/3
f 1031/6/3 1029/6/3 1028/6/3
f 1031/6/3 1028/6/3 1027/6/3
f 1031/6/3 1026/6/3 1025/6/3
f 1032/6/3 1030/6/3 1031/6/3
f 1033/6/3 1030/6/3 1032/6/3
f 1034/6/3 1030/6/3 1033/6/3
f 1035/6/3 1030/6/3 1034/6/3
f 1036/6/3 1030/6/3 1035/6/3
f 1037/6/3 1033/6/3 1032/6/3
f 1038/6/3 1033/6/3 1037/6/3
f 1039/6/3 1035/6/3 1034/6/3
f 1040/6/3 1035/6/3 1039/6/3
f 1043/6/3 1042/6/3 1041/6/3
f 1044/6/3 1042/6/3 1043/6/3
f 1045/6/3 1042/6/3 1044/6/3
f 1046/6/3 1042/6/3 1045/6/3
f 1051/6/3 1048/6/3 1047/6/3
f 1052/6/3 1048/6/3 1051/6/3
f 1053/6/3 1050/6/3 1049/6/3
f 1054/6/3 1050/6/3 1053/6/3
f 1059/6/3 1058/6/3 1057/6/3
f 1060/6/3 1058/6/3 1059/6/3
f 1061/6/3 1056/6/3 1055/6/3
f 1062/6/3 1056/6/3 1061/6/3
f 1074/3/3 1066/3/3 1065/3/3
f 1074/2/3 1067/2/3 1066/2/3
f 1075/3/3 1068/3/3 1067/3/3
f 1075/2/3 1067/2/3 1074/2/3
f 1076/2/3 1069/2/3 1068/2/3
f 1076/3/3 1068/3/3 1075/3/3
f 1077/3/3 1070/3/3 1069/3/3
f 1077/2/3 1069/2/3 1076/2/3
f 1078/3/3 1070/3/3 1077/3/3
f 1079/3/3 1070/3/3 1078/3/3
f 1080/3/3 1070/3/3 1079/3/3
f 1081/3/3 1070/3/3 1080/3/3
f 1082/3/3 1072/3/3 1071/3/3
f 1083/2/3 1073/2/3 1072/2/3
f 1083/3/3 1072/3/3 1082/3/3
f 1084/2/3 1073/2/3 1083/2/3
f 1085/3/3 1064/3/3 1063/3/3
f 1086/3/3 1064/3/3 1085/3/3
f 1087/3/3 1074/3/3 1065/3/3
f 1087/3/3 1075/3/3 1074/3/3
f 1087/3/3 1076/3/3 1075/3/3
f 1087/3/3 1077/3/3 1076/3/3
f 1087/3/3 1078/3/3 1077/3/3
f 1088/2/3 1079/2/3 1078/2/3
f 1088/3/3 1078/3/3 1087/3/3
f 1089/3/3 1080/3/3 1079/3/3
f 1089/2/3 1079/2/3 1088/2/3
f 1090/2/3 1081/2/3 1080/2/3
f 1090/3/3 1080/3/3 1089/3/3
f 1091/3/3 1070/3/3 1081/3/3
f 1091/2/3 1081/2/3 1090/2/3
f 1092/3/3 1070/3/3 1091/3/3
f 1093/5/3 1083/5/3 1082/5/3
f 1094/3/3 1084/3/3 1083/3/3
f 1094/5/3 1083/5/3 1093/5/3
f 1095/3/3 1084/3/3 1094/3/3
f 1107/3/3 1097/3/3 1096/3/3
f 1108/3/3 1097/3/3 1107/3/3
f 1109/3/3 1099/3/3 1098/3/3
f 1109/2/3 1100/2/3 1099/2/3
f 1110/3/3 1101/3/3 1100/3/3
f 1110/2/3 1100/2/3 1109/2/3
f 1111/3/3 1101/3/3 1110/3/3
f 1112/3/3 1101/3/3 1111/3/3
f 1113/2/3 1102/2/3 1101/2/3
f 1113/3/3 1101/3/3 1112/3/3
f 1114/3/3 1103/3/3 1102/3/3
f 1114/2/3 1102/2/3 1113/2/3
f 1115/3/3 1103/3/3 1114/3/3
f 1116/3/3 1103/3/3 1115/3/3
f 1117/3/3 1103/3/3 1116/3/3
f 1118/3/3 1103/3/3 1117/3/3
f 1119/2/3 1105/2/3 1104/2/3
f 1120/3/3 1106/3/3 1105/3/3
f 1120/2/3 1105/2/3 1119/2/3
f 1121/2/3 1108/2/3 1107/2/3
f 1121/3/3 1107/3/3 1096/3/3
f 1122/2/3 1108/2/3 1121/2/3
f 1123/3/3 1109/3/3 1098/3/3
f 1123/3/3 1110/3/3 1109/3/3
f 1123/3/3 1111/3/3 1110/3/3
f 1124/3/3 1111/3/3 1123/3/3
f 1125/2/3 1112/2/3 1111/2/3
f 1125/3/3 1111/3/3 1124/3/3
f 1126/3/3 1113/3/3 1112/3/3
f 1126/2/3 1112/2/3 1125/2/3
f 1126/3/3 1114/3/3 1113/3/3
f 1126/3/3 1115/3/3 1114/3/3
f 1127/3/3 1115/3/3 1126/3/3
f 1128/3/3 1115/3/3 1127/3/3
f 1129/2/3 1116/2/3 1115/2/3
f 1129/3/3 1115/3/3 1128/3/3
f 1130/3/3 1117/3/3 1116/3/3
f 1130/2/3 1116/2/3 1129/2/3
f 1131/2/3 1118/2/3 1117/2/3
f 1131/3/3 1117/3/3 1130/3/3
f 1132/2/3 1118/2/3 1131/2/3
f 1133/3/3 1122/3/3 1121/3/3
f 1133/3/3 1121/3/3 1096/3/3
f 1134/3/3 1122/3/3 1133/3/3
f 1135/2/3 1124/2/3 1123/2/3
f 1135/3/3 1123/3/3 1098/3/3
f 1136/3/3 1125/3/3 1124/3/3
f 1136/2/3 1124/2/3 1135/2/3
f 1136/3/3 1126/3/3 1125/3/3
f 1136/3/3 1127/3/3 1126/3/3
f 1137/2/3 1128/2/3 1127/2/3
f 1137/3/3 1127/3/3 1136/3/3
f 1138/3/3 1130/3/3 1129/3/3
f 1138/2/3 1128/2/3 1137/2/3
f 1138/3/3 1132/3/3 1131/3/3
f 1138/3/3 1131/3/3 1130/3/3
f 1138/3/3 1129/3/3 1128/3/3
f 1139/3/3 1132/3/3 1138/3/3
f 1140/3/3 1132/3/3 1139/3/3
f 1141/3/3 1106/3/3 1120/3/3
f 1141/3/3 1120/3/3 1119/3/3
f 1142/3/3 1106/3/3 1141/3/3
f 1143/2/3 1134/2/3 1133/2/3
f 1143/3/3 1133/3/3 1096/3/3
f 1144/2/3 1134/2/3 1143/2/3
f 1145/3/3 1139/3/3 1138/3/3
f 1145/3/3 1137/3/3 1136/3/3
f 1145/3/3 1136/3/3 1135/3/3
f 1145/3/3 1138/3/3 1137/3/3
f 1146/3/3 1139/3/3 1145/3/3
f 1147/3/3 1139/3/3 1146/3/3
f 1148/3/3 1139/3/3 1147/3/3
f 1149/2/3 1140/2/3 1139/2/3
f 1149/3/3 1139/3/3 1148/3/3
f 1150/3/3 1132/3/3 1140/3/3
f 1150/2/3 1140/2/3 1149/2/3
f 1151/3/3 1132/3/3 1150/3/3
f 1152/3/3 1132/3/3 1151/3/3
f 1153/3/3 1141/3/3 1119/3/3
f 1153/2/3 1142/2/3 1141/2/3
f 1154/2/3 1142/2/3 1153/2/3
f 1155/3/3 1144/3/3 1143/3/3
f 1155/3/3 1143/3/3 1096/3/3
f 1156/3/3 1144/3/3 1155/3/3
f 1157/3/3 1145/3/3 1135/3/3
f 1157/2/3 1146/2/3 1145/2/3
f 1158/3/3 1147/3/3 1146/3/3
f 1158/2/3 1146/2/3 1157/2/3
f 1159/2/3 1148/2/3 1147/2/3
f 1159/3/3 1147/3/3 1158/3/3
f 1160/3/3 1149/3/3 1148/3/3
f 1160/2/3 1148/2/3 1159/2/3
f 1160/3/3 1150/3/3 1149/3/3
f 1160/3/3 1151/3/3 1150/3/3
f 1161/3/3 1151/3/3 1160/3/3
f 1162/3/3 1151/3/3 1161/3/3
f 1163/2/3 1152/2/3 1151/2/3
f 1163/3/3 1151/3/3 1162/3/3
f 1164/3/3 1132/3/3 1152/3/3
f 1164/2/3 1152/2/3 1163/2/3
f 1165/3/3 1154/3/3 1153/3/3
f 1165/3/3 1153/3/3 1119/3/3
f 1166/3/3 1154/3/3 1165/3/3
f 1167/2/3 1156/2/3 1155/2/3
f 1168/3/3 1144/3/3 1156/3/3
f 1168/2/3 1156/2/3 1167/2/3
f 1169/3/3 1159/3/3 1158/3/3
f 1169/3/3 1158/3/3 1157/3/3
f 1169/3/3 1135/3/3 1098/3/3
f 1169/3/3 1157/3/3 1135/3/3
f 1169/3/3 1160/3/3 1159/3/3
f 1169/3/3 1161/3/3 1160/3/3
f 1170/3/3 1161/3/3 1169/3/3
f 1171/3/3 1161/3/3 1170/3/3
f 1172/3/3 1161/3/3 1171/3/3
f 1173/3/3 1161/3/3 1172/3/3
f 1174/3/3 1161/3/3 1173/3/3
f 1175/2/3 1162/2/3 1161/2/3
f 1175/3/3 1161/3/3 1174/3/3
f 1176/3/3 1163/3/3 1162/3/3
f 1176/2/3 1162/2/3 1175/2/3
f 1176/3/3 1164/3/3 1163/3/3
f 1177/2/3 1166/2/3 1165/2/3
f 1177/3/3 1165/3/3 1119/3/3
f 1178/2/3 1166/2/3 1177/2/3
f 1179/3/3 1168/3/3 1167/3/3
f 1180/3/3 1144/3/3 1168/3/3
f 1180/3/3 1168/3/3 1179/3/3
f 1181/2/3 1170/2/3 1169/2/3
f 1182/2/3 1170/2/3 1181/2/3
f 1183/3/3 1171/3/3 1170/3/3
f 1183/2/3 1170/2/3 1182/2/3
f 1184/2/3 1172/2/3 1171/2/3
f 1184/3/3 1171/3/3 1183/3/3
f 1185/3/3 1173/3/3 1172/3/3
f 1185/2/3 1172/2/3 1184/2/3
f 1186/2/3 1174/2/3 1173/2/3
f 1186/3/3 1173/3/3 1185/3/3
f 1187/3/3 1175/3/3 1174/3/3
f 1187/2/3 1174/2/3 1186/2/3
f 1187/3/3 1176/3/3 1175/3/3
f 1188/3/3 1176/3/3 1187/3/3
f 1189/3/3 1164/3/3 1176/3/3
f 1189/3/3 1176/3/3 1188/3/3
f 1190/3/3 1132/3/3 1164/3/3
f 1190/3/3 1164/3/3 1189/3/3
f 1191/3/3 1132/3/3 1190/3/3
f 1192/2/3 1180/2/3 1179/2/3
f 1193/2/3 1180/2/3 1192/2/3
f 1194/2/3 1180/2/3 1193/2/3
f 1195/3/3 1182/3/3 1181/3/3
f 1196/1/3 1183/1/3 1182/1/3
f 1196/3/3 1182/3/3 1195/3/3
f 1197/3/3 1188/3/3 1187/3/3
f 1197/1/3 1183/1/3 1196/1/3
f 1197/3/3 1186/3/3 1185/3/3
f 1197/3/3 1185/3/3 1184/3/3
f 1197/3/3 1184/3/3 1183/3/3
f 1197/3/3 1187/3/3 1186/3/3
f 1198/3/3 1188/3/3 1197/3/3
f 1199/3/3 1188/3/3 1198/3/3
f 1200/1/3 1189/1/3 1188/1/3
f 1200/3/3 1188/3/3 1199/3/3
f 1201/3/3 1190/3/3 1189/3/3
f 1201/1/3 1189/1/3 1200/1/3
f 1202/2/3 1191/2/3 1190/2/3
f 1202/3/3 1190/3/3 1201/3/3
f 1203/2/3 1191/2/3 1202/2/3
f 1204/1/3 1193/1/3 1192/1/3
f 1205/3/3 1194/3/3 1193/3/3
f 1205/1/3 1193/1/3 1204/1/3
f 1206/3/3 1194/3/3 1205/3/3
f 1207/2/3 1196/2/3 1195/2/3
f 1208/3/3 1197/3/3 1196/3/3
f 1208/2/3 1196/2/3 1207/2/3
f 1208/3/3 1198/3/3 1197/3/3
f 1209/3/3 1198/3/3 1208/3/3
f 1210/3/3 1198/3/3 1209/3/3
f 1211/3/3 1198/3/3 1210/3/3
f 1212/2/3 1199/2/3 1198/2/3
f 1212/3/3 1198/3/3 1211/3/3
f 1213/3/3 1201/3/3 1200/3/3
f 1213/2/3 1199/2/3 1212/2/3
f 1213/3/3 1200/3/3 1199/3/3
f 1213/3/3 1202/3/3 1201/3/3
f 1213/3/3 1203/3/3 1202/3/3
f 1214/3/3 1203/3/3 1213/3/3
f 1215/3/3 1203/3/3 1214/3/3
f 1216/3/3 1203/3/3 1215/3/3
f 1217/3/3 1203/3/3 1216/3/3
f 1218/3/3 1177/3/3 1119/3/3
f 1218/3/3 1178/3/3 1177/3/3
f 1219/3/3 1178/3/3 1218/3/3
f 1220/1/3 1206/1/3 1205/1/3
f 1220/3/3 1205/3/3 1204/3/3
f 1221/1/3 1206/1/3 1220/1/3
f 1222/1/3 1209/1/3 1208/1/3
f 1222/3/3 1208/3/3 1207/3/3
f 1223/3/3 1210/3/3 1209/3/3
f 1223/1/3 1209/1/3 1222/1/3
f 1224/3/3 1210/3/3 1223/3/3
f 1225/1/3 1211/1/3 1210/1/3
f 1225/3/3 1210/3/3 1224/3/3
f 1226/3/3 1212/3/3 1211/3/3
f 1226/1/3 1211/1/3 1225/1/3
f 1226/3/3 1213/3/3 1212/3/3
f 1227/1/3 1214/1/3 1213/1/3
f 1227/3/3 1213/3/3 1226/3/3
f 1228/2/3 1215/2/3 1214/2/3
f 1228/1/3 1214/1/3 1227/1/3
f 1229/3/3 1216/3/3 1215/3/3
f 1229/2/3 1215/2/3 1228/2/3
f 1230/2/3 1217/2/3 1216/2/3
f 1230/3/3 1216/3/3 1229/3/3
f 1231/2/3 1217/2/3 1230/2/3
f 1232/2/3 1219/2/3 1218/2/3
f 1232/3/3 1218/3/3 1119/3/3
f 1233/2/3 1219/2/3 1232/2/3
f 1234/3/3 1221/3/3 1220/3/3
f 1234/3/3 1220/3/3 1204/3/3
f 1235/3/3 1221/3/3 1234/3/3
f 1236/3/3 1224/3/3 1223/3/3
f 1236/3/3 1222/3/3 1207/3/3
f 1236/3/3 1223/3/3 1222/3/3
f 1237/3/3 1224/3/3 1236/3/3
f 1238/2/3 1225/2/3 1224/2/3
f 1238/3/3 1224/3/3 1237/3/3
f 1239/3/3 1229/3/3 1228/3/3
f 1239/2/3 1225/2/3 1238/2/3
f 1239/3/3 1228/3/3 1227/3/3
f 1239/3/3 1227/3/3 1226/3/3
f 1239/3/3 1230/3/3 1229/3/3
f 1239/3/3 1226/3/3 1225/3/3
f 1239/3/3 1231/3/3 1230/3/3
f 1240/3/3 1231/3/3 1239/3/3
f 1241/3/3 1231/3/3 1240/3/3
f 1242/3/3 1231/3/3 1241/3/3
f 1243/3/3 1231/3/3 1242/3/3
f 1244/3/3 1231/3/3 1243/3/3
f 1245/1/3 1235/1/3 1234/1/3
f 1246/1/3 1235/1/3 1245/1/3
f 1247/3/3 1236/3/3 1207/3/3
f 1248/1/3 1237/1/3 1236/1/3
f 1248/3/3 1236/3/3 1247/3/3
f 1249/3/3 1238/3/3 1237/3/3
f 1249/1/3 1237/1/3 1248/1/3
f 1249/3/3 1239/3/3 1238/3/3
f 1250/3/3 1239/3/3 1249/3/3
f 1251/1/3 1240/1/3 1239/1/3
f 1251/3/3 1239/3/3 1250/3/3
f 1252/3/3 1241/3/3 1240/3/3
f 1252/1/3 1240/1/3 1251/1/3
f 1253/3/3 1241/3/3 1252/3/3
f 1254/1/3 1242/1/3 1241/1/3
f 1254/3/3 1241/3/3 1253/3/3
f 1255/3/3 1243/3/3 1242/3/3
f 1255/1/3 1242/1/3 1254/1/3
f 1256/3/3 1243/3/3 1255/3/3
f 1257/3/3 1243/3/3 1256/3/3
f 1258/2/3 1244/2/3 1243/2/3
f 1258/3/3 1243/3/3 1257/3/3
f 1259/2/3 1244/2/3 1258/2/3
f 1260/2/3 1248/2/3 1247/2/3
f 1261/1/3 1249/1/3 1248/1/3
f 1261/2/3 1248/2/3 1260/2/3
f 1262/2/3 1250/2/3 1249/2/3
f 1262/1/3 1249/1/3 1261/1/3
f 1263/3/3 1251/3/3 1250/3/3
f 1263/2/3 1250/2/3 1262/2/3
f 1263/3/3 1253/3/3 1252/3/3
f 1263/3/3 1252/3/3 1251/3/3
f 1264/3/3 1253/3/3 1263/3/3
f 1265/3/3 1253/3/3 1264/3/3
f 1266/2/3 1254/2/3 1253/2/3
f 1266/3/3 1253/3/3 1265/3/3
f 1267/3/3 1255/3/3 1254/3/3
f 1267/2/3 1254/2/3 1266/2/3
f 1268/3/3 1255/3/3 1267/3/3
f 1269/1/3 1256/1/3 1255/1/3
f 1269/3/3 1255/3/3 1268/3/3
f 1270/2/3 1257/2/3 1256/2/3
f 1270/1/3 1256/1/3 1269/1/3
f 1271/3/3 1259/3/3 1258/3/3
f 1271/2/3 1257/2/3 1270/2/3
f 1271/3/3 1258/3/3 1257/3/3
f 1272/3/3 1246/3/3 1245/3/3
f 1273/3/3 1246/3/3 1272/3/3
f 1274/3/3 1261/3/3 1260/3/3
f 1274/3/3 1262/3/3 1261/3/3
f 1274/3/3 1263/3/3 1262/3/3
f 1274/3/3 1264/3/3 1263/3/3
f 1275/2/3 1265/2/3 1264/2/3
f 1275/3/3 1264/3/3 1274/3/3
f 1276/3/3 1267/3/3 1266/3/3
f 1276/2/3 1265/2/3 1275/2/3
f 1276/3/3 1266/3/3 1265/3/3
f 1276/3/3 1268/3/3 1267/3/3
f 1277/2/3 1269/2/3 1268/2/3
f 1277/3/3 1268/3/3 1276/3/3
f 1278/3/3 1270/3/3 1269/3/3
f 1278/2/3 1269/2/3 1277/2/3
f 1278/3/3 1271/3/3 1270/3/3
f 1279/3/3 1259/3/3 1271/3/3
f 1279/3/3 1271/3/3 1278/3/3
f 1280/3/3 1232/3/3 1119/3/3
f 1280/3/3 1233/3/3 1232/3/3
f 1281/3/3 1233/3/3 1280/3/3
f 1296/3/3 1283/3/3 1282/3/3
f 1296/1/3 1284/1/3 1283/1/3
f 1297/1/3 1284/1/3 1296/1/3
f 1298/3/3 1286/3/3 1285/3/3
f 1298/1/3 1287/1/3 1286/1/3
f 1299/3/3 1288/3/3 1287/3/3
f 1299/1/3 1287/1/3 1298/1/3
f 1300/3/3 1288/3/3 1299/3/3
f 1301/1/3 1289/1/3 1288/1/3
f 1301/3/3 1288/3/3 1300/3/3
f 1302/3/3 1290/3/3 1289/3/3
f 1302/1/3 1289/1/3 1301/1/3
f 1303/1/3 1291/1/3 1290/1/3
f 1303/3/3 1290/3/3 1302/3/3
f 1304/1/3 1291/1/3 1303/1/3
f 1305/3/3 1292/3/3 1291/3/3
f 1305/1/3 1291/1/3 1304/1/3
f 1306/2/3 1293/2/3 1292/2/3
f 1306/3/3 1292/3/3 1305/3/3
f 1307/2/3 1293/2/3 1306/2/3
f 1308/3/3 1297/3/3 1296/3/3
f 1308/3/3 1296/3/3 1282/3/3
f 1309/3/3 1297/3/3 1308/3/3
f 1310/3/3 1298/3/3 1285/3/3
f 1310/3/3 1299/3/3 1298/3/3
f 1311/2/3 1300/2/3 1299/2/3
f 1311/3/3 1299/3/3 1310/3/3
f 1312/3/3 1301/3/3 1300/3/3
f 1312/2/3 1300/2/3 1311/2/3
f 1312/3/3 1302/3/3 1301/3/3
f 1312/3/3 1304/3/3 1303/3/3
f 1312/3/3 1303/3/3 1302/3/3
f 1313/2/3 1305/2/3 1304/2/3
f 1313/3/3 1304/3/3 1312/3/3
f 1314/3/3 1307/3/3 1306/3/3
f 1314/2/3 1305/2/3 1313/2/3
f 1314/3/3 1306/3/3 1305/3/3
f 1315/3/3 1307/3/3 1314/3/3
f 1316/3/3 1295/3/3 1294/3/3
f 1317/3/3 1295/3/3 1316/3/3
f 1323/5/3 1319/5/3 1318/5/3
f 1324/5/3 1319/5/3 1323/5/3
f 1329/5/3 1321/5/3 1320/5/3
f 1330/5/3 1321/5/3 1329/5/3
f 1332/5/3 1328/5/3 1327/5/3
f 1332/5/3 1331/5/3 1330/5/3
f 1332/5/3 1330/5/3 1329/5/3
f 1332/5/3 1329/5/3 1328/5/3
f 1332/5/3 1323/5/3 1322/5/3
f 1332/5/3 1327/5/3 1326/5/3
f 1332/5/3 1326/5/3 1325/5/3
f 1332/5/3 1325/5/3 1324/5/3
f 1332/5/3 1324/5/3 1323/5/3
f 1333/5/3 1331/5/3 1332/5/3
f 1334/5/3 1331/5/3 1333/5/3
f 1335/5/3 1331/5/3 1334/5/3
f 1336/5/3 1331/5/3 1335/5/3
f 1337/5/3 1331/5/3 1336/5/3
f 1338/5/3 1331/5/3 1337/5/3
f 1339/5/3 1331/5/3 1338/5/3
f 1340/5/3 1331/5/3 1339/5/3
f 1341/5/3 1331/5/3 1340/5/3
f 1342/5/3 1334/5/3 1333/5/3
f 1343/5/3 1340/5/3 1339/5/3
f 1344/5/3 1340/5/3 1343/5/3
f 1345/5/3 1334/5/3 1342/5/3
f 1346/5/3 1344/5/3 1343/5/3
f 1347/5/3 1334/5/3 1345/5/3
f 1348/5/3 1334/5/3 1347/5/3
f 1349/5/3 1334/5/3 1348/5/3
f 1350/5/3 1349/5/3 1348/5/3
f 1351/5/3 1349/5/3 1350/5/3
f 1352/5/3 1344/5/3 1346/5/3
f 1353/5/3 1351/5/3 1350/5/3
f 1354/5/3 1351/5/3 1353/5/3
f 1355/5/3 1344/5/3 1352/5/3
f 1356/5/3 1354/5/3 1353/5/3
f 1357/5/3 1354/5/3 1356/5/3
f 1358/5/3 1344/5/3 1355/5/3
f 1359/5/3 1357/5/3 1356/5/3
f 1360/5/3 1344/5/3 1358/5/3
f 1361/5/3 1357/5/3 1359/5/3
f 1362/5/3 1344/5/3 1360/5/3
f 1363/5/3 1357/5/3 1361/5/3
f 1364/5/3 1357/5/3 1363/5/3
f 1365/5/3 1344/5/3 1362/5/3
f 1366/5/3 1364/5/3 1363/5/3
f 1369/5/3 1366/5/3 1363/5/3
f 1370/5/3 1366/5/3 1369/5/3
f 1375/5/3 1344/5/3 1365/5/3
f 1376/5/3 1344/5/3 1375/5/3
f 1378/1/3 1368/1/3 1367/1/3
f 1379/5/3 1376/5/3 1375/5/3
f 1379/1/3 1368/1/3 1378/1/3
f 1379/5/3 1374/5/3 1373/5/3
f 1379/5/3 1375/5/3 1374/5/3
f 1379/5/3 1377/5/3 1376/5/3
f 1379/5/3 1373/5/3 1372/5/3
f 1379/5/3 1372/5/3 1371/5/3
f 1379/5/3 1371/5/3 1370/5/3
f 1379/5/3 1369/5/3 1368/5/3
f 1379/5/3 1370/5/3 1369/5/3
f 1380/5/3 1377/5/3 1379/5/3
f 1381/5/3 1377/5/3 1380/5/3
f 1382/5/3 1377/5/3 1381/5/3
f 1383/5/3 1377/5/3 1382/5/3
f 1384/5/3 1377/5/3 1383/5/3
f 1385/5/3 1377/5/3 1384/5/3
f 1386/5/3 1377/5/3 1385/5/3
f 1387/5/3 1377/5/3 1386/5/3
f 1388/5/3 1377/5/3 1387/5/3
f 1389/5/3 1377/5/3 1388/5/3
f 1390/5/3 1377/5/3 1389/5/3
f 1391/5/3 1377/5/3 1390/5/3
f 1392/5/3 1381/5/3 1380/5/3
f 1393/5/3 1381/5/3 1392/5/3
f 1394/5/3 1390/5/3 1389/5/3
f 1395/5/3 1390/5/3 1394/5/3
f 1402/3/3 1397/3/3 1396/3/3
f 1403/3/3 1397/3/3 1402/3/3
f 1404/3/3 1399/3/3 1398/3/3
f 1405/3/3 1399/3/3 1404/3/3
f 1406/3/3 1401/3/3 1400/3/3
f 1407/3/3 1401/3/3 1406/3/3
f 1408/5/3 1404/5/3 1403/5/3
f 1409/5/3 1404/5/3 1408/5/3
f 1410/5/3 1406/5/3 1405/5/3
f 1411/5/3 1406/5/3 1410/5/3
f 1412/3/3 1401/3/3 1407/3/3
f 1413/3/3 1401/3/3 1412/3/3
f 1416/3/3 1415/3/3 1414/3/3
f 1417/3/3 1415/3/3 1416/3/3
f 1418/1/3 1417/1/3 1416/1/3
f 1419/1/3 1417/1/3 1418/1/3
f 1420/3/3 1419/3/3 1418/3/3
f 1421/3/3 1419/3/3 1420/3/3
f 1422/2/3 1421/2/3 1420/2/3
f 1423/2/3 1421/2/3 1422/2/3
f 1424/3/3 1423/3/3 1422/3/3
f 1425/3/3 1423/3/3 1424/3/3
f 1436/3/3 1427/3/3 1426/3/3
f 1437/1/3 1429/1/3 1428/1/3
f 1438/3/3 1430/3/3 1429/3/3
f 1438/1/3 1429/1/3 1437/1/3
f 1439/3/3 1430/3/3 1438/3/3
f 1440/3/3 1434/3/3 1433/3/3
f 1440/3/3 1432/3/3 1431/3/3
f 1440/3/3 1433/3/3 1432/3/3
f 1441/3/3 1434/3/3 1440/3/3
f 1442/3/3 1436/3/3 1435/3/3
f 1443/3/3 1427/3/3 1436/3/3
f 1443/3/3 1436/3/3 1442/3/3
f 1455/3/3 1445/3/3 1444/3/3
f 1456/3/3 1445/3/3 1455/3/3
f 1457/3/3 1447/3/3 1446/3/3
f 1458/1/3 1448/1/3 1447/1/3
f 1458/3/3 1447/3/3 1457/3/3
f 1459/3/3 1449/3/3 1448/3/3
f 1459/1/3 1448/1/3 1458/1/3
f 1460/2/3 1450/2/3 1449/2/3
f 1460/3/3 1449/3/3 1459/3/3
f 1461/3/3 1451/3/3 1450/3/3
f 1461/2/3 1450/2/3 1460/2/3
f 1462/3/3 1451/3/3 1461/3/3
f 1463/2/3 1453/2/3 1452/2/3
f 1464/3/3 1454/3/3 1453/3/3
f 1464/2/3 1453/2/3 1463/2/3
f 1465/5/3 1457/5/3 1456/5/3
f 1466/5/3 1457/5/3 1465/5/3
f 1467/5/3 1463/5/3 1462/5/3
f 1468/5/3 1463/5/3 1467/5/3
f 1469/3/3 1454/3/3 1464/3/3
f 1470/3/3 1454/3/3 1469/3/3
f 1473/3/3 1472/3/3 1471/3/3
f 1474/3/3 1472/3/3 1473/3/3
f 1475/1/3 1474/1/3 1473/1/3
f 1476/1/3 1474/1/3 1475/1/3
f 1477/3/3 1476/3/3 1475/3/3
f 1478/3/3 1476/3/3 1477/3/3
f 1479/1/3 1478/1/3 1477/1/3
f 1480/1/3 1478/1/3 1479/1/3
f 1481/3/3 1480/3/3 1479/3/3
f 1482/3/3 1480/3/3 1481/3/3
f 1483/3/3 1480/3/3 1482/3/3
f 1484/5/3 1483/5/3 1482/5/3
f 1485/5/3 1483/5/3 1484/5/3
f 1493/1/3 1485/1/3 1484/1/3
f 1494/1/3 1485/1/3 1493/1/3
f 1495/3/3 1487/3/3 1486/3/3
f 1496/3/3 1487/3/3 1495/3/3
f 1497/3/3 1489/3/3 1488/3/3
f 1498/1/3 1490/1/3 1489/1/3
f 1498/3/3 1489/3/3 1497/3/3
f 1499/3/3 1491/3/3 1490/3/3
f 1499/1/3 1490/1/3 1498/1/3
f 1500/3/3 1491/3/3 1499/3/3
f 1501/3/3 1493/3/3 1492/3/3
f 1501/3/3 1494/3/3 1493/3/3
f 1502/3/3 1494/3/3 1501/3/3
f 1507/6/3 1504/6/3 1503/6/3
f 1508/6/3 1504/6/3 1507/6/3
f 1509/6/3 1506/6/3 1505/6/3
f 1510/6/3 1506/6/3 1509/6/3
f 1515/6/3 1512/6/3 1511/6/3
f 1516/6/3 1512/6/3 1515/6/3
f 1517/6/3 1514/6/3 1513/6/3
f 1518/6/3 1514/6/3 1517/6/3
f 1519/6/4 1520/6/4 1523/6/4
f 1523/6/4 1520/6/4 1524/6/4
f 1521/6/4 1522/6/4 1525/6/4
f 1525/6/4 1522/6/4 1526/6/4
f 1527/6/4 1528/6/4 1531/6/4
f 1531/6/4 1528/6/4 1532/6/4
f 1529/6/4 1530/6/4 1533/6/4
f 1533/6/4 1530/6/4 1534/6/4
f 1535/3/4 1536/3/4 1544/3/4
f 1544/3/4 1536/3/4 1545/3/4
f 1537/3/4 1538/3/4 1546/3/4
f 1538/2/4 1539/2/4 1547/2/4
f 1546/3/4 1538/3/4 1547/3/4
f 1539/3/4 1540/3/4 1548/3/4
f 1547/2/4 1539/2/4 1548/2/4
f 1540/2/4 1541/2/4 1549/2/4
f 1548/3/4 1540/3/4 1549/3/4
f 1549/2/4 1541/2/4 1550/2/4
f 1542/3/4 1543/3/4 1551/3/4
f 1551/3/4 1543/3/4 1552/3/4
f 1545/5/4 1546/5/4 1553/5/4
f 1553/5/4 1546/5/4 1554/5/4
f 1550/5/4 1551/5/4 1555/5/4
f 1555/5/4 1551/5/4 1556/5/4
f 1552/3/4 1543/3/4 1557/3/4
f 1557/3/4 1543/3/4 1558/3/4
f 1559/3/4 1560/3/4 1561/3/4
f 1561/3/4 1560/3/4 1562/3/4
f 1561/2/4 1562/2/4 1563/2/4
f 1563/2/4 1562/2/4 1564/2/4
f 1563/3/4 1564/3/4 1565/3/4
f 1565/3/4 1564/3/4 1566/3/4
f 1565/2/4 1566/2/4 1567/2/4
f 1567/2/4 1566/2/4 1568/2/4
f 1567/3/4 1568/3/4 1569/3/4
f 1569/3/4 1568/3/4 1570/3/4
f 1571/3/4 1572/3/4 1582/3/4
f 1573/3/4 1574/3/4 1583/3/4
f 1574/3/4 1575/3/4 1583/3/4
f 1583/3/4 1575/3/4 1584/3/4
f 1576/3/4 1577/3/4 1585/3/4
f 1577/3/4 1578/3/4 1585/3/4
f 1578/3/4 1579/3/4 1585/3/4
f 1579/5/4 1580/5/4 1586/5/4
f 1585/3/4 1579/3/4 1586/3/4
f 1586/5/4 1580/5/4 1587/5/4
f 1581/3/4 1582/3/4 1588/3/4
f 1582/3/4 1572/3/4 1589/3/4
f 1588/3/4 1582/3/4 1589/3/4
f 1590/3/4 1591/3/4 1596/3/4
f 1596/3/4 1591/3/4 1597/3/4
f 1592/3/4 1593/3/4 1598/3/4
f 1598/3/4 1593/3/4 1599/3/4
f 1594/3/4 1595/3/4 1600/3/4
f 1600/3/4 1595/3/4 1601/3/4
f 1597/5/4 1598/5/4 1602/5/4
f 1602/5/4 1598/5/4 1603/5/4
f 1599/5/4 1600/5/4 1604/5/4
f 1604/5/4 1600/5/4 1605/5/4
f 1601/3/4 1595/3/4 1606/3/4
f 1606/3/4 1595/3/4 1607/3/4
f 1608/3/4 1609/3/4 1610/3/4
f 1610/3/4 1609/3/4 1611/3/4
f 1610/1/4 1611/1/4 1612/1/4
f 1612/1/4 1611/1/4 1613/1/4
f 1612/3/4 1613/3/4 1614/3/4
f 1614/3/4 1613/3/4 1615/3/4
f 1614/1/4 1615/1/4 1616/1/4
f 1616/1/4 1615/1/4 1617/1/4
f 1618/3/4 1619/3/4 1627/3/4
f 1620/3/4 1621/3/4 1628/3/4
f 1621/1/4 1622/1/4 1629/1/4
f 1628/3/4 1621/3/4 1629/3/4
f 1629/1/4 1622/1/4 1630/1/4
f 1623/1/4 1624/1/4 1631/1/4
f 1624/3/4 1625/3/4 1632/3/4
f 1631/1/4 1624/1/4 1632/1/4
f 1632/3/4 1625/3/4 1633/3/4
f 1626/1/4 1627/1/4 1634/1/4
f 1627/3/4 1619/3/4 1635/3/4
f 1634/1/4 1627/1/4 1635/1/4
f 1635/3/4 1619/3/4 1636/3/4
f 1637/5/4 1638/5/4 1642/5/4
f 1642/5/4 1638/5/4 1643/5/4
f 1639/5/4 1640/5/4 1646/5/4
f 1646/5/4 1640/5/4 1647/5/4
f 1641/5/4 1642/5/4 1649/5/4
f 1642/5/4 1643/5/4 1649/5/4
f 1643/5/4 1644/5/4 1649/5/4
f 1649/5/4 1644/5/4 1650/5/4
f 1650/5/4 1644/5/4 1651/5/4
f 1651/5/4 1644/5/4 1652/5/4
f 1652/5/4 1644/5/4 1653/5/4
f 1653/5/4 1644/5/4 1654/5/4
f 1654/5/4 1644/5/4 1655/5/4
f 1644/4/4 1645/4/4 1656/4/4
f 1655/5/4 1644/5/4 1656/5/4
f 1647/5/4 1648/5/4 1657/5/4
f 1656/4/4 1645/4/4 1657/4/4
f 1646/5/4 1647/5/4 1657/5/4
f 1645/5/4 1646/5/4 1657/5/4
f 1657/5/4 1648/5/4 1658/5/4
f 1658/5/4 1648/5/4 1659/5/4
f 1659/5/4 1648/5/4 1660/5/4
f 1660/5/4 1648/5/4 1661/5/4
f 1654/3/4 1655/3/4 1662/3/4
f 1662/3/4 1655/3/4 1663/3/4
f 1658/3/4 1659/3/4 1664/3/4
f 1659/5/4 1660/5/4 1665/5/4
f 1664/3/4 1659/3/4 1665/3/4
f 1666/3/4 1667/3/4 1672/3/4
f 1672/3/4 1667/3/4 1673/3/4
f 1668/3/4 1669/3/4 1674/3/4
f 1674/3/4 1669/3/4 1675/3/4
f 1670/3/4 1671/3/4 1676/3/4
f 1676/3/4 1671/3/4 1677/3/4
f 1665/5/4 1660/5/4 1681/5/4
f 1678/1/4 1679/1/4 1682/1/4
f 1682/1/4 1679/1/4 1683/1/4
f 1680/3/4 1681/3/4 1684/3/4
f 1681/5/4 1660/5/4 1685/5/4
f 1684/3/4 1681/3/4 1685/3/4
f 1686/3/4 1687/3/4 1688/3/4
f 1688/3/4 1687/3/4 1689/3/4
f 1651/5/4 1652/5/4 1690/5/4
f 1685/5/4 1660/5/4 1693/5/4
f 1651/5/4 1690/5/4 1694/5/4
f 1690/1/4 1691/1/4 1694/1/4
f 1694/1/4 1691/1/4 1695/1/4
f 1692/3/4 1693/3/4 1698/3/4
f 1693/5/4 1660/5/4 1699/5/4
f 1698/3/4 1693/3/4 1699/3/4
f 1651/5/4 1694/5/4 1700/5/4
f 1696/3/4 1697/3/4 1701/3/4
f 1701/3/4 1697/3/4 1702/3/4
f 1651/5/4 1700/5/4 1705/5/4
f 1703/3/4 1704/3/4 1708/3/4
f 1708/3/4 1704/3/4 1709/3/4
f 1651/5/4 1705/5/4 1711/5/4
f 1711/5/4 1705/5/4 1712/5/4
f 1706/3/4 1707/3/4 1714/3/4
f 1714/3/4 1707/3/4 1715/3/4
f 1699/5/4 1660/5/4 1719/5/4
f 1719/5/4 1660/5/4 1720/5/4
f 1712/5/4 1713/5/4 1722/5/4
f 1710/5/4 1711/5/4 1722/5/4
f 1711/5/4 1712/5/4 1722/5/4
f 1722/5/4 1713/5/4 1723/5/4
f 1723/5/4 1713/5/4 1724/5/4
f 1713/4/4 1714/4/4 1725/4/4
f 1724/5/4 1713/5/4 1725/5/4
f 1714/4/4 1715/4/4 1725/4/4
f 1715/4/4 1716/4/4 1725/4/4
f 1716/5/4 1717/5/4 1726/5/4
f 1725/4/4 1716/4/4 1726/4/4
f 1717/4/4 1718/4/4 1727/4/4
f 1726/5/4 1717/5/4 1727/5/4
f 1720/5/4 1721/5/4 1728/5/4
f 1727/4/4 1718/4/4 1728/4/4
f 1719/5/4 1720/5/4 1728/5/4
f 1718/5/4 1719/5/4 1728/5/4
f 1728/5/4 1721/5/4 1729/5/4
f 1729/5/4 1721/5/4 1730/5/4
f 1730/5/4 1721/5/4 1731/5/4
f 1731/5/4 1721/5/4 1732/5/4
f 1723/5/4 1724/5/4 1733/5/4
f 1733/5/4 1724/5/4 1734/5/4
f 1729/3/4 1730/3/4 1737/3/4
f 1730/5/4 1731/5/4 1738/5/4
f 1737/3/4 1730/3/4 1738/3/4
f 1738/5/4 1731/5/4 1739/5/4
f 1735/3/4 1736/3/4 1740/3/4
f 1740/3/4 1736/3/4 1741/3/4
f 1742/3/4 1743/3/4 1748/3/4
f 1748/3/4 1743/3/4 1749/3/4
f 1744/3/4 1745/3/4 1750/3/4
f 1750/3/4 1745/3/4 1751/3/4
f 1746/3/4 1747/3/4 1752/3/4
f 1752/3/4 1747/3/4 1753/3/4
f 1754/1/4 1755/1/4 1764/1/4
f 1755/3/4 1756/3/4 1765/3/4
f 1764/1/4 1755/1/4 1765/1/4
f 1757/3/4 1758/3/4 1766/3/4
f 1758/1/4 1759/1/4 1766/1/4
f 1766/1/4 1759/1/4 1767/1/4
f 1760/3/4 1761/3/4 1768/3/4
f 1768/3/4 1761/3/4 1769/3/4
f 1769/3/4 1761/3/4 1770/3/4
f 1770/3/4 1761/3/4 1771/3/4
f 1766/3/4 1767/3/4 1773/3/4
f 1767/3/4 1768/3/4 1773/3/4
f 1768/3/4 1769/3/4 1773/3/4
f 1773/3/4 1769/3/4 1774/3/4
f 1774/3/4 1769/3/4 1775/3/4
f 1775/3/4 1769/3/4 1776/3/4
f 1769/1/4 1770/1/4 1777/1/4
f 1776/3/4 1769/3/4 1777/3/4
f 1771/3/4 1772/3/4 1778/3/4
f 1777/1/4 1770/1/4 1778/1/4
f 1770/3/4 1771/3/4 1778/3/4
f 1778/3/4 1772/3/4 1779/3/4
f 1779/3/4 1772/3/4 1780/3/4
f 1762/3/4 1763/3/4 1781/3/4
f 1781/3/4 1763/3/4 1782/3/4
f 1764/3/4 1765/3/4 1783/3/4
f 1765/3/4 1756/3/4 1784/3/4
f 1783/3/4 1765/3/4 1784/3/4
f 1757/3/4 1766/3/4 1785/3/4
f 1766/3/4 1773/3/4 1785/3/4
f 1785/3/4 1773/3/4 1786/3/4
f 1773/1/4 1774/1/4 1787/1/4
f 1786/3/4 1773/3/4 1787/3/4
f 1774/3/4 1775/3/4 1788/3/4
f 1787/1/4 1774/1/4 1788/1/4
f 1775/1/4 1776/1/4 1789/1/4
f 1788/3/4 1775/3/4 1789/3/4
f 1776/3/4 1777/3/4 1790/3/4
f 1789/1/4 1776/1/4 1790/1/4
f 1777/3/4 1778/3/4 1790/3/4
f 1778/3/4 1779/3/4 1790/3/4
f 1790/3/4 1779/3/4 1791/3/4
f 1780/3/4 1772/3/4 1792/3/4
f 1792/3/4 1772/3/4 1793/3/4
f 1762/3/4 1781/3/4 1794/3/4
f 1783/1/4 1784/1/4 1796/1/4
f 1784/3/4 1756/3/4 1797/3/4
f 1796/1/4 1784/1/4 1797/1/4
f 1757/3/4 1785/3/4 1798/3/4
f 1790/3/4 1791/3/4 1799/3/4
f 1788/3/4 1789/3/4 1799/3/4
f 1786/3/4 1787/3/4 1799/3/4
f 1787/3/4 1788/3/4 1799/3/4
f 1791/3/4 1792/3/4 1799/3/4
f 1789/3/4 1790/3/4 1799/3/4
f 1799/3/4 1792/3/4 1800/3/4
f 1800/3/4 1792/3/4 1801/3/4
f 1801/3/4 1792/3/4 1802/3/4
f 1802/3/4 1792/3/4 1803/3/4
f 1792/1/4 1793/1/4 1804/1/4
f 1803/3/4 1792/3/4 1804/3/4
f 1793/3/4 1772/3/4 1805/3/4
f 1804/1/4 1793/1/4 1805/1/4
f 1798/3/4 1799/3/4 1806/3/4
f 1799/3/4 1800/3/4 1806/3/4
f 1806/3/4 1800/3/4 1807/3/4
f 1800/1/4 1801/1/4 1808/1/4
f 1807/3/4 1800/3/4 1808/3/4
f 1801/3/4 1802/3/4 1809/3/4
f 1808/1/4 1801/1/4 1809/1/4
f 1806/1/4 1807/1/4 1810/1/4
f 1798/3/4 1806/3/4 1810/3/4
f 1807/3/4 1808/3/4 1811/3/4
f 1810/1/4 1807/1/4 1811/1/4
f 1808/3/4 1809/3/4 1811/3/4
f 1811/3/4 1809/3/4 1812/3/4
f 1809/3/4 1802/3/4 1813/3/4
f 1812/3/4 1809/3/4 1813/3/4
f 1802/1/4 1803/1/4 1814/1/4
f 1813/3/4 1802/3/4 1814/3/4
f 1803/3/4 1804/3/4 1815/3/4
f 1814/1/4 1803/1/4 1815/1/4
f 1804/3/4 1805/3/4 1815/3/4
f 1805/3/4 1772/3/4 1816/3/4
f 1815/3/4 1805/3/4 1816/3/4
f 1816/3/4 1772/3/4 1817/3/4
f 1810/3/4 1811/3/4 1818/3/4
f 1811/3/4 1812/3/4 1818/3/4
f 1813/3/4 1814/3/4 1819/3/4
f 1814/3/4 1815/3/4 1819/3/4
f 1815/3/4 1816/3/4 1819/3/4
f 1819/3/4 1816/3/4 1820/3/4
f 1820/3/4 1816/3/4 1821/3/4
f 1821/3/4 1816/3/4 1822/3/4
f 1757/3/4 1798/3/4 1824/3/4
f 1810/3/4 1818/3/4 1824/3/4
f 1798/3/4 1810/3/4 1824/3/4
f 1818/3/4 1819/3/4 1824/3/4
f 1819/3/4 1820/3/4 1824/3/4
f 1824/3/4 1820/3/4 1825/3/4
f 1825/3/4 1820/3/4 1826/3/4
f 1826/3/4 1820/3/4 1827/3/4
f 1827/3/4 1820/3/4 1828/3/4
f 1820/1/4 1821/1/4 1829/1/4
f 1828/3/4 1820/3/4 1829/3/4
f 1822/3/4 1823/3/4 1830/3/4
f 1829/1/4 1821/1/4 1830/1/4
f 1821/3/4 1822/3/4 1830/3/4
f 1757/3/4 1824/3/4 1831/3/4
f 1824/1/4 1825/1/4 1831/1/4
f 1825/3/4 1826/3/4 1832/3/4
f 1831/1/4 1825/1/4 1832/1/4
f 1832/3/4 1826/3/4 1833/3/4
f 1833/3/4 1826/3/4 1834/3/4
f 1827/3/4 1828/3/4 1835/3/4
f 1835/3/4 1828/3/4 1836/3/4
f 1836/3/4 1828/3/4 1837/3/4
f 1837/3/4 1828/3/4 1838/3/4
f 1757/3/4 1831/3/4 1839/3/4
f 1831/3/4 1832/3/4 1839/3/4
f 1839/3/4 1832/3/4 1840/3/4
f 1833/3/4 1834/3/4 1841/3/4
f 1834/3/4 1835/3/4 1841/3/4
f 1835/1/4 1836/1/4 1841/1/4
f 1836/3/4 1837/3/4 1842/3/4
f 1841/1/4 1836/1/4 1842/1/4
f 1837/1/4 1838/1/4 1843/1/4
f 1842/3/4 1837/3/4 1843/3/4
f 1838/3/4 1828/3/4 1844/3/4
f 1843/1/4 1838/1/4 1844/1/4
f 1828/1/4 1829/1/4 1845/1/4
f 1844/3/4 1828/3/4 1845/3/4
f 1829/3/4 1830/3/4 1846/3/4
f 1845/1/4 1829/1/4 1846/1/4
f 1830/3/4 1823/3/4 1847/3/4
f 1846/3/4 1830/3/4 1847/3/4
f 1847/3/4 1823/3/4 1848/3/4
f 1794/3/4 1795/3/4 1849/3/4
f 1762/3/4 1794/3/4 1849/3/4
f 1849/3/4 1795/3/4 1850/3/4
f 1840/3/4 1832/3/4 1852/3/4
f 1832/1/4 1833/1/4 1853/1/4
f 1852/3/4 1832/3/4 1853/3/4
f 1843/3/4 1844/3/4 1854/3/4
f 1853/1/4 1833/1/4 1854/1/4
f 1846/3/4 1847/3/4 1854/3/4
f 1833/3/4 1841/3/4 1854/3/4
f 1845/3/4 1846/3/4 1854/3/4
f 1844/3/4 1845/3/4 1854/3/4
f 1842/3/4 1843/3/4 1854/3/4
f 1841/3/4 1842/3/4 1854/3/4
f 1854/3/4 1847/3/4 1855/3/4
f 1855/3/4 1847/3/4 1856/3/4
f 1856/3/4 1847/3/4 1857/3/4
f 1849/1/4 1850/1/4 1859/1/4
f 1762/3/4 1849/3/4 1859/3/4
f 1859/1/4 1850/1/4 1860/1/4
f 1852/3/4 1853/3/4 1861/3/4
f 1851/3/4 1852/3/4 1861/3/4
f 1853/3/4 1854/3/4 1861/3/4
f 1861/3/4 1854/3/4 1862/3/4
f 1862/3/4 1854/3/4 1863/3/4
f 1855/3/4 1856/3/4 1864/3/4
f 1864/3/4 1856/3/4 1865/3/4
f 1865/3/4 1856/3/4 1866/3/4
f 1856/1/4 1857/1/4 1867/1/4
f 1866/3/4 1856/3/4 1867/3/4
f 1857/3/4 1858/3/4 1868/3/4
f 1867/1/4 1857/1/4 1868/1/4
f 1861/1/4 1862/1/4 1869/1/4
f 1862/3/4 1863/3/4 1870/3/4
f 1869/1/4 1862/1/4 1870/1/4
f 1863/3/4 1864/3/4 1870/3/4
f 1864/3/4 1865/3/4 1870/3/4
f 1870/3/4 1865/3/4 1871/3/4
f 1871/3/4 1865/3/4 1872/3/4
f 1872/3/4 1865/3/4 1873/3/4
f 1866/3/4 1867/3/4 1874/3/4
f 1867/3/4 1868/3/4 1874/3/4
f 1796/3/4 1797/3/4 1875/3/4
f 1797/3/4 1756/3/4 1876/3/4
f 1875/3/4 1797/3/4 1876/3/4
f 1869/3/4 1870/3/4 1877/3/4
f 1870/3/4 1871/3/4 1877/3/4
f 1877/3/4 1871/3/4 1878/3/4
f 1873/3/4 1874/3/4 1879/3/4
f 1872/3/4 1873/3/4 1879/3/4
f 1868/3/4 1858/3/4 1880/3/4
f 1879/3/4 1874/3/4 1880/3/4
f 1874/3/4 1868/3/4 1880/3/4
f 1859/3/4 1860/3/4 1881/3/4
f 1762/3/4 1859/3/4 1881/3/4
f 1881/3/4 1860/3/4 1882/3/4
f 1885/3/4 1886/3/4 1889/3/4
f 1889/3/4 1886/3/4 1890/3/4
f 1890/3/4 1886/3/4 1891/3/4
f 1883/3/4 1884/3/4 1893/3/4
f 1893/3/4 1884/3/4 1894/3/4
f 1885/3/4 1889/3/4 1895/3/4
f 1895/3/4 1889/3/4 1896/3/4
f 1891/3/4 1892/3/4 1897/3/4
f 1890/3/4 1891/3/4 1897/3/4
f 1897/3/4 1892/3/4 1898/3/4
f 1887/3/4 1888/3/4 1899/3/4
f 1899/3/4 1888/3/4 1900/3/4
f 1901/6/4 1902/6/4 1905/6/4
f 1905/6/4 1902/6/4 1906/6/4
f 1903/6/4 1904/6/4 1907/6/4
f 1907/6/4 1904/6/4 1908/6/4
f 1911/6/4 1912/6/4 1913/6/4
f 1913/6/4 1912/6/4 1914/6/4
f 1909/6/4 1910/6/4 1915/6/4
f 1915/6/4 1910/6/4 1916/6/4
f 1917/6/4 1918/6/4 1921/6/4
f 1919/6/4 1920/6/4 1921/6/4
f 1918/6/4 1919/6/4 1921/6/4
f 1921/6/4 1920/6/4 1922/6/4
f 1922/6/4 1920/6/4 1923/6/4
f 1923/6/4 1920/6/4 1924/6/4
f 1922/6/4 1923/6/4 1926/6/4
f 1926/6/4 1923/6/4 1927/6/4
f 1925/6/4 1926/6/4 1929/6/4
f 1927/6/4 1928/6/4 1929/6/4
f 1926/6/4 1927/6/4 1929/6/4
f 1929/6/4 1928/6/4 1930/6/4
f 1930/6/4 1928/6/4 1931/6/4
f 1931/6/4 1928/6/4 1932/6/4
f 1933/6/4 1934/6/4 1937/6/4
f 1937/6/4 1934/6/4 1938/6/4
f 1935/6/4 1936/6/4 1939/6/4
f 1939/6/4 1936/6/4 1940/6/4
f 1941/6/4 1942/6/4 1943/6/4
f 1943/6/4 1942/6/4 1944/6/4
f 1945/6/4 1946/6/4 1949/6/4
f 1949/6/4 1946/6/4 1950/6/4
f 1947/6/4 1948/6/4 1951/6/4
f 1951/6/4 1948/6/4 1952/6/4
f 1953/6/4 1954/6/4 1955/6/4
f 1955/6/4 1954/6/4 1956/6/4
f 1963/6/5 1958/6/5 1957/6/5
f 1964/6/5 1958/6/5 1963/6/5
f 1965/6/5 1960/6/5 1959/6/5
f 1966/6/5 1960/6/5 1965/6/5
f 1967/6/5 1962/6/5 1961/6/5
f 1968/6/5 1962/6/5 1967/6/5
f 1970/6/5 1966/6/5 1965/6/5
f 1970/6/5 1967/6/5 1966/6/5
f 1970/6/5 1965/6/5 1964/6/5
f 1971/6/5 1967/6/5 1970/6/5
f 1973/6/5 1971/6/5 1970/6/5
f 1973/6/5 1972/6/5 1971/6/5
f 1973/6/5 1970/6/5 1969/6/5
f 1974/6/5 1972/6/5 1973/6/5
f 1975/6/5 1972/6/5 1974/6/5
f 1976/6/5 1972/6/5 1975/6/5
f 1978/6/5 1975/6/5 1974/6/5
f 1979/6/5 1975/6/5 1978/6/5
f 1980/6/5 1975/6/5 1979/6/5
f 1981/6/5 1975/6/5 1980/6/5
f 1983/6/5 1978/6/5 1977/6/5
f 1984/6/5 1978/6/5 1983/6/5
f 1985/6/5 1982/6/5 1981/6/5
f 1986/6/5 1982/6/5 1985/6/5
f 1987/6/5 1980/6/5 1979/6/5
f 1988/6/5 1980/6/5 1987/6/5
f 1993/6/5 1990/6/5 1989/6/5
f 1994/6/5 1990/6/5 1993/6/5
f 1995/6/5 1992/6/5 1991/6/5
f 1996/6/5 1992/6/5 1995/6/5
f 2001/6/5 1998/6/5 1997/6/5
f 2002/6/5 1998/6/5 2001/6/5
f 2003/6/5 2000/6/5 1999/6/5
f 2004/6/5 2000/6/5 2003/6/5
f 2011/6/5 2006/6/5 2005/6/5
f 2012/6/5 2006/6/5 2011/6/5
f 2013/6/5 2008/6/5 2007/6/5
f 2014/6/5 2008/6/5 2013/6/5
f 2015/6/5 2010/6/5 2009/6/5
f 2016/6/5 2010/6/5 2015/6/5
f 2021/6/5 2018/6/5 2017/6/5
f 2022/6/5 2018/6/5 2021/6/5
f 2023/6/5 2020/6/5 2019/6/5
f 2024/6/5 2020/6/5 2023/6/5
f 2029/6/5 2026/6/5 2025/6/5
f 2030/6/5 2026/6/5 2029/6/5
f 2031/6/5 2028/6/5 2027/6/5
f 2032/6/5 2028/6/5 2031/6/5
f 2045/3/5 2034/3/5 2033/3/5
f 2046/3/5 2034/3/5 2045/3/5
f 2047/3/5 2036/3/5 2035/3/5
f 2048/2/5 2037/2/5 2036/2/5
f 2048/3/5 2036/3/5 2047/3/5
f 2049/3/5 2038/3/5 2037/3/5
f 2049/2/5 2037/2/5 2048/2/5
f 2050/2/5 2039/2/5 2038/2/5
f 2050/3/5 2038/3/5 2049/3/5
f 2051/3/5 2040/3/5 2039/3/5
f 2051/2/5 2039/2/5 2050/2/5
f 2052/2/5 2041/2/5 2040/2/5
f 2052/3/5 2040/3/5 2051/3/5
f 2053/3/5 2042/3/5 2041/3/5
f 2053/2/5 2041/2/5 2052/2/5
f 2054/3/5 2042/3/5 2053/3/5
f 2055/3/5 2044/3/5 2043/3/5
f 2056/3/5 2044/3/5 2055/3/5
f 2057/3/5 2045/3/5 2033/3/5
f 2058/3/5 2045/3/5 2057/3/5
f 2060/3/5 2044/3/5 2056/3/5
f 2061/3/5 2044/3/5 2060/3/5
f 2063/5/5 2059/5/5 2058/5/5
f 2064/5/5 2059/5/5 2063/5/5
f 2067/3/5 2066/3/5 2065/3/5
f 2068/3/5 2066/3/5 2067/3/5
f 2069/1/5 2068/1/5 2067/1/5
f 2070/1/5 2068/1/5 2069/1/5
f 2071/3/5 2063/3/5 2062/3/5
f 2072/3/5 2063/3/5 2071/3/5
f 2073/3/5 2070/3/5 2069/3/5
f 2074/3/5 2070/3/5 2073/3/5
f 2075/1/5 2074/1/5 2073/1/5
f 2076/1/5 2074/1/5 2075/1/5
f 2077/2/5 2072/2/5 2071/2/5
f 2078/2/5 2072/2/5 2077/2/5
f 2079/3/5 2076/3/5 2075/3/5
f 2080/3/5 2076/3/5 2079/3/5
f 2081/1/5 2080/1/5 2079/1/5
f 2082/1/5 2080/1/5 2081/1/5
f 2083/3/5 2078/3/5 2077/3/5
f 2084/3/5 2078/3/5 2083/3/5
f 2085/2/5 2084/2/5 2083/2/5
f 2086/2/5 2084/2/5 2085/2/5
f 2087/3/5 2082/3/5 2081/3/5
f 2088/3/5 2082/3/5 2087/3/5
f 2089/3/5 2086/3/5 2085/3/5
f 2090/3/5 2086/3/5 2089/3/5
f 2092/1/5 2088/1/5 2087/1/5
f 2093/1/5 2088/1/5 2092/1/5
f 2095/5/5 2091/5/5 2090/5/5
f 2096/5/5 2091/5/5 2095/5/5
f 2099/3/5 2095/3/5 2094/3/5
f 2108/3/5 2098/3/5 2097/3/5
f 2109/3/5 2099/3/5 2094/3/5
f 2109/3/5 2100/3/5 2099/3/5
f 2110/3/5 2100/3/5 2109/3/5
f 2111/3/5 2102/3/5 2101/3/5
f 2112/3/5 2102/3/5 2111/3/5
f 2113/3/5 2104/3/5 2103/3/5
f 2114/1/5 2105/1/5 2104/1/5
f 2114/3/5 2104/3/5 2113/3/5
f 2115/3/5 2106/3/5 2105/3/5
f 2115/1/5 2105/1/5 2114/1/5
f 2116/3/5 2106/3/5 2115/3/5
f 2117/3/5 2108/3/5 2107/3/5
f 2118/3/5 2098/3/5 2108/3/5
f 2118/3/5 2108/3/5 2117/3/5
f 2121/3/5 2120/3/5 2119/3/5
f 2122/3/5 2120/3/5 2121/3/5
f 2125/3/5 2124/3/5 2123/3/5
f 2126/3/5 2124/3/5 2125/3/5
f 2129/3/5 2128/3/5 2127/3/5
f 2130/3/5 2128/3/5 2129/3/5
f 2133/3/5 2132/3/5 2131/3/5
f 2134/3/5 2132/3/5 2133/3/5
f 2137/3/5 2136/3/5 2135/3/5
f 2138/3/5 2136/3/5 2137/3/5
f 2141/3/5 2140/3/5 2139/3/5
f 2142/3/5 2140/3/5 2141/3/5
f 2145/3/5 2144/3/5 2143/3/5
f 2146/3/5 2144/3/5 2145/3/5
f 2149/3/5 2148/3/5 2147/3/5
f 2150/3/5 2148/3/5 2149/3/5
f 2153/3/5 2152/3/5 2151/3/5
f 2154/3/5 2152/3/5 2153/3/5
f 2157/3/5 2156/3/5 2155/3/5
f 2158/3/5 2156/3/5 2157/3/5
f 2167/3/5 2160/3/5 2159/3/5
f 2167/5/5 2161/5/5 2160/5/5
f 2168/5/5 2161/5/5 2167/5/5
f 2169/2/5 2163/2/5 2162/2/5
f 2170/3/5 2164/3/5 2163/3/5
f 2170/2/5 2163/2/5 2169/2/5
f 2171/3/5 2164/3/5 2170/3/5
f 2172/3/5 2166/3/5 2165/3/5
f 2173/3/5 2166/3/5 2172/3/5
f 2174/3/5 2167/3/5 2159/3/5
f 2175/3/5 2167/3/5 2174/3/5
f 2177/3/5 2166/3/5 2173/3/5
f 2178/3/5 2166/3/5 2177/3/5
f 2180/5/5 2176/5/5 2175/5/5
f 2181/5/5 2176/5/5 2180/5/5
f 2184/3/5 2180/3/5 2179/3/5
f 2185/3/5 2180/3/5 2184/3/5
f 2186/2/5 2185/2/5 2184/2/5
f 2187/2/5 2185/2/5 2186/2/5
f 2188/3/5 2187/3/5 2186/3/5
f 2189/3/5 2187/3/5 2188/3/5
f 2190/2/5 2189/2/5 2188/2/5
f 2191/2/5 2189/2/5 2190/2/5
f 2192/3/5 2191/3/5 2190/3/5
f 2193/3/5 2191/3/5 2192/3/5
f 2194/3/5 2183/3/5 2182/3/5
f 2195/3/5 2183/3/5 2194/3/5
f 2196/2/5 2193/2/5 2192/2/5
f 2197/2/5 2193/2/5 2196/2/5
f 2198/1/5 2195/1/5 2194/1/5
f 2199/1/5 2195/1/5 2198/1/5
f 2200/3/5 2199/3/5 2198/3/5
f 2201/3/5 2199/3/5 2200/3/5
f 2202/3/5 2197/3/5 2196/3/5
f 2203/3/5 2197/3/5 2202/3/5
f 2205/1/5 2201/1/5 2200/1/5
f 2206/1/5 2201/1/5 2205/1/5
f 2208/5/5 2204/5/5 2203/5/5
f 2209/5/5 2204/5/5 2208/5/5
f 2212/2/5 2208/2/5 2207/2/5
f 2213/2/5 2208/2/5 2212/2/5
f 2218/3/5 2211/3/5 2210/3/5
f 2219/3/5 2213/3/5 2212/3/5
f 2219/3/5 2214/3/5 2213/3/5
f 2220/3/5 2214/3/5 2219/3/5
f 2221/3/5 2216/3/5 2215/3/5
f 2222/3/5 2216/3/5 2221/3/5
f 2223/3/5 2218/3/5 2217/3/5
f 2224/3/5 2211/3/5 2218/3/5
f 2224/3/5 2218/3/5 2223/3/5
f 2227/6/6 2228/6/6 2231/6/6
f 2231/6/6 2228/6/6 2232/6/6
f 2232/6/6 2228/6/6 2233/6/6
f 2233/6/6 2228/6/6 2234/6/6
f 2225/6/6 2226/6/6 2235/6/6
f 2235/6/6 2226/6/6 2236/6/6
f 2232/6/6 2233/6/6 2237/6/6
f 2237/6/6 2233/6/6 2238/6/6
f 2229/6/6 2230/6/6 2239/6/6
f 2239/6/6 2230/6/6 2240/6/6
f 2241/6/6 2242/6/6 2245/6/6
f 2245/6/6 2242/6/6 2246/6/6
f 2243/6/6 2244/6/6 2247/6/6
f 2247/6/6 2244/6/6 2248/6/6
f 2249/6/6 2250/6/6 2255/6/6
f 2255/6/6 2250/6/6 2256/6/6
f 2253/6/6 2254/6/6 2257/6/6
f 2257/6/6 2254/6/6 2258/6/6
f 2251/6/6 2252/6/6 2259/6/6
f 2259/6/6 2252/6/6 2260/6/6
f 2261/6/6 2262/6/6 2265/6/6
f 2265/6/6 2262/6/6 2266/6/6
f 2263/6/6 2264/6/6 2267/6/6
f 2267/6/6 2264/6/6 2268/6/6
f 2266/6/6 2262/6/6 2269/6/6
f 2269/6/6 2262/6/6 2270/6/6
f 2263/6/6 2267/6/6 2271/6/6
f 2271/6/6 2267/6/6 2272/6/6
f 2273/6/6 2274/6/6 2277/6/6
f 2277/6/6 2274/6/6 2278/6/6
f 2275/6/6 2276/6/6 2279/6/6
f 2279/6/6 2276/6/6 2280/6/6
f 2281/6/6 2282/6/6 2289/6/6
f 2289/6/6 2282/6/6 2290/6/6
f 2283/6/6 2284/6/6 2291/6/6
f 2291/6/6 2284/6/6 2292/6/6
f 2285/6/6 2286/6/6 2293/6/6
f 2293/6/6 2286/6/6 2294/6/6
f 2287/6/6 2288/6/6 2295/6/6
f 2295/6/6 2288/6/6 2296/6/6
f 2293/6/6 2294/6/6 2298/6/6
f 2294/6/6 2295/6/6 2298/6/6
f 2291/6/6 2292/6/6 2298/6/6
f 2292/6/6 2293/6/6 2298/6/6
f 2290/6/6 2291/6/6 2298/6/6
f 2298/6/6 2295/6/6 2299/6/6
f 2297/6/6 2298/6/6 2301/6/6
f 2299/6/6 2300/6/6 2301/6/6
f 2298/6/6 2299/6/6 2301/6/6
f 2301/6/6 2300/6/6 2302/6/6
f 2302/6/6 2300/6/6 2303/6/6
f 2303/6/6 2300/6/6 2304/6/6
f 2304/6/6 2300/6/6 2305/6/6
f 2305/6/6 2300/6/6 2306/6/6
f 2306/6/6 2300/6/6 2307/6/6
f 2307/6/6 2300/6/6 2308/6/6
f 2308/6/6 2300/6/6 2309/6/6
f 2309/6/6 2300/6/6 2310/6/6
f 2310/6/6 2300/6/6 2311/6/6
f 2311/6/6 2300/6/6 2312/6/6
f 2312/6/6 2300/6/6 2313/6/6
f 2302/6/6 2303/6/6 2314/6/6
f 2314/6/6 2303/6/6 2315/6/6
f 2311/6/6 2312/6/6 2316/6/6
f 2316/6/6 2312/6/6 2317/6/6
f 2297/6/6 2301/6/6 2318/6/6
f 2313/6/6 2300/6/6 2321/6/6
f 2318/6/6 2319/6/6 2322/6/6
f 2297/6/6 2318/6/6 2322/6/6
f 2322/6/6 2319/6/6 2323/6/6
f 2320/6/6 2321/6/6 2324/6/6
f 2321/6/6 2300/6/6 2325/6/6
f 2324/6/6 2321/6/6 2325/6/6
f 2325/6/6 2300/6/6 2326/6/6
f 2297/6/6 2322/6/6 2327/6/6
f 2297/6/6 2327/6/6 2328/6/6
f 2297/6/6 2328/6/6 2329/6/6
f 2297/6/6 2329/6/6 2330/6/6
f 2326/6/6 2300/6/6 2331/6/6
f 2331/6/6 2300/6/6 2332/6/6
f 2297/6/6 2330/6/6 2333/6/6
f 2297/6/6 2333/6/6 2334/6/6
f 2297/6/6 2334/6/6 2335/6/6
f 2332/6/6 2300/6/6 2338/6/6
f 2335/6/6 2336/6/6 2339/6/6
f 2297/6/6 2335/6/6 2339/6/6
f 2339/6/6 2336/6/6 2340/6/6
f 2337/6/6 2338/6/6 2341/6/6
f 2338/6/6 2300/6/6 2342/6/6
f 2341/6/6 2338/6/6 2342/6/6
f 2297/6/6 2339/6/6 2347/6/6
f 2343/6/6 2344/6/6 2348/6/6
f 2348/6/6 2344/6/6 2349/6/6
f 2345/6/6 2346/6/6 2353/6/6
f 2353/6/6 2346/6/6 2354/6/6
f 2342/6/6 2300/6/6 2355/6/6
f 2353/6/6 2354/6/6 2356/6/6
f 2354/6/6 2355/6/6 2356/6/6
f 2351/6/6 2352/6/6 2356/6/6
f 2297/6/6 2347/6/6 2356/6/6
f 2352/6/6 2353/6/6 2356/6/6
f 2347/6/6 2348/6/6 2356/6/6
f 2350/6/6 2351/6/6 2356/6/6
f 2349/6/6 2350/6/6 2356/6/6
f 2348/6/6 2349/6/6 2356/6/6
f 2356/6/6 2355/6/6 2357/6/6
f 2355/6/6 2300/6/6 2358/6/6
f 2357/6/6 2355/6/6 2358/6/6
f 2358/6/6 2300/6/6 2359/6/6
f 2357/6/6 2358/6/6 2361/6/6
f 2361/6/6 2358/6/6 2362/6/6
f 2362/6/6 2358/6/6 2363/6/6
f 2363/6/6 2358/6/6 2364/6/6
f 2360/6/6 2361/6/6 2366/6/6
f 2366/6/6 2361/6/6 2367/6/6
f 2362/6/6 2363/6/6 2368/6/6
f 2368/6/6 2363/6/6 2369/6/6
f 2364/6/6 2365/6/6 2370/6/6
f 2370/6/6 2365/6/6 2371/6/6
f 2372/3/6 2373/3/6 2389/3/6
f 2389/3/6 2373/3/6 2390/3/6
f 2374/3/6 2375/3/6 2391/3/6
f 2375/2/6 2376/2/6 2392/2/6
f 2391/3/6 2375/3/6 2392/3/6
f 2376/3/6 2377/3/6 2393/3/6
f 2392/2/6 2376/2/6 2393/2/6
f 2377/2/6 2378/2/6 2394/2/6
f 2393/3/6 2377/3/6 2394/3/6
f 2378/3/6 2379/3/6 2395/3/6
f 2394/2/6 2378/2/6 2395/2/6
f 2379/2/6 2380/2/6 2396/2/6
f 2395/3/6 2379/3/6 2396/3/6
f 2380/3/6 2381/3/6 2397/3/6
f 2396/2/6 2380/2/6 2397/2/6
f 2381/1/6 2382/1/6 2398/1/6
f 2397/3/6 2381/3/6 2398/3/6
f 2382/3/6 2383/3/6 2399/3/6
f 2398/1/6 2382/1/6 2399/1/6
f 2383/1/6 2384/1/6 2400/1/6
f 2399/3/6 2383/3/6 2400/3/6
f 2384/3/6 2385/3/6 2401/3/6
f 2400/1/6 2384/1/6 2401/1/6
f 2401/3/6 2385/3/6 2402/3/6
f 2386/1/6 2387/1/6 2403/1/6
f 2387/3/6 2388/3/6 2404/3/6
f 2403/1/6 2387/1/6 2404/1/6
f 2372/3/6 2389/3/6 2405/3/6
f 2405/3/6 2389/3/6 2406/3/6
f 2404/3/6 2388/3/6 2408/3/6
f 2408/3/6 2388/3/6 2409/3/6
f 2406/5/6 2407/5/6 2411/5/6
f 2411/5/6 2407/5/6 2412/5/6
f 2410/3/6 2411/3/6 2415/3/6
f 2415/3/6 2411/3/6 2416/3/6
f 2413/3/6 2414/3/6 2417/3/6
f 2417/3/6 2414/3/6 2418/3/6
f 2417/1/6 2418/1/6 2419/1/6
f 2419/1/6 2418/1/6 2420/1/6
f 2415/2/6 2416/2/6 2421/2/6
f 2421/2/6 2416/2/6 2422/2/6
f 2419/3/6 2420/3/6 2423/3/6
f 2423/3/6 2420/3/6 2424/3/6
f 2423/1/6 2424/1/6 2425/1/6
f 2425/1/6 2424/1/6 2426/1/6
f 2421/3/6 2422/3/6 2427/3/6
f 2427/3/6 2422/3/6 2428/3/6
f 2427/2/6 2428/2/6 2429/2/6
f 2429/2/6 2428/2/6 2430/2/6
f 2425/3/6 2426/3/6 2431/3/6
f 2431/3/6 2426/3/6 2432/3/6
f 2429/3/6 2430/3/6 2433/3/6
f 2433/3/6 2430/3/6 2434/3/6
f 2431/1/6 2432/1/6 2436/1/6
f 2436/1/6 2432/1/6 2437/1/6
f 2434/5/6 2435/5/6 2439/5/6
f 2439/5/6 2435/5/6 2440/5/6
f 2438/3/6 2439/3/6 2443/3/6
f 2441/3/6 2442/3/6 2448/3/6
f 2438/3/6 2443/3/6 2449/3/6
f 2443/3/6 2444/3/6 2449/3/6
f 2449/3/6 2444/3/6 2450/3/6
f 2445/3/6 2446/3/6 2451/3/6
f 2451/3/6 2446/3/6 2452/3/6
f 2447/3/6 2448/3/6 2453/3/6
f 2448/3/6 2442/3/6 2454/3/6
f 2453/3/6 2448/3/6 2454/3/6
f 2455/3/6 2456/3/6 2457/3/6
f 2457/3/6 2456/3/6 2458/3/6
f 2459/1/6 2460/1/6 2461/1/6
f 2461/1/6 2460/1/6 2462/1/6
f 2463/3/6 2464/3/6 2465/3/6
f 2465/3/6 2464/3/6 2466/3/6
f 2467/3/6 2468/3/6 2469/3/6
f 2469/3/6 2468/3/6 2470/3/6
f 2471/3/6 2472/3/6 2473/3/6
f 2473/3/6 2472/3/6 2474/3/6
f 2475/3/6 2476/3/6 2477/3/6
f 2477/3/6 2476/3/6 2478/3/6
f 2479/3/6 2480/3/6 2481/3/6
f 2481/3/6 2480/3/6 2482/3/6
f 2483/3/6 2484/3/6 2485/3/6
f 2485/3/6 2484/3/6 2486/3/6
f 2487/3/6 2488/3/6 2489/3/6
f 2489/3/6 2488/3/6 2490/3/6
f 2491/3/6 2492/3/6 2499/3/6
f 2499/3/6 2492/3/6 2500/3/6
f 2493/3/6 2494/3/6 2501/3/6
f 2501/3/6 2494/3/6 2502/3/6
f 2495/3/6 2496/3/6 2503/3/6
f 2503/3/6 2496/3/6 2504/3/6
f 2497/3/6 2498/3/6 2505/3/6
f 2505/3/6 2498/3/6 2506/3/6
f 2507/3/6 2508/3/6 2522/3/6
f 2522/3/6 2508/3/6 2523/3/6
f 2523/3/6 2508/3/6 2524/3/6
f 2509/3/6 2510/3/6 2525/3/6
f 2510/2/6 2511/2/6 2526/2/6
f 2525/3/6 2510/3/6 2526/3/6
f 2511/3/6 2512/3/6 2527/3/6
f 2526/2/6 2511/2/6 2527/2/6
f 2512/2/6 2513/2/6 2528/2/6
f 2527/3/6 2512/3/6 2528/3/6
f 2513/3/6 2514/3/6 2529/3/6
f 2528/2/6 2513/2/6 2529/2/6
f 2514/2/6 2515/2/6 2530/2/6
f 2529/3/6 2514/3/6 2530/3/6
f 2515/3/6 2516/3/6 2531/3/6
f 2530/2/6 2515/2/6 2531/2/6
f 2516/2/6 2517/2/6 2532/2/6
f 2531/3/6 2516/3/6 2532/3/6
f 2517/3/6 2518/3/6 2533/3/6
f 2532/2/6 2517/2/6 2533/2/6
f 2533/3/6 2518/3/6 2534/3/6
f 2519/2/6 2520/2/6 2535/2/6
f 2520/3/6 2521/3/6 2536/3/6
f 2535/2/6 2520/2/6 2536/2/6
f 2536/3/6 2521/3/6 2537/3/6
f 2522/2/6 2523/2/6 2538/2/6
f 2538/2/6 2523/2/6 2539/2/6
f 2536/5/6 2537/5/6 2541/5/6
f 2541/5/6 2537/5/6 2542/5/6
f 2539/5/6 2540/5/6 2544/5/6
f 2544/5/6 2540/5/6 2545/5/6
f 2543/3/6 2544/3/6 2548/3/6
f 2548/3/6 2544/3/6 2549/3/6
f 2548/2/6 2549/2/6 2550/2/6
f 2550/2/6 2549/2/6 2551/2/6
f 2546/3/6 2547/3/6 2552/3/6
f 2552/3/6 2547/3/6 2553/3/6
f 2552/2/6 2553/2/6 2554/2/6
f 2554/2/6 2553/2/6 2555/2/6
f 2550/3/6 2551/3/6 2556/3/6
f 2556/3/6 2551/3/6 2557/3/6
f 2554/3/6 2555/3/6 2559/3/6
f 2559/3/6 2555/3/6 2560/3/6
f 2557/5/6 2558/5/6 2562/5/6
f 2562/5/6 2558/5/6 2563/5/6
f 2561/3/6 2562/3/6 2566/3/6
f 2564/3/6 2565/3/6 2574/3/6
f 2561/3/6 2566/3/6 2575/3/6
f 2566/3/6 2567/3/6 2575/3/6
f 2575/3/6 2567/3/6 2576/3/6
f 2568/3/6 2569/3/6 2577/3/6
f 2577/3/6 2569/3/6 2578/3/6
f 2570/3/6 2571/3/6 2579/3/6
f 2579/3/6 2571/3/6 2580/3/6
f 2572/3/6 2573/3/6 2581/3/6
f 2581/3/6 2573/3/6 2582/3/6
f 2574/3/6 2565/3/6 2583/3/6
f 2583/3/6 2565/3/6 2584/3/6
f 2585/5/6 2586/5/6 2590/5/6
f 2590/5/6 2586/5/6 2591/5/6
f 2587/5/6 2588/5/6 2596/5/6
f 2596/5/6 2588/5/6 2597/5/6
f 2594/5/6 2595/5/6 2599/5/6
f 2597/5/6 2598/5/6 2599/5/6
f 2596/5/6 2597/5/6 2599/5/6
f 2595/5/6 2596/5/6 2599/5/6
f 2589/5/6 2590/5/6 2599/5/6
f 2593/5/6 2594/5/6 2599/5/6
f 2592/5/6 2593/5/6 2599/5/6
f 2591/5/6 2592/5/6 2599/5/6
f 2590/5/6 2591/5/6 2599/5/6
f 2599/5/6 2598/5/6 2600/5/6
f 2600/5/6 2598/5/6 2601/5/6
f 2601/5/6 2598/5/6 2602/5/6
f 2602/5/6 2598/5/6 2603/5/6
f 2603/5/6 2598/5/6 2604/5/6
f 2604/5/6 2598/5/6 2605/5/6
f 2605/5/6 2598/5/6 2606/5/6
f 2606/5/6 2598/5/6 2607/5/6
f 2607/5/6 2598/5/6 2608/5/6
f 2600/5/6 2601/5/6 2609/5/6
f 2606/5/6 2607/5/6 2610/5/6
f 2600/5/6 2609/5/6 2611/5/6
f 2610/5/6 2607/5/6 2612/5/6
f 2612/5/6 2607/5/6 2613/5/6
f 2600/5/6 2611/5/6 2614/5/6
f 2612/1/6 2613/1/6 2615/1/6
f 2615/1/6 2613/1/6 2616/1/6
f 2614/5/6 2611/5/6 2617/5/6
f 2617/5/6 2611/5/6 2618/5/6
f 2615/5/6 2616/5/6 2619/5/6
f 2619/5/6 2616/5/6 2620/5/6
f 2617/5/6 2618/5/6 2621/5/6
f 2619/1/6 2620/1/6 2622/1/6
f 2622/1/6 2620/1/6 2623/1/6
f 2617/5/6 2621/5/6 2624/5/6
f 2622/5/6 2623/5/6 2625/5/6
f 2625/5/6 2623/5/6 2626/5/6
f 2617/5/6 2624/5/6 2627/5/6
f 2625/1/6 2626/1/6 2628/1/6
f 2628/1/6 2626/1/6 2629/1/6
f 2617/5/6 2627/5/6 2630/5/6
f 2628/5/6 2629/5/6 2631/5/6
f 2630/5/6 2627/5/6 2632/5/6
f 2631/5/6 2629/5/6 2633/5/6
f 2633/5/6 2629/5/6 2634/5/6
f 2632/5/6 2627/5/6 2636/5/6
f 2636/5/6 2627/5/6 2637/5/6
f 2634/5/6 2629/5/6 2641/5/6
f 2641/5/6 2629/5/6 2642/5/6
f 2638/5/6 2639/5/6 2644/5/6
f 2637/5/6 2638/5/6 2644/5/6
f 2635/5/6 2636/5/6 2644/5/6
f 2636/5/6 2637/5/6 2644/5/6
f 2639/5/6 2640/5/6 2644/5/6
f 2644/5/6 2640/5/6 2645/5/6
f 2645/5/6 2640/5/6 2646/5/6
f 2646/5/6 2640/5/6 2647/5/6
f 2647/5/6 2640/5/6 2648/5/6
f 2648/5/6 2640/5/6 2649/5/6
f 2649/5/6 2640/5/6 2650/5/6
f 2640/1/6 2641/1/6 2651/1/6
f 2650/5/6 2640/5/6 2651/5/6
f 2641/5/6 2642/5/6 2652/5/6
f 2651/1/6 2641/1/6 2652/1/6
f 2642/5/6 2643/5/6 2652/5/6
f 2652/5/6 2643/5/6 2653/5/6
f 2653/5/6 2643/5/6 2654/5/6
f 2645/5/6 2646/5/6 2655/5/6
f 2655/5/6 2646/5/6 2656/5/6
f 2657/3/6 2658/3/6 2659/3/6
f 2659/3/6 2658/3/6 2660/3/6
f 2661/2/6 2662/2/6 2674/2/6
f 2662/3/6 2663/3/6 2675/3/6
f 2674/2/6 2662/2/6 2675/2/6
f 2664/3/6 2665/3/6 2676/3/6
f 2676/3/6 2665/3/6 2677/3/6
f 2665/2/6 2666/2/6 2678/2/6
f 2677/3/6 2665/3/6 2678/3/6
f 2666/3/6 2667/3/6 2679/3/6
f 2678/2/6 2666/2/6 2679/2/6
f 2667/2/6 2668/2/6 2680/2/6
f 2679/3/6 2667/3/6 2680/3/6
f 2668/3/6 2669/3/6 2681/3/6
f 2680/2/6 2668/2/6 2681/2/6
f 2681/3/6 2669/3/6 2682/3/6
f 2669/2/6 2670/2/6 2683/2/6
f 2682/3/6 2669/3/6 2683/3/6
f 2670/3/6 2671/3/6 2684/3/6
f 2683/2/6 2670/2/6 2684/2/6
f 2674/3/6 2675/3/6 2685/3/6
f 2675/3/6 2663/3/6 2686/3/6
f 2685/3/6 2675/3/6 2686/3/6
f 2664/3/6 2676/3/6 2687/3/6
f 2676/2/6 2677/2/6 2688/2/6
f 2687/3/6 2676/3/6 2688/3/6
f 2677/3/6 2678/3/6 2689/3/6
f 2688/2/6 2677/2/6 2689/2/6
f 2678/3/6 2679/3/6 2689/3/6
f 2679/3/6 2680/3/6 2689/3/6
f 2680/3/6 2681/3/6 2689/3/6
f 2681/2/6 2682/2/6 2690/2/6
f 2689/3/6 2681/3/6 2690/3/6
f 2683/3/6 2684/3/6 2691/3/6
f 2690/2/6 2682/2/6 2691/2/6
f 2682/3/6 2683/3/6 2691/3/6
f 2684/3/6 2671/3/6 2692/3/6
f 2691/3/6 2684/3/6 2692/3/6
f 2672/3/6 2673/3/6 2693/3/6
f 2693/3/6 2673/3/6 2694/3/6
f 2698/1/6 2699/1/6 2705/1/6
f 2699/3/6 2700/3/6 2705/3/6
f 2705/3/6 2700/3/6 2706/3/6
f 2706/3/6 2700/3/6 2707/3/6
f 2707/3/6 2700/3/6 2708/3/6
f 2700/2/6 2701/2/6 2709/2/6
f 2708/3/6 2700/3/6 2709/3/6
f 2701/3/6 2702/3/6 2710/3/6
f 2709/2/6 2701/2/6 2710/2/6
f 2695/3/6 2696/3/6 2711/3/6
f 2711/3/6 2696/3/6 2712/3/6
f 2697/3/6 2698/3/6 2713/3/6
f 2698/1/6 2705/1/6 2713/1/6
f 2705/2/6 2706/2/6 2714/2/6
f 2713/1/6 2705/1/6 2714/1/6
f 2706/3/6 2707/3/6 2715/3/6
f 2714/2/6 2706/2/6 2715/2/6
f 2715/3/6 2707/3/6 2716/3/6
f 2707/2/6 2708/2/6 2717/2/6
f 2716/3/6 2707/3/6 2717/3/6
f 2708/3/6 2709/3/6 2718/3/6
f 2717/2/6 2708/2/6 2718/2/6
f 2709/3/6 2710/3/6 2718/3/6
f 2718/3/6 2710/3/6 2719/3/6
f 2710/3/6 2702/3/6 2720/3/6
f 2719/3/6 2710/3/6 2720/3/6
f 2720/3/6 2702/3/6 2721/3/6
f 2721/3/6 2702/3/6 2722/3/6
f 2722/3/6 2702/3/6 2723/3/6
f 2723/3/6 2702/3/6 2724/3/6
f 2703/3/6 2704/3/6 2725/3/6
f 2725/3/6 2704/3/6 2726/3/6
f 2711/2/6 2712/2/6 2727/2/6
f 2712/3/6 2696/3/6 2728/3/6
f 2727/2/6 2712/2/6 2728/2/6
f 2697/3/6 2713/3/6 2729/3/6
f 2713/3/6 2714/3/6 2729/3/6
f 2714/3/6 2715/3/6 2729/3/6
f 2729/3/6 2715/3/6 2730/3/6
f 2715/1/6 2716/1/6 2731/1/6
f 2730/3/6 2715/3/6 2731/3/6
f 2718/3/6 2719/3/6 2732/3/6
f 2731/1/6 2716/1/6 2732/1/6
f 2716/3/6 2717/3/6 2732/3/6
f 2717/3/6 2718/3/6 2732/3/6
f 2732/3/6 2719/3/6 2733/3/6
f 2733/3/6 2719/3/6 2734/3/6
f 2719/2/6 2720/2/6 2735/2/6
f 2734/3/6 2719/3/6 2735/3/6
f 2720/3/6 2721/3/6 2736/3/6
f 2735/2/6 2720/2/6 2736/2/6
f 2721/1/6 2722/1/6 2737/1/6
f 2736/3/6 2721/3/6 2737/3/6
f 2722/3/6 2723/3/6 2738/3/6
f 2737/1/6 2722/1/6 2738/1/6
f 2723/1/6 2724/1/6 2739/1/6
f 2738/3/6 2723/3/6 2739/3/6
f 2724/3/6 2702/3/6 2740/3/6
f 2739/1/6 2724/1/6 2740/1/6
f 2740/3/6 2702/3/6 2741/3/6
f 2725/1/6 2726/1/6 2742/1/6
f 2703/3/6 2725/3/6 2742/3/6
f 2742/1/6 2726/1/6 2743/1/6
f 2727/1/6 2728/1/6 2744/1/6
f 2728/3/6 2696/3/6 2745/3/6
f 2744/1/6 2728/1/6 2745/1/6
f 2729/1/6 2730/1/6 2746/1/6
f 2730/3/6 2731/3/6 2747/3/6
f 2746/1/6 2730/1/6 2747/1/6
f 2731/3/6 2732/3/6 2747/3/6
f 2732/3/6 2733/3/6 2747/3/6
f 2747/3/6 2733/3/6 2748/3/6
f 2748/3/6 2733/3/6 2749/3/6
f 2733/2/6 2734/2/6 2750/2/6
f 2749/3/6 2733/3/6 2750/3/6
f 2734/3/6 2735/3/6 2751/3/6
f 2750/2/6 2734/2/6 2751/2/6
f 2735/1/6 2736/1/6 2752/1/6
f 2751/3/6 2735/3/6 2752/3/6
f 2738/3/6 2739/3/6 2753/3/6
f 2752/1/6 2736/1/6 2753/1/6
f 2739/3/6 2740/3/6 2753/3/6
f 2736/3/6 2737/3/6 2753/3/6
f 2737/3/6 2738/3/6 2753/3/6
f 2753/3/6 2740/3/6 2754/3/6
f 2754/3/6 2740/3/6 2755/3/6
f 2755/3/6 2740/3/6 2756/3/6
f 2747/3/6 2748/3/6 2757/3/6
f 2746/3/6 2747/3/6 2757/3/6
f 2757/3/6 2748/3/6 2758/3/6
f 2748/1/6 2749/1/6 2759/1/6
f 2758/3/6 2748/3/6 2759/3/6
f 2751/3/6 2752/3/6 2760/3/6
f 2759/1/6 2749/1/6 2760/1/6
f 2749/3/6 2750/3/6 2760/3/6
f 2750/3/6 2751/3/6 2760/3/6
f 2752/3/6 2753/3/6 2760/3/6
f 2753/3/6 2754/3/6 2760/3/6
f 2760/3/6 2754/3/6 2761/3/6
f 2761/3/6 2754/3/6 2762/3/6
f 2754/2/6 2755/2/6 2763/2/6
f 2762/3/6 2754/3/6 2763/3/6
f 2755/1/6 2756/1/6 2764/1/6
f 2763/2/6 2755/2/6 2764/2/6
f 2756/3/6 2740/3/6 2765/3/6
f 2764/1/6 2756/1/6 2765/1/6
f 2740/1/6 2741/1/6 2766/1/6
f 2765/3/6 2740/3/6 2766/3/6
f 2766/1/6 2741/1/6 2767/1/6
f 2703/3/6 2742/3/6 2768/3/6
f 2742/3/6 2743/3/6 2768/3/6
f 2768/3/6 2743/3/6 2769/3/6
f 2745/3/6 2696/3/6 2770/3/6
f 2744/3/6 2745/3/6 2770/3/6
f 2770/3/6 2696/3/6 2771/3/6
f 2757/1/6 2758/1/6 2772/1/6
f 2746/3/6 2757/3/6 2772/3/6
f 2758/3/6 2759/3/6 2773/3/6
f 2772/1/6 2758/1/6 2773/1/6
f 2759/3/6 2760/3/6 2773/3/6
f 2760/3/6 2761/3/6 2773/3/6
f 2761/2/6 2762/2/6 2774/2/6
f 2773/3/6 2761/3/6 2774/3/6
f 2764/3/6 2765/3/6 2775/3/6
f 2774/2/6 2762/2/6 2775/2/6
f 2763/3/6 2764/3/6 2775/3/6
f 2762/3/6 2763/3/6 2775/3/6
f 2765/3/6 2766/3/6 2775/3/6
f 2766/3/6 2767/3/6 2775/3/6
f 2775/3/6 2767/3/6 2776/3/6
f 2776/3/6 2767/3/6 2777/3/6
f 2777/3/6 2767/3/6 2778/3/6
f 2778/3/6 2767/3/6 2779/3/6
f 2768/1/6 2769/1/6 2780/1/6
f 2769/3/6 2743/3/6 2781/3/6
f 2780/1/6 2769/1/6 2781/1/6
f 2770/1/6 2771/1/6 2782/1/6
f 2744/3/6 2770/3/6 2782/3/6
f 2782/1/6 2771/1/6 2783/1/6
f 2746/3/6 2772/3/6 2784/3/6
f 2773/3/6 2774/3/6 2784/3/6
f 2772/3/6 2773/3/6 2784/3/6
f 2784/3/6 2774/3/6 2785/3/6
f 2775/3/6 2776/3/6 2786/3/6
f 2776/1/6 2777/1/6 2786/1/6
f 2777/3/6 2778/3/6 2787/3/6
f 2786/1/6 2777/1/6 2787/1/6
f 2778/1/6 2779/1/6 2788/1/6
f 2787/3/6 2778/3/6 2788/3/6
f 2779/3/6 2767/3/6 2789/3/6
f 2788/1/6 2779/1/6 2789/1/6
f 2780/3/6 2781/3/6 2790/3/6
f 2781/3/6 2743/3/6 2791/3/6
f 2790/3/6 2781/3/6 2791/3/6
f 2782/3/6 2783/3/6 2792/3/6
f 2744/3/6 2782/3/6 2792/3/6
f 2792/3/6 2783/3/6 2793/3/6
f 2784/1/6 2785/1/6 2794/1/6
f 2785/3/6 2774/3/6 2795/3/6
f 2794/1/6 2785/1/6 2795/1/6
f 2795/3/6 2774/3/6 2796/3/6
f 2774/1/6 2775/1/6 2797/1/6
f 2796/3/6 2774/3/6 2797/3/6
f 2786/3/6 2787/3/6 2798/3/6
f 2797/1/6 2775/1/6 2798/1/6
f 2787/3/6 2788/3/6 2798/3/6
f 2775/3/6 2786/3/6 2798/3/6
f 2788/3/6 2789/3/6 2798/3/6
f 2798/3/6 2789/3/6 2799/3/6
f 2799/3/6 2789/3/6 2800/3/6
f 2800/3/6 2789/3/6 2801/3/6
f 2801/3/6 2789/3/6 2802/3/6
f 2789/3/6 2767/3/6 2803/3/6
f 2802/3/6 2789/3/6 2803/3/6
f 2803/3/6 2767/3/6 2804/3/6
f 2790/1/6 2791/1/6 2805/1/6
f 2791/3/6 2743/3/6 2806/3/6
f 2805/1/6 2791/1/6 2806/1/6
f 2792/1/6 2793/1/6 2807/1/6
f 2793/3/6 2783/3/6 2808/3/6
f 2807/1/6 2793/1/6 2808/1/6
f 2794/3/6 2795/3/6 2809/3/6
f 2809/3/6 2795/3/6 2810/3/6
f 2796/3/6 2797/3/6 2811/3/6
f 2797/3/6 2798/3/6 2811/3/6
f 2798/3/6 2799/3/6 2811/3/6
f 2811/3/6 2799/3/6 2812/3/6
f 2799/1/6 2800/1/6 2813/1/6
f 2812/3/6 2799/3/6 2813/3/6
f 2800/3/6 2801/3/6 2814/3/6
f 2813/1/6 2800/1/6 2814/1/6
f 2801/1/6 2802/1/6 2815/1/6
f 2802/3/6 2803/3/6 2815/3/6
f 2815/3/6 2803/3/6 2816/3/6
f 2803/1/6 2804/1/6 2817/1/6
f 2816/3/6 2803/3/6 2817/3/6
f 2817/1/6 2804/1/6 2818/1/6
f 2807/3/6 2808/3/6 2819/3/6
f 2808/3/6 2783/3/6 2820/3/6
f 2819/3/6 2808/3/6 2820/3/6
f 2809/1/6 2810/1/6 2821/1/6
f 2810/3/6 2795/3/6 2822/3/6
f 2821/1/6 2810/1/6 2822/1/6
f 2795/1/6 2796/1/6 2823/1/6
f 2822/3/6 2795/3/6 2823/3/6
f 2796/3/6 2811/3/6 2824/3/6
f 2823/1/6 2796/1/6 2824/1/6
f 2824/3/6 2811/3/6 2825/3/6
f 2825/3/6 2811/3/6 2826/3/6
f 2811/1/6 2812/1/6 2827/1/6
f 2826/3/6 2811/3/6 2827/3/6
f 2812/3/6 2813/3/6 2828/3/6
f 2827/1/6 2812/1/6 2828/1/6
f 2813/3/6 2814/3/6 2828/3/6
f 2814/3/6 2801/3/6 2829/3/6
f 2828/3/6 2814/3/6 2829/3/6
f 2815/1/6 2816/1/6 2830/1/6
f 2829/3/6 2801/3/6 2830/3/6
f 2801/1/6 2815/1/6 2830/1/6
f 2830/1/6 2816/1/6 2831/1/6
f 2816/3/6 2817/3/6 2832/3/6
f 2831/1/6 2816/1/6 2832/1/6
f 2817/3/6 2818/3/6 2832/3/6
f 2832/3/6 2818/3/6 2833/3/6
f 2819/2/6 2820/2/6 2834/2/6
f 2820/3/6 2783/3/6 2835/3/6
f 2834/2/6 2820/2/6 2835/2/6
f 2835/3/6 2783/3/6 2836/3/6
f 2821/3/6 2822/3/6 2837/3/6
f 2824/3/6 2825/3/6 2837/3/6
f 2822/3/6 2823/3/6 2837/3/6
f 2823/3/6 2824/3/6 2837/3/6
f 2837/3/6 2825/3/6 2838/3/6
f 2825/1/6 2826/1/6 2839/1/6
f 2838/3/6 2825/3/6 2839/3/6
f 2828/3/6 2829/3/6 2840/3/6
f 2839/1/6 2826/1/6 2840/1/6
f 2827/3/6 2828/3/6 2840/3/6
f 2826/3/6 2827/3/6 2840/3/6
f 2829/1/6 2830/1/6 2841/1/6
f 2840/3/6 2829/3/6 2841/3/6
f 2830/3/6 2831/3/6 2842/3/6
f 2841/1/6 2830/1/6 2842/1/6
f 2832/1/6 2833/1/6 2843/1/6
f 2842/3/6 2831/3/6 2843/3/6
f 2831/1/6 2832/1/6 2843/1/6
f 2833/3/6 2818/3/6 2844/3/6
f 2843/1/6 2833/1/6 2844/1/6
f 2844/3/6 2818/3/6 2845/3/6
f 2835/1/6 2836/1/6 2846/1/6
f 2834/3/6 2835/3/6 2846/3/6
f 2846/1/6 2836/1/6 2847/1/6
f 2821/3/6 2837/3/6 2848/3/6
f 2837/1/6 2838/1/6 2848/1/6
f 2838/3/6 2839/3/6 2849/3/6
f 2848/1/6 2838/1/6 2849/1/6
f 2842/3/6 2843/3/6 2849/3/6
f 2843/3/6 2844/3/6 2849/3/6
f 2840/3/6 2841/3/6 2849/3/6
f 2839/3/6 2840/3/6 2849/3/6
f 2841/3/6 2842/3/6 2849/3/6
f 2849/3/6 2844/3/6 2850/3/6
f 2850/3/6 2844/3/6 2851/3/6
f 2851/3/6 2844/3/6 2852/3/6
f 2852/3/6 2844/3/6 2853/3/6
f 2853/3/6 2844/3/6 2854/3/6
f 2854/3/6 2844/3/6 2855/3/6
f 2844/1/6 2845/1/6 2856/1/6
f 2855/3/6 2844/3/6 2856/3/6
f 2856/1/6 2845/1/6 2857/1/6
f 2848/3/6 2849/3/6 2858/3/6
f 2849/3/6 2850/3/6 2858/3/6
f 2858/3/6 2850/3/6 2859/3/6
f 2850/1/6 2851/1/6 2860/1/6
f 2859/3/6 2850/3/6 2860/3/6
f 2851/3/6 2852/3/6 2861/3/6
f 2860/1/6 2851/1/6 2861/1/6
f 2852/1/6 2853/1/6 2862/1/6
f 2861/3/6 2852/3/6 2862/3/6
f 2853/3/6 2854/3/6 2863/3/6
f 2862/1/6 2853/1/6 2863/1/6
f 2854/1/6 2855/1/6 2864/1/6
f 2863/3/6 2854/3/6 2864/3/6
f 2856/3/6 2857/3/6 2865/3/6
f 2864/1/6 2855/1/6 2865/1/6
f 2855/3/6 2856/3/6 2865/3/6
f 2865/3/6 2857/3/6 2866/3/6
f 2866/3/6 2857/3/6 2867/3/6
f 2846/3/6 2847/3/6 2868/3/6
f 2834/3/6 2846/3/6 2868/3/6
f 2868/3/6 2847/3/6 2869/3/6
f 2821/3/6 2848/3/6 2870/3/6
f 2848/3/6 2858/3/6 2870/3/6
f 2858/1/6 2859/1/6 2871/1/6
f 2870/3/6 2858/3/6 2871/3/6
f 2862/3/6 2863/3/6 2872/3/6
f 2871/1/6 2859/1/6 2872/1/6
f 2863/3/6 2864/3/6 2872/3/6
f 2865/3/6 2866/3/6 2872/3/6
f 2864/3/6 2865/3/6 2872/3/6
f 2859/3/6 2860/3/6 2872/3/6
f 2861/3/6 2862/3/6 2872/3/6
f 2860/3/6 2861/3/6 2872/3/6
f 2866/1/6 2867/1/6 2873/1/6
f 2872/3/6 2866/3/6 2873/3/6
f 2873/1/6 2867/1/6 2874/1/6
f 2805/3/6 2806/3/6 2875/3/6
f 2806/3/6 2743/3/6 2876/3/6
f 2875/3/6 2806/3/6 2876/3/6
f 2879/3/6 2880/3/6 2888/3/6
f 2880/1/6 2881/1/6 2888/1/6
f 2881/3/6 2882/3/6 2889/3/6
f 2888/1/6 2881/1/6 2889/1/6
f 2889/3/6 2882/3/6 2890/3/6
f 2882/1/6 2883/1/6 2891/1/6
f 2890/3/6 2882/3/6 2891/3/6
f 2883/3/6 2884/3/6 2892/3/6
f 2891/1/6 2883/1/6 2892/1/6
f 2892/3/6 2884/3/6 2893/3/6
f 2893/3/6 2884/3/6 2894/3/6
f 2884/5/6 2885/5/6 2895/5/6
f 2894/3/6 2884/3/6 2895/3/6
f 2885/1/6 2886/1/6 2896/1/6
f 2895/5/6 2885/5/6 2896/5/6
f 2886/3/6 2887/3/6 2897/3/6
f 2896/1/6 2886/1/6 2897/1/6
f 2877/3/6 2878/3/6 2898/3/6
f 2898/3/6 2878/3/6 2899/3/6
f 2879/3/6 2888/3/6 2900/3/6
f 2888/3/6 2889/3/6 2900/3/6
f 2900/3/6 2889/3/6 2901/3/6
f 2892/3/6 2893/3/6 2902/3/6
f 2890/3/6 2891/3/6 2902/3/6
f 2891/3/6 2892/3/6 2902/3/6
f 2893/1/6 2894/1/6 2903/1/6
f 2902/3/6 2893/3/6 2903/3/6
f 2894/3/6 2895/3/6 2904/3/6
f 2903/1/6 2894/1/6 2904/1/6
f 2904/3/6 2895/3/6 2905/3/6
f 2896/3/6 2897/3/6 2906/3/6
f 2897/3/6 2887/3/6 2907/3/6
f 2906/3/6 2897/3/6 2907/3/6
