# MagicaVoxel @ Ephtracy

# group
o 

# material
mtllib Emitter_Stone.mtl
usemtl palette

# normals
vn -1 0 0
vn 1 0 0
vn 0 0 1
vn 0 0 -1
vn 0 -1 0
vn 0 1 0

# texcoords
vt 0.537109 0.5
vt 0.912109 0.5
vt 0.916016 0.5
vt 0.982422 0.5
vt 0.986328 0.5
vt 0.990234 0.5
vt 0.994141 0.5

# verts
v -3 3.8 0.2
v -3 3.8 -0.8
v -3 4.1 0.2
v -3 4.1 -0.8
v -2.9 2.3 -0.6
v -2.9 2.3 -1
v -2.9 2.6 -0.6
v -2.9 2.6 -0.7
v -2.9 2.7 0.2
v -2.9 2.7 -0.1
v -2.9 2.7 -0.7
v -2.9 2.7 -1
v -2.9 2.8 -0.1
v -2.9 2.8 -0.2
v -2.9 3 0.2
v -2.9 3 0.0999999
v -2.9 3.1 0.0999999
v -2.9 3.1 -0.2
v -2.9 3.7 0.3
v -2.9 3.7 -0.9
v -2.9 3.8 0.5
v -2.9 3.8 0.3
v -2.9 3.8 0.2
v -2.9 3.8 -0.8
v -2.9 3.8 -0.9
v -2.9 3.8 -1.1
v -2.9 3.9 -1
v -2.9 3.9 -1.1
v -2.9 4.1 0.5
v -2.9 4.1 0.3
v -2.9 4.1 0.2
v -2.9 4.1 -0.8
v -2.9 4.1 -0.9
v -2.9 4.1 -1
v -2.9 4.1 -1.1
v -2.9 4.2 0.3
v -2.9 4.2 -0.9
v -2.8 0 0.7
v -2.8 0 0.3
v -2.8 0 -0.6
v -2.8 0 -1.8
v -2.8 0.2 -0.6
v -2.8 0.2 -1.8
v -2.8 0.3 0.7
v -2.8 0.3 0.3
v -2.8 2.2 -0.5
v -2.8 2.2 -1.1
v -2.8 2.3 -0.2
v -2.8 2.3 -0.5
v -2.8 2.3 -0.6
v -2.8 2.3 -1
v -2.8 2.4 0.7
v -2.8 2.4 0.4
v -2.8 2.6 0.4
v -2.8 2.6 -0.2
v -2.8 2.6 -0.6
v -2.8 2.6 -0.7
v -2.8 2.7 0.2
v -2.8 2.7 -0.1
v -2.8 2.7 -0.3
v -2.8 2.7 -0.4
v -2.8 2.7 -0.7
v -2.8 2.7 -1
v -2.8 2.8 0.7
v -2.8 2.8 0.6
v -2.8 2.8 -0.1
v -2.8 2.8 -0.2
v -2.8 2.8 -0.4
v -2.8 2.8 -1.1
v -2.8 2.9 0.6
v -2.8 2.9 0.4
v -2.8 3 0.4
v -2.8 3 0.3
v -2.8 3 0.2
v -2.8 3 0.0999999
v -2.8 3.1 0.3
v -2.8 3.1 0.2
v -2.8 3.1 0.0999999
v -2.8 3.1 -0.2
v -2.8 3.6 -0.3
v -2.8 3.6 -0.8
v -2.8 3.7 0.6
v -2.8 3.7 0.3
v -2.8 3.7 0.2
v -2.8 3.7 -0.8
v -2.8 3.7 -0.9
v -2.8 3.7 -1.2
v -2.8 3.8 0.7
v -2.8 3.8 0.6
v -2.8 3.8 0.5
v -2.8 3.8 0.3
v -2.8 3.8 -0.9
v -2.8 3.8 -1.1
v -2.8 3.8 -1.2
v -2.8 3.8 -1.3
v -2.8 3.8 -1.4
v -2.8 3.9 -1.1
v -2.8 3.9 -1.2
v -2.8 3.9 -1.3
v -2.8 3.9 -1.4
v -2.8 4 -1.1
v -2.8 4 -1.2
v -2.8 4.1 0.7
v -2.8 4.1 0.6
v -2.8 4.1 0.5
v -2.8 4.1 0.3
v -2.8 4.1 -0.9
v -2.8 4.1 -1
v -2.8 4.1 -1.1
v -2.8 4.1 -1.2
v -2.8 4.1 -1.3
v -2.8 4.1 -1.4
v -2.8 4.2 0.6
v -2.8 4.2 0.3
v -2.8 4.2 0.2
v -2.8 4.2 -0.8
v -2.8 4.2 -0.9
v -2.8 4.2 -1.1
v -2.8 4.2 -1.2
v -2.8 4.5 0.2
v -2.8 4.5 -0.8
v -2.7 0 0.9
v -2.7 0 0.7
v -2.7 0 0.3
v -2.7 0 -0.2
v -2.7 0 -0.4
v -2.7 0 -0.6
v -2.7 0 -1.8
v -2.7 0 -2
v -2.7 0.1 -0.4
v -2.7 0.1 -0.5
v -2.7 0.1 -1.9
v -2.7 0.1 -2
v -2.7 0.2 0.9
v -2.7 0.2 0.8
v -2.7 0.2 0.2
v -2.7 0.2 -0.2
v -2.7 0.2 -0.6
v -2.7 0.2 -1.8
v -2.7 0.3 0.7
v -2.7 0.3 0.3
v -2.7 0.3 -0.5
v -2.7 0.3 -0.7
v -2.7 0.3 -1.7
v -2.7 0.3 -1.9
v -2.7 0.4 0.8
v -2.7 0.4 0.6
v -2.7 0.4 0.4
v -2.7 0.4 0.2
v -2.7 1.5 -1.6
v -2.7 1.5 -1.7
v -2.7 1.6 -1.4
v -2.7 1.6 -1.5
v -2.7 1.6 -1.6
v -2.7 1.7 -1.4
v -2.7 1.7 -1.5
v -2.7 1.7 -1.7
v -2.7 1.8 -1.3
v -2.7 1.8 -1.4
v -2.7 1.8 -1.5
v -2.7 1.8 -1.6
v -2.7 1.8 -1.7
v -2.7 1.9 -1.5
v -2.7 1.9 -1.6
v -2.7 2 -1.4
v -2.7 2 -1.5
v -2.7 2.1 -0.6
v -2.7 2.1 -0.7
v -2.7 2.1 -1.4
v -2.7 2.1 -1.5
v -2.7 2.2 -0.1
v -2.7 2.2 -0.5
v -2.7 2.2 -0.6
v -2.7 2.2 -1.1
v -2.7 2.3 1.1
v -2.7 2.3 0.6
v -2.7 2.3 0.4
v -2.7 2.3 0.3
v -2.7 2.3 0.2
v -2.7 2.3 -0.1
v -2.7 2.3 -0.2
v -2.7 2.3 -0.5
v -2.7 2.3 -1.6
v -2.7 2.3 -1.7
v -2.7 2.4 0.7
v -2.7 2.4 0.4
v -2.7 2.4 -1.2
v -2.7 2.4 -1.3
v -2.7 2.4 -1.4
v -2.7 2.4 -1.5
v -2.7 2.4 -1.7
v -2.7 2.5 0.3
v -2.7 2.5 0.2
v -2.7 2.6 1.1
v -2.7 2.6 0.9
v -2.7 2.6 0.4
v -2.7 2.6 -0.2
v -2.7 2.7 -0.3
v -2.7 2.7 -0.4
v -2.7 2.7 -1.1
v -2.7 2.7 -1.2
v -2.7 2.8 0.9
v -2.7 2.8 0.8
v -2.7 2.8 0.7
v -2.7 2.8 0.6
v -2.7 2.8 -0.4
v -2.7 2.8 -1
v -2.7 2.9 0.6
v -2.7 2.9 0.4
v -2.7 3 0.4
v -2.7 3 0.3
v -2.7 3.1 0.3
v -2.7 3.1 0.2
v -2.7 3.6 -0.3
v -2.7 3.6 -0.8
v -2.7 3.6 -1
v -2.7 3.6 -1.1
v -2.7 3.7 0.6
v -2.7 3.7 0.2
v -2.7 3.7 -0.8
v -2.7 3.7 -1.1
v -2.7 3.7 -1.2
v -2.7 3.7 -1.3
v -2.7 3.7 -1.4
v -2.7 3.7 -1.5
v -2.7 3.8 0.7
v -2.7 3.8 0.6
v -2.7 3.8 -1.2
v -2.7 3.8 -1.3
v -2.7 3.8 -1.4
v -2.7 3.8 -1.5
v -2.7 3.8 -1.6
v -2.7 3.9 -1.4
v -2.7 4 -1.4
v -2.7 4 -1.5
v -2.7 4.1 0.7
v -2.7 4.1 0.6
v -2.7 4.1 -1.2
v -2.7 4.1 -1.3
v -2.7 4.1 -1.4
v -2.7 4.1 -1.5
v -2.7 4.1 -1.6
v -2.7 4.2 0.8
v -2.7 4.2 0.6
v -2.7 4.2 0.5
v -2.7 4.2 0.2
v -2.7 4.2 -0.8
v -2.7 4.2 -1.1
v -2.7 4.2 -1.2
v -2.7 4.2 -1.3
v -2.7 4.2 -1.4
v -2.7 4.2 -1.5
v -2.7 4.3 -1
v -2.7 4.3 -1.1
v -2.7 4.4 0.5
v -2.7 4.4 0.2
v -2.7 4.4 -0.8
v -2.7 4.4 -0.9
v -2.7 4.4 -1
v -2.7 4.5 0.5
v -2.7 4.5 0.2
v -2.7 4.5 -0.8
v -2.7 4.5 -0.9
v -2.7 4.5 -1.1
v -2.6 0 1
v -2.6 0 0.9
v -2.6 0 -0.2
v -2.6 0 -0.4
v -2.6 0 -2
v -2.6 0 -2.1
v -2.6 0.1 1
v -2.6 0.1 0.9
v -2.6 0.1 -0.3
v -2.6 0.1 -0.4
v -2.6 0.1 -0.5
v -2.6 0.1 -1.9
v -2.6 0.1 -2
v -2.6 0.1 -2.1
v -2.6 0.2 0.9
v -2.6 0.2 0.8
v -2.6 0.2 0.2
v -2.6 0.2 -0.2
v -2.6 0.3 -0.1
v -2.6 0.3 -0.3
v -2.6 0.3 -0.4
v -2.6 0.3 -0.5
v -2.6 0.3 -0.7
v -2.6 0.3 -1.7
v -2.6 0.3 -1.9
v -2.6 0.3 -2
v -2.6 0.4 0.9
v -2.6 0.4 0.8
v -2.6 0.4 0.7
v -2.6 0.4 0.6
v -2.6 0.4 0.4
v -2.6 0.4 0.2
v -2.6 1.2 -1.8
v -2.6 1.2 -1.9
v -2.6 1.4 -1.8
v -2.6 1.4 -1.9
v -2.6 1.5 -1.7
v -2.6 1.5 -1.8
v -2.6 1.6 -1.7
v -2.6 1.6 -1.8
v -2.6 1.6 -1.9
v -2.6 1.7 -1.7
v -2.6 1.7 -1.8
v -2.6 1.8 -1.7
v -2.6 1.8 -1.8
v -2.6 1.8 -1.9
v -2.6 2.1 -0.2
v -2.6 2.1 -0.5
v -2.6 2.1 -0.6
v -2.6 2.1 -0.7
v -2.6 2.1 -1.7
v -2.6 2.1 -1.8
v -2.6 2.2 1.2
v -2.6 2.2 0.8
v -2.6 2.2 0.7
v -2.6 2.2 -0.1
v -2.6 2.2 -0.2
v -2.6 2.2 -0.5
v -2.6 2.2 -0.6
v -2.6 2.3 1.1
v -2.6 2.3 0.6
v -2.6 2.3 0.4
v -2.6 2.3 0.3
v -2.6 2.3 0.2
v -2.6 2.3 -0.1
v -2.6 2.3 -1.7
v -2.6 2.4 -1.2
v -2.6 2.4 -1.3
v -2.6 2.4 -1.4
v -2.6 2.4 -1.5
v -2.6 2.4 -1.6
v -2.6 2.4 -1.7
v -2.6 2.4 -1.9
v -2.6 2.5 0.3
v -2.6 2.5 0.2
v -2.6 2.5 -1.2
v -2.6 2.5 -1.3
v -2.6 2.5 -1.5
v -2.6 2.5 -1.6
v -2.6 2.6 1.1
v -2.6 2.6 0.9
v -2.6 2.6 -1.2
v -2.6 2.6 -1.3
v -2.6 2.6 -1.4
v -2.6 2.6 -1.5
v -2.6 2.6 -1.6
v -2.6 2.6 -1.7
v -2.6 2.7 1.2
v -2.6 2.7 1
v -2.6 2.7 0.9
v -2.6 2.8 0.9
v -2.6 2.8 0.8
v -2.6 3.6 -1.1
v -2.6 3.6 -1.2
v -2.6 3.6 -1.3
v -2.6 3.6 -1.4
v -2.6 3.7 -1.1
v -2.6 3.7 -1.2
v -2.6 3.7 -1.3
v -2.6 3.7 -1.4
v -2.6 3.7 -1.5
v -2.6 3.7 -1.7
v -2.6 3.8 -1.5
v -2.6 3.8 -1.6
v -2.6 3.9 1
v -2.6 3.9 0.9
v -2.6 4.1 -1.5
v -2.6 4.1 -1.6
v -2.6 4.2 0.9
v -2.6 4.2 0.8
v -2.6 4.2 0.7
v -2.6 4.2 0.6
v -2.6 4.2 0.5
v -2.6 4.2 -1.1
v -2.6 4.2 -1.2
v -2.6 4.2 -1.3
v -2.6 4.2 -1.4
v -2.6 4.2 -1.5
v -2.6 4.2 -1.7
v -2.6 4.3 -1.1
v -2.6 4.4 0.7
v -2.6 4.4 0.5
v -2.6 4.4 -1.1
v -2.6 4.4 -1.2
v -2.6 4.5 0.7
v -2.6 4.5 0.5
v -2.6 4.5 -1.1
v -2.6 4.5 -1.3
v -2.6 4.5 -1.4
v -2.5 0 1.2
v -2.5 0 1
v -2.5 0 -2.1
v -2.5 0 -2.2
v -2.5 0.1 1.2
v -2.5 0.1 1
v -2.5 0.1 0.9
v -2.5 0.1 -0.3
v -2.5 0.1 -0.4
v -2.5 0.1 -2
v -2.5 0.1 -2.1
v -2.5 0.1 -2.2
v -2.5 0.2 1.2
v -2.5 0.2 1
v -2.5 0.3 1
v -2.5 0.3 0.9
v -2.5 0.3 -0.1
v -2.5 0.3 -0.3
v -2.5 0.3 -0.4
v -2.5 0.3 -1.9
v -2.5 0.3 -2
v -2.5 0.3 -2.1
v -2.5 0.9 -1.9
v -2.5 0.9 -2
v -2.5 1.2 -1.9
v -2.5 1.3 -1.9
v -2.5 1.3 -2
v -2.5 1.4 -1.9
v -2.5 1.5 -1.9
v -2.5 1.5 -2
v -2.5 1.6 -1.9
v -2.5 1.6 -2
v -2.5 1.8 -1.9
v -2.5 2.1 1.2
v -2.5 2.1 0.8
v -2.5 2.1 -0.2
v -2.5 2.1 -0.3
v -2.5 2.2 1.2
v -2.5 2.2 0.8
v -2.5 2.2 -0.1
v -2.5 2.2 -0.2
v -2.5 2.3 1.3
v -2.5 2.3 1.2
v -2.5 2.4 -1.7
v -2.5 2.4 -1.9
v -2.5 2.5 -1.7
v -2.5 2.5 -2
v -2.5 2.6 -1.2
v -2.5 2.6 -1.3
v -2.5 2.6 -1.4
v -2.5 2.6 -1.5
v -2.5 2.6 -1.6
v -2.5 2.6 -1.7
v -2.5 2.6 -1.8
v -2.5 2.6 -2
v -2.5 2.7 1.3
v -2.5 2.7 1.2
v -2.5 2.7 1.1
v -2.5 2.7 1
v -2.5 2.7 -1.1
v -2.5 2.7 -1.2
v -2.5 2.7 -1.3
v -2.5 2.7 -1.6
v -2.5 2.7 -1.7
v -2.5 2.7 -1.8
v -2.5 2.8 1.1
v -2.5 2.8 1
v -2.5 2.8 -1
v -2.5 2.8 -1.1
v -2.5 2.8 -1.4
v -2.5 2.8 -1.5
v -2.5 2.9 -1.3
v -2.5 2.9 -1.4
v -2.5 2.9 -1.5
v -2.5 3.3 -1.4
v -2.5 3.3 -1.5
v -2.5 3.3 -1.6
v -2.5 3.6 -1
v -2.5 3.6 -1.2
v -2.5 3.6 -1.3
v -2.5 3.6 -1.4
v -2.5 3.6 -1.5
v -2.5 3.7 -1.4
v -2.5 3.7 -1.5
v -2.5 3.7 -1.6
v -2.5 3.7 -1.7
v -2.5 3.7 -1.8
v -2.5 3.9 1
v -2.5 3.9 0.9
v -2.5 4.2 1
v -2.5 4.2 0.9
v -2.5 4.2 0.8
v -2.5 4.2 0.7
v -2.5 4.2 -1.4
v -2.5 4.2 -1.6
v -2.5 4.2 -1.7
v -2.5 4.2 -1.8
v -2.5 4.4 0.8
v -2.5 4.4 0.7
v -2.5 4.4 -1.4
v -2.5 4.4 -1.6
v -2.5 4.5 0.8
v -2.5 4.5 0.7
v -2.5 4.5 -0.2
v -2.5 4.5 -0.7
v -2.5 4.5 -1.4
v -2.5 4.5 -1.6
v -2.5 4.7 -0.2
v -2.5 4.7 -0.7
v -2.4 0 1.4
v -2.4 0 1.2
v -2.4 0 -2.2
v -2.4 0 -2.3
v -2.4 0.1 1.4
v -2.4 0.1 1.3
v -2.4 0.1 1.2
v -2.4 0.1 -2.1
v -2.4 0.1 -2.2
v -2.4 0.1 -2.3
v -2.4 0.2 1.3
v -2.4 0.2 1.2
v -2.4 0.2 1.1
v -2.4 0.2 1
v -2.4 0.3 1.3
v -2.4 0.3 1.1
v -2.4 0.3 1
v -2.4 0.3 0.9
v -2.4 0.3 -0.4
v -2.4 0.3 -0.5
v -2.4 0.3 -2
v -2.4 0.3 -2.1
v -2.4 0.3 -2.2
v -2.4 0.4 1.1
v -2.4 0.4 0.9
v -2.4 0.4 0.8
v -2.4 0.8 0.9
v -2.4 0.8 0.8
v -2.4 0.9 -2
v -2.4 1.3 -2
v -2.4 1.3 -2.1
v -2.4 1.4 -2
v -2.4 1.4 -2.1
v -2.4 1.5 -2
v -2.4 1.6 -2
v -2.4 2 1.1
v -2.4 2 0.9
v -2.4 2.1 1.1
v -2.4 2.1 0.8
v -2.4 2.1 -0.4
v -2.4 2.1 -0.5
v -2.4 2.2 1.3
v -2.4 2.2 1.2
v -2.4 2.3 1.4
v -2.4 2.3 1.3
v -2.4 2.3 1.2
v -2.4 2.3 -2.1
v -2.4 2.3 -2.2
v -2.4 2.5 -2
v -2.4 2.5 -2.1
v -2.4 2.5 -2.2
v -2.4 2.6 -1.8
v -2.4 2.6 -1.9
v -2.4 2.6 -2
v -2.4 2.6 -2.1
v -2.4 2.7 1.3
v -2.4 2.7 1.1
v -2.4 2.7 -1.6
v -2.4 2.7 -1.7
v -2.4 2.7 -1.8
v -2.4 2.7 -1.9
v -2.4 2.7 -2.1
v -2.4 2.8 1.4
v -2.4 2.8 1.1
v -2.4 3.3 -1.6
v -2.4 3.3 -1.8
v -2.4 3.3 -1.9
v -2.4 3.6 -1.8
v -2.4 3.6 -1.9
v -2.4 3.7 1.1
v -2.4 3.7 1
v -2.4 3.7 -1.6
v -2.4 3.7 -1.8
v -2.4 4.2 1.1
v -2.4 4.2 1
v -2.4 4.2 0.9
v -2.4 4.2 0.8
v -2.4 4.2 -1.6
v -2.4 4.2 -1.7
v -2.4 4.2 -1.8
v -2.4 4.2 -1.9
v -2.4 4.4 0.9
v -2.4 4.4 0.8
v -2.4 4.4 -1.6
v -2.4 4.4 -1.7
v -2.4 4.5 0.9
v -2.4 4.5 0.8
v -2.4 4.5 0.3
v -2.4 4.5 -0.2
v -2.4 4.5 -0.7
v -2.4 4.5 -1.1
v -2.4 4.5 -1.2
v -2.4 4.5 -1.3
v -2.4 4.5 -1.4
v -2.4 4.5 -1.6
v -2.4 4.5 -1.7
v -2.4 4.6 -1
v -2.4 4.6 -1.1
v -2.4 4.6 -1.2
v -2.4 4.6 -1.3
v -2.4 4.7 0.3
v -2.4 4.7 -0.1
v -2.4 4.7 -0.2
v -2.4 4.7 -0.7
v -2.4 4.7 -0.8
v -2.4 4.7 -1
v -2.4 4.7 -1.1
v -2.4 4.7 -1.2
v -2.4 4.7 -1.3
v -2.4 4.7 -1.4
v -2.4 4.8 -0.1
v -2.4 4.8 -0.8
v -2.3 0.1 1.4
v -2.3 0.1 1.3
v -2.3 0.1 -2.2
v -2.3 0.1 -2.3
v -2.3 0.2 1.4
v -2.3 0.2 1.3
v -2.3 0.3 1.4
v -2.3 0.3 1.3
v -2.3 0.3 1.1
v -2.3 0.3 -0.3
v -2.3 0.3 -0.4
v -2.3 0.3 -2.1
v -2.3 0.3 -2.2
v -2.3 0.3 -2.3
v -2.3 0.4 1.3
v -2.3 0.4 1.1
v -2.3 1 -2.1
v -2.3 1 -2.2
v -2.3 1.1 -2.1
v -2.3 1.1 -2.2
v -2.3 1.2 -2.1
v -2.3 1.2 -2.2
v -2.3 1.3 -2.1
v -2.3 1.4 -2.1
v -2.3 1.4 -2.2
v -2.3 2.1 -0.3
v -2.3 2.1 -0.4
v -2.3 2.2 1.5
v -2.3 2.2 1.3
v -2.3 2.3 1.4
v -2.3 2.3 1.3
v -2.3 2.3 -2.1
v -2.3 2.3 -2.2
v -2.3 2.5 -2.1
v -2.3 2.5 -2.2
v -2.3 2.6 -2.1
v -2.3 2.6 -2.2
v -2.3 2.7 1.5
v -2.3 2.7 1.4
v -2.3 2.7 -1.9
v -2.3 2.7 -2.1
v -2.3 2.7 -2.2
v -2.3 2.8 1.3
v -2.3 2.8 1
v -2.3 2.8 -2
v -2.3 2.8 -2.1
v -2.3 3.3 -1.9
v -2.3 3.3 -2
v -2.3 3.3 -2.1
v -2.3 3.6 -1.9
v -2.3 3.7 1.1
v -2.3 3.7 1
v -2.3 3.9 1.3
v -2.3 3.9 1.2
v -2.3 3.9 -2
v -2.3 3.9 -2.1
v -2.3 4.1 1.2
v -2.3 4.1 1.1
v -2.3 4.2 1
v -2.3 4.2 0.9
v -2.3 4.2 -1.7
v -2.3 4.2 -1.8
v -2.3 4.2 -1.9
v -2.3 4.2 -2
v -2.3 4.3 1
v -2.3 4.3 0.9
v -2.3 4.4 0.9
v -2.3 4.4 -1.7
v -2.3 4.4 -1.8
v -2.3 4.5 1
v -2.3 4.5 0.9
v -2.3 4.5 0.5
v -2.3 4.5 0.3
v -2.3 4.5 -1.4
v -2.3 4.5 -1.6
v -2.3 4.5 -1.7
v -2.3 4.5 -1.8
v -2.3 4.7 0.5
v -2.3 4.7 0.4
v -2.3 4.7 0.3
v -2.3 4.7 -0.1
v -2.3 4.7 -0.8
v -2.3 4.7 -1
v -2.3 4.7 -1.1
v -2.3 4.7 -1.2
v -2.3 4.7 -1.3
v -2.3 4.7 -1.4
v -2.3 4.7 -1.5
v -2.3 4.7 -1.6
v -2.3 4.8 0.4
v -2.3 4.8 -0.1
v -2.3 4.8 -0.2
v -2.3 4.8 -0.7
v -2.3 4.8 -0.8
v -2.3 4.8 -1
v -2.3 4.8 -1.1
v -2.3 4.8 -1.2
v -2.3 4.8 -1.3
v -2.3 5.1 -0.2
v -2.3 5.1 -0.7
v -2.3 5.1 -1.3
v -2.3 5.1 -1.5
v -2.2 0 1.6
v -2.2 0 1.4
v -2.2 0 -2.3
v -2.2 0 -2.4
v -2.2 0.2 1.6
v -2.2 0.2 1.4
v -2.2 0.2 -2.3
v -2.2 0.2 -2.4
v -2.2 0.4 1.2
v -2.2 0.4 1.1
v -2.2 0.4 0.9
v -2.2 0.5 1.2
v -2.2 0.5 1.1
v -2.2 0.5 0.9
v -2.2 0.6 0.9
v -2.2 0.7 1.2
v -2.2 0.7 1.1
v -2.2 0.7 0.9
v -2.2 0.8 1.2
v -2.2 0.8 1.1
v -2.2 0.8 0.9
v -2.2 2 1.1
v -2.2 2 0.9
v -2.2 2.1 1.4
v -2.2 2.1 1.2
v -2.2 2.1 1.1
v -2.2 2.2 1.6
v -2.2 2.2 1.5
v -2.2 2.2 1.4
v -2.2 2.2 1.2
v -2.2 2.2 -2.2
v -2.2 2.2 -2.3
v -2.2 2.6 -2.2
v -2.2 2.6 -2.3
v -2.2 2.7 1.6
v -2.2 2.7 1.5
v -2.2 2.7 1.4
v -2.2 2.8 1.5
v -2.2 2.8 1.4
v -2.2 3.9 -2
v -2.2 3.9 -2.1
v -2.2 4.1 1.2
v -2.2 4.1 1.1
v -2.2 4.2 1.2
v -2.2 4.2 1.1
v -2.2 4.2 -1.8
v -2.2 4.2 -1.9
v -2.2 4.2 -2
v -2.2 4.2 -2.1
v -2.2 4.4 -1.8
v -2.2 4.4 -1.9
v -2.2 4.5 0.6
v -2.2 4.5 0.5
v -2.2 4.5 -1.6
v -2.2 4.5 -1.7
v -2.2 4.5 -1.8
v -2.2 4.5 -1.9
v -2.2 4.7 0.6
v -2.2 4.7 0.5
v -2.2 4.7 0.4
v -2.2 4.7 -1.5
v -2.2 4.7 -1.6
v -2.2 4.8 0.6
v -2.2 4.8 0.5
v -2.2 4.8 0.4
v -2.2 4.8 0.3
v -2.2 4.8 -0.2
v -2.2 4.8 -0.7
v -2.2 4.8 -1
v -2.2 4.8 -1.1
v -2.2 4.8 -1.2
v -2.2 4.8 -1.3
v -2.2 4.9 0.3
v -2.2 4.9 0.2
v -2.2 4.9 -1
v -2.2 4.9 -1.1
v -2.2 4.9 -1.2
v -2.2 4.9 -1.3
v -2.2 5 0.3
v -2.2 5 0.2
v -2.2 5.1 0.3
v -2.2 5.1 -0.2
v -2.2 5.1 -0.7
v -2.2 5.1 -1
v -2.2 5.1 -1.5
v -2.2 5.1 -1.7
v -2.1 0 1.8
v -2.1 0 1.7
v -2.1 0 1.6
v -2.1 0.1 1.8
v -2.1 0.1 1.7
v -2.1 0.1 1.6
v -2.1 0.2 1.6
v -2.1 0.2 1.4
v -2.1 0.3 1.7
v -2.1 0.3 1.6
v -2.1 0.3 1.5
v -2.1 0.3 1.4
v -2.1 0.3 1.3
v -2.1 0.3 -0.4
v -2.1 0.3 -0.5
v -2.1 0.3 -2.2
v -2.1 0.3 -2.3
v -2.1 0.4 1.5
v -2.1 0.4 1.3
v -2.1 1.2 -2.2
v -2.1 1.2 -2.3
v -2.1 1.3 -2.2
v -2.1 1.3 -2.3
v -2.1 1.9 -0.4
v -2.1 1.9 -0.5
v -2.1 2.1 1.5
v -2.1 2.1 1.4
v -2.1 2.2 1.5
v -2.1 2.2 1.4
v -2.1 2.2 -2.2
v -2.1 2.2 -2.3
v -2.1 2.3 1.7
v -2.1 2.3 1.6
v -2.1 2.6 1.7
v -2.1 2.6 1.6
v -2.1 2.7 1.6
v -2.1 2.7 1.5
v -2.1 2.7 -2.1
v -2.1 2.7 -2.2
v -2.1 2.8 1.6
v -2.1 2.8 1.5
v -2.1 2.8 1.4
v -2.1 2.8 1.3
v -2.1 3.9 1.4
v -2.1 3.9 1.3
v -2.1 3.9 1.2
v -2.1 4.1 1.3
v -2.1 4.1 1.2
v -2.1 4.2 1.1
v -2.1 4.2 1
v -2.1 4.2 -1.9
v -2.1 4.2 -2
v -2.1 4.2 -2.1
v -2.1 4.2 -2.2
v -2.1 4.4 1.1
v -2.1 4.4 1
v -2.1 4.4 -1.9
v -2.1 4.4 -2
v -2.1 4.5 1.1
v -2.1 4.5 1
v -2.1 4.5 0.8
v -2.1 4.5 0.7
v -2.1 4.5 0.6
v -2.1 4.5 -1.7
v -2.1 4.5 -1.8
v -2.1 4.5 -1.9
v -2.1 4.5 -2
v -2.1 4.7 0.8
v -2.1 4.7 0.7
v -2.1 4.7 0.6
v -2.1 4.8 0.7
v -2.1 4.8 0.6
v -2.1 4.8 0.5
v -2.1 4.8 0.3
v -2.1 4.9 0.3
v -2.1 4.9 -1
v -2.1 4.9 -1.1
v -2.1 4.9 -1.2
v -2.1 4.9 -1.3
v -2.1 5 0.3
v -2.1 5.1 0.5
v -2.1 5.1 0.3
v -2.1 5.1 -1
v -2.1 5.1 -1.3
v -2.1 5.1 -1.7
v -2.1 5.1 -1.8
v -2.1 8.1 0.2
v -2.1 8.1 -2.38419e-07
v -2.1 8.2 0.3
v -2.1 8.2 0.2
v -2.1 8.2 -2.38419e-07
v -2.1 8.2 -0.1
v -2.1 8.4 0.3
v -2.1 8.4 0.2
v -2.1 8.4 -2.38419e-07
v -2.1 8.4 -0.1
v -2.1 8.5 0.3
v -2.1 8.5 0.2
v -2.1 8.5 0.0999999
v -2.1 8.5 -2.38419e-07
v -2.1 8.6 0.4
v -2.1 8.6 0.3
v -2.1 8.6 0.0999999
v -2.1 8.6 -2.38419e-07
v -2.1 8.8 0.4
v -2.1 8.8 0.3
v -2.1 8.8 0.0999999
v -2.1 8.8 -2.38419e-07
v -2.1 9 0.4
v -2.1 9 0.3
v -2.1 9 0.0999999
v -2.1 9 -2.38419e-07
v -2.1 9.1 0.4
v -2.1 9.1 0.3
v -2.1 9.2 0.4
v -2.1 9.2 0.3
v -2.1 9.2 0.0999999
v -2.1 9.2 -2.38419e-07
v -2.1 9.3 0.3
v -2.1 9.3 0.0999999
v -2 0.1 1.8
v -2 0.1 1.7
v -2 0.3 1.8
v -2 0.3 1.7
v -2 0.3 1.6
v -2 0.3 1.5
v -2 0.4 1.7
v -2 0.4 1.5
v -2 0.4 1.3
v -2 0.4 1.2
v -2 0.5 1.3
v -2 0.5 1.2
v -2 0.7 1.3
v -2 0.7 1.2
v -2 0.8 1.3
v -2 0.8 1.2
v -2 0.9 1.3
v -2 0.9 1.2
v -2 1 1.3
v -2 1 1.2
v -2 2.1 1.3
v -2 2.1 1.2
v -2 2.6 1.7
v -2 2.6 1.6
v -2 2.8 1.7
v -2 2.8 1.6
v -2 2.8 1.5
v -2 2.8 1.4
v -2 3.8 -2.2
v -2 3.8 -2.3
v -2 3.9 1.5
v -2 3.9 1.4
v -2 3.9 1.3
v -2 4.1 1.4
v -2 4.1 1.3
v -2 4.1 -2.2
v -2 4.1 -2.3
v -2 4.2 -2
v -2 4.2 -2.1
v -2 4.4 -2
v -2 4.4 -2.1
v -2 4.5 0.9
v -2 4.5 0.8
v -2 4.5 -1.8
v -2 4.5 -1.9
v -2 4.5 -2
v -2 4.5 -2.1
v -2 4.7 0.9
v -2 4.7 0.8
v -2 4.7 0.7
v -2 4.8 0.9
v -2 4.8 0.7
v -2 4.8 0.6
v -2 4.8 0.5
v -2 5.1 0.6
v -2 5.1 0.5
v -2 5.1 -1.8
v -2 5.1 -1.9
v -2 8 0.3
v -2 8 0.2
v -2 8 -0.1
v -2 8.1 0.4
v -2 8.1 0.3
v -2 8.1 0.2
v -2 8.1 -2.38419e-07
v -2 8.1 -0.1
v -2 8.1 -0.2
v -2 8.2 0.4
v -2 8.2 0.3
v -2 8.2 0.2
v -2 8.2 -2.38419e-07
v -2 8.2 -0.1
v -2 8.4 0.3
v -2 8.4 0.2
v -2 8.4 -2.38419e-07
v -2 8.4 -0.1
v -2 8.5 0.5
v -2 8.5 0.4
v -2 8.5 0.3
v -2 8.5 0.2
v -2 8.5 0.0999999
v -2 8.5 -2.38419e-07
v -2 8.5 -0.1
v -2 8.5 -0.2
v -2 8.6 0.4
v -2 8.6 0.3
v -2 8.6 0.0999999
v -2 8.6 -2.38419e-07
v -2 8.7 0.5
v -2 8.7 0.4
v -2 8.8 0.4
v -2 8.8 0.3
v -2 8.8 0.0999999
v -2 8.8 -2.38419e-07
v -2 9 0.5
v -2 9 0.4
v -2 9 0.3
v -2 9 0.0999999
v -2 9 -2.38419e-07
v -2 9.1 0.4
v -2 9.2 0.4
v -2 9.2 0.3
v -2 9.2 0.0999999
v -2 9.2 -2.38419e-07
v -2 9.3 0.5
v -2 9.3 0.4
v -2 9.3 0.3
v -2 9.3 0.2
v -2 9.3 0.0999999
v -2 9.3 -2.38419e-07
v -2 9.3 -0.1
v -2 9.4 0.4
v -2 9.4 0.2
v -2 9.4 -2.38419e-07
v -1.9 0 1.9
v -1.9 0 1.8
v -1.9 0.2 1.9
v -1.9 0.2 1.8
v -1.9 0.4 1.6
v -1.9 0.4 1.5
v -1.9 0.4 1.3
v -1.9 0.5 1.3
v -1.9 0.7 1.6
v -1.9 0.7 1.5
v -1.9 0.7 1.3
v -1.9 0.8 1.6
v -1.9 0.8 1.5
v -1.9 0.8 1.3
v -1.9 0.9 1.6
v -1.9 0.9 1.5
v -1.9 0.9 1.3
v -1.9 1 1.6
v -1.9 1 1.5
v -1.9 1 1.3
v -1.9 1.1 1.6
v -1.9 1.1 1.5
v -1.9 2.1 1.5
v -1.9 2.1 1.3
v -1.9 2.2 1.6
v -1.9 2.2 1.5
v -1.9 2.4 1.8
v -1.9 2.4 1.7
v -1.9 2.8 1.7
v -1.9 2.8 1.5
v -1.9 3.9 1.8
v -1.9 3.9 1.7
v -1.9 3.9 1.5
v -1.9 3.9 1.4
v -1.9 4 1.5
v -1.9 4 1.4
v -1.9 4.1 1.4
v -1.9 4.1 1.2
v -1.9 4.2 1.5
v -1.9 4.2 1.4
v -1.9 4.2 1.2
v -1.9 4.5 1.1
v -1.9 4.5 1
v -1.9 4.5 0.9
v -1.9 4.5 -1.9
v -1.9 4.5 -2
v -1.9 4.6 1
v -1.9 4.6 0.9
v -1.9 4.7 1.1
v -1.9 4.7 1
v -1.9 4.7 0.9
v -1.9 4.8 1
v -1.9 4.8 0.9
v -1.9 4.8 0.8
v -1.9 4.8 0.6
v -1.9 5.1 0.8
v -1.9 5.1 0.6
v -1.9 5.1 -1.9
v -1.9 5.1 -2
v -1.9 7.8 -2.38419e-07
v -1.9 7.8 -0.2
v -1.9 7.9 0.2
v -1.9 7.9 -2.38419e-07
v -1.9 7.9 -0.2
v -1.9 7.9 -0.3
v -1.9 8 0.4
v -1.9 8 0.3
v -1.9 8 0.2
v -1.9 8 -0.1
v -1.9 8.1 0.4
v -1.9 8.1 0.3
v -1.9 8.1 -0.1
v -1.9 8.1 -0.2
v -1.9 8.1 -0.3
v -1.9 8.2 0.5
v -1.9 8.2 0.4
v -1.9 8.2 -0.2
v -1.9 8.2 -0.3
v -1.9 8.4 -0.2
v -1.9 8.4 -0.3
v -1.9 8.5 0.5
v -1.9 8.5 0.4
v -1.9 8.5 -0.1
v -1.9 8.5 -0.2
v -1.9 8.6 0.6
v -1.9 8.6 0.5
v -1.9 8.7 0.5
v -1.9 8.8 0.6
v -1.9 8.8 0.5
v -1.9 8.8 -0.1
v -1.9 8.8 -0.2
v -1.9 9 0.6
v -1.9 9 0.5
v -1.9 9 -0.1
v -1.9 9 -0.2
v -1.9 9.2 0.6
v -1.9 9.2 0.5
v -1.9 9.2 -0.1
v -1.9 9.2 -0.2
v -1.9 9.3 0.5
v -1.9 9.3 0.4
v -1.9 9.3 -2.38419e-07
v -1.9 9.3 -0.1
v -1.9 9.4 0.5
v -1.9 9.4 0.4
v -1.9 9.4 0.3
v -1.9 9.4 0.2
v -1.9 9.4 0.0999999
v -1.9 9.4 -2.38419e-07
v -1.9 9.4 -0.1
v -1.9 9.5 0.3
v -1.9 9.5 0.0999999
v -1.8 0.2 1.9
v -1.8 0.2 1.8
v -1.8 0.3 1.9
v -1.8 0.3 1.8
v -1.8 0.3 1.7
v -1.8 0.4 1.8
v -1.8 0.4 1.7
v -1.8 2.5 1.9
v -1.8 2.5 1.8
v -1.8 2.8 1.9
v -1.8 2.8 1.8
v -1.8 2.8 1.1
v -1.8 2.8 1
v -1.8 3.5 1.1
v -1.8 3.5 1
v -1.8 3.7 -2.2
v -1.8 3.7 -2.4
v -1.8 3.8 -2.2
v -1.8 3.8 -2.3
v -1.8 3.9 1.6
v -1.8 3.9 1.5
v -1.8 4 1.5
v -1.8 4 -2.3
v -1.8 4 -2.4
v -1.8 4.1 1.6
v -1.8 4.1 1.5
v -1.8 4.1 -2.2
v -1.8 4.1 -2.3
v -1.8 4.2 1.6
v -1.8 4.2 1.5
v -1.8 4.2 1.4
v -1.8 4.2 1.1
v -1.8 4.2 -2.2
v -1.8 4.2 -2.3
v -1.8 4.3 1.4
v -1.8 4.3 1.3
v -1.8 4.3 1.1
v -1.8 4.5 1.4
v -1.8 4.5 1.3
v -1.8 4.5 1.2
v -1.8 4.5 1.1
v -1.8 4.5 -2
v -1.8 4.5 -2.1
v -1.8 4.7 1.1
v -1.8 4.7 1
v -1.8 4.8 1.2
v -1.8 4.8 1
v -1.8 4.8 0.9
v -1.8 4.8 0.8
v -1.8 5 0.9
v -1.8 5 0.8
v -1.8 5.1 0.9
v -1.8 5.1 0.8
v -1.8 5.1 -2
v -1.8 5.1 -2.1
v -1.8 7.7 0.0999999
v -1.8 7.7 -0.3
v -1.8 7.8 0.2
v -1.8 7.8 0.0999999
v -1.8 7.8 -2.38419e-07
v -1.8 7.8 -0.2
v -1.8 7.8 -0.3
v -1.8 7.8 -0.4
v -1.8 7.9 0.3
v -1.8 7.9 0.2
v -1.8 7.9 -2.38419e-07
v -1.8 7.9 -0.2
v -1.8 7.9 -0.3
v -1.8 8 0.3
v -1.8 8 0.2
v -1.8 8.1 0.5
v -1.8 8.1 0.4
v -1.8 8.1 -0.2
v -1.8 8.1 -0.3
v -1.8 8.2 0.5
v -1.8 8.2 0.4
v -1.8 8.2 -0.2
v -1.8 8.2 -0.3
v -1.8 8.2 -0.4
v -1.8 8.4 -0.2
v -1.8 8.4 -0.3
v -1.8 8.5 0.6
v -1.8 8.5 0.5
v -1.8 8.5 -0.2
v -1.8 8.5 -0.3
v -1.8 8.6 0.6
v -1.8 8.6 0.5
v -1.8 8.8 0.6
v -1.8 8.8 0.5
v -1.8 8.8 -0.1
v -1.8 8.8 -0.2
v -1.8 9 0.6
v -1.8 9 0.5
v -1.8 9 -0.1
v -1.8 9 -0.2
v -1.8 9.2 0.6
v -1.8 9.2 0.5
v -1.8 9.2 -0.1
v -1.8 9.2 -0.2
v -1.8 9.3 0.6
v -1.8 9.3 0.5
v -1.8 9.3 -0.1
v -1.8 9.3 -0.2
v -1.8 9.4 0.4
v -1.8 9.4 0.3
v -1.8 9.4 0.0999999
v -1.8 9.4 -2.38419e-07
v -1.8 9.5 0.4
v -1.8 9.5 0.3
v -1.8 9.5 0.0999999
v -1.8 9.5 -2.38419e-07
v -1.7 0 2
v -1.7 0 1.9
v -1.7 0.2 2
v -1.7 0.2 1.9
v -1.7 0.4 1.7
v -1.7 0.4 1.6
v -1.7 0.7 1.7
v -1.7 0.7 1.6
v -1.7 0.8 1.6
v -1.7 0.9 1.7
v -1.7 0.9 1.6
v -1.7 1 1.7
v -1.7 1 1.6
v -1.7 1.1 1.7
v -1.7 1.1 1.6
v -1.7 1.2 1.6
v -1.7 1.3 1.7
v -1.7 1.3 1.6
v -1.7 1.4 1.7
v -1.7 1.4 1.6
v -1.7 2.3 1.7
v -1.7 2.3 1.6
v -1.7 2.4 1.9
v -1.7 2.4 1.8
v -1.7 2.5 1.9
v -1.7 2.5 1.8
v -1.7 2.8 1.9
v -1.7 2.8 1.8
v -1.7 2.8 1.2
v -1.7 2.8 1.1
v -1.7 2.9 1.9
v -1.7 2.9 1.8
v -1.7 3.5 1.2
v -1.7 3.5 1.1
v -1.7 3.6 -2.2
v -1.7 3.6 -2.5
v -1.7 3.7 -2.2
v -1.7 3.7 -2.4
v -1.7 3.9 1.7
v -1.7 3.9 1.6
v -1.7 4 1.7
v -1.7 4 1.6
v -1.7 4 -2.3
v -1.7 4 -2.4
v -1.7 4.1 1.6
v -1.7 4.1 -2.3
v -1.7 4.1 -2.5
v -1.7 4.2 1.7
v -1.7 4.2 1.6
v -1.7 4.2 1.5
v -1.7 4.2 1.4
v -1.7 4.2 -2.1
v -1.7 4.2 -2.2
v -1.7 4.3 1.4
v -1.7 4.4 1.5
v -1.7 4.4 1.4
v -1.7 4.5 1.5
v -1.7 4.5 1.4
v -1.7 4.5 1.3
v -1.7 4.5 1.2
v -1.7 4.6 1.4
v -1.7 4.6 1.3
v -1.7 4.7 1.4
v -1.7 4.7 1.3
v -1.7 4.8 1.3
v -1.7 4.8 1.2
v -1.7 4.8 1.1
v -1.7 4.8 1
v -1.7 4.8 0.9
v -1.7 5 0.9
v -1.7 5.1 1.1
v -1.7 5.1 0.9
v -1.7 5.1 -2.1
v -1.7 5.1 -2.2
v -1.7 7.6 -2.38419e-07
v -1.7 7.6 -0.2
v -1.7 7.7 0.2
v -1.7 7.7 0.0999999
v -1.7 7.7 -2.38419e-07
v -1.7 7.7 -0.2
v -1.7 7.7 -0.3
v -1.7 7.7 -0.4
v -1.7 7.8 0.2
v -1.7 7.8 0.0999999
v -1.7 7.8 -0.3
v -1.7 7.8 -0.4
v -1.7 7.9 -0.4
v -1.7 7.9 -0.5
v -1.7 8.1 -0.4
v -1.7 8.1 -0.5
v -1.7 8.2 -0.3
v -1.7 8.2 -0.4
v -1.7 8.3 -0.3
v -1.7 8.3 -0.4
v -1.6 0 2.1
v -1.6 0 2
v -1.6 0.1 2.1
v -1.6 0.1 2
v -1.6 0.2 2
v -1.6 0.2 1.9
v -1.6 0.3 2
v -1.6 0.3 1.9
v -1.6 0.3 1.8
v -1.6 0.4 1.9
v -1.6 0.4 1.8
v -1.6 2.3 1.8
v -1.6 2.3 1.7
v -1.6 2.4 1.8
v -1.6 2.4 1.7
v -1.6 2.5 2
v -1.6 2.5 1.9
v -1.6 2.8 2
v -1.6 2.8 1.9
v -1.6 3.5 -2.1
v -1.6 3.5 -2.4
v -1.6 3.6 -2.1
v -1.6 3.6 -2.4
v -1.6 3.7 -2.5
v -1.6 3.7 -2.6
v -1.6 3.9 1.8
v -1.6 3.9 1.7
v -1.6 4 1.7
v -1.6 4 -2.5
v -1.6 4 -2.6
v -1.6 4.1 -2.3
v -1.6 4.1 -2.4
v -1.6 4.2 1.8
v -1.6 4.2 1.7
v -1.6 4.2 1.6
v -1.6 4.2 1.5
v -1.6 4.2 -2.3
v -1.6 4.2 -2.4
v -1.6 4.4 1.5
v -1.6 4.4 -2.2
v -1.6 4.4 -2.3
v -1.6 4.5 1.6
v -1.6 4.5 1.5
v -1.6 4.5 1.4
v -1.6 4.6 1.5
v -1.6 4.6 1.4
v -1.6 4.7 1.4
v -1.6 4.7 1.3
v -1.6 4.7 -2.2
v -1.6 4.7 -2.3
v -1.6 4.8 1.5
v -1.6 4.8 1.4
v -1.6 4.8 1.3
v -1.6 4.8 1.2
v -1.6 4.8 1.1
v -1.6 5 1.2
v -1.6 5 1.1
v -1.6 5.1 1.2
v -1.6 5.1 1.1
v -1.6 7.6 0.0999999
v -1.6 7.6 -2.38419e-07
v -1.6 7.6 -0.2
v -1.6 7.6 -0.3
v -1.6 7.7 0.0999999
v -1.6 7.7 -2.38419e-07
v -1.6 7.7 -0.2
v -1.6 7.7 -0.3
v -1.6 7.8 0.3
v -1.6 7.8 0.2
v -1.6 7.8 -0.4
v -1.6 7.8 -0.5
v -1.6 7.9 0.3
v -1.6 7.9 0.2
v -1.6 7.9 -0.4
v -1.6 7.9 -0.5
v -1.6 8.1 -0.4
v -1.6 8.1 -0.5
v -1.6 8.2 -0.4
v -1.6 8.2 -0.5
v -1.5 0.1 2.1
v -1.5 0.1 2
v -1.5 0.3 2.1
v -1.5 0.3 2
v -1.5 0.3 1.9
v -1.5 0.4 2
v -1.5 0.4 1.9
v -1.5 0.4 1.8
v -1.5 0.4 1.7
v -1.5 0.8 1.7
v -1.5 0.9 1.8
v -1.5 0.9 1.7
v -1.5 1.1 1.7
v -1.5 1.2 1.7
v -1.5 1.3 1.7
v -1.5 1.4 1.7
v -1.5 1.8 1.8
v -1.5 1.8 1.7
v -1.5 2.3 1.8
v -1.5 2.3 1.7
v -1.5 2.3 -2.3
v -1.5 2.3 -2.4
v -1.5 2.4 2
v -1.5 2.4 1.9
v -1.5 2.4 -2.2
v -1.5 2.4 -2.3
v -1.5 2.5 2
v -1.5 2.5 1.9
v -1.5 2.5 -2.3
v -1.5 2.5 -2.4
v -1.5 2.7 -2.2
v -1.5 2.7 -2.3
v -1.5 2.8 2
v -1.5 2.8 1.9
v -1.5 2.9 2
v -1.5 2.9 1.9
v -1.5 2.9 1.8
v -1.5 3.3 1.9
v -1.5 3.3 1.8
v -1.5 3.6 1.9
v -1.5 3.6 1.8
v -1.5 3.7 1.9
v -1.5 3.7 1.8
v -1.5 3.8 1.9
v -1.5 3.8 1.8
v -1.5 3.9 1.8
v -1.5 4.1 1.9
v -1.5 4.1 1.8
v -1.5 4.2 1.7
v -1.5 4.2 1.6
v -1.5 4.2 -2.2
v -1.5 4.2 -2.3
v -1.5 4.4 -2.2
v -1.5 4.4 -2.3
v -1.5 4.5 1.7
v -1.5 4.5 1.6
v -1.5 4.5 1.5
v -1.5 4.6 1.6
v -1.5 4.6 1.5
v -1.5 4.7 -2.2
v -1.5 4.7 -2.3
v -1.5 4.8 1.6
v -1.5 4.8 1.5
v -1.5 4.8 1.4
v -1.5 4.8 1.3
v -1.5 4.8 1.2
v -1.5 5 1.4
v -1.5 5 1.3
v -1.5 5 1.2
v -1.5 5.1 1.4
v -1.5 5.1 1.2
v -1.5 5.1 0.3
v -1.5 5.1 0.2
v -1.5 5.1 -0.1
v -1.5 5.1 -0.6
v -1.5 5.1 -1
v -1.5 5.1 -2.2
v -1.5 5.1 -2.3
v -1.5 5.2 -0.8
v -1.5 5.2 -1
v -1.5 5.3 0.3
v -1.5 5.3 0.2
v -1.5 5.3 -0.1
v -1.5 5.3 -0.6
v -1.5 5.3 -0.8
v -1.5 5.3 -1
v -1.5 5.8 -0.3
v -1.5 5.8 -0.5
v -1.5 5.9 -0.2
v -1.5 5.9 -0.3
v -1.5 5.9 -0.5
v -1.5 5.9 -0.6
v -1.5 6.1 -2.38419e-07
v -1.5 6.1 -0.2
v -1.5 6.1 -0.6
v -1.5 6.1 -0.7
v -1.5 6.2 0.0999999
v -1.5 6.2 -2.38419e-07
v -1.5 6.2 -0.2
v -1.5 6.2 -0.3
v -1.5 6.2 -0.7
v -1.5 6.2 -0.8
v -1.5 6.4 0.0999999
v -1.5 6.4 -2.38419e-07
v -1.5 6.4 -0.3
v -1.5 6.4 -0.4
v -1.5 6.4 -0.7
v -1.5 6.4 -0.8
v -1.5 6.5 -2.38419e-07
v -1.5 6.5 -0.3
v -1.5 6.5 -0.4
v -1.5 6.5 -0.7
v -1.5 7.5 -2.38419e-07
v -1.5 7.5 -0.4
v -1.5 7.6 -2.38419e-07
v -1.5 7.6 -0.3
v -1.5 7.6 -0.4
v -1.5 7.6 -0.5
v -1.5 7.7 -0.3
v -1.5 7.7 -0.4
v -1.5 7.8 -0.4
v -1.5 7.8 -0.5
v -1.4 0 2.2
v -1.4 0 2.1
v -1.4 0.2 2.2
v -1.4 0.2 2.1
v -1.4 0.4 1.9
v -1.4 0.4 1.8
v -1.4 0.9 1.8
v -1.4 1.2 1.9
v -1.4 1.2 1.8
v -1.4 1.3 1.9
v -1.4 1.3 1.8
v -1.4 1.4 1.9
v -1.4 1.4 1.8
v -1.4 1.6 1.9
v -1.4 1.6 1.8
v -1.4 1.8 1.8
v -1.4 1.9 1.9
v -1.4 1.9 1.8
v -1.4 2.1 -2.3
v -1.4 2.1 -2.4
v -1.4 2.3 -2.3
v -1.4 2.3 -2.4
v -1.4 2.4 2.1
v -1.4 2.4 2
v -1.4 2.4 1.9
v -1.4 2.4 1.8
v -1.4 2.5 -2.3
v -1.4 2.5 -2.4
v -1.4 2.7 -2.1
v -1.4 2.7 -2.3
v -1.4 2.7 -2.4
v -1.4 2.8 2.1
v -1.4 2.8 2
v -1.4 2.9 2
v -1.4 2.9 1.9
v -1.4 3.1 2
v -1.4 3.1 1.9
v -1.4 3.3 1.9
v -1.4 3.4 2
v -1.4 3.4 1.9
v -1.4 3.5 -2.1
v -1.4 3.5 -2.3
v -1.4 3.6 2
v -1.4 3.6 1.9
v -1.4 3.7 2
v -1.4 3.7 1.9
v -1.4 3.8 2
v -1.4 3.8 1.9
v -1.4 3.9 2
v -1.4 3.9 1.9
v -1.4 4.1 1.9
v -1.4 4.1 1.8
v -1.4 4.2 1.9
v -1.4 4.2 1.8
v -1.4 4.3 -2.3
v -1.4 4.3 -2.4
v -1.4 4.5 1.7
v -1.4 4.5 1.6
v -1.4 4.6 1.6
v -1.4 4.7 1.7
v -1.4 4.7 1.6
v -1.4 4.8 1.6
v -1.4 4.8 1.5
v -1.4 4.8 1.4
v -1.4 5 1.4
v -1.4 5.1 1.6
v -1.4 5.1 1.5
v -1.4 5.1 1.4
v -1.4 5.1 0.5
v -1.4 5.1 0.4
v -1.4 5.1 0.3
v -1.4 5.1 -0.1
v -1.4 5.1 -0.3
v -1.4 5.1 -0.4
v -1.4 5.1 -0.6
v -1.4 5.1 -1
v -1.4 5.1 -1.2
v -1.4 5.1 -2.3
v -1.4 5.1 -2.4
v -1.4 5.2 0.5
v -1.4 5.2 0.4
v -1.4 5.2 -0.2
v -1.4 5.2 -0.3
v -1.4 5.2 -0.4
v -1.4 5.2 -0.5
v -1.4 5.2 -1
v -1.4 5.2 -1.1
v -1.4 5.2 -1.2
v -1.4 5.3 0.4
v -1.4 5.3 0.3
v -1.4 5.3 0.2
v -1.4 5.3 0.0999999
v -1.4 5.3 -0.1
v -1.4 5.3 -0.6
v -1.4 5.3 -0.8
v -1.4 5.3 -1
v -1.4 5.4 0.4
v -1.4 5.4 0.2
v -1.4 5.4 0.0999999
v -1.4 5.4 -2.38419e-07
v -1.4 5.4 -0.2
v -1.4 5.4 -0.5
v -1.4 5.4 -0.7
v -1.4 5.4 -0.9
v -1.4 5.4 -1.1
v -1.4 5.6 0.2
v -1.4 5.6 0.0999999
v -1.4 5.6 -2.38419e-07
v -1.4 5.7 0.2
v -1.4 5.7 0.0999999
v -1.4 5.7 -2.38419e-07
v -1.4 5.7 -0.2
v -1.4 5.7 -0.6
v -1.4 5.8 -0.1
v -1.4 5.8 -0.2
v -1.4 5.8 -0.3
v -1.4 5.8 -0.5
v -1.4 5.8 -0.6
v -1.4 5.8 -0.7
v -1.4 5.9 -0.2
v -1.4 5.9 -0.3
v -1.4 5.9 -0.5
v -1.4 5.9 -0.6
v -1.4 6 -2.38419e-07
v -1.4 6 -0.1
v -1.4 6.1 0.4
v -1.4 6.1 0.3
v -1.4 6.1 0.2
v -1.4 6.1 -2.38419e-07
v -1.4 6.1 -0.1
v -1.4 6.1 -0.2
v -1.4 6.1 -0.6
v -1.4 6.1 -0.7
v -1.4 6.1 -0.9
v -1.4 6.1 -1
v -1.4 6.2 0.5
v -1.4 6.2 0.4
v -1.4 6.2 0.3
v -1.4 6.2 0.2
v -1.4 6.2 0.0999999
v -1.4 6.2 -2.38419e-07
v -1.4 6.2 -0.7
v -1.4 6.2 -0.8
v -1.4 6.2 -1
v -1.4 6.2 -1.1
v -1.4 6.3 0.4
v -1.4 6.3 0.3
v -1.4 6.4 0.5
v -1.4 6.4 0.4
v -1.4 6.4 0.3
v -1.4 6.4 0.0999999
v -1.4 6.4 -2.38419e-07
v -1.4 6.4 -0.3
v -1.4 6.4 -0.4
v -1.4 6.4 -0.7
v -1.4 6.4 -0.8
v -1.4 6.4 -1
v -1.4 6.4 -1.1
v -1.4 6.5 0.4
v -1.4 6.5 0.3
v -1.4 6.5 0.2
v -1.4 6.5 0.0999999
v -1.4 6.5 -2.38419e-07
v -1.4 6.5 -0.3
v -1.4 6.5 -0.4
v -1.4 6.5 -0.7
v -1.4 6.5 -0.8
v -1.4 6.5 -1
v -1.4 6.6 0.0999999
v -1.4 6.6 -2.38419e-07
v -1.4 6.6 -0.4
v -1.4 6.6 -0.8
v -1.4 6.8 -2.38419e-07
v -1.4 6.8 -0.1
v -1.4 6.8 -0.3
v -1.4 6.8 -0.4
v -1.4 7 -2.38419e-07
v -1.4 7 -0.1
v -1.4 7 -0.3
v -1.4 7 -0.4
v -1.4 7.2 -2.38419e-07
v -1.4 7.2 -0.1
v -1.4 7.2 -0.3
v -1.4 7.2 -0.4
v -1.4 7.3 -0.2
v -1.4 7.3 -0.3
v -1.4 7.4 -2.38419e-07
v -1.4 7.4 -0.1
v -1.4 7.4 -0.2
v -1.4 7.4 -0.3
v -1.4 7.4 -0.4
v -1.4 7.5 0.0999999
v -1.4 7.5 -2.38419e-07
v -1.4 7.5 -0.1
v -1.4 7.5 -0.4
v -1.4 7.5 -0.5
v -1.4 7.6 0.0999999
v -1.4 7.6 -2.38419e-07
v -1.4 7.6 -0.4
v -1.4 7.6 -0.5
v -1.4 7.7 -0.5
v -1.4 7.7 -0.6
v -1.4 7.9 -0.5
v -1.4 7.9 -0.6
v -1.3 0.3 2.1
v -1.3 0.3 2
v -1.3 0.4 2.1
v -1.3 0.4 2
v -1.3 2.2 -2.4
v -1.3 2.2 -2.5
v -1.3 2.3 2.2
v -1.3 2.3 1.9
v -1.3 2.4 2.1
v -1.3 2.4 1.9
v -1.3 2.6 -2.4
v -1.3 2.6 -2.5
v -1.3 2.8 2.2
v -1.3 2.8 2.1
v -1.3 2.8 2
v -1.3 3 2.1
v -1.3 3 2
v -1.3 3.1 2
v -1.3 3.2 2.1
v -1.3 3.2 2
v -1.3 3.4 2.1
v -1.3 3.4 2
v -1.3 3.5 2.1
v -1.3 3.5 2
v -1.3 3.6 2.1
v -1.3 3.6 2
v -1.3 3.7 2.1
v -1.3 3.7 2
v -1.3 3.8 2
v -1.3 3.9 2.1
v -1.3 3.9 2
v -1.3 3.9 1.9
v -1.3 4.1 2
v -1.3 4.1 1.9
v -1.3 4.2 1.8
v -1.3 4.2 1.7
v -1.3 4.2 -2.3
v -1.3 4.2 -2.4
v -1.3 4.3 1.8
v -1.3 4.3 1.7
v -1.3 4.3 -2.3
v -1.3 4.3 -2.4
v -1.3 4.4 -2.4
v -1.3 4.4 -2.5
v -1.3 4.7 1.7
v -1.3 4.7 1.6
v -1.3 4.7 -2.4
v -1.3 4.7 -2.5
v -1.3 5.1 1.8
v -1.3 5.1 1.7
v -1.3 5.1 1.6
v -1.3 5.2 0.5
v -1.3 5.2 0.4
v -1.3 5.2 -0.2
v -1.3 5.2 -0.3
v -1.3 5.2 -0.4
v -1.3 5.2 -0.5
v -1.3 5.2 -1.1
v -1.3 5.2 -1.2
v -1.3 5.3 0.4
v -1.3 5.4 0.5
v -1.3 5.4 0.4
v -1.3 5.4 0.3
v -1.3 5.4 0.2
v -1.3 5.4 -2.38419e-07
v -1.3 5.4 -0.2
v -1.3 5.4 -0.3
v -1.3 5.4 -0.4
v -1.3 5.4 -0.5
v -1.3 5.4 -0.7
v -1.3 5.4 -0.9
v -1.3 5.4 -1.1
v -1.3 5.4 -1.2
v -1.3 5.6 0.4
v -1.3 5.6 0.3
v -1.3 5.6 0.2
v -1.3 5.6 -2.38419e-07
v -1.3 5.6 -0.3
v -1.3 5.6 -0.5
v -1.3 5.7 0.2
v -1.3 5.7 -2.38419e-07
v -1.3 5.7 -0.2
v -1.3 5.7 -0.3
v -1.3 5.7 -0.6
v -1.3 5.8 -2.38419e-07
v -1.3 5.8 -0.1
v -1.3 5.8 -0.2
v -1.3 5.8 -0.6
v -1.3 5.8 -0.7
v -1.3 5.9 0.3
v -1.3 5.9 0.2
v -1.3 6 0.5
v -1.3 6 0.4
v -1.3 6 0.3
v -1.3 6 -2.38419e-07
v -1.3 6 -0.1
v -1.3 6.1 0.6
v -1.3 6.1 0.5
v -1.3 6.1 0.4
v -1.3 6.1 0.3
v -1.3 6.1 0.2
v -1.3 6.1 -0.9
v -1.3 6.1 -1
v -1.3 6.1 -1.1
v -1.3 6.1 -1.2
v -1.3 6.2 0.5
v -1.3 6.2 0.4
v -1.3 6.2 -1
v -1.3 6.2 -1.1
v -1.3 6.4 0.5
v -1.3 6.4 0.4
v -1.3 6.4 -1
v -1.3 6.4 -1.1
v -1.3 6.5 0.6
v -1.3 6.5 0.5
v -1.3 6.5 0.4
v -1.3 6.5 0.3
v -1.3 6.5 0.2
v -1.3 6.5 0.0999999
v -1.3 6.5 -0.8
v -1.3 6.5 -1
v -1.3 6.5 -1.1
v -1.3 6.5 -1.2
v -1.3 6.6 0.5
v -1.3 6.6 0.2
v -1.3 6.6 0.0999999
v -1.3 6.6 -2.38419e-07
v -1.3 6.6 -0.4
v -1.3 6.6 -0.5
v -1.3 6.6 -0.7
v -1.3 6.6 -0.8
v -1.3 6.6 -1.1
v -1.3 6.7 -0.5
v -1.3 6.7 -0.7
v -1.3 6.8 0.0999999
v -1.3 6.8 -2.38419e-07
v -1.3 6.8 -0.1
v -1.3 6.8 -0.3
v -1.3 6.8 -0.4
v -1.3 6.9 -2.38419e-07
v -1.3 6.9 -0.1
v -1.3 6.9 -0.4
v -1.3 6.9 -0.5
v -1.3 7 -2.38419e-07
v -1.3 7 -0.1
v -1.3 7 -0.3
v -1.3 7 -0.4
v -1.3 7.2 -2.38419e-07
v -1.3 7.2 -0.1
v -1.3 7.2 -0.3
v -1.3 7.2 -0.4
v -1.3 7.3 -0.3
v -1.3 7.4 0.0999999
v -1.3 7.4 -2.38419e-07
v -1.3 7.4 -0.1
v -1.3 7.4 -0.3
v -1.3 7.4 -0.4
v -1.3 7.5 0.0999999
v -1.3 7.5 -2.38419e-07
v -1.3 7.5 -0.4
v -1.3 7.5 -0.5
v -1.3 7.6 0.2
v -1.3 7.6 0.0999999
v -1.3 7.6 -0.5
v -1.3 7.6 -0.6
v -1.3 7.7 0.2
v -1.3 7.7 0.0999999
v -1.3 7.7 -0.5
v -1.3 7.7 -0.6
v -1.3 7.9 -0.5
v -1.3 7.9 -0.6
v -1.3 8 -0.5
v -1.3 8 -0.6
v -1.2 0.2 2.2
v -1.2 0.2 2.1
v -1.2 0.3 2.2
v -1.2 0.3 2.1
v -1.2 2 -2.3
v -1.2 2 -2.4
v -1.2 2.1 -2.3
v -1.2 2.1 -2.4
v -1.2 2.2 2.3
v -1.2 2.2 1.9
v -1.2 2.3 2.2
v -1.2 2.3 1.9
v -1.2 2.4 2.3
v -1.2 2.4 2.2
v -1.2 2.7 2.3
v -1.2 2.7 2.2
v -1.2 2.7 -2.3
v -1.2 2.7 -2.4
v -1.2 3.6 -2.3
v -1.2 3.6 -2.4
v -1.2 4.1 2
v -1.2 4.1 1.9
v -1.2 4.1 -2.4
v -1.2 4.1 -2.5
v -1.2 4.2 2
v -1.2 4.2 1.9
v -1.2 4.3 -2.4
v -1.2 4.3 -2.5
v -1.2 5.1 0.6
v -1.2 5.1 0.5
v -1.2 5.1 -0.3
v -1.2 5.1 -0.4
v -1.2 5.1 -1.2
v -1.2 5.1 -1.3
v -1.2 5.3 0.6
v -1.2 5.3 0.5
v -1.2 5.3 -0.3
v -1.2 5.3 -0.4
v -1.2 5.3 -1.2
v -1.2 5.3 -1.3
v -1.2 5.6 -0.2
v -1.2 5.6 -0.3
v -1.2 5.7 -0.2
v -1.2 5.7 -0.3
v -1.2 6 0.6
v -1.2 6 0.5
v -1.2 6 -1.1
v -1.2 6 -1.2
v -1.2 6.1 0.6
v -1.2 6.1 0.5
v -1.2 6.1 -1.1
v -1.2 6.1 -1.2
v -1.2 6.1 -1.3
v -1.2 6.2 0.7
v -1.2 6.2 0.6
v -1.2 6.3 0.7
v -1.2 6.3 0.6
v -1.2 6.4 0.7
v -1.2 6.4 0.6
v -1.2 6.5 0.6
v -1.2 6.5 0.5
v -1.2 6.5 -1.1
v -1.2 6.5 -1.2
v -1.2 6.5 -1.3
v -1.2 6.6 0.6
v -1.2 6.6 0.5
v -1.2 6.6 0.4
v -1.2 6.6 0.2
v -1.2 6.6 0.0999999
v -1.2 6.6 -0.7
v -1.2 6.6 -1
v -1.2 6.6 -1.1
v -1.2 6.6 -1.2
v -1.2 6.7 0.4
v -1.2 6.7 0.2
v -1.2 6.7 0.0999999
v -1.2 6.7 -0.5
v -1.2 6.7 -0.6
v -1.2 6.7 -0.7
v -1.2 6.7 -1
v -1.2 6.8 0.2
v -1.2 6.8 0.0999999
v -1.2 6.8 -0.5
v -1.2 6.8 -0.6
v -1.2 7 0.2
v -1.2 7 0.0999999
v -1.2 7 -0.5
v -1.2 7 -0.6
v -1.2 7.2 0.2
v -1.2 7.2 0.0999999
v -1.2 7.2 -0.5
v -1.2 7.2 -0.6
v -1.2 7.4 0.2
v -1.2 7.4 0.0999999
v -1.2 7.4 -0.5
v -1.2 7.4 -0.6
v -1.2 7.5 0.2
v -1.2 7.5 0.0999999
v -1.2 7.6 0.2
v -1.2 7.6 0.0999999
v -1.2 7.6 -0.5
v -1.2 7.6 -0.6
v -1.1 0 2.3
v -1.1 0 2.2
v -1.1 0.2 2.3
v -1.1 0.2 2.2
v -1.1 0.4 2
v -1.1 0.4 1.9
v -1.1 1.4 1.9
v -1.1 1.6 2
v -1.1 1.6 1.9
v -1.1 1.8 2
v -1.1 1.8 1.9
v -1.1 1.9 2
v -1.1 1.9 1.9
v -1.1 2 2
v -1.1 2 1.9
v -1.1 2.1 2.2
v -1.1 2.1 2
v -1.1 2.2 2.2
v -1.1 2.2 1.9
v -1.1 2.3 2.4
v -1.1 2.3 2.3
v -1.1 2.4 2.3
v -1.1 2.5 2.4
v -1.1 2.5 2.3
v -1.1 2.6 2.4
v -1.1 2.6 2.3
v -1.1 3.8 -2.5
v -1.1 3.8 -2.6
v -1.1 3.9 2.1
v -1.1 3.9 2
v -1.1 4.1 2.1
v -1.1 4.1 2
v -1.1 4.1 -2.5
v -1.1 4.1 -2.6
v -1.1 4.2 1.9
v -1.1 4.2 1.8
v -1.1 5.1 1.9
v -1.1 5.1 1.8
v -1.1 5.4 0.5
v -1.1 5.4 0.4
v -1.1 5.4 -0.2
v -1.1 5.4 -0.3
v -1.1 5.4 -0.4
v -1.1 5.4 -0.5
v -1.1 5.4 -1.1
v -1.1 5.4 -1.2
v -1.1 5.5 0.5
v -1.1 5.5 0.4
v -1.1 5.6 0.4
v -1.1 5.6 -0.2
v -1.1 5.6 -0.3
v -1.1 5.6 -0.4
v -1.1 5.6 -0.5
v -1.1 5.9 0.5
v -1.1 5.9 0.4
v -1.1 6 0.5
v -1.1 6 0.4
v -1.1 6 -1.1
v -1.1 6 -1.2
v -1.1 6 -1.3
v -1.1 6.1 0.7
v -1.1 6.1 0.6
v -1.1 6.1 -1.2
v -1.1 6.1 -1.3
v -1.1 6.2 0.7
v -1.1 6.2 0.6
v -1.1 6.2 -1.3
v -1.1 6.2 -1.4
v -1.1 6.4 0.7
v -1.1 6.4 0.6
v -1.1 6.4 -1.3
v -1.1 6.4 -1.4
v -1.1 6.5 0.7
v -1.1 6.5 0.6
v -1.1 6.5 -1.2
v -1.1 6.5 -1.3
v -1.1 6.6 0.5
v -1.1 6.6 0.4
v -1.1 6.6 -1
v -1.1 6.6 -1.1
v -1.1 6.6 -1.2
v -1.1 6.6 -1.3
v -1.1 6.7 0.5
v -1.1 6.7 0.4
v -1.1 6.7 -1
v -1.1 6.7 -1.1
v -1.1 6.8 0.2
v -1.1 6.8 0.0999999
v -1.1 6.8 -0.5
v -1.1 6.8 -0.6
v -1.1 6.9 0.0999999
v -1.1 7 0.2
v -1.1 7 0.0999999
v -1.1 7 -0.5
v -1.1 7 -0.6
v -1.1 7.2 0.2
v -1.1 7.2 0.0999999
v -1.1 7.2 -0.5
v -1.1 7.2 -0.6
v -1.1 7.3 0.2
v -1.1 7.3 0.0999999
v -1.1 7.4 0.2
v -1.1 7.4 0.0999999
v -1.1 7.4 -0.5
v -1.1 7.4 -0.6
v -1 0.3 2.2
v -1 0.3 2.1
v -1 0.4 2.2
v -1 0.4 2.1
v -1 2.7 2.3
v -1 2.7 2.2
v -1 2.8 2.3
v -1 2.8 2.2
v -1 4.1 2.1
v -1 4.1 2
v -1 4.2 2.1
v -1 4.2 2
v -1 5.1 0.7
v -1 5.1 0.6
v -1 5.2 0.6
v -1 5.3 0.7
v -1 5.3 0.6
v -1 6 0.7
v -1 6 0.6
v -1 6.1 0.7
v -1 6.1 0.6
v -1 6.1 -1.3
v -1 6.1 -1.4
v -1 6.2 0.8
v -1 6.2 0.7
v -1 6.2 -1.3
v -1 6.2 -1.4
v -1 6.3 0.7
v -1 6.4 0.8
v -1 6.4 0.7
v -1 6.4 -1.3
v -1 6.4 -1.4
v -1 6.5 0.7
v -1 6.5 0.6
v -1 6.5 -1.3
v -1 6.5 -1.4
v -1 6.6 0.7
v -1 6.6 0.6
v -1 6.6 -1.1
v -1 6.6 -1.2
v -1 6.7 -1.1
v -1 6.7 -1.2
v -0.9 0.2 2.3
v -0.9 0.2 2.2
v -0.9 0.3 2.3
v -0.9 0.3 2.2
v -0.9 2.2 2.4
v -0.9 2.2 2.3
v -0.9 2.3 2.4
v -0.9 2.3 2.3
v -0.9 2.6 2.4
v -0.9 2.6 2.3
v -0.9 2.7 2.4
v -0.9 2.7 2.3
v -0.9 2.8 2.2
v -0.9 2.8 2.1
v -0.9 2.9 2.2
v -0.9 2.9 2.1
v -0.9 3 2.1
v -0.9 3.1 2.1
v -0.9 4.1 2.2
v -0.9 4.1 2.1
v -0.9 4.2 2
v -0.9 4.2 1.9
v -0.9 4.4 -2.4
v -0.9 4.4 -2.5
v -0.9 4.5 2
v -0.9 4.5 1.9
v -0.9 4.5 -2.4
v -0.9 4.5 -2.5
v -0.9 5.1 0.9
v -0.9 5.1 0.7
v -0.9 5.1 -1.3
v -0.9 5.1 -1.5
v -0.9 5.2 0.9
v -0.9 5.2 0.8
v -0.9 5.2 -1.4
v -0.9 5.2 -1.5
v -0.9 5.3 0.7
v -0.9 5.3 0.5
v -0.9 5.3 -0.3
v -0.9 5.3 -0.4
v -0.9 5.3 -1.2
v -0.9 5.3 -1.3
v -0.9 5.4 0.8
v -0.9 5.4 0.6
v -0.9 5.4 -0.3
v -0.9 5.4 -0.4
v -0.9 5.4 -1.2
v -0.9 5.4 -1.4
v -0.9 5.5 0.6
v -0.9 5.5 0.5
v -0.9 5.6 0.6
v -0.9 5.6 0.5
v -0.9 5.8 0.6
v -0.9 5.8 0.5
v -0.9 6 0.6
v -0.9 6 0.5
v -0.9 6 -1.3
v -0.9 6 -1.4
v -0.9 6.1 0.8
v -0.9 6.1 0.7
v -0.9 6.1 -1.3
v -0.9 6.1 -1.4
v -0.9 6.2 0.8
v -0.9 6.2 0.7
v -0.9 6.2 -1.4
v -0.9 6.2 -1.5
v -0.9 6.4 0.8
v -0.9 6.4 0.7
v -0.9 6.4 -1.4
v -0.9 6.4 -1.5
v -0.9 6.5 0.8
v -0.9 6.5 0.7
v -0.9 6.5 -1.3
v -0.9 6.5 -1.4
v -0.9 6.6 0.6
v -0.9 6.6 0.5
v -0.9 6.6 -1.3
v -0.9 6.6 -1.4
v -0.9 6.7 0.6
v -0.9 6.7 0.5
v -0.8 0 2.4
v -0.8 0 2.3
v -0.8 0.2 2.4
v -0.8 0.2 2.3
v -0.8 0.4 2.1
v -0.8 0.4 2
v -0.8 1.9 2
v -0.8 2 2.1
v -0.8 2 2
v -0.8 2.1 2.3
v -0.8 2.1 2.2
v -0.8 2.1 2.1
v -0.8 2.1 2
v -0.8 2.2 2.3
v -0.8 2.2 2.2
v -0.8 2.3 2.5
v -0.8 2.3 2.4
v -0.8 2.4 2.4
v -0.8 2.5 2.4
v -0.8 2.6 2.5
v -0.8 2.6 2.4
v -0.8 5.2 0.9
v -0.8 5.2 0.8
v -0.8 5.2 -1.4
v -0.8 5.2 -1.5
v -0.8 5.4 0.9
v -0.8 5.4 0.8
v -0.8 5.4 0.6
v -0.8 5.4 -0.2
v -0.8 5.4 -0.4
v -0.8 5.4 -1.2
v -0.8 5.4 -1.4
v -0.8 5.4 -1.5
v -0.8 5.5 0.6
v -0.8 5.6 0.8
v -0.8 5.6 0.6
v -0.8 5.7 0.8
v -0.8 5.7 0.6
v -0.8 5.7 -0.2
v -0.8 5.7 -0.4
v -0.8 5.8 0.6
v -0.8 6 0.7
v -0.8 6 0.6
v -0.8 6 -1.2
v -0.8 6 -1.4
v -0.8 6.1 0.8
v -0.8 6.1 0.7
v -0.8 6.1 -1.4
v -0.8 6.1 -1.5
v -0.8 6.2 0.9
v -0.8 6.2 0.8
v -0.8 6.2 -1.4
v -0.8 6.2 -1.5
v -0.8 6.4 0.9
v -0.8 6.4 0.8
v -0.8 6.4 -1.4
v -0.8 6.4 -1.5
v -0.8 6.5 0.8
v -0.8 6.5 0.7
v -0.8 6.5 -1.4
v -0.8 6.5 -1.5
v -0.8 6.6 0.8
v -0.8 6.6 0.7
v -0.8 6.6 -1.2
v -0.8 6.6 -1.3
v -0.8 6.7 -1.2
v -0.8 6.7 -1.3
v -0.7 0.3 2.3
v -0.7 0.3 2.2
v -0.7 0.4 2.3
v -0.7 0.4 2.2
v -0.7 5.1 1
v -0.7 5.1 0.9
v -0.7 5.1 -1.5
v -0.7 5.1 -1.6
v -0.7 5.3 1
v -0.7 5.3 0.9
v -0.7 5.3 -1.5
v -0.7 5.3 -1.6
v -0.7 6.1 0.9
v -0.7 6.1 0.8
v -0.7 6.2 0.9
v -0.7 6.2 0.8
v -0.7 6.4 0.9
v -0.7 6.4 0.8
v -0.7 6.5 0.9
v -0.7 6.5 0.8
v -0.7 6.6 0.7
v -0.7 6.6 0.6
v -0.7 6.7 0.7
v -0.7 6.7 0.6
v -0.6 5.1 -1.6
v -0.6 5.1 -1.8
v -0.6 5.2 -1.7
v -0.6 5.2 -1.8
v -0.6 5.3 -1.6
v -0.6 5.3 -1.7
v -0.6 5.4 0.9
v -0.6 5.4 0.8
v -0.6 5.4 -0.1
v -0.6 5.4 -0.2
v -0.6 5.4 -1.4
v -0.6 5.4 -1.5
v -0.6 5.5 0.8
v -0.6 5.7 0.8
v -0.6 5.8 0.9
v -0.6 5.8 0.8
v -0.6 5.9 -0.1
v -0.6 5.9 -0.2
v -0.6 6.1 0.9
v -0.6 6.1 0.8
v -0.6 6.1 -0.1
v -0.6 6.1 -0.2
v -0.6 6.1 -1.4
v -0.6 6.1 -1.5
v -0.5 5.1 -1.8
v -0.5 5.1 -1.9
v -0.5 5.2 -1.7
v -0.5 5.2 -1.8
v -0.5 5.3 -1.5
v -0.5 5.3 -1.7
v -0.5 5.3 -1.8
v -0.5 5.3 -1.9
v -0.5 5.4 -1.5
v -0.5 5.4 -1.8
v -0.5 6.6 -0.8
v -0.5 6.6 -0.9
v -0.5 6.7 -0.9
v -0.5 6.7 -1.2
v -0.5 6.8 -0.8
v -0.5 6.8 -0.9
v -0.5 6.8 -1.1
v -0.5 6.8 -1.2
v -0.5 6.9 -0.9
v -0.5 6.9 -1.1
v -0.4 4.3 -2.2
v -0.4 4.3 -2.4
v -0.4 4.4 -2.2
v -0.4 4.4 -2.4
v -0.4 5 -1.9
v -0.4 5 -2
v -0.4 5.1 1.1
v -0.4 5.1 1
v -0.4 5.2 1
v -0.4 5.2 -1.9
v -0.4 5.2 -2
v -0.4 5.3 1.1
v -0.4 5.3 1
v -0.4 5.3 0.9
v -0.4 5.3 0.0999999
v -0.4 5.3 -0.1
v -0.4 5.3 -1.8
v -0.4 5.3 -1.9
v -0.4 5.4 1
v -0.4 5.4 0.9
v -0.4 5.4 0.0999999
v -0.4 5.4 -2.38419e-07
v -0.4 5.4 -1.5
v -0.4 5.4 -1.7
v -0.4 5.4 -1.8
v -0.4 5.4 -1.9
v -0.4 5.5 -1.5
v -0.4 5.5 -1.7
v -0.4 5.9 -0.1
v -0.4 6 -2.38419e-07
v -0.4 6 -0.1
v -0.4 6.2 -2.38419e-07
v -0.4 6.3 -2.38419e-07
v -0.4 6.3 -0.1
v -0.4 6.5 -0.7
v -0.4 6.5 -0.8
v -0.4 6.7 -1.2
v -0.4 6.7 -1.3
v -0.4 6.8 -0.8
v -0.4 6.8 -0.9
v -0.4 6.8 -1.1
v -0.4 6.8 -1.2
v -0.4 6.9 -0.7
v -0.4 6.9 -0.8
v -0.4 6.9 -0.9
v -0.4 6.9 -1.1
v -0.4 6.9 -1.2
v -0.4 6.9 -1.3
v -0.4 7 -0.8
v -0.4 7 -1.2
v -0.3 4.9 -1.9
v -0.3 4.9 -2
v -0.3 5 -1.9
v -0.3 5 -2
v -0.3 5.1 1.2
v -0.3 5.1 1.1
v -0.3 5.2 1.2
v -0.3 5.2 1.1
v -0.3 5.2 -1.9
v -0.3 5.2 -2
v -0.3 5.3 1.1
v -0.3 5.3 1
v -0.3 5.3 -1.9
v -0.3 5.3 -2
v -0.3 5.4 1.1
v -0.3 5.4 1
v -0.3 5.4 0.9
v -0.3 5.4 0.8
v -0.3 5.4 0.2
v -0.3 5.4 -2.38419e-07
v -0.3 5.4 -1.4
v -0.3 5.4 -1.5
v -0.3 5.4 -1.7
v -0.3 5.4 -1.8
v -0.3 5.5 0.9
v -0.3 5.5 0.8
v -0.3 5.5 -1.4
v -0.3 5.5 -1.5
v -0.3 5.5 -1.7
v -0.3 5.5 -1.8
v -0.3 5.9 -1.4
v -0.3 5.9 -1.5
v -0.3 6 0.2
v -0.3 6 -2.38419e-07
v -0.3 6.1 0.2
v -0.3 6.1 0.0999999
v -0.3 6.1 -1.4
v -0.3 6.1 -1.5
v -0.3 6.3 0.0999999
v -0.3 6.3 -2.38419e-07
v -0.3 6.6 -0.6
v -0.3 6.6 -0.7
v -0.3 6.6 -1.3
v -0.3 6.6 -1.4
v -0.3 6.8 -0.6
v -0.3 6.8 -0.7
v -0.3 6.8 -1.3
v -0.3 6.8 -1.4
v -0.3 6.9 -0.7
v -0.3 6.9 -0.8
v -0.3 6.9 -1.2
v -0.3 6.9 -1.3
v -0.3 7 -0.7
v -0.3 7 -0.8
v -0.3 7 -0.9
v -0.3 7 -1.1
v -0.3 7 -1.2
v -0.3 7 -1.3
v -0.3 7.1 -0.9
v -0.3 7.1 -1.1
v -0.2 4.8 -1.9
v -0.2 4.8 -2
v -0.2 4.9 -1.9
v -0.2 4.9 -2
v -0.2 5.2 1.2
v -0.2 5.2 1.1
v -0.2 5.3 1.2
v -0.2 5.3 1.1
v -0.2 5.4 1
v -0.2 5.4 0.9
v -0.2 5.5 1
v -0.2 5.5 0.9
v -0.2 5.8 -1.4
v -0.2 5.8 -1.5
v -0.2 5.9 -1.4
v -0.2 5.9 -1.5
v -0.2 6.5 -0.6
v -0.2 6.5 -0.7
v -0.2 6.6 -0.6
v -0.2 6.6 -0.7
v -0.2 6.8 -0.6
v -0.2 6.8 -0.7
v -0.2 6.8 -1.3
v -0.2 6.8 -1.4
v -0.2 6.9 -0.6
v -0.2 6.9 -0.7
v -0.2 6.9 -1.3
v -0.2 6.9 -1.4
v -0.2 7 -0.8
v -0.2 7 -0.9
v -0.2 7 -1.1
v -0.2 7 -1.2
v -0.2 7.1 -0.8
v -0.2 7.1 -0.9
v -0.2 7.1 -1.1
v -0.2 7.1 -1.2
v -0.0999999 5.4 0.3
v -0.0999999 5.4 0.2
v -0.0999999 6.1 0.3
v -0.0999999 6.1 0.2
v -0.0999999 6.2 0.3
v -0.0999999 6.3 0.3
v -0.0999999 6.3 0.2
v 0.1 0.3 2.3
v 0.1 0.3 2.2
v 0.1 0.3 -2.2
v 0.1 0.3 -2.3
v 0.1 0.4 2.3
v 0.1 0.4 2.2
v 0.1 0.5 -2.2
v 0.1 0.5 -2.3
v 0.1 0.6 -2.2
v 0.1 0.8 -2.2
v 0.1 0.8 -2.3
v 0.1 0.9 -2.2
v 0.1 2 -2.2
v 0.1 2 -2.3
v 0.1 2.1 2.3
v 0.1 2.1 2.1
v 0.1 2.2 2.3
v 0.1 2.2 2.1
v 0.1 2.3 2.5
v 0.1 2.3 2.4
v 0.1 2.4 2.4
v 0.1 2.6 2.5
v 0.1 2.6 2.4
v 0.1 5.1 -0.7
v 0.1 5.1 -0.9
v 0.1 5.2 -1.9
v 0.1 5.2 -2
v 0.1 5.3 0.5
v 0.1 5.3 0.3
v 0.1 5.3 -0.5
v 0.1 5.3 -0.7
v 0.1 5.3 -0.9
v 0.1 5.3 -1.3
v 0.1 5.3 -1.9
v 0.1 5.3 -2
v 0.1 5.4 0.6
v 0.1 5.4 0.5
v 0.1 5.4 0.4
v 0.1 5.4 0.3
v 0.1 5.4 -0.6
v 0.1 5.4 -1
v 0.1 5.4 -1.2
v 0.1 5.4 -1.3
v 0.1 5.4 -1.4
v 0.1 5.4 -1.5
v 0.1 5.4 -1.7
v 0.1 5.4 -1.8
v 0.1 5.5 0.6
v 0.1 5.5 -1.4
v 0.1 5.5 -1.5
v 0.1 5.5 -1.7
v 0.1 5.5 -1.8
v 0.1 5.6 -1
v 0.1 5.6 -1.2
v 0.1 6 0.6
v 0.1 6 0.5
v 0.1 6.1 0.5
v 0.1 6.1 0.4
v 0.1 6.1 -0.5
v 0.1 6.2 0.7
v 0.1 6.2 0.6
v 0.1 6.2 0.4
v 0.1 6.2 0.3
v 0.1 6.3 0.3
v 0.1 6.3 -0.5
v 0.1 6.3 -0.6
v 0.1 6.4 0.7
v 0.1 6.4 0.6
v 0.1 6.4 0.4
v 0.1 6.4 0.3
v 0.1 6.4 -1.4
v 0.1 6.4 -1.5
v 0.1 6.5 0.6
v 0.1 6.5 0.4
v 0.1 6.5 -1.4
v 0.1 6.5 -1.5
v 0.2 4.3 -2.2
v 0.2 4.3 -2.4
v 0.2 4.4 -2.2
v 0.2 4.4 -2.4
v 0.2 5.4 0.4
v 0.2 5.4 0.2
v 0.2 5.4 -0.6
v 0.2 5.4 -1
v 0.2 5.4 -1.2
v 0.2 5.4 -1.4
v 0.2 5.5 0.8
v 0.2 5.5 0.7
v 0.2 5.5 0.6
v 0.2 5.5 -1.4
v 0.2 5.6 0.7
v 0.2 5.6 0.6
v 0.2 5.6 -0.9
v 0.2 5.6 -1
v 0.2 5.6 -1.2
v 0.2 5.6 -1.3
v 0.2 5.7 0.8
v 0.2 5.7 0.7
v 0.2 5.7 -0.8
v 0.2 5.7 -0.9
v 0.2 5.7 -1.3
v 0.2 5.7 -1.4
v 0.2 5.8 0.7
v 0.2 5.8 0.6
v 0.2 5.8 -0.7
v 0.2 5.8 -0.8
v 0.2 6 0.8
v 0.2 6 0.6
v 0.2 6.1 0.8
v 0.2 6.1 0.7
v 0.2 6.1 0.4
v 0.2 6.1 0.2
v 0.2 6.2 0.7
v 0.2 6.2 0.6
v 0.2 6.2 0.4
v 0.2 6.2 0.3
v 0.2 6.2 0.2
v 0.2 6.3 0.2
v 0.2 6.3 -0.6
v 0.2 6.3 -0.7
v 0.2 6.4 0.7
v 0.2 6.4 0.6
v 0.2 6.4 0.4
v 0.2 6.4 0.3
v 0.2 6.4 0.2
v 0.2 6.5 0.8
v 0.2 6.5 0.7
v 0.2 6.5 0.6
v 0.2 6.5 0.4
v 0.2 6.5 0.3
v 0.2 6.5 0.2
v 0.2 6.6 0.7
v 0.2 6.6 0.6
v 0.2 6.6 0.3
v 0.3 2.8 1.8
v 0.3 2.8 1.7
v 0.3 3.6 1.8
v 0.3 3.6 1.7
v 0.3 6.2 0.9
v 0.3 6.2 0.8
v 0.3 6.3 0.2
v 0.3 6.3 0.0999999
v 0.3 6.4 0.9
v 0.3 6.4 0.8
v 0.3 6.4 0.2
v 0.3 6.5 0.8
v 0.3 6.5 0.7
v 0.3 6.5 0.3
v 0.3 6.5 0.2
v 0.3 6.5 0.0999999
v 0.3 6.6 0.8
v 0.3 6.6 0.7
v 0.3 6.6 0.6
v 0.3 6.6 0.4
v 0.3 6.6 0.3
v 0.3 6.6 0.2
v 0.3 6.7 0.6
v 0.3 6.7 0.4
v 0.4 5.4 0.9
v 0.4 5.4 0.8
v 0.4 5.4 0.2
v 0.4 5.4 0.0999999
v 0.4 5.4 -1.4
v 0.4 5.4 -1.5
v 0.4 5.5 0.9
v 0.4 5.5 0.8
v 0.4 5.5 -1.5
v 0.4 5.6 0.8
v 0.4 5.6 0.2
v 0.4 5.6 0.0999999
v 0.4 5.8 0.2
v 0.4 5.8 0.0999999
v 0.4 5.9 0.9
v 0.4 5.9 0.8
v 0.4 6 0.2
v 0.4 6 0.0999999
v 0.4 6.1 0.9
v 0.4 6.1 0.8
v 0.4 6.1 0.2
v 0.4 6.1 0.0999999
v 0.4 6.1 -1.4
v 0.4 6.1 -1.5
v 0.4 6.2 0.9
v 0.4 6.2 0.8
v 0.4 6.2 0.0999999
v 0.4 6.2 -2.38419e-07
v 0.4 6.3 -2.38419e-07
v 0.4 6.4 0.9
v 0.4 6.4 0.8
v 0.4 6.4 0.0999999
v 0.4 6.4 -2.38419e-07
v 0.4 6.5 0.9
v 0.4 6.5 0.8
v 0.4 6.5 0.2
v 0.4 6.5 0.0999999
v 0.4 6.6 0.7
v 0.4 6.6 0.6
v 0.4 6.6 0.4
v 0.4 6.6 0.3
v 0.4 6.6 0.2
v 0.4 6.6 0.0999999
v 0.4 6.7 0.7
v 0.4 6.7 0.6
v 0.4 6.7 0.4
v 0.4 6.7 0.3
v 0.5 4.5 -1.9
v 0.5 4.5 -2
v 0.5 5.1 -1.9
v 0.5 5.1 -2
v 0.5 6.1 0.0999999
v 0.5 6.1 -2.38419e-07
v 0.5 6.2 0.0999999
v 0.5 6.2 -2.38419e-07
v 0.5 6.3 -0.6
v 0.5 6.3 -0.7
v 0.5 6.4 0.0999999
v 0.5 6.4 -2.38419e-07
v 0.5 6.4 -0.6
v 0.5 6.4 -0.7
v 0.5 6.5 0.0999999
v 0.5 6.5 -2.38419e-07
v 0.5 6.5 -0.7
v 0.5 6.5 -0.8
v 0.5 6.6 0.3
v 0.5 6.6 0.2
v 0.5 6.6 -0.7
v 0.5 6.6 -0.8
v 0.5 6.7 0.3
v 0.5 6.7 0.2
v 0.6 4.4 2
v 0.6 4.4 1.9
v 0.6 4.5 2
v 0.6 4.5 1.9
v 0.6 5.3 0.0999999
v 0.6 5.3 -0.1
v 0.6 5.4 -2.38419e-07
v 0.6 5.4 -0.1
v 0.6 5.9 0.0999999
v 0.6 5.9 -2.38419e-07
v 0.6 6 0.0999999
v 0.6 6.1 0.0999999
v 0.6 6.1 -2.38419e-07
v 0.6 6.1 -0.1
v 0.6 6.3 -0.1
v 0.6 6.3 -0.3
v 0.6 6.3 -0.4
v 0.6 6.3 -0.5
v 0.6 6.3 -0.6
v 0.6 6.4 -0.2
v 0.6 6.4 -0.3
v 0.6 6.4 -0.4
v 0.6 6.4 -0.5
v 0.6 6.4 -0.6
v 0.6 6.4 -0.7
v 0.6 6.5 0.0999999
v 0.6 6.5 -2.38419e-07
v 0.6 6.5 -0.1
v 0.6 6.5 -0.2
v 0.6 6.5 -0.3
v 0.6 6.5 -0.5
v 0.6 6.5 -0.7
v 0.6 6.6 0.0999999
v 0.6 6.6 -2.38419e-07
v 0.6 6.6 -0.1
v 0.6 6.6 -0.3
v 0.6 6.6 -0.4
v 0.6 6.6 -0.8
v 0.6 6.6 -0.9
v 0.6 6.7 -0.8
v 0.6 6.7 -0.9
v 0.6 6.8 -2.38419e-07
v 0.6 6.8 -0.1
v 0.6 6.8 -0.3
v 0.6 6.8 -0.4
v 0.6 7 -2.38419e-07
v 0.6 7 -0.1
v 0.6 7 -0.3
v 0.6 7 -0.4
v 0.6 7.2 -2.38419e-07
v 0.6 7.2 -0.1
v 0.6 7.2 -0.3
v 0.6 7.2 -0.4
v 0.6 7.4 -2.38419e-07
v 0.6 7.4 -0.1
v 0.6 7.4 -0.3
v 0.6 7.4 -0.4
v 0.6 7.6 -2.38419e-07
v 0.6 7.6 -0.1
v 0.6 7.6 -0.3
v 0.6 7.6 -0.4
v 0.6 7.7 -0.1
v 0.6 7.7 -0.3
v 0.7 4.3 -2.2
v 0.7 4.3 -2.4
v 0.7 4.4 -2.2
v 0.7 4.4 -2.4
v 0.7 4.5 -2
v 0.7 4.5 -2.1
v 0.7 4.8 -2
v 0.7 4.8 -2.1
v 0.7 5.4 -2.38419e-07
v 0.7 5.4 -0.2
v 0.7 5.9 -2.38419e-07
v 0.7 5.9 -0.2
v 0.7 6.1 -2.38419e-07
v 0.7 6.1 -0.2
v 0.7 6.3 -0.3
v 0.7 6.3 -0.4
v 0.7 6.4 -0.2
v 0.7 6.4 -0.3
v 0.7 6.4 -0.4
v 0.7 6.4 -0.5
v 0.7 6.5 -2.38419e-07
v 0.7 6.5 -0.1
v 0.7 6.5 -0.2
v 0.7 6.5 -0.3
v 0.7 6.5 -0.5
v 0.7 6.5 -0.7
v 0.7 6.6 0.2
v 0.7 6.6 0.0999999
v 0.7 6.6 -2.38419e-07
v 0.7 6.6 -0.1
v 0.7 6.6 -0.3
v 0.7 6.6 -0.4
v 0.7 6.6 -0.5
v 0.7 6.6 -0.7
v 0.7 6.7 0.2
v 0.7 6.7 0.0999999
v 0.7 6.8 -2.38419e-07
v 0.7 6.8 -0.1
v 0.7 6.8 -0.3
v 0.7 6.8 -0.4
v 0.7 7 -2.38419e-07
v 0.7 7 -0.1
v 0.7 7 -0.3
v 0.7 7 -0.4
v 0.7 7.2 -2.38419e-07
v 0.7 7.2 -0.1
v 0.7 7.2 -0.3
v 0.7 7.2 -0.4
v 0.7 7.4 -2.38419e-07
v 0.7 7.4 -0.1
v 0.7 7.4 -0.3
v 0.7 7.4 -0.4
v 0.7 7.6 -2.38419e-07
v 0.7 7.6 -0.1
v 0.7 7.6 -0.3
v 0.7 7.6 -0.4
v 0.7 7.7 0.0999999
v 0.7 7.7 -2.38419e-07
v 0.7 7.7 -0.1
v 0.7 7.7 -0.3
v 0.7 7.7 -0.4
v 0.7 7.7 -0.5
v 0.7 7.8 -2.38419e-07
v 0.7 7.8 -0.1
v 0.7 7.8 -0.3
v 0.7 7.8 -0.4
v 0.8 4.4 -2.1
v 0.8 4.4 -2.4
v 0.8 4.4 -2.5
v 0.8 4.5 -2.2
v 0.8 4.5 -2.5
v 0.8 4.8 -2
v 0.8 4.8 -2.1
v 0.8 4.8 -2.2
v 0.8 4.8 -2.4
v 0.8 4.9 -2.1
v 0.8 4.9 -2.4
v 0.8 5.1 -2
v 0.8 5.1 -2.1
v 0.8 6.6 -0.5
v 0.8 6.6 -0.8
v 0.8 6.7 0.2
v 0.8 6.7 0.0999999
v 0.8 6.7 -0.6
v 0.8 6.7 -0.8
v 0.8 6.8 0.2
v 0.8 6.8 0.0999999
v 0.8 6.8 -0.5
v 0.8 6.8 -0.6
v 0.8 7 0.2
v 0.8 7 0.0999999
v 0.8 7 -0.5
v 0.8 7 -0.6
v 0.8 7.2 0.2
v 0.8 7.2 0.0999999
v 0.8 7.2 -0.5
v 0.8 7.2 -0.6
v 0.8 7.4 0.2
v 0.8 7.4 0.0999999
v 0.8 7.4 -0.5
v 0.8 7.4 -0.6
v 0.8 7.6 0.2
v 0.8 7.6 0.0999999
v 0.8 7.6 -0.5
v 0.8 7.6 -0.6
v 0.8 7.7 0.0999999
v 0.8 7.7 -2.38419e-07
v 0.8 7.7 -0.4
v 0.8 7.7 -0.5
v 0.8 7.8 0.0999999
v 0.8 7.8 -2.38419e-07
v 0.8 7.8 -0.1
v 0.8 7.8 -0.3
v 0.8 7.8 -0.4
v 0.8 7.8 -0.5
v 0.8 7.9 -2.38419e-07
v 0.8 7.9 -0.1
v 0.8 7.9 -0.2
v 0.8 7.9 -0.3
v 0.8 7.9 -0.4
v 0.8 8 -0.1
v 0.8 8 -0.2
v 0.8 8 -0.3
v 0.9 4.2 -2.4
v 0.9 4.2 -2.5
v 0.9 4.3 -2.4
v 0.9 4.3 -2.5
v 0.9 4.5 -2.2
v 0.9 4.5 -2.4
v 0.9 4.8 -2.2
v 0.9 4.8 -2.4
v 0.9 4.9 -2.1
v 0.9 4.9 -2.3
v 0.9 5.1 -2.1
v 0.9 5.1 -2.3
v 0.9 5.4 -0.2
v 0.9 5.4 -0.3
v 0.9 5.6 -0.3
v 0.9 5.6 -0.4
v 0.9 5.7 -0.2
v 0.9 5.7 -0.4
v 0.9 6.8 0.2
v 0.9 6.8 0.0999999
v 0.9 6.8 -0.5
v 0.9 6.8 -0.6
v 0.9 7 0.2
v 0.9 7 0.0999999
v 0.9 7 -0.5
v 0.9 7 -0.6
v 0.9 7.2 0.2
v 0.9 7.2 0.0999999
v 0.9 7.2 -0.5
v 0.9 7.2 -0.6
v 0.9 7.3 0.2
v 0.9 7.3 0.0999999
v 0.9 7.4 0.2
v 0.9 7.4 0.0999999
v 0.9 7.4 -0.5
v 0.9 7.4 -0.6
v 0.9 7.6 0.2
v 0.9 7.6 0.0999999
v 0.9 7.6 -0.5
v 0.9 7.6 -0.6
v 0.9 7.7 0.2
v 0.9 7.7 0.0999999
v 0.9 7.7 -0.5
v 0.9 7.7 -0.6
v 0.9 7.8 0.0999999
v 0.9 7.8 -2.38419e-07
v 0.9 7.8 -0.4
v 0.9 7.8 -0.5
v 0.9 7.9 0.0999999
v 0.9 7.9 -2.38419e-07
v 0.9 7.9 -0.1
v 0.9 7.9 -0.3
v 0.9 7.9 -0.4
v 0.9 8 0.0999999
v 0.9 8 -2.38419e-07
v 0.9 8 -0.1
v 0.9 8 -0.2
v 0.9 8 -0.3
v 0.9 8 -0.4
v 0.9 8 -0.5
v 0.9 8.1 -2.38419e-07
v 0.9 8.1 -0.2
v 0.9 8.1 -0.4
v 1 4.4 -2.4
v 1 4.4 -2.5
v 1 4.7 -2.4
v 1 4.7 -2.5
v 1 7.7 0.2
v 1 7.7 0.0999999
v 1 7.7 -0.5
v 1 7.7 -0.6
v 1 7.8 0.0999999
v 1 7.9 0.2
v 1 7.9 0.0999999
v 1 7.9 -0.5
v 1 7.9 -0.6
v 1 8 0.0999999
v 1 8 -2.38419e-07
v 1 8 -0.4
v 1 8 -0.5
v 1 8.1 0.0999999
v 1 8.1 -2.38419e-07
v 1 8.1 -0.1
v 1 8.1 -0.2
v 1 8.1 -0.3
v 1 8.1 -0.4
v 1 8.1 -0.5
v 1 8.2 -0.1
v 1 8.2 -0.2
v 1 8.2 -0.3
v 1.1 7.9 0.2
v 1.1 7.9 0.0999999
v 1.1 7.9 -0.5
v 1.1 7.9 -0.6
v 1.1 8 0.2
v 1.1 8 0.0999999
v 1.1 8 -0.5
v 1.1 8 -0.6
v 1.1 8.1 -2.38419e-07
v 1.1 8.1 -0.1
v 1.1 8.1 -0.3
v 1.1 8.1 -0.4
v 1.1 8.2 -2.38419e-07
v 1.1 8.2 -0.1
v 1.1 8.2 -0.3
v 1.1 8.2 -0.4
v 1.2 3.6 -2.4
v 1.2 3.6 -2.5
v 1.2 3.7 -2.4
v 1.2 3.7 -2.5
v 1.2 8 0.2
v 1.2 8 0.0999999
v 1.2 8.1 0.0999999
v 1.2 8.1 -2.38419e-07
v 1.2 8.2 0.2
v 1.2 8.2 0.0999999
v 1.2 8.2 -2.38419e-07
v 1.2 8.2 -0.3
v 1.2 8.3 0.0999999
v 1.2 8.3 -0.3
v 1.3 3.5 -2.3
v 1.3 3.5 -2.4
v 1.3 3.6 -2.3
v 1.3 3.6 -2.4
v 1.3 3.7 -2.5
v 1.3 3.7 -2.6
v 1.3 4 -2.5
v 1.3 4 -2.6
v 1.3 7.9 0.3
v 1.3 7.9 0.2
v 1.3 8 0.2
v 1.3 8.1 0.3
v 1.3 8.1 0.2
v 1.3 8.2 0.3
v 1.3 8.2 0.2
v 1.3 8.2 0.0999999
v 1.3 8.2 -0.3
v 1.3 8.2 -0.4
v 1.3 8.3 0.2
v 1.3 8.3 0.0999999
v 1.3 8.3 -0.2
v 1.3 8.3 -0.3
v 1.3 8.3 -0.4
v 1.3 8.4 0.3
v 1.3 8.4 0.2
v 1.3 8.4 0.0999999
v 1.3 8.4 -2.38419e-07
v 1.3 8.4 -0.2
v 1.3 8.5 0.3
v 1.3 8.5 0.2
v 1.3 8.5 0.0999999
v 1.3 8.5 -2.38419e-07
v 1.3 8.6 0.4
v 1.3 8.6 0.3
v 1.3 8.6 0.0999999
v 1.3 8.6 -2.38419e-07
v 1.3 8.7 0.4
v 1.3 8.7 0.3
v 1.3 8.8 0.4
v 1.3 8.8 0.3
v 1.3 8.8 0.0999999
v 1.3 8.8 -2.38419e-07
v 1.3 9 0.4
v 1.3 9 0.3
v 1.3 9 0.0999999
v 1.3 9 -2.38419e-07
v 1.3 9.2 0.4
v 1.3 9.2 0.3
v 1.3 9.2 0.0999999
v 1.3 9.2 -2.38419e-07
v 1.3 9.3 0.3
v 1.3 9.3 0.0999999
v 1.4 7.8 0.3
v 1.4 7.8 0.2
v 1.4 7.9 0.3
v 1.4 7.9 0.2
v 1.4 8.1 0.4
v 1.4 8.1 0.3
v 1.4 8.1 0.2
v 1.4 8.1 -0.4
v 1.4 8.1 -0.5
v 1.4 8.2 0.4
v 1.4 8.2 0.3
v 1.4 8.2 0.2
v 1.4 8.2 -0.4
v 1.4 8.2 -0.5
v 1.4 8.3 -0.2
v 1.4 8.3 -0.3
v 1.4 8.4 0.3
v 1.4 8.4 0.2
v 1.4 8.4 -2.38419e-07
v 1.4 8.4 -0.2
v 1.4 8.4 -0.3
v 1.4 8.5 0.5
v 1.4 8.5 0.4
v 1.4 8.5 0.3
v 1.4 8.5 0.2
v 1.4 8.5 0.0999999
v 1.4 8.5 -2.38419e-07
v 1.4 8.5 -0.1
v 1.4 8.5 -0.2
v 1.4 8.6 0.5
v 1.4 8.6 0.4
v 1.4 8.6 0.3
v 1.4 8.6 0.0999999
v 1.4 8.6 -2.38419e-07
v 1.4 8.7 0.4
v 1.4 8.8 0.4
v 1.4 8.8 0.3
v 1.4 8.8 0.0999999
v 1.4 8.8 -2.38419e-07
v 1.4 8.9 0.5
v 1.4 8.9 0.4
v 1.4 9 0.4
v 1.4 9 0.3
v 1.4 9 0.0999999
v 1.4 9 -2.38419e-07
v 1.4 9.2 0.4
v 1.4 9.2 0.3
v 1.4 9.2 0.0999999
v 1.4 9.2 -2.38419e-07
v 1.4 9.3 0.5
v 1.4 9.3 0.4
v 1.4 9.3 0.3
v 1.4 9.3 0.0999999
v 1.4 9.3 -2.38419e-07
v 1.4 9.3 -0.1
v 1.4 9.4 0.4
v 1.4 9.4 -2.38419e-07
v 1.5 8 0.4
v 1.5 8 0.3
v 1.5 8.1 0.4
v 1.5 8.1 0.3
v 1.5 8.2 0.5
v 1.5 8.2 0.4
v 1.5 8.3 0.5
v 1.5 8.3 0.4
v 1.5 8.5 0.5
v 1.5 8.5 0.4
v 1.5 8.5 -0.1
v 1.5 8.5 -0.2
v 1.5 8.6 0.6
v 1.5 8.6 0.5
v 1.5 8.7 0.6
v 1.5 8.7 0.5
v 1.5 8.8 0.6
v 1.5 8.8 0.5
v 1.5 8.8 -0.1
v 1.5 8.8 -0.2
v 1.5 9 0.6
v 1.5 9 0.5
v 1.5 9 -0.1
v 1.5 9 -0.2
v 1.5 9.1 0.6
v 1.5 9.1 0.5
v 1.5 9.2 0.6
v 1.5 9.2 0.5
v 1.5 9.2 -0.1
v 1.5 9.2 -0.2
v 1.5 9.3 0.5
v 1.5 9.3 0.4
v 1.5 9.3 -2.38419e-07
v 1.5 9.3 -0.1
v 1.5 9.4 0.5
v 1.5 9.4 0.4
v 1.5 9.4 0.3
v 1.5 9.4 0.2
v 1.5 9.4 0.0999999
v 1.5 9.4 -2.38419e-07
v 1.5 9.4 -0.1
v 1.5 9.5 0.3
v 1.5 9.5 0.2
v 1.5 9.5 0.0999999
v 1.6 2.4 -2.2
v 1.6 2.4 -2.3
v 1.6 2.6 -2.2
v 1.6 2.6 -2.3
v 1.6 5.1 -2
v 1.6 5.1 -2.1
v 1.6 5.2 -2
v 1.6 5.2 -2.1
v 1.6 8.1 0.5
v 1.6 8.1 0.4
v 1.6 8.2 0.5
v 1.6 8.2 0.4
v 1.6 8.4 -0.2
v 1.6 8.4 -0.3
v 1.6 8.5 0.6
v 1.6 8.5 0.5
v 1.6 8.5 -0.2
v 1.6 8.5 -0.3
v 1.6 8.6 0.6
v 1.6 8.6 0.5
v 1.6 8.8 0.6
v 1.6 8.8 0.5
v 1.6 8.8 -0.1
v 1.6 8.8 -0.2
v 1.6 8.9 0.5
v 1.6 9 0.6
v 1.6 9 0.5
v 1.6 9 -0.1
v 1.6 9 -0.2
v 1.6 9.2 0.6
v 1.6 9.2 0.5
v 1.6 9.2 -0.1
v 1.6 9.2 -0.2
v 1.6 9.3 0.6
v 1.6 9.3 0.5
v 1.6 9.3 -0.1
v 1.6 9.3 -0.2
v 1.6 9.4 0.4
v 1.6 9.4 0.3
v 1.6 9.4 0.0999999
v 1.6 9.4 -2.38419e-07
v 1.6 9.5 0.4
v 1.6 9.5 0.3
v 1.6 9.5 0.0999999
v 1.6 9.5 -2.38419e-07
v 1.7 2.7 -2.1
v 1.7 2.7 -2.2
v 1.7 3.6 -2.1
v 1.7 3.6 -2.2
v 1.7 5.1 -1.9
v 1.7 5.1 -2
v 1.7 5.2 -1.9
v 1.7 5.2 -2
v 1.8 2.8 1.2
v 1.8 2.8 1.1
v 1.8 3.5 1.2
v 1.8 3.5 1.1
v 1.8 5.1 -1.8
v 1.8 5.1 -1.9
v 1.8 5.2 -1.8
v 1.8 5.2 -1.9
v 1.9 2.8 1.1
v 1.9 2.8 1
v 1.9 3.5 1.1
v 1.9 3.5 1
v 2.2 0.3 -0.4
v 2.2 0.3 -0.5
v 2.2 1.9 -0.4
v 2.2 1.9 -0.5
v -2.2 0.3 -0.4
v -2.2 0.3 -0.5
v -2.2 1.9 -0.4
v -2.2 1.9 -0.5
v -1.9 2.8 1.1
v -1.9 2.8 1
v -1.9 3.5 1.1
v -1.9 3.5 1
v -1.8 2.8 1.2
v -1.8 2.8 1.1
v -1.8 3.5 1.2
v -1.8 3.5 1.1
v -1.7 2.7 -2.1
v -1.7 2.7 -2.2
v -1.7 3.6 -2.1
v -1.7 3.6 -2.2
v -1.6 2.4 -2.2
v -1.6 2.4 -2.3
v -1.6 2.6 -2.2
v -1.6 2.6 -2.3
v -1.6 8.1 0.5
v -1.6 8.1 0.4
v -1.6 8.2 0.5
v -1.6 8.2 0.4
v -1.6 8.4 -0.2
v -1.6 8.4 -0.3
v -1.6 8.5 0.6
v -1.6 8.5 0.5
v -1.6 8.5 -0.2
v -1.6 8.5 -0.3
v -1.6 8.6 0.6
v -1.6 8.6 0.5
v -1.6 8.8 0.6
v -1.6 8.8 0.5
v -1.6 8.8 -0.1
v -1.6 8.8 -0.2
v -1.6 9 0.6
v -1.6 9 0.5
v -1.6 9 -0.1
v -1.6 9 -0.2
v -1.6 9.2 0.6
v -1.6 9.2 0.5
v -1.6 9.2 -0.1
v -1.6 9.2 -0.2
v -1.6 9.3 0.6
v -1.6 9.3 0.5
v -1.6 9.3 -0.1
v -1.6 9.3 -0.2
v -1.6 9.4 0.4
v -1.6 9.4 0.3
v -1.6 9.4 0.0999999
v -1.6 9.4 -2.38419e-07
v -1.6 9.5 0.4
v -1.6 9.5 0.3
v -1.6 9.5 0.0999999
v -1.6 9.5 -2.38419e-07
v -1.5 8 0.4
v -1.5 8 0.3
v -1.5 8.1 0.4
v -1.5 8.1 0.3
v -1.5 8.2 0.5
v -1.5 8.2 0.4
v -1.5 8.5 0.5
v -1.5 8.5 0.4
v -1.5 8.5 -0.1
v -1.5 8.5 -0.2
v -1.5 8.6 0.6
v -1.5 8.6 0.5
v -1.5 8.7 0.5
v -1.5 8.8 0.6
v -1.5 8.8 0.5
v -1.5 8.8 -0.1
v -1.5 8.8 -0.2
v -1.5 9 0.6
v -1.5 9 0.5
v -1.5 9 -0.1
v -1.5 9 -0.2
v -1.5 9.2 0.6
v -1.5 9.2 0.5
v -1.5 9.2 -0.1
v -1.5 9.2 -0.2
v -1.5 9.3 0.5
v -1.5 9.3 0.4
v -1.5 9.3 -2.38419e-07
v -1.5 9.3 -0.1
v -1.5 9.4 0.5
v -1.5 9.4 0.4
v -1.5 9.4 0.3
v -1.5 9.4 0.0999999
v -1.5 9.4 -2.38419e-07
v -1.5 9.4 -0.1
v -1.5 9.5 0.3
v -1.5 9.5 0.0999999
v -1.4 7.8 0.3
v -1.4 7.8 0.2
v -1.4 7.9 0.3
v -1.4 7.9 0.2
v -1.4 8.1 0.4
v -1.4 8.1 0.3
v -1.4 8.1 0.2
v -1.4 8.1 -0.4
v -1.4 8.1 -0.5
v -1.4 8.2 0.3
v -1.4 8.2 0.2
v -1.4 8.2 -0.4
v -1.4 8.2 -0.5
v -1.4 8.3 -0.2
v -1.4 8.3 -0.3
v -1.4 8.4 0.3
v -1.4 8.4 0.2
v -1.4 8.4 -2.38419e-07
v -1.4 8.4 -0.2
v -1.4 8.4 -0.3
v -1.4 8.5 0.5
v -1.4 8.5 0.4
v -1.4 8.5 0.3
v -1.4 8.5 0.2
v -1.4 8.5 0.0999999
v -1.4 8.5 -2.38419e-07
v -1.4 8.5 -0.1
v -1.4 8.5 -0.2
v -1.4 8.6 0.4
v -1.4 8.6 0.3
v -1.4 8.6 0.0999999
v -1.4 8.6 -2.38419e-07
v -1.4 8.7 0.5
v -1.4 8.7 0.4
v -1.4 8.8 0.4
v -1.4 8.8 0.3
v -1.4 8.8 0.0999999
v -1.4 8.8 -2.38419e-07
v -1.4 9 0.4
v -1.4 9 0.3
v -1.4 9 0.0999999
v -1.4 9 -2.38419e-07
v -1.4 9.2 0.4
v -1.4 9.2 0.3
v -1.4 9.2 0.0999999
v -1.4 9.2 -2.38419e-07
v -1.4 9.3 0.5
v -1.4 9.3 0.4
v -1.4 9.3 0.3
v -1.4 9.3 0.0999999
v -1.4 9.3 -2.38419e-07
v -1.4 9.3 -0.1
v -1.4 9.4 0.4
v -1.4 9.4 -2.38419e-07
v -1.3 3.5 -2.3
v -1.3 3.5 -2.4
v -1.3 3.6 -2.3
v -1.3 3.6 -2.4
v -1.3 3.7 -2.5
v -1.3 3.7 -2.6
v -1.3 4 -2.5
v -1.3 4 -2.6
v -1.3 7.9 0.3
v -1.3 7.9 0.2
v -1.3 8 0.3
v -1.3 8 0.2
v -1.3 8.1 0.3
v -1.3 8.1 0.2
v -1.3 8.2 0.3
v -1.3 8.2 0.2
v -1.3 8.2 0.0999999
v -1.3 8.2 -0.3
v -1.3 8.2 -0.4
v -1.3 8.3 0.2
v -1.3 8.3 0.0999999
v -1.3 8.3 -0.2
v -1.3 8.3 -0.3
v -1.3 8.3 -0.4
v -1.3 8.4 0.3
v -1.3 8.4 0.2
v -1.3 8.4 0.0999999
v -1.3 8.4 -2.38419e-07
v -1.3 8.4 -0.2
v -1.3 8.5 0.3
v -1.3 8.5 0.2
v -1.3 8.5 0.0999999
v -1.3 8.5 -2.38419e-07
v -1.3 8.6 0.4
v -1.3 8.6 0.3
v -1.3 8.6 0.0999999
v -1.3 8.6 -2.38419e-07
v -1.3 8.8 0.4
v -1.3 8.8 0.3
v -1.3 8.8 0.0999999
v -1.3 8.8 -2.38419e-07
v -1.3 9 0.4
v -1.3 9 0.3
v -1.3 9 0.0999999
v -1.3 9 -2.38419e-07
v -1.3 9.2 0.4
v -1.3 9.2 0.3
v -1.3 9.2 0.0999999
v -1.3 9.2 -2.38419e-07
v -1.3 9.3 0.3
v -1.3 9.3 0.0999999
v -1.2 3.6 -2.4
v -1.2 3.6 -2.5
v -1.2 3.7 -2.4
v -1.2 3.7 -2.5
v -1.2 8 0.2
v -1.2 8 0.0999999
v -1.2 8.1 0.0999999
v -1.2 8.1 -2.38419e-07
v -1.2 8.2 0.2
v -1.2 8.2 0.0999999
v -1.2 8.2 -2.38419e-07
v -1.2 8.2 -0.3
v -1.2 8.3 0.0999999
v -1.2 8.3 -0.3
v -1.1 7.9 0.2
v -1.1 7.9 0.0999999
v -1.1 7.9 -0.5
v -1.1 7.9 -0.6
v -1.1 8 0.2
v -1.1 8 0.0999999
v -1.1 8 -0.5
v -1.1 8 -0.6
v -1.1 8.1 -2.38419e-07
v -1.1 8.1 -0.1
v -1.1 8.1 -0.3
v -1.1 8.1 -0.4
v -1.1 8.2 -2.38419e-07
v -1.1 8.2 -0.1
v -1.1 8.2 -0.3
v -1.1 8.2 -0.4
v -1 4.4 -2.4
v -1 4.4 -2.5
v -1 4.7 -2.4
v -1 4.7 -2.5
v -1 7.7 0.2
v -1 7.7 0.0999999
v -1 7.7 -0.5
v -1 7.7 -0.6
v -1 7.8 0.2
v -1 7.8 0.0999999
v -1 7.9 0.2
v -1 7.9 0.0999999
v -1 7.9 -0.5
v -1 7.9 -0.6
v -1 8 0.0999999
v -1 8 -2.38419e-07
v -1 8 -0.4
v -1 8 -0.5
v -1 8.1 0.0999999
v -1 8.1 -2.38419e-07
v -1 8.1 -0.1
v -1 8.1 -0.3
v -1 8.1 -0.4
v -1 8.1 -0.5
v -1 8.2 -0.1
v -1 8.2 -0.3
v -0.9 4.2 -2.4
v -0.9 4.2 -2.5
v -0.9 4.3 -2.4
v -0.9 4.3 -2.5
v -0.9 4.5 -2.2
v -0.9 4.5 -2.4
v -0.9 4.8 -2.2
v -0.9 4.8 -2.4
v -0.9 5.4 -0.2
v -0.9 5.4 -0.3
v -0.9 5.6 -0.3
v -0.9 5.6 -0.4
v -0.9 5.7 -0.2
v -0.9 5.7 -0.4
v -0.9 6.8 0.2
v -0.9 6.8 0.0999999
v -0.9 6.8 -0.5
v -0.9 6.8 -0.6
v -0.9 6.9 0.2
v -0.9 6.9 0.0999999
v -0.9 7 0.2
v -0.9 7 0.0999999
v -0.9 7 -0.5
v -0.9 7 -0.6
v -0.9 7.2 0.2
v -0.9 7.2 0.0999999
v -0.9 7.2 -0.5
v -0.9 7.2 -0.6
v -0.9 7.4 0.2
v -0.9 7.4 0.0999999
v -0.9 7.4 -0.5
v -0.9 7.4 -0.6
v -0.9 7.6 0.2
v -0.9 7.6 0.0999999
v -0.9 7.6 -0.5
v -0.9 7.6 -0.6
v -0.9 7.7 0.2
v -0.9 7.7 0.0999999
v -0.9 7.7 -0.5
v -0.9 7.7 -0.6
v -0.9 7.8 0.0999999
v -0.9 7.8 -2.38419e-07
v -0.9 7.8 -0.4
v -0.9 7.8 -0.5
v -0.9 7.9 -2.38419e-07
v -0.9 7.9 -0.1
v -0.9 7.9 -0.3
v -0.9 7.9 -0.4
v -0.9 8 0.0999999
v -0.9 8 -2.38419e-07
v -0.9 8 -0.1
v -0.9 8 -0.3
v -0.9 8 -0.4
v -0.9 8 -0.5
v -0.9 8.1 -2.38419e-07
v -0.9 8.1 -0.4
v -0.8 4.4 -2.1
v -0.8 4.4 -2.4
v -0.8 4.4 -2.5
v -0.8 4.5 -2.2
v -0.8 4.5 -2.5
v -0.8 4.8 -2
v -0.8 4.8 -2.1
v -0.8 4.8 -2.2
v -0.8 4.8 -2.4
v -0.8 5.1 -2
v -0.8 5.1 -2.4
v -0.8 6.6 -0.5
v -0.8 6.6 -0.8
v -0.8 6.7 0.2
v -0.8 6.7 0.0999999
v -0.8 6.7 -0.6
v -0.8 6.7 -0.8
v -0.8 6.8 0.2
v -0.8 6.8 0.0999999
v -0.8 6.8 -0.5
v -0.8 6.8 -0.6
v -0.8 7 0.2
v -0.8 7 0.0999999
v -0.8 7 -0.5
v -0.8 7 -0.6
v -0.8 7.2 0.2
v -0.8 7.2 0.0999999
v -0.8 7.2 -0.5
v -0.8 7.2 -0.6
v -0.8 7.4 0.2
v -0.8 7.4 0.0999999
v -0.8 7.4 -0.5
v -0.8 7.4 -0.6
v -0.8 7.6 0.2
v -0.8 7.6 0.0999999
v -0.8 7.6 -0.5
v -0.8 7.6 -0.6
v -0.8 7.7 0.0999999
v -0.8 7.7 -2.38419e-07
v -0.8 7.7 -0.4
v -0.8 7.7 -0.5
v -0.8 7.8 0.0999999
v -0.8 7.8 -2.38419e-07
v -0.8 7.8 -0.1
v -0.8 7.8 -0.3
v -0.8 7.8 -0.4
v -0.8 7.8 -0.5
v -0.8 7.9 -2.38419e-07
v -0.8 7.9 -0.1
v -0.8 7.9 -0.3
v -0.8 7.9 -0.4
v -0.8 8 -0.1
v -0.8 8 -0.3
v -0.7 4.3 -2.2
v -0.7 4.3 -2.4
v -0.7 4.4 -2.2
v -0.7 4.4 -2.4
v -0.7 4.5 -2
v -0.7 4.5 -2.1
v -0.7 4.8 -2
v -0.7 4.8 -2.1
v -0.7 5.4 -2.38419e-07
v -0.7 5.4 -0.2
v -0.7 5.9 -2.38419e-07
v -0.7 5.9 -0.2
v -0.7 6.1 -2.38419e-07
v -0.7 6.1 -0.2
v -0.7 6.3 -0.3
v -0.7 6.3 -0.4
v -0.7 6.4 -0.2
v -0.7 6.4 -0.3
v -0.7 6.4 -0.4
v -0.7 6.4 -0.5
v -0.7 6.5 -2.38419e-07
v -0.7 6.5 -0.1
v -0.7 6.5 -0.2
v -0.7 6.5 -0.3
v -0.7 6.5 -0.5
v -0.7 6.5 -0.7
v -0.7 6.6 0.2
v -0.7 6.6 0.0999999
v -0.7 6.6 -2.38419e-07
v -0.7 6.6 -0.1
v -0.7 6.6 -0.3
v -0.7 6.6 -0.4
v -0.7 6.6 -0.5
v -0.7 6.6 -0.7
v -0.7 6.7 0.2
v -0.7 6.7 0.0999999
v -0.7 6.8 -2.38419e-07
v -0.7 6.8 -0.1
v -0.7 6.8 -0.3
v -0.7 6.8 -0.4
v -0.7 7 -2.38419e-07
v -0.7 7 -0.1
v -0.7 7 -0.3
v -0.7 7 -0.4
v -0.7 7.2 -2.38419e-07
v -0.7 7.2 -0.1
v -0.7 7.2 -0.3
v -0.7 7.2 -0.4
v -0.7 7.4 -2.38419e-07
v -0.7 7.4 -0.1
v -0.7 7.4 -0.3
v -0.7 7.4 -0.4
v -0.7 7.6 -2.38419e-07
v -0.7 7.6 -0.1
v -0.7 7.6 -0.3
v -0.7 7.6 -0.4
v -0.7 7.7 0.0999999
v -0.7 7.7 -2.38419e-07
v -0.7 7.7 -0.1
v -0.7 7.7 -0.3
v -0.7 7.7 -0.4
v -0.7 7.7 -0.5
v -0.7 7.8 -2.38419e-07
v -0.7 7.8 -0.1
v -0.7 7.8 -0.3
v -0.7 7.8 -0.4
v -0.6 4.4 2
v -0.6 4.4 1.9
v -0.6 4.5 2
v -0.6 4.5 1.9
v -0.6 5.3 0.0999999
v -0.6 5.3 -0.1
v -0.6 5.4 -2.38419e-07
v -0.6 5.4 -0.1
v -0.6 5.9 0.0999999
v -0.6 5.9 -2.38419e-07
v -0.6 6 0.0999999
v -0.6 6.1 0.0999999
v -0.6 6.1 -2.38419e-07
v -0.6 6.1 -0.1
v -0.6 6.3 -0.1
v -0.6 6.3 -0.3
v -0.6 6.3 -0.4
v -0.6 6.3 -0.5
v -0.6 6.3 -0.6
v -0.6 6.4 -0.2
v -0.6 6.4 -0.3
v -0.6 6.4 -0.4
v -0.6 6.4 -0.5
v -0.6 6.4 -0.6
v -0.6 6.4 -0.7
v -0.6 6.5 0.0999999
v -0.6 6.5 -2.38419e-07
v -0.6 6.5 -0.1
v -0.6 6.5 -0.2
v -0.6 6.5 -0.3
v -0.6 6.5 -0.5
v -0.6 6.5 -0.7
v -0.6 6.6 0.0999999
v -0.6 6.6 -2.38419e-07
v -0.6 6.6 -0.1
v -0.6 6.6 -0.3
v -0.6 6.6 -0.4
v -0.6 6.6 -0.8
v -0.6 6.6 -0.9
v -0.6 6.7 -0.8
v -0.6 6.7 -0.9
v -0.6 6.8 -2.38419e-07
v -0.6 6.8 -0.1
v -0.6 6.8 -0.3
v -0.6 6.8 -0.4
v -0.6 7 -2.38419e-07
v -0.6 7 -0.1
v -0.6 7 -0.3
v -0.6 7 -0.4
v -0.6 7.2 -2.38419e-07
v -0.6 7.2 -0.1
v -0.6 7.2 -0.3
v -0.6 7.2 -0.4
v -0.6 7.4 -2.38419e-07
v -0.6 7.4 -0.1
v -0.6 7.4 -0.3
v -0.6 7.4 -0.4
v -0.6 7.6 -2.38419e-07
v -0.6 7.6 -0.1
v -0.6 7.6 -0.3
v -0.6 7.6 -0.4
v -0.6 7.7 -0.1
v -0.6 7.7 -0.3
v -0.5 4.5 -1.9
v -0.5 4.5 -2
v -0.5 5.1 -1.9
v -0.5 5.1 -2
v -0.5 6.1 0.0999999
v -0.5 6.1 -2.38419e-07
v -0.5 6.2 0.0999999
v -0.5 6.2 -2.38419e-07
v -0.5 6.3 -0.6
v -0.5 6.3 -0.7
v -0.5 6.4 0.0999999
v -0.5 6.4 -2.38419e-07
v -0.5 6.4 -0.6
v -0.5 6.4 -0.7
v -0.5 6.5 0.0999999
v -0.5 6.5 -2.38419e-07
v -0.5 6.5 -0.7
v -0.5 6.5 -0.8
v -0.5 6.6 0.3
v -0.5 6.6 0.2
v -0.5 6.6 -0.7
v -0.5 6.6 -0.8
v -0.5 6.7 0.3
v -0.5 6.7 0.2
v -0.4 5.4 0.9
v -0.4 5.4 0.8
v -0.4 5.4 0.2
v -0.4 5.4 0.0999999
v -0.4 5.4 -1.4
v -0.4 5.4 -1.5
v -0.4 5.5 0.9
v -0.4 5.5 0.8
v -0.4 5.5 -1.5
v -0.4 5.6 0.8
v -0.4 5.6 0.2
v -0.4 5.6 0.0999999
v -0.4 5.8 0.2
v -0.4 5.8 0.0999999
v -0.4 5.9 0.9
v -0.4 5.9 0.8
v -0.4 6 0.2
v -0.4 6 0.0999999
v -0.4 6.1 0.9
v -0.4 6.1 0.8
v -0.4 6.1 0.2
v -0.4 6.1 0.0999999
v -0.4 6.1 -1.4
v -0.4 6.1 -1.5
v -0.4 6.2 0.9
v -0.4 6.2 0.8
v -0.4 6.2 0.0999999
v -0.4 6.2 -2.38419e-07
v -0.4 6.3 -2.38419e-07
v -0.4 6.4 0.9
v -0.4 6.4 0.8
v -0.4 6.4 0.0999999
v -0.4 6.4 -2.38419e-07
v -0.4 6.5 0.9
v -0.4 6.5 0.8
v -0.4 6.5 0.2
v -0.4 6.5 0.0999999
v -0.4 6.6 0.7
v -0.4 6.6 0.6
v -0.4 6.6 0.4
v -0.4 6.6 0.3
v -0.4 6.6 0.2
v -0.4 6.6 0.0999999
v -0.4 6.7 0.7
v -0.4 6.7 0.6
v -0.4 6.7 0.4
v -0.4 6.7 0.3
v -0.3 2.8 1.8
v -0.3 2.8 1.7
v -0.3 3.6 1.8
v -0.3 3.6 1.7
v -0.3 6.2 0.9
v -0.3 6.2 0.8
v -0.3 6.3 0.2
v -0.3 6.3 0.0999999
v -0.3 6.4 0.9
v -0.3 6.4 0.8
v -0.3 6.4 0.2
v -0.3 6.5 0.8
v -0.3 6.5 0.7
v -0.3 6.5 0.3
v -0.3 6.5 0.2
v -0.3 6.5 0.0999999
v -0.3 6.6 0.8
v -0.3 6.6 0.7
v -0.3 6.6 0.6
v -0.3 6.6 0.4
v -0.3 6.6 0.3
v -0.3 6.6 0.2
v -0.3 6.7 0.6
v -0.3 6.7 0.4
v -0.2 4.3 -2.2
v -0.2 4.3 -2.4
v -0.2 4.4 -2.2
v -0.2 4.4 -2.4
v -0.2 5.4 0.4
v -0.2 5.4 0.2
v -0.2 5.4 -0.6
v -0.2 5.4 -1
v -0.2 5.4 -1.2
v -0.2 5.4 -1.4
v -0.2 5.5 0.8
v -0.2 5.5 0.7
v -0.2 5.5 0.6
v -0.2 5.5 -1.4
v -0.2 5.6 0.7
v -0.2 5.6 0.6
v -0.2 5.6 -0.9
v -0.2 5.6 -1
v -0.2 5.6 -1.2
v -0.2 5.6 -1.3
v -0.2 5.7 0.8
v -0.2 5.7 0.7
v -0.2 5.7 -0.8
v -0.2 5.7 -0.9
v -0.2 5.7 -1.3
v -0.2 5.7 -1.4
v -0.2 5.8 0.7
v -0.2 5.8 0.6
v -0.2 5.8 -0.7
v -0.2 5.8 -0.8
v -0.2 6 0.8
v -0.2 6 0.6
v -0.2 6.1 0.8
v -0.2 6.1 0.7
v -0.2 6.1 0.4
v -0.2 6.1 0.2
v -0.2 6.2 0.7
v -0.2 6.2 0.6
v -0.2 6.2 0.4
v -0.2 6.2 0.3
v -0.2 6.2 0.2
v -0.2 6.3 0.2
v -0.2 6.3 -0.6
v -0.2 6.3 -0.7
v -0.2 6.4 0.7
v -0.2 6.4 0.6
v -0.2 6.4 0.4
v -0.2 6.4 0.3
v -0.2 6.4 0.2
v -0.2 6.5 0.8
v -0.2 6.5 0.7
v -0.2 6.5 0.6
v -0.2 6.5 0.4
v -0.2 6.5 0.3
v -0.2 6.5 0.2
v -0.2 6.6 0.7
v -0.2 6.6 0.6
v -0.2 6.6 0.3
v -0.0999999 0.3 2.3
v -0.0999999 0.3 2.2
v -0.0999999 0.3 -2.2
v -0.0999999 0.3 -2.3
v -0.0999999 0.4 2.3
v -0.0999999 0.4 2.2
v -0.0999999 0.6 -2.2
v -0.0999999 0.7 -2.2
v -0.0999999 0.7 -2.3
v -0.0999999 0.9 -2.2
v -0.0999999 1.1 -2.2
v -0.0999999 1.1 -2.3
v -0.0999999 2 -2.2
v -0.0999999 2 -2.3
v -0.0999999 2.1 2.3
v -0.0999999 2.1 2.2
v -0.0999999 2.1 2.1
v -0.0999999 2.2 2.3
v -0.0999999 2.2 2.2
v -0.0999999 2.2 2.1
v -0.0999999 2.3 2.5
v -0.0999999 2.3 2.4
v -0.0999999 2.6 2.5
v -0.0999999 2.6 2.4
v -0.0999999 5.1 -0.7
v -0.0999999 5.1 -0.9
v -0.0999999 5.2 -1.9
v -0.0999999 5.2 -2
v -0.0999999 5.3 0.5
v -0.0999999 5.3 0.3
v -0.0999999 5.3 -0.5
v -0.0999999 5.3 -0.7
v -0.0999999 5.3 -0.9
v -0.0999999 5.3 -1.3
v -0.0999999 5.3 -1.9
v -0.0999999 5.3 -2
v -0.0999999 5.4 0.6
v -0.0999999 5.4 0.5
v -0.0999999 5.4 0.4
v -0.0999999 5.4 0.3
v -0.0999999 5.4 -0.6
v -0.0999999 5.4 -1
v -0.0999999 5.4 -1.2
v -0.0999999 5.4 -1.3
v -0.0999999 5.4 -1.4
v -0.0999999 5.4 -1.5
v -0.0999999 5.4 -1.7
v -0.0999999 5.4 -1.8
v -0.0999999 5.5 0.6
v -0.0999999 5.5 -1.4
v -0.0999999 5.5 -1.5
v -0.0999999 5.5 -1.7
v -0.0999999 5.5 -1.8
v -0.0999999 5.6 -1
v -0.0999999 5.6 -1.2
v -0.0999999 6 0.6
v -0.0999999 6 0.5
v -0.0999999 6.1 0.5
v -0.0999999 6.1 0.4
v -0.0999999 6.1 -0.5
v -0.0999999 6.2 0.7
v -0.0999999 6.2 0.6
v -0.0999999 6.2 0.4
v -0.0999999 6.2 0.3
v -0.0999999 6.3 0.3
v -0.0999999 6.3 -0.5
v -0.0999999 6.3 -0.6
v -0.0999999 6.4 0.7
v -0.0999999 6.4 0.6
v -0.0999999 6.4 0.4
v -0.0999999 6.4 0.3
v -0.0999999 6.4 -1.4
v -0.0999999 6.4 -1.5
v -0.0999999 6.5 0.6
v -0.0999999 6.5 0.4
v -0.0999999 6.5 -1.4
v -0.0999999 6.5 -1.5
v 0.1 5.4 0.3
v 0.1 5.4 0.2
v 0.1 6.1 0.3
v 0.1 6.1 0.2
v 0.1 6.2 0.3
v 0.1 6.3 0.3
v 0.1 6.3 0.2
v 0.2 4.8 -1.9
v 0.2 4.8 -2
v 0.2 4.9 -1.9
v 0.2 4.9 -2
v 0.2 5.2 1.2
v 0.2 5.2 1.1
v 0.2 5.3 1.2
v 0.2 5.3 1.1
v 0.2 5.4 1
v 0.2 5.4 0.9
v 0.2 5.5 1
v 0.2 5.5 0.9
v 0.2 5.8 -1.4
v 0.2 5.8 -1.5
v 0.2 5.9 -1.4
v 0.2 5.9 -1.5
v 0.2 6.5 -0.6
v 0.2 6.5 -0.7
v 0.2 6.6 -0.6
v 0.2 6.6 -0.7
v 0.2 6.8 -0.6
v 0.2 6.8 -0.7
v 0.2 6.8 -1.3
v 0.2 6.8 -1.4
v 0.2 6.9 -0.6
v 0.2 6.9 -0.7
v 0.2 6.9 -1.3
v 0.2 6.9 -1.4
v 0.2 7 -0.8
v 0.2 7 -0.9
v 0.2 7 -1.1
v 0.2 7 -1.2
v 0.2 7.1 -0.8
v 0.2 7.1 -0.9
v 0.2 7.1 -1.1
v 0.2 7.1 -1.2
v 0.3 4.9 -1.9
v 0.3 4.9 -2
v 0.3 5 -1.9
v 0.3 5 -2
v 0.3 5.1 1.2
v 0.3 5.1 1.1
v 0.3 5.2 1.2
v 0.3 5.2 1.1
v 0.3 5.2 -1.9
v 0.3 5.2 -2
v 0.3 5.3 1.1
v 0.3 5.3 1
v 0.3 5.3 -1.9
v 0.3 5.3 -2
v 0.3 5.4 1.1
v 0.3 5.4 1
v 0.3 5.4 0.9
v 0.3 5.4 0.8
v 0.3 5.4 0.2
v 0.3 5.4 -2.38419e-07
v 0.3 5.4 -1.4
v 0.3 5.4 -1.5
v 0.3 5.4 -1.7
v 0.3 5.4 -1.8
v 0.3 5.5 0.9
v 0.3 5.5 0.8
v 0.3 5.5 -1.4
v 0.3 5.5 -1.5
v 0.3 5.5 -1.7
v 0.3 5.5 -1.8
v 0.3 5.9 -1.4
v 0.3 5.9 -1.5
v 0.3 6 0.2
v 0.3 6 -2.38419e-07
v 0.3 6.1 0.2
v 0.3 6.1 0.0999999
v 0.3 6.1 -1.4
v 0.3 6.1 -1.5
v 0.3 6.3 0.0999999
v 0.3 6.3 -2.38419e-07
v 0.3 6.6 -0.6
v 0.3 6.6 -0.7
v 0.3 6.6 -1.3
v 0.3 6.6 -1.4
v 0.3 6.8 -0.6
v 0.3 6.8 -0.7
v 0.3 6.8 -1.3
v 0.3 6.8 -1.4
v 0.3 6.9 -0.7
v 0.3 6.9 -0.8
v 0.3 6.9 -1.2
v 0.3 6.9 -1.3
v 0.3 7 -0.7
v 0.3 7 -0.8
v 0.3 7 -0.9
v 0.3 7 -1.1
v 0.3 7 -1.2
v 0.3 7 -1.3
v 0.3 7.1 -0.9
v 0.3 7.1 -1.1
v 0.4 4.3 -2.2
v 0.4 4.3 -2.4
v 0.4 4.4 -2.2
v 0.4 4.4 -2.4
v 0.4 5 -1.9
v 0.4 5 -2
v 0.4 5.1 1.1
v 0.4 5.1 1
v 0.4 5.2 1
v 0.4 5.2 -1.9
v 0.4 5.2 -2
v 0.4 5.3 1.1
v 0.4 5.3 1
v 0.4 5.3 0.9
v 0.4 5.3 0.0999999
v 0.4 5.3 -0.1
v 0.4 5.3 -1.8
v 0.4 5.3 -1.9
v 0.4 5.4 1
v 0.4 5.4 0.9
v 0.4 5.4 0.0999999
v 0.4 5.4 -2.38419e-07
v 0.4 5.4 -1.5
v 0.4 5.4 -1.7
v 0.4 5.4 -1.8
v 0.4 5.4 -1.9
v 0.4 5.5 -1.5
v 0.4 5.5 -1.7
v 0.4 5.9 -0.1
v 0.4 6 -2.38419e-07
v 0.4 6 -0.1
v 0.4 6.2 -2.38419e-07
v 0.4 6.3 -2.38419e-07
v 0.4 6.3 -0.1
v 0.4 6.5 -0.7
v 0.4 6.5 -0.8
v 0.4 6.7 -1.2
v 0.4 6.7 -1.3
v 0.4 6.8 -0.8
v 0.4 6.8 -0.9
v 0.4 6.8 -1.1
v 0.4 6.8 -1.2
v 0.4 6.9 -0.7
v 0.4 6.9 -0.8
v 0.4 6.9 -0.9
v 0.4 6.9 -1.1
v 0.4 6.9 -1.2
v 0.4 6.9 -1.3
v 0.4 7 -0.8
v 0.4 7 -1.2
v 0.5 5.1 -1.8
v 0.5 5.1 -1.9
v 0.5 5.2 -1.7
v 0.5 5.2 -1.8
v 0.5 5.3 -1.5
v 0.5 5.3 -1.7
v 0.5 5.3 -1.8
v 0.5 5.3 -1.9
v 0.5 5.4 -1.5
v 0.5 5.4 -1.8
v 0.5 6.6 -0.8
v 0.5 6.6 -0.9
v 0.5 6.7 -0.9
v 0.5 6.7 -1.2
v 0.5 6.8 -0.8
v 0.5 6.8 -0.9
v 0.5 6.8 -1.1
v 0.5 6.8 -1.2
v 0.5 6.9 -0.9
v 0.5 6.9 -1.1
v 0.6 5.1 -1.6
v 0.6 5.1 -1.8
v 0.6 5.2 -1.7
v 0.6 5.2 -1.8
v 0.6 5.3 -1.6
v 0.6 5.3 -1.7
v 0.6 5.4 0.9
v 0.6 5.4 0.8
v 0.6 5.4 -0.1
v 0.6 5.4 -0.2
v 0.6 5.4 -1.4
v 0.6 5.4 -1.5
v 0.6 5.5 0.8
v 0.6 5.7 0.8
v 0.6 5.8 0.9
v 0.6 5.8 0.8
v 0.6 5.9 -0.1
v 0.6 5.9 -0.2
v 0.6 6.1 0.9
v 0.6 6.1 0.8
v 0.6 6.1 -0.1
v 0.6 6.1 -0.2
v 0.6 6.1 -1.4
v 0.6 6.1 -1.5
v 0.7 0.3 2.3
v 0.7 0.3 2.2
v 0.7 0.4 2.3
v 0.7 0.4 2.2
v 0.7 5.1 1
v 0.7 5.1 0.9
v 0.7 5.1 -1.5
v 0.7 5.1 -1.6
v 0.7 5.3 1
v 0.7 5.3 0.9
v 0.7 5.3 -1.5
v 0.7 5.3 -1.6
v 0.7 6.1 0.9
v 0.7 6.1 0.8
v 0.7 6.2 0.9
v 0.7 6.2 0.8
v 0.7 6.4 0.9
v 0.7 6.4 0.8
v 0.7 6.5 0.9
v 0.7 6.5 0.8
v 0.7 6.6 0.7
v 0.7 6.6 0.6
v 0.7 6.7 0.7
v 0.7 6.7 0.6
v 0.8 0 2.4
v 0.8 0 2.3
v 0.8 0.2 2.4
v 0.8 0.2 2.3
v 0.8 0.4 2.1
v 0.8 0.4 2
v 0.8 0.6 2.1
v 0.8 0.6 2
v 0.8 0.8 2.1
v 0.8 0.8 2
v 0.8 2.1 2.3
v 0.8 2.1 2.2
v 0.8 2.1 2.1
v 0.8 2.1 2
v 0.8 2.2 2.3
v 0.8 2.2 2.2
v 0.8 2.3 2.5
v 0.8 2.3 2.4
v 0.8 2.6 2.5
v 0.8 2.6 2.4
v 0.8 5.2 0.9
v 0.8 5.2 0.8
v 0.8 5.2 -1.4
v 0.8 5.2 -1.5
v 0.8 5.4 0.9
v 0.8 5.4 0.8
v 0.8 5.4 0.6
v 0.8 5.4 -0.2
v 0.8 5.4 -0.4
v 0.8 5.4 -1.2
v 0.8 5.4 -1.4
v 0.8 5.4 -1.5
v 0.8 5.5 0.6
v 0.8 5.6 0.8
v 0.8 5.6 0.6
v 0.8 5.7 0.8
v 0.8 5.7 0.6
v 0.8 5.7 -0.2
v 0.8 5.7 -0.4
v 0.8 5.8 0.6
v 0.8 6 0.7
v 0.8 6 0.6
v 0.8 6 -1.2
v 0.8 6 -1.4
v 0.8 6.1 0.8
v 0.8 6.1 0.7
v 0.8 6.1 -1.4
v 0.8 6.1 -1.5
v 0.8 6.2 0.9
v 0.8 6.2 0.8
v 0.8 6.2 -1.4
v 0.8 6.2 -1.5
v 0.8 6.4 0.9
v 0.8 6.4 0.8
v 0.8 6.4 -1.4
v 0.8 6.4 -1.5
v 0.8 6.5 0.8
v 0.8 6.5 0.7
v 0.8 6.5 -1.4
v 0.8 6.5 -1.5
v 0.8 6.6 0.8
v 0.8 6.6 0.7
v 0.8 6.6 -1.2
v 0.8 6.6 -1.3
v 0.8 6.7 -1.2
v 0.8 6.7 -1.3
v 0.9 0.2 2.3
v 0.9 0.2 2.2
v 0.9 0.3 2.3
v 0.9 0.3 2.2
v 0.9 2.2 2.4
v 0.9 2.2 2.3
v 0.9 2.3 2.4
v 0.9 2.3 2.3
v 0.9 2.6 2.4
v 0.9 2.6 2.3
v 0.9 2.7 2.4
v 0.9 2.7 2.3
v 0.9 2.8 2.2
v 0.9 2.8 2.1
v 0.9 3.8 2.2
v 0.9 3.8 2.1
v 0.9 3.9 2.1
v 0.9 4 2.2
v 0.9 4 2.1
v 0.9 4.1 2.2
v 0.9 4.1 2.1
v 0.9 4.2 2
v 0.9 4.2 1.9
v 0.9 4.4 2
v 0.9 4.4 1.9
v 0.9 4.4 -2.4
v 0.9 4.4 -2.5
v 0.9 4.5 2
v 0.9 4.5 1.9
v 0.9 4.5 1.8
v 0.9 4.5 1.7
v 0.9 4.5 -2.4
v 0.9 4.5 -2.5
v 0.9 4.6 1.7
v 0.9 5.1 1.9
v 0.9 5.1 1.7
v 0.9 5.1 0.9
v 0.9 5.1 0.7
v 0.9 5.1 -1.3
v 0.9 5.1 -1.5
v 0.9 5.2 0.9
v 0.9 5.2 0.8
v 0.9 5.2 -1.4
v 0.9 5.2 -1.5
v 0.9 5.3 0.7
v 0.9 5.3 0.5
v 0.9 5.3 -0.3
v 0.9 5.3 -0.4
v 0.9 5.3 -1.2
v 0.9 5.3 -1.3
v 0.9 5.4 0.8
v 0.9 5.4 0.6
v 0.9 5.4 -0.3
v 0.9 5.4 -0.4
v 0.9 5.4 -1.2
v 0.9 5.4 -1.4
v 0.9 5.5 0.6
v 0.9 5.5 0.5
v 0.9 5.6 0.6
v 0.9 5.6 0.5
v 0.9 5.8 0.6
v 0.9 5.8 0.5
v 0.9 6 0.6
v 0.9 6 0.5
v 0.9 6 -1.3
v 0.9 6 -1.4
v 0.9 6.1 0.8
v 0.9 6.1 0.7
v 0.9 6.1 -1.3
v 0.9 6.1 -1.4
v 0.9 6.2 0.8
v 0.9 6.2 0.7
v 0.9 6.2 -1.4
v 0.9 6.2 -1.5
v 0.9 6.4 0.8
v 0.9 6.4 0.7
v 0.9 6.4 -1.4
v 0.9 6.4 -1.5
v 0.9 6.5 0.8
v 0.9 6.5 0.7
v 0.9 6.5 -1.3
v 0.9 6.5 -1.4
v 0.9 6.6 0.6
v 0.9 6.6 0.5
v 0.9 6.6 -1.3
v 0.9 6.6 -1.4
v 0.9 6.7 0.6
v 0.9 6.7 0.5
v 1 0.3 2.2
v 1 0.3 2.1
v 1 0.4 2.2
v 1 0.4 2.1
v 1 2.7 2.3
v 1 2.7 2.2
v 1 2.8 2.3
v 1 2.8 2.2
v 1 4.1 2.1
v 1 4.1 2
v 1 4.2 2.1
v 1 4.2 2
v 1 4.7 1.7
v 1 4.7 1.6
v 1 4.8 -2.3
v 1 4.8 -2.4
v 1 4.9 -2.3
v 1 4.9 -2.4
v 1 5.1 1.7
v 1 5.1 1.6
v 1 5.1 0.7
v 1 5.1 0.6
v 1 5.2 0.6
v 1 5.3 0.7
v 1 5.3 0.6
v 1 6 0.7
v 1 6 0.6
v 1 6.1 0.7
v 1 6.1 0.6
v 1 6.1 -1.3
v 1 6.1 -1.4
v 1 6.2 0.8
v 1 6.2 0.7
v 1 6.2 -1.3
v 1 6.2 -1.4
v 1 6.4 0.8
v 1 6.4 0.7
v 1 6.4 -1.3
v 1 6.4 -1.4
v 1 6.5 0.7
v 1 6.5 0.6
v 1 6.5 -1.3
v 1 6.5 -1.4
v 1 6.6 0.7
v 1 6.6 0.6
v 1 6.6 -1.1
v 1 6.6 -1.2
v 1 6.7 -1.1
v 1 6.7 -1.2
v 1.1 0 2.3
v 1.1 0 2.2
v 1.1 0.2 2.3
v 1.1 0.2 2.2
v 1.1 0.4 2
v 1.1 0.4 1.9
v 1.1 2.1 2.2
v 1.1 2.1 2
v 1.1 2.2 2.2
v 1.1 2.2 1.9
v 1.1 2.3 2.4
v 1.1 2.3 2.3
v 1.1 2.6 2.4
v 1.1 2.6 2.3
v 1.1 3.8 -2.5
v 1.1 3.8 -2.6
v 1.1 3.9 2.1
v 1.1 3.9 2
v 1.1 4 2.1
v 1.1 4 2
v 1.1 4.1 2.1
v 1.1 4.1 2
v 1.1 4.1 -2.5
v 1.1 4.1 -2.6
v 1.1 4.2 1.9
v 1.1 4.2 1.8
v 1.1 4.4 1.8
v 1.1 4.5 1.9
v 1.1 4.5 1.8
v 1.1 4.8 1.6
v 1.1 4.8 1.5
v 1.1 4.9 1.5
v 1.1 5.1 1.6
v 1.1 5.1 1.5
v 1.1 5.4 0.5
v 1.1 5.4 0.4
v 1.1 5.4 -0.2
v 1.1 5.4 -0.3
v 1.1 5.4 -0.4
v 1.1 5.4 -0.5
v 1.1 5.4 -1.1
v 1.1 5.4 -1.2
v 1.1 5.6 -0.2
v 1.1 5.6 -0.3
v 1.1 5.6 -0.4
v 1.1 5.6 -0.5
v 1.1 6 0.5
v 1.1 6 0.4
v 1.1 6 -1.1
v 1.1 6 -1.2
v 1.1 6 -1.3
v 1.1 6.1 0.7
v 1.1 6.1 0.6
v 1.1 6.1 -1.2
v 1.1 6.1 -1.3
v 1.1 6.2 0.7
v 1.1 6.2 0.6
v 1.1 6.2 -1.3
v 1.1 6.2 -1.4
v 1.1 6.4 0.7
v 1.1 6.4 0.6
v 1.1 6.4 -1.3
v 1.1 6.4 -1.4
v 1.1 6.5 0.7
v 1.1 6.5 0.6
v 1.1 6.5 -1.2
v 1.1 6.5 -1.3
v 1.1 6.6 0.5
v 1.1 6.6 0.4
v 1.1 6.6 -1
v 1.1 6.6 -1.1
v 1.1 6.6 -1.2
v 1.1 6.6 -1.3
v 1.1 6.7 0.5
v 1.1 6.7 0.4
v 1.1 6.7 -1
v 1.1 6.7 -1.1
v 1.1 6.8 0.2
v 1.1 6.8 0.0999999
v 1.1 6.8 -0.5
v 1.1 6.8 -0.6
v 1.1 6.9 0.2
v 1.1 6.9 0.0999999
v 1.1 7 0.2
v 1.1 7 0.0999999
v 1.1 7 -0.5
v 1.1 7 -0.6
v 1.1 7.2 0.2
v 1.1 7.2 0.0999999
v 1.1 7.2 -0.5
v 1.1 7.2 -0.6
v 1.1 7.3 0.2
v 1.1 7.3 0.0999999
v 1.1 7.4 0.2
v 1.1 7.4 0.0999999
v 1.1 7.4 -0.5
v 1.1 7.4 -0.6
v 1.2 0.2 2.2
v 1.2 0.2 2.1
v 1.2 0.3 2.2
v 1.2 0.3 2.1
v 1.2 2 -2.3
v 1.2 2 -2.4
v 1.2 2.1 -2.3
v 1.2 2.1 -2.4
v 1.2 2.2 2.3
v 1.2 2.2 1.9
v 1.2 2.3 2.2
v 1.2 2.3 1.9
v 1.2 2.7 2.3
v 1.2 2.7 2.2
v 1.2 2.7 -2.3
v 1.2 2.7 -2.4
v 1.2 3.6 -2.3
v 1.2 3.6 -2.4
v 1.2 4.1 2
v 1.2 4.1 1.9
v 1.2 4.1 -2.4
v 1.2 4.1 -2.5
v 1.2 4.2 2
v 1.2 4.2 1.9
v 1.2 4.3 -2.4
v 1.2 4.3 -2.5
v 1.2 5.1 0.6
v 1.2 5.1 0.5
v 1.2 5.1 -0.3
v 1.2 5.1 -0.4
v 1.2 5.1 -1.2
v 1.2 5.1 -1.3
v 1.2 5.3 0.6
v 1.2 5.3 0.5
v 1.2 5.3 -0.3
v 1.2 5.3 -0.4
v 1.2 5.3 -1.2
v 1.2 5.3 -1.3
v 1.2 5.6 -0.2
v 1.2 5.6 -0.3
v 1.2 5.7 -0.2
v 1.2 5.7 -0.3
v 1.2 6 0.6
v 1.2 6 0.5
v 1.2 6 -1.1
v 1.2 6 -1.2
v 1.2 6.1 0.6
v 1.2 6.1 0.5
v 1.2 6.1 -1.1
v 1.2 6.1 -1.2
v 1.2 6.1 -1.3
v 1.2 6.2 0.7
v 1.2 6.2 0.6
v 1.2 6.4 0.7
v 1.2 6.4 0.6
v 1.2 6.5 0.6
v 1.2 6.5 0.5
v 1.2 6.5 -1.1
v 1.2 6.5 -1.2
v 1.2 6.5 -1.3
v 1.2 6.6 0.6
v 1.2 6.6 0.5
v 1.2 6.6 0.4
v 1.2 6.6 0.3
v 1.2 6.6 0.2
v 1.2 6.6 0.0999999
v 1.2 6.6 -0.7
v 1.2 6.6 -1
v 1.2 6.6 -1.1
v 1.2 6.6 -1.2
v 1.2 6.7 0.4
v 1.2 6.7 0.2
v 1.2 6.7 0.0999999
v 1.2 6.7 -0.5
v 1.2 6.7 -0.6
v 1.2 6.7 -0.7
v 1.2 6.7 -1
v 1.2 6.8 0.2
v 1.2 6.8 0.0999999
v 1.2 6.8 -0.5
v 1.2 6.8 -0.6
v 1.2 7 0.2
v 1.2 7 0.0999999
v 1.2 7 -0.5
v 1.2 7 -0.6
v 1.2 7.2 0.2
v 1.2 7.2 0.0999999
v 1.2 7.2 -0.5
v 1.2 7.2 -0.6
v 1.2 7.4 0.2
v 1.2 7.4 0.0999999
v 1.2 7.4 -0.5
v 1.2 7.4 -0.6
v 1.2 7.6 0.2
v 1.2 7.6 0.0999999
v 1.2 7.6 -0.5
v 1.2 7.6 -0.6
v 1.3 0.3 2.1
v 1.3 0.3 2
v 1.3 0.4 2.1
v 1.3 0.4 2
v 1.3 2.2 -2.4
v 1.3 2.2 -2.5
v 1.3 2.3 2.2
v 1.3 2.3 1.9
v 1.3 2.4 2.1
v 1.3 2.4 1.9
v 1.3 2.6 -2.4
v 1.3 2.6 -2.5
v 1.3 2.8 2.2
v 1.3 2.8 2.1
v 1.3 2.8 2
v 1.3 3.9 2.1
v 1.3 3.9 2
v 1.3 3.9 1.9
v 1.3 4.1 2
v 1.3 4.1 1.9
v 1.3 4.2 1.8
v 1.3 4.2 1.7
v 1.3 4.2 -2.3
v 1.3 4.2 -2.4
v 1.3 4.3 1.8
v 1.3 4.3 1.7
v 1.3 4.3 -2.3
v 1.3 4.3 -2.4
v 1.3 4.4 1.7
v 1.3 4.4 -2.4
v 1.3 4.4 -2.5
v 1.3 4.5 1.8
v 1.3 4.5 1.7
v 1.3 4.7 -2.4
v 1.3 4.7 -2.5
v 1.3 4.8 -2.2
v 1.3 4.8 -2.3
v 1.3 5 -2.2
v 1.3 5 -2.3
v 1.3 5.2 0.5
v 1.3 5.2 0.4
v 1.3 5.2 -0.2
v 1.3 5.2 -0.3
v 1.3 5.2 -0.4
v 1.3 5.2 -0.5
v 1.3 5.2 -1.1
v 1.3 5.2 -1.2
v 1.3 5.4 0.5
v 1.3 5.4 0.4
v 1.3 5.4 0.3
v 1.3 5.4 0.2
v 1.3 5.4 -2.38419e-07
v 1.3 5.4 -0.2
v 1.3 5.4 -0.3
v 1.3 5.4 -0.4
v 1.3 5.4 -0.5
v 1.3 5.4 -0.7
v 1.3 5.4 -0.9
v 1.3 5.4 -1.1
v 1.3 5.4 -1.2
v 1.3 5.5 0.4
v 1.3 5.5 0.3
v 1.3 5.5 0.2
v 1.3 5.6 0.4
v 1.3 5.6 0.3
v 1.3 5.6 -2.38419e-07
v 1.3 5.6 -0.3
v 1.3 5.6 -0.5
v 1.3 5.7 0.4
v 1.3 5.7 0.3
v 1.3 5.7 0.2
v 1.3 5.7 -2.38419e-07
v 1.3 5.7 -0.2
v 1.3 5.7 -0.3
v 1.3 5.7 -0.6
v 1.3 5.8 -2.38419e-07
v 1.3 5.8 -0.1
v 1.3 5.8 -0.2
v 1.3 5.8 -0.6
v 1.3 5.8 -0.7
v 1.3 6 0.5
v 1.3 6 0.4
v 1.3 6 0.3
v 1.3 6 -2.38419e-07
v 1.3 6 -0.1
v 1.3 6.1 0.6
v 1.3 6.1 0.5
v 1.3 6.1 0.4
v 1.3 6.1 0.3
v 1.3 6.1 0.2
v 1.3 6.1 -0.9
v 1.3 6.1 -1
v 1.3 6.1 -1.1
v 1.3 6.1 -1.2
v 1.3 6.2 0.5
v 1.3 6.2 0.4
v 1.3 6.2 -1
v 1.3 6.2 -1.1
v 1.3 6.4 0.5
v 1.3 6.4 0.4
v 1.3 6.4 -1
v 1.3 6.4 -1.1
v 1.3 6.5 0.6
v 1.3 6.5 0.5
v 1.3 6.5 0.4
v 1.3 6.5 0.3
v 1.3 6.5 0.2
v 1.3 6.5 0.0999999
v 1.3 6.5 -0.8
v 1.3 6.5 -1
v 1.3 6.5 -1.1
v 1.3 6.5 -1.2
v 1.3 6.6 0.5
v 1.3 6.6 0.3
v 1.3 6.6 0.0999999
v 1.3 6.6 -2.38419e-07
v 1.3 6.6 -0.4
v 1.3 6.6 -0.5
v 1.3 6.6 -0.7
v 1.3 6.6 -0.8
v 1.3 6.6 -1.1
v 1.3 6.7 0.0999999
v 1.3 6.7 -2.38419e-07
v 1.3 6.7 -0.5
v 1.3 6.7 -0.7
v 1.3 6.8 -2.38419e-07
v 1.3 6.8 -0.1
v 1.3 6.8 -0.3
v 1.3 6.8 -0.4
v 1.3 6.9 -2.38419e-07
v 1.3 6.9 -0.1
v 1.3 6.9 -0.4
v 1.3 6.9 -0.5
v 1.3 7 -2.38419e-07
v 1.3 7 -0.1
v 1.3 7 -0.3
v 1.3 7 -0.4
v 1.3 7.2 -2.38419e-07
v 1.3 7.2 -0.1
v 1.3 7.2 -0.3
v 1.3 7.2 -0.4
v 1.3 7.3 -0.3
v 1.3 7.4 0.0999999
v 1.3 7.4 -2.38419e-07
v 1.3 7.4 -0.1
v 1.3 7.4 -0.3
v 1.3 7.4 -0.4
v 1.3 7.5 0.0999999
v 1.3 7.5 -2.38419e-07
v 1.3 7.5 -0.4
v 1.3 7.5 -0.5
v 1.3 7.6 0.2
v 1.3 7.6 0.0999999
v 1.3 7.6 -0.5
v 1.3 7.6 -0.6
v 1.3 7.7 0.2
v 1.3 7.7 0.0999999
v 1.3 7.7 -0.5
v 1.3 7.7 -0.6
v 1.3 7.9 -0.5
v 1.3 7.9 -0.6
v 1.3 8 -0.5
v 1.3 8 -0.6
v 1.4 0 2.2
v 1.4 0 2.1
v 1.4 0.2 2.2
v 1.4 0.2 2.1
v 1.4 0.4 1.9
v 1.4 0.4 1.8
v 1.4 2.1 -2.3
v 1.4 2.1 -2.4
v 1.4 2.3 -2.3
v 1.4 2.3 -2.4
v 1.4 2.4 2.1
v 1.4 2.4 2
v 1.4 2.4 1.9
v 1.4 2.4 1.8
v 1.4 2.5 -2.3
v 1.4 2.5 -2.4
v 1.4 2.7 -2.1
v 1.4 2.7 -2.3
v 1.4 2.7 -2.4
v 1.4 2.8 2.1
v 1.4 2.8 2
v 1.4 2.9 2
v 1.4 2.9 1.9
v 1.4 3.5 -2.1
v 1.4 3.5 -2.3
v 1.4 3.9 2
v 1.4 3.9 1.9
v 1.4 4.1 1.9
v 1.4 4.1 1.8
v 1.4 4.2 1.9
v 1.4 4.2 1.8
v 1.4 4.3 -2.3
v 1.4 4.3 -2.4
v 1.4 4.5 1.7
v 1.4 4.5 1.6
v 1.4 4.6 1.7
v 1.4 4.6 1.6
v 1.4 4.7 1.7
v 1.4 4.7 1.6
v 1.4 4.8 1.5
v 1.4 4.8 1.4
v 1.4 4.8 -2.1
v 1.4 4.8 -2.2
v 1.4 4.8 -2.3
v 1.4 4.8 -2.4
v 1.4 4.9 1.5
v 1.4 4.9 1.4
v 1.4 4.9 -2.1
v 1.4 4.9 -2.2
v 1.4 5 1.5
v 1.4 5 1.4
v 1.4 5 -2.2
v 1.4 5 -2.3
v 1.4 5.1 1.5
v 1.4 5.1 1.4
v 1.4 5.1 0.5
v 1.4 5.1 0.4
v 1.4 5.1 0.3
v 1.4 5.1 -0.1
v 1.4 5.1 -0.3
v 1.4 5.1 -0.4
v 1.4 5.1 -0.6
v 1.4 5.1 -1
v 1.4 5.1 -1.2
v 1.4 5.1 -2.2
v 1.4 5.1 -2.3
v 1.4 5.2 0.5
v 1.4 5.2 0.4
v 1.4 5.2 0.3
v 1.4 5.2 -0.2
v 1.4 5.2 -0.3
v 1.4 5.2 -0.4
v 1.4 5.2 -0.5
v 1.4 5.2 -1.1
v 1.4 5.2 -1.2
v 1.4 5.3 0.3
v 1.4 5.3 0.2
v 1.4 5.3 0.0999999
v 1.4 5.3 -0.1
v 1.4 5.3 -0.6
v 1.4 5.3 -1
v 1.4 5.4 0.4
v 1.4 5.4 0.2
v 1.4 5.4 0.0999999
v 1.4 5.4 -2.38419e-07
v 1.4 5.4 -0.2
v 1.4 5.4 -0.5
v 1.4 5.4 -0.7
v 1.4 5.4 -0.9
v 1.4 5.4 -1.1
v 1.4 5.6 0.0999999
v 1.4 5.6 -2.38419e-07
v 1.4 5.7 0.2
v 1.4 5.7 0.0999999
v 1.4 5.7 -2.38419e-07
v 1.4 5.7 -0.2
v 1.4 5.7 -0.6
v 1.4 5.8 -0.1
v 1.4 5.8 -0.2
v 1.4 5.8 -0.3
v 1.4 5.8 -0.5
v 1.4 5.8 -0.6
v 1.4 5.8 -0.7
v 1.4 5.9 -0.2
v 1.4 5.9 -0.3
v 1.4 5.9 -0.5
v 1.4 5.9 -0.6
v 1.4 6 -2.38419e-07
v 1.4 6 -0.1
v 1.4 6.1 0.4
v 1.4 6.1 0.3
v 1.4 6.1 0.2
v 1.4 6.1 -2.38419e-07
v 1.4 6.1 -0.1
v 1.4 6.1 -0.2
v 1.4 6.1 -0.6
v 1.4 6.1 -0.7
v 1.4 6.1 -0.9
v 1.4 6.1 -1
v 1.4 6.2 0.5
v 1.4 6.2 0.4
v 1.4 6.2 0.3
v 1.4 6.2 0.2
v 1.4 6.2 0.0999999
v 1.4 6.2 -2.38419e-07
v 1.4 6.2 -0.7
v 1.4 6.2 -0.8
v 1.4 6.2 -1
v 1.4 6.2 -1.1
v 1.4 6.4 0.5
v 1.4 6.4 0.4
v 1.4 6.4 0.0999999
v 1.4 6.4 -2.38419e-07
v 1.4 6.4 -0.3
v 1.4 6.4 -0.4
v 1.4 6.4 -0.7
v 1.4 6.4 -0.8
v 1.4 6.4 -1
v 1.4 6.4 -1.1
v 1.4 6.5 0.4
v 1.4 6.5 0.2
v 1.4 6.5 0.0999999
v 1.4 6.5 -2.38419e-07
v 1.4 6.5 -0.3
v 1.4 6.5 -0.4
v 1.4 6.5 -0.7
v 1.4 6.5 -0.8
v 1.4 6.5 -1
v 1.4 6.6 0.0999999
v 1.4 6.6 -2.38419e-07
v 1.4 6.6 -0.4
v 1.4 6.6 -0.8
v 1.4 6.8 -2.38419e-07
v 1.4 6.8 -0.1
v 1.4 6.8 -0.3
v 1.4 6.8 -0.4
v 1.4 7 -2.38419e-07
v 1.4 7 -0.1
v 1.4 7 -0.3
v 1.4 7 -0.4
v 1.4 7.2 -2.38419e-07
v 1.4 7.2 -0.1
v 1.4 7.2 -0.3
v 1.4 7.2 -0.4
v 1.4 7.3 -0.2
v 1.4 7.3 -0.3
v 1.4 7.4 -2.38419e-07
v 1.4 7.4 -0.1
v 1.4 7.4 -0.2
v 1.4 7.4 -0.3
v 1.4 7.4 -0.4
v 1.4 7.5 0.0999999
v 1.4 7.5 -2.38419e-07
v 1.4 7.5 -0.1
v 1.4 7.5 -0.4
v 1.4 7.5 -0.5
v 1.4 7.6 0.0999999
v 1.4 7.6 -2.38419e-07
v 1.4 7.6 -0.4
v 1.4 7.6 -0.5
v 1.4 7.7 -0.5
v 1.4 7.7 -0.6
v 1.4 7.9 -0.5
v 1.4 7.9 -0.6
v 1.5 0.1 2.1
v 1.5 0.1 2
v 1.5 0.3 2.1
v 1.5 0.3 2
v 1.5 0.3 1.9
v 1.5 0.4 2
v 1.5 0.4 1.9
v 1.5 0.4 1.8
v 1.5 0.4 1.7
v 1.5 2.3 1.8
v 1.5 2.3 1.7
v 1.5 2.3 -2.3
v 1.5 2.3 -2.4
v 1.5 2.4 2
v 1.5 2.4 1.9
v 1.5 2.4 -2.2
v 1.5 2.4 -2.3
v 1.5 2.5 2
v 1.5 2.5 1.9
v 1.5 2.5 -2.3
v 1.5 2.5 -2.4
v 1.5 2.7 -2.2
v 1.5 2.7 -2.3
v 1.5 2.8 2
v 1.5 2.8 1.9
v 1.5 2.9 2
v 1.5 2.9 1.9
v 1.5 2.9 1.8
v 1.5 4.1 1.9
v 1.5 4.1 1.8
v 1.5 4.2 1.7
v 1.5 4.2 1.6
v 1.5 4.2 -2.2
v 1.5 4.2 -2.3
v 1.5 4.4 -2.2
v 1.5 4.4 -2.3
v 1.5 4.5 1.7
v 1.5 4.5 1.6
v 1.5 4.5 1.5
v 1.5 4.6 1.5
v 1.5 4.7 1.6
v 1.5 4.7 1.5
v 1.5 4.7 -2.2
v 1.5 4.7 -2.3
v 1.5 4.8 1.6
v 1.5 4.8 1.5
v 1.5 4.8 1.4
v 1.5 4.8 1.2
v 1.5 4.8 -2.2
v 1.5 4.8 -2.3
v 1.5 4.9 -2.1
v 1.5 4.9 -2.2
v 1.5 5 1.4
v 1.5 5 1.2
v 1.5 5 -2.1
v 1.5 5 -2.2
v 1.5 5.1 1.4
v 1.5 5.1 1.2
v 1.5 5.1 0.3
v 1.5 5.1 0.2
v 1.5 5.1 -0.1
v 1.5 5.1 -0.6
v 1.5 5.1 -1
v 1.5 5.3 0.3
v 1.5 5.3 0.2
v 1.5 5.3 -0.1
v 1.5 5.3 -0.6
v 1.5 5.3 -1
v 1.5 5.8 -0.3
v 1.5 5.8 -0.5
v 1.5 5.9 -0.2
v 1.5 5.9 -0.3
v 1.5 5.9 -0.5
v 1.5 5.9 -0.6
v 1.5 6.1 -2.38419e-07
v 1.5 6.1 -0.2
v 1.5 6.1 -0.6
v 1.5 6.1 -0.7
v 1.5 6.2 0.0999999
v 1.5 6.2 -2.38419e-07
v 1.5 6.2 -0.2
v 1.5 6.2 -0.3
v 1.5 6.2 -0.7
v 1.5 6.2 -0.8
v 1.5 6.4 0.0999999
v 1.5 6.4 -2.38419e-07
v 1.5 6.4 -0.3
v 1.5 6.4 -0.4
v 1.5 6.4 -0.7
v 1.5 6.4 -0.8
v 1.5 6.5 -2.38419e-07
v 1.5 6.5 -0.3
v 1.5 6.5 -0.4
v 1.5 6.5 -0.7
v 1.5 7.5 -2.38419e-07
v 1.5 7.5 -0.4
v 1.5 7.6 -2.38419e-07
v 1.5 7.6 -0.3
v 1.5 7.6 -0.4
v 1.5 7.6 -0.5
v 1.5 7.7 -0.3
v 1.5 7.7 -0.4
v 1.5 7.8 -0.4
v 1.5 7.8 -0.5
v 1.6 0 2.1
v 1.6 0 2
v 1.6 0.1 2.1
v 1.6 0.1 2
v 1.6 0.2 2
v 1.6 0.2 1.9
v 1.6 0.3 2
v 1.6 0.3 1.9
v 1.6 0.3 1.8
v 1.6 0.4 1.9
v 1.6 0.4 1.8
v 1.6 2.3 1.8
v 1.6 2.3 1.7
v 1.6 2.4 1.8
v 1.6 2.4 1.7
v 1.6 2.5 2
v 1.6 2.5 1.9
v 1.6 2.8 2
v 1.6 2.8 1.9
v 1.6 3.5 -2.1
v 1.6 3.5 -2.4
v 1.6 3.6 -2.1
v 1.6 3.6 -2.4
v 1.6 3.7 -2.5
v 1.6 3.7 -2.6
v 1.6 3.9 1.8
v 1.6 3.9 1.7
v 1.6 4 -2.5
v 1.6 4 -2.6
v 1.6 4.1 -2.3
v 1.6 4.1 -2.4
v 1.6 4.2 1.8
v 1.6 4.2 1.7
v 1.6 4.2 1.6
v 1.6 4.2 1.5
v 1.6 4.2 -2.3
v 1.6 4.2 -2.4
v 1.6 4.4 -2.2
v 1.6 4.4 -2.3
v 1.6 4.5 1.6
v 1.6 4.5 1.5
v 1.6 4.5 1.4
v 1.6 4.6 1.5
v 1.6 4.6 1.4
v 1.6 4.7 1.4
v 1.6 4.7 1.3
v 1.6 4.7 -2.2
v 1.6 4.7 -2.3
v 1.6 4.8 1.5
v 1.6 4.8 1.3
v 1.6 4.8 1.2
v 1.6 4.8 1.1
v 1.6 4.8 -2
v 1.6 4.8 -2.1
v 1.6 4.9 -2
v 1.6 4.9 -2.1
v 1.6 5 1.2
v 1.6 5 1.1
v 1.6 5 -2.1
v 1.6 5 -2.2
v 1.6 5.1 1.2
v 1.6 5.1 1.1
v 1.6 5.1 -2.1
v 1.6 5.1 -2.2
v 1.6 7.6 0.0999999
v 1.6 7.6 -2.38419e-07
v 1.6 7.6 -0.2
v 1.6 7.6 -0.3
v 1.6 7.7 0.0999999
v 1.6 7.7 -2.38419e-07
v 1.6 7.7 -0.2
v 1.6 7.7 -0.3
v 1.6 7.8 0.3
v 1.6 7.8 0.2
v 1.6 7.8 -0.4
v 1.6 7.8 -0.5
v 1.6 7.9 0.3
v 1.6 7.9 0.2
v 1.6 7.9 -0.4
v 1.6 7.9 -0.5
v 1.6 8.1 -0.4
v 1.6 8.1 -0.5
v 1.6 8.2 -0.4
v 1.6 8.2 -0.5
v 1.7 0 2
v 1.7 0 1.9
v 1.7 0.2 2
v 1.7 0.2 1.9
v 1.7 0.4 1.7
v 1.7 0.4 1.6
v 1.7 2.3 1.7
v 1.7 2.3 1.6
v 1.7 2.4 1.9
v 1.7 2.4 1.8
v 1.7 2.5 1.9
v 1.7 2.5 1.8
v 1.7 2.8 1.9
v 1.7 2.8 1.8
v 1.7 2.8 1.2
v 1.7 2.8 1.1
v 1.7 2.9 1.9
v 1.7 2.9 1.8
v 1.7 3.5 1.2
v 1.7 3.5 1.1
v 1.7 3.6 -2.2
v 1.7 3.6 -2.5
v 1.7 3.7 -2.2
v 1.7 3.7 -2.4
v 1.7 3.9 1.7
v 1.7 3.9 1.6
v 1.7 4 -2.3
v 1.7 4 -2.4
v 1.7 4.1 -2.3
v 1.7 4.1 -2.5
v 1.7 4.2 1.7
v 1.7 4.2 1.6
v 1.7 4.2 1.5
v 1.7 4.2 1.4
v 1.7 4.2 -2.1
v 1.7 4.2 -2.2
v 1.7 4.5 1.5
v 1.7 4.5 1.4
v 1.7 4.5 1.2
v 1.7 4.7 1.4
v 1.7 4.7 1.3
v 1.7 4.8 1.3
v 1.7 4.8 1.2
v 1.7 4.8 1.1
v 1.7 4.8 1
v 1.7 4.8 0.9
v 1.7 4.8 -1.9
v 1.7 4.8 -2
v 1.7 4.8 -2.1
v 1.7 4.8 -2.2
v 1.7 4.9 -1.9
v 1.7 4.9 -2
v 1.7 4.9 -2.1
v 1.7 5.1 1.1
v 1.7 5.1 1
v 1.7 5.1 0.9
v 1.7 5.2 -2
v 1.7 5.2 -2.1
v 1.7 7.6 -2.38419e-07
v 1.7 7.6 -0.2
v 1.7 7.7 0.2
v 1.7 7.7 0.0999999
v 1.7 7.7 -2.38419e-07
v 1.7 7.7 -0.2
v 1.7 7.7 -0.3
v 1.7 7.7 -0.4
v 1.7 7.8 0.2
v 1.7 7.8 0.0999999
v 1.7 7.8 -0.3
v 1.7 7.8 -0.4
v 1.7 7.9 -0.4
v 1.7 7.9 -0.5
v 1.7 8.1 -0.4
v 1.7 8.1 -0.5
v 1.7 8.2 -0.3
v 1.7 8.2 -0.4
v 1.7 8.3 -0.3
v 1.7 8.3 -0.4
v 1.8 0.2 1.9
v 1.8 0.2 1.8
v 1.8 0.3 1.9
v 1.8 0.3 1.8
v 1.8 0.3 1.7
v 1.8 0.4 1.8
v 1.8 0.4 1.7
v 1.8 2.5 1.9
v 1.8 2.5 1.8
v 1.8 2.8 1.9
v 1.8 2.8 1.8
v 1.8 2.8 1.1
v 1.8 2.8 1
v 1.8 3.5 1.1
v 1.8 3.5 1
v 1.8 3.7 -2.2
v 1.8 3.7 -2.4
v 1.8 3.8 -2.2
v 1.8 3.8 -2.3
v 1.8 3.9 1.6
v 1.8 3.9 1.5
v 1.8 4 -2.3
v 1.8 4 -2.4
v 1.8 4.1 -2.2
v 1.8 4.1 -2.3
v 1.8 4.2 1.6
v 1.8 4.2 1.5
v 1.8 4.2 1.4
v 1.8 4.2 1.1
v 1.8 4.2 -2.2
v 1.8 4.2 -2.3
v 1.8 4.5 1.4
v 1.8 4.5 1.2
v 1.8 4.5 -2
v 1.8 4.5 -2.1
v 1.8 4.7 1.1
v 1.8 4.7 1
v 1.8 4.8 1.2
v 1.8 4.8 1
v 1.8 4.8 0.9
v 1.8 4.8 0.8
v 1.8 4.8 -1.8
v 1.8 4.8 -1.9
v 1.8 4.8 -2
v 1.8 4.8 -2.1
v 1.8 4.9 -1.9
v 1.8 4.9 -2
v 1.8 5 -1.8
v 1.8 5 -1.9
v 1.8 5.1 0.9
v 1.8 5.1 0.8
v 1.8 5.2 -1.9
v 1.8 5.2 -2
v 1.8 7.7 0.0999999
v 1.8 7.7 -0.3
v 1.8 7.8 0.2
v 1.8 7.8 0.0999999
v 1.8 7.8 -2.38419e-07
v 1.8 7.8 -0.2
v 1.8 7.8 -0.3
v 1.8 7.8 -0.4
v 1.8 7.9 0.3
v 1.8 7.9 0.2
v 1.8 7.9 -2.38419e-07
v 1.8 7.9 -0.2
v 1.8 7.9 -0.3
v 1.8 8 0.3
v 1.8 8 0.2
v 1.8 8.1 0.5
v 1.8 8.1 0.4
v 1.8 8.1 -0.2
v 1.8 8.1 -0.3
v 1.8 8.2 0.5
v 1.8 8.2 0.4
v 1.8 8.2 -0.2
v 1.8 8.2 -0.3
v 1.8 8.2 -0.4
v 1.8 8.4 -0.2
v 1.8 8.4 -0.3
v 1.8 8.5 0.6
v 1.8 8.5 0.5
v 1.8 8.5 -0.2
v 1.8 8.5 -0.3
v 1.8 8.6 0.6
v 1.8 8.6 0.5
v 1.8 8.8 0.6
v 1.8 8.8 0.5
v 1.8 8.8 -0.1
v 1.8 8.8 -0.2
v 1.8 9 0.6
v 1.8 9 0.5
v 1.8 9 -0.1
v 1.8 9 -0.2
v 1.8 9.2 0.6
v 1.8 9.2 0.5
v 1.8 9.2 -0.1
v 1.8 9.2 -0.2
v 1.8 9.3 0.6
v 1.8 9.3 0.5
v 1.8 9.3 -0.1
v 1.8 9.3 -0.2
v 1.8 9.4 0.4
v 1.8 9.4 0.3
v 1.8 9.4 0.0999999
v 1.8 9.4 -2.38419e-07
v 1.8 9.5 0.4
v 1.8 9.5 0.3
v 1.8 9.5 0.0999999
v 1.8 9.5 -2.38419e-07
v 1.9 0 1.9
v 1.9 0 1.8
v 1.9 0.2 1.9
v 1.9 0.2 1.8
v 1.9 0.4 1.6
v 1.9 0.4 1.5
v 1.9 0.4 1.3
v 1.9 2.1 1.5
v 1.9 2.1 1.3
v 1.9 2.2 1.6
v 1.9 2.2 1.5
v 1.9 2.4 1.8
v 1.9 2.4 1.7
v 1.9 2.8 1.7
v 1.9 2.8 1.5
v 1.9 3.9 1.8
v 1.9 3.9 1.7
v 1.9 3.9 1.5
v 1.9 3.9 1.4
v 1.9 4.1 1.4
v 1.9 4.1 1.2
v 1.9 4.2 1.5
v 1.9 4.2 1.2
v 1.9 4.5 1.1
v 1.9 4.5 1
v 1.9 4.5 0.9
v 1.9 4.5 -1.9
v 1.9 4.5 -2
v 1.9 4.7 1.1
v 1.9 4.7 1
v 1.9 4.8 1
v 1.9 4.8 0.9
v 1.9 4.8 0.8
v 1.9 4.8 0.6
v 1.9 4.8 -1.7
v 1.9 4.8 -1.8
v 1.9 4.8 -1.9
v 1.9 4.8 -2
v 1.9 5 -1.8
v 1.9 5 -1.9
v 1.9 5.1 0.8
v 1.9 5.1 0.6
v 1.9 5.1 -1.7
v 1.9 5.1 -1.8
v 1.9 5.2 -1.8
v 1.9 5.2 -1.9
v 1.9 7.8 -2.38419e-07
v 1.9 7.8 -0.2
v 1.9 7.9 0.2
v 1.9 7.9 -2.38419e-07
v 1.9 7.9 -0.2
v 1.9 7.9 -0.3
v 1.9 8 0.4
v 1.9 8 0.3
v 1.9 8 0.2
v 1.9 8 -0.1
v 1.9 8.1 0.4
v 1.9 8.1 0.3
v 1.9 8.1 -0.1
v 1.9 8.1 -0.2
v 1.9 8.1 -0.3
v 1.9 8.2 0.5
v 1.9 8.2 0.4
v 1.9 8.2 -0.2
v 1.9 8.2 -0.3
v 1.9 8.3 0.5
v 1.9 8.3 0.4
v 1.9 8.4 -0.2
v 1.9 8.4 -0.3
v 1.9 8.5 0.5
v 1.9 8.5 0.4
v 1.9 8.5 -0.1
v 1.9 8.5 -0.2
v 1.9 8.6 0.6
v 1.9 8.6 0.5
v 1.9 8.7 0.5
v 1.9 8.8 0.6
v 1.9 8.8 0.5
v 1.9 8.8 -0.1
v 1.9 8.8 -0.2
v 1.9 9 0.6
v 1.9 9 0.5
v 1.9 9 -0.1
v 1.9 9 -0.2
v 1.9 9.2 0.6
v 1.9 9.2 0.5
v 1.9 9.2 -0.1
v 1.9 9.2 -0.2
v 1.9 9.3 0.5
v 1.9 9.3 0.4
v 1.9 9.3 -2.38419e-07
v 1.9 9.3 -0.1
v 1.9 9.4 0.5
v 1.9 9.4 0.4
v 1.9 9.4 0.3
v 1.9 9.4 0.2
v 1.9 9.4 0.0999999
v 1.9 9.4 -2.38419e-07
v 1.9 9.4 -0.1
v 1.9 9.5 0.3
v 1.9 9.5 0.0999999
v 2 0.1 1.8
v 2 0.1 1.7
v 2 0.3 1.8
v 2 0.3 1.7
v 2 0.3 1.5
v 2 0.4 1.7
v 2 0.4 1.5
v 2 0.4 1.3
v 2 0.4 1.2
v 2 2.1 1.3
v 2 2.1 1.2
v 2 2.6 1.7
v 2 2.6 1.6
v 2 2.8 1.7
v 2 2.8 1.6
v 2 2.8 1.5
v 2 2.8 1.4
v 2 3.8 -2.2
v 2 3.8 -2.3
v 2 3.9 1.5
v 2 3.9 1.4
v 2 3.9 1.3
v 2 4.1 1.4
v 2 4.1 1.3
v 2 4.1 -2.2
v 2 4.1 -2.3
v 2 4.2 -2
v 2 4.2 -2.1
v 2 4.4 -2
v 2 4.4 -2.1
v 2 4.5 0.9
v 2 4.5 0.8
v 2 4.5 -1.8
v 2 4.5 -1.9
v 2 4.5 -2
v 2 4.5 -2.1
v 2 4.7 0.8
v 2 4.7 0.7
v 2 4.8 0.9
v 2 4.8 0.7
v 2 4.8 0.6
v 2 4.8 0.5
v 2 4.8 -1.6
v 2 4.8 -1.7
v 2 4.8 -1.8
v 2 4.8 -1.9
v 2 5.1 0.6
v 2 5.1 0.5
v 2 5.1 -1.6
v 2 5.1 -1.7
v 2 8 0.3
v 2 8 0.2
v 2 8 -0.1
v 2 8.1 0.4
v 2 8.1 0.3
v 2 8.1 0.2
v 2 8.1 -2.38419e-07
v 2 8.1 -0.1
v 2 8.1 -0.2
v 2 8.2 0.4
v 2 8.2 0.3
v 2 8.2 0.2
v 2 8.2 -2.38419e-07
v 2 8.2 -0.1
v 2 8.4 0.3
v 2 8.4 0.2
v 2 8.4 -2.38419e-07
v 2 8.4 -0.1
v 2 8.5 0.5
v 2 8.5 0.4
v 2 8.5 0.3
v 2 8.5 0.2
v 2 8.5 0.0999999
v 2 8.5 -2.38419e-07
v 2 8.5 -0.1
v 2 8.5 -0.2
v 2 8.6 0.4
v 2 8.6 0.3
v 2 8.6 0.0999999
v 2 8.6 -2.38419e-07
v 2 8.7 0.5
v 2 8.7 0.4
v 2 8.8 0.4
v 2 8.8 0.3
v 2 8.8 0.0999999
v 2 8.8 -2.38419e-07
v 2 9 0.5
v 2 9 0.4
v 2 9 0.3
v 2 9 0.0999999
v 2 9 -2.38419e-07
v 2 9.1 0.4
v 2 9.2 0.4
v 2 9.2 0.3
v 2 9.2 0.0999999
v 2 9.2 -2.38419e-07
v 2 9.3 0.5
v 2 9.3 0.4
v 2 9.3 0.3
v 2 9.3 0.2
v 2 9.3 0.0999999
v 2 9.3 -2.38419e-07
v 2 9.3 -0.1
v 2 9.4 0.4
v 2 9.4 0.2
v 2 9.4 -2.38419e-07
v 2.1 0 1.8
v 2.1 0 1.6
v 2.1 0.1 1.8
v 2.1 0.1 1.7
v 2.1 0.2 1.6
v 2.1 0.2 1.4
v 2.1 0.3 1.7
v 2.1 0.3 1.5
v 2.1 0.3 1.4
v 2.1 0.3 1.3
v 2.1 0.3 -0.4
v 2.1 0.3 -0.5
v 2.1 0.3 -2.2
v 2.1 0.3 -2.3
v 2.1 0.4 1.5
v 2.1 0.4 1.3
v 2.1 1.9 -0.4
v 2.1 1.9 -0.5
v 2.1 2.1 1.5
v 2.1 2.1 1.4
v 2.1 2.2 1.5
v 2.1 2.2 1.4
v 2.1 2.2 -2.2
v 2.1 2.2 -2.3
v 2.1 2.3 1.7
v 2.1 2.3 1.6
v 2.1 2.6 1.7
v 2.1 2.6 1.6
v 2.1 2.7 1.6
v 2.1 2.7 1.5
v 2.1 2.7 -2.1
v 2.1 2.7 -2.2
v 2.1 2.8 1.6
v 2.1 2.8 1.5
v 2.1 2.8 1.4
v 2.1 2.8 1.3
v 2.1 3.9 1.4
v 2.1 3.9 1.3
v 2.1 3.9 1.2
v 2.1 4.1 1.3
v 2.1 4.1 1.2
v 2.1 4.2 1.1
v 2.1 4.2 1
v 2.1 4.2 -1.9
v 2.1 4.2 -2
v 2.1 4.2 -2.1
v 2.1 4.2 -2.2
v 2.1 4.4 1
v 2.1 4.4 -1.9
v 2.1 4.4 -2
v 2.1 4.5 1.1
v 2.1 4.5 1
v 2.1 4.5 0.8
v 2.1 4.5 0.6
v 2.1 4.5 -1.7
v 2.1 4.5 -1.8
v 2.1 4.5 -1.9
v 2.1 4.5 -2
v 2.1 4.7 0.8
v 2.1 4.7 0.7
v 2.1 4.8 0.7
v 2.1 4.8 0.6
v 2.1 4.8 0.5
v 2.1 4.8 0.3
v 2.1 4.8 -1.4
v 2.1 4.8 -1.6
v 2.1 4.8 -1.7
v 2.1 4.8 -1.8
v 2.1 5.1 0.5
v 2.1 5.1 0.3
v 2.1 5.1 -1.4
v 2.1 5.1 -1.6
v 2.1 8.1 0.2
v 2.1 8.1 -2.38419e-07
v 2.1 8.2 0.3
v 2.1 8.2 0.2
v 2.1 8.2 -2.38419e-07
v 2.1 8.2 -0.1
v 2.1 8.4 0.3
v 2.1 8.4 0.2
v 2.1 8.4 -2.38419e-07
v 2.1 8.4 -0.1
v 2.1 8.5 0.3
v 2.1 8.5 0.2
v 2.1 8.5 0.0999999
v 2.1 8.5 -2.38419e-07
v 2.1 8.6 0.4
v 2.1 8.6 0.3
v 2.1 8.6 0.0999999
v 2.1 8.6 -2.38419e-07
v 2.1 8.8 0.4
v 2.1 8.8 0.3
v 2.1 8.8 0.0999999
v 2.1 8.8 -2.38419e-07
v 2.1 9 0.4
v 2.1 9 0.3
v 2.1 9 0.0999999
v 2.1 9 -2.38419e-07
v 2.1 9.1 0.4
v 2.1 9.1 0.3
v 2.1 9.2 0.4
v 2.1 9.2 0.3
v 2.1 9.2 0.0999999
v 2.1 9.2 -2.38419e-07
v 2.1 9.3 0.3
v 2.1 9.3 0.0999999
v 2.2 0 1.6
v 2.2 0 1.4
v 2.2 0 -2.3
v 2.2 0 -2.4
v 2.2 0.2 1.6
v 2.2 0.2 1.4
v 2.2 0.2 -2.3
v 2.2 0.2 -2.4
v 2.2 0.4 1.2
v 2.2 0.4 0.9
v 2.2 2 1.1
v 2.2 2 0.9
v 2.2 2.1 1.4
v 2.2 2.1 1.2
v 2.2 2.1 1.1
v 2.2 2.2 1.6
v 2.2 2.2 1.5
v 2.2 2.2 1.4
v 2.2 2.2 1.2
v 2.2 2.2 -2.2
v 2.2 2.2 -2.3
v 2.2 2.6 -2.2
v 2.2 2.6 -2.3
v 2.2 2.7 1.6
v 2.2 2.7 1.5
v 2.2 2.7 1.4
v 2.2 2.8 1.5
v 2.2 2.8 1.4
v 2.2 3.9 -2
v 2.2 3.9 -2.1
v 2.2 4.1 1.2
v 2.2 4.1 1.1
v 2.2 4.2 1.2
v 2.2 4.2 1.1
v 2.2 4.2 -1.8
v 2.2 4.2 -1.9
v 2.2 4.2 -2
v 2.2 4.2 -2.1
v 2.2 4.4 -1.8
v 2.2 4.4 -1.9
v 2.2 4.5 0.6
v 2.2 4.5 0.5
v 2.2 4.5 -1.6
v 2.2 4.5 -1.7
v 2.2 4.5 -1.8
v 2.2 4.5 -1.9
v 2.2 4.7 0.5
v 2.2 4.7 0.4
v 2.2 4.7 -1.5
v 2.2 4.7 -1.6
v 2.2 4.8 0.6
v 2.2 4.8 0.4
v 2.2 4.8 0.3
v 2.2 4.8 -0.2
v 2.2 4.8 -0.7
v 2.2 4.8 -1.4
v 2.2 4.8 -1.5
v 2.2 4.8 -1.7
v 2.2 5.1 0.3
v 2.2 5.1 -0.2
v 2.2 5.1 -0.7
v 2.2 5.1 -1.4
v 2.3 0.1 1.4
v 2.3 0.1 1.3
v 2.3 0.1 -2.2
v 2.3 0.1 -2.3
v 2.3 0.3 1.4
v 2.3 0.3 1.3
v 2.3 0.3 1.1
v 2.3 0.3 -0.3
v 2.3 0.3 -0.4
v 2.3 0.3 -2.1
v 2.3 0.3 -2.2
v 2.3 0.3 -2.3
v 2.3 0.4 1.3
v 2.3 0.4 1.1
v 2.3 2.1 -0.3
v 2.3 2.1 -0.4
v 2.3 2.2 1.5
v 2.3 2.2 1.3
v 2.3 2.3 1.4
v 2.3 2.3 1.3
v 2.3 2.3 -2.1
v 2.3 2.3 -2.2
v 2.3 2.5 -2.1
v 2.3 2.5 -2.2
v 2.3 2.7 1.5
v 2.3 2.7 1.4
v 2.3 2.7 -1.9
v 2.3 2.7 -2.1
v 2.3 2.7 -2.2
v 2.3 2.8 1.3
v 2.3 2.8 1
v 2.3 3.7 1.1
v 2.3 3.7 1
v 2.3 3.9 1.3
v 2.3 3.9 1.2
v 2.3 3.9 -2
v 2.3 3.9 -2.1
v 2.3 4.1 1.2
v 2.3 4.1 1.1
v 2.3 4.2 1
v 2.3 4.2 0.9
v 2.3 4.2 -1.7
v 2.3 4.2 -1.8
v 2.3 4.2 -1.9
v 2.3 4.2 -2
v 2.3 4.4 1
v 2.3 4.4 0.9
v 2.3 4.4 -1.7
v 2.3 4.4 -1.8
v 2.3 4.5 1
v 2.3 4.5 0.9
v 2.3 4.5 0.5
v 2.3 4.5 0.3
v 2.3 4.5 -1.4
v 2.3 4.5 -1.6
v 2.3 4.5 -1.7
v 2.3 4.5 -1.8
v 2.3 4.7 0.5
v 2.3 4.7 0.4
v 2.3 4.7 0.3
v 2.3 4.7 -0.1
v 2.3 4.7 -0.8
v 2.3 4.7 -1.4
v 2.3 4.7 -1.5
v 2.3 4.7 -1.6
v 2.3 4.8 0.4
v 2.3 4.8 -0.1
v 2.3 4.8 -0.2
v 2.3 4.8 -0.7
v 2.3 4.8 -0.8
v 2.3 4.8 -1.5
v 2.3 5.1 -0.2
v 2.3 5.1 -0.7
v 2.4 0 1.4
v 2.4 0 1.2
v 2.4 0 -2.2
v 2.4 0 -2.3
v 2.4 0.1 1.4
v 2.4 0.1 1.3
v 2.4 0.1 -2.1
v 2.4 0.1 -2.2
v 2.4 0.1 -2.3
v 2.4 0.2 1.2
v 2.4 0.2 1
v 2.4 0.3 1.3
v 2.4 0.3 1.1
v 2.4 0.3 1
v 2.4 0.3 0.9
v 2.4 0.3 -0.4
v 2.4 0.3 -0.5
v 2.4 0.3 -2
v 2.4 0.3 -2.1
v 2.4 0.3 -2.2
v 2.4 0.4 1.1
v 2.4 0.4 0.9
v 2.4 0.4 0.8
v 2.4 2 1.1
v 2.4 2 0.9
v 2.4 2.1 1.1
v 2.4 2.1 0.8
v 2.4 2.1 -0.4
v 2.4 2.1 -0.5
v 2.4 2.2 1.3
v 2.4 2.2 1.2
v 2.4 2.3 1.4
v 2.4 2.3 1.3
v 2.4 2.3 1.2
v 2.4 2.3 -2.1
v 2.4 2.3 -2.2
v 2.4 2.5 -2.1
v 2.4 2.5 -2.2
v 2.4 2.6 -1.8
v 2.4 2.6 -2
v 2.4 2.7 1.3
v 2.4 2.7 1.1
v 2.4 2.7 -1.6
v 2.4 2.7 -1.8
v 2.4 2.7 -1.9
v 2.4 2.7 -2.1
v 2.4 2.8 1.4
v 2.4 2.8 1.1
v 2.4 3.7 1.1
v 2.4 3.7 1
v 2.4 3.7 -1.6
v 2.4 3.7 -1.8
v 2.4 4.2 1.1
v 2.4 4.2 1
v 2.4 4.2 0.9
v 2.4 4.2 0.8
v 2.4 4.2 -1.6
v 2.4 4.2 -1.7
v 2.4 4.2 -1.8
v 2.4 4.2 -1.9
v 2.4 4.4 0.9
v 2.4 4.4 0.8
v 2.4 4.4 -1.6
v 2.4 4.4 -1.7
v 2.4 4.5 0.9
v 2.4 4.5 0.8
v 2.4 4.5 0.3
v 2.4 4.5 -0.2
v 2.4 4.5 -0.7
v 2.4 4.5 -1.4
v 2.4 4.5 -1.6
v 2.4 4.5 -1.7
v 2.4 4.7 0.3
v 2.4 4.7 -0.1
v 2.4 4.7 -0.2
v 2.4 4.7 -0.7
v 2.4 4.7 -0.8
v 2.4 4.7 -1.4
v 2.4 4.8 -0.1
v 2.4 4.8 -0.8
v 2.5 0 1.2
v 2.5 0 1
v 2.5 0 -2.1
v 2.5 0 -2.2
v 2.5 0.1 1
v 2.5 0.1 0.9
v 2.5 0.1 -0.3
v 2.5 0.1 -0.4
v 2.5 0.1 -2
v 2.5 0.1 -2.1
v 2.5 0.1 -2.2
v 2.5 0.2 1.2
v 2.5 0.2 1
v 2.5 0.3 1
v 2.5 0.3 0.9
v 2.5 0.3 -0.1
v 2.5 0.3 -0.3
v 2.5 0.3 -0.4
v 2.5 0.3 -1.9
v 2.5 0.3 -2
v 2.5 0.3 -2.1
v 2.5 2.1 1.2
v 2.5 2.1 0.8
v 2.5 2.1 -0.2
v 2.5 2.1 -0.3
v 2.5 2.2 1.2
v 2.5 2.2 0.8
v 2.5 2.2 -0.1
v 2.5 2.2 -0.2
v 2.5 2.3 1.3
v 2.5 2.3 1.2
v 2.5 2.4 -1.7
v 2.5 2.4 -1.9
v 2.5 2.6 -1.2
v 2.5 2.6 -1.7
v 2.5 2.6 -1.8
v 2.5 2.6 -2
v 2.5 2.7 1.3
v 2.5 2.7 1.2
v 2.5 2.7 1.1
v 2.5 2.7 1
v 2.5 2.7 -1.1
v 2.5 2.7 -1.2
v 2.5 2.7 -1.6
v 2.5 2.7 -1.8
v 2.5 2.8 1.1
v 2.5 2.8 1
v 2.5 2.8 -1
v 2.5 2.8 -1.1
v 2.5 3.6 -1
v 2.5 3.6 -1.4
v 2.5 3.7 -1.4
v 2.5 3.7 -1.6
v 2.5 3.7 -1.7
v 2.5 3.7 -1.8
v 2.5 3.9 1
v 2.5 3.9 0.9
v 2.5 4.2 1
v 2.5 4.2 0.9
v 2.5 4.2 0.8
v 2.5 4.2 0.7
v 2.5 4.2 -1.4
v 2.5 4.2 -1.6
v 2.5 4.2 -1.7
v 2.5 4.2 -1.8
v 2.5 4.4 0.8
v 2.5 4.4 0.7
v 2.5 4.4 -1.4
v 2.5 4.4 -1.6
v 2.5 4.5 0.8
v 2.5 4.5 0.7
v 2.5 4.5 -0.2
v 2.5 4.5 -0.7
v 2.5 4.5 -1.4
v 2.5 4.5 -1.6
v 2.5 4.7 -0.2
v 2.5 4.7 -0.7
v 2.6 0 1
v 2.6 0 0.9
v 2.6 0 -0.2
v 2.6 0 -0.4
v 2.6 0 -2
v 2.6 0 -2.1
v 2.6 0.1 1
v 2.6 0.1 0.9
v 2.6 0.1 -0.3
v 2.6 0.1 -0.4
v 2.6 0.1 -0.5
v 2.6 0.1 -1.9
v 2.6 0.1 -2
v 2.6 0.1 -2.1
v 2.6 0.2 0.9
v 2.6 0.2 0.8
v 2.6 0.2 0.2
v 2.6 0.2 -0.2
v 2.6 0.3 -0.1
v 2.6 0.3 -0.3
v 2.6 0.3 -0.4
v 2.6 0.3 -0.5
v 2.6 0.3 -0.7
v 2.6 0.3 -1.7
v 2.6 0.3 -1.9
v 2.6 0.3 -2
v 2.6 0.4 0.9
v 2.6 0.4 0.8
v 2.6 0.4 0.7
v 2.6 0.4 0.6
v 2.6 0.4 0.4
v 2.6 0.4 0.2
v 2.6 2.1 -0.2
v 2.6 2.1 -0.5
v 2.6 2.1 -0.6
v 2.6 2.1 -0.7
v 2.6 2.2 1.2
v 2.6 2.2 0.8
v 2.6 2.2 0.7
v 2.6 2.2 -0.1
v 2.6 2.2 -0.2
v 2.6 2.2 -0.5
v 2.6 2.2 -0.6
v 2.6 2.3 1.1
v 2.6 2.3 0.6
v 2.6 2.3 0.4
v 2.6 2.3 0.3
v 2.6 2.3 0.2
v 2.6 2.3 -0.1
v 2.6 2.4 -1.2
v 2.6 2.4 -1.7
v 2.6 2.4 -1.9
v 2.6 2.5 0.3
v 2.6 2.5 0.2
v 2.6 2.6 1.1
v 2.6 2.6 0.9
v 2.6 2.6 -1.2
v 2.6 2.6 -1.7
v 2.6 2.7 1.2
v 2.6 2.7 1
v 2.6 2.7 0.9
v 2.6 2.8 0.9
v 2.6 2.8 0.8
v 2.6 3.6 -1.1
v 2.6 3.6 -1.4
v 2.6 3.7 -1.1
v 2.6 3.7 -1.4
v 2.6 3.7 -1.5
v 2.6 3.7 -1.7
v 2.6 3.8 -1.5
v 2.6 3.8 -1.6
v 2.6 3.9 1
v 2.6 3.9 0.9
v 2.6 4.1 -1.5
v 2.6 4.1 -1.6
v 2.6 4.2 0.9
v 2.6 4.2 0.8
v 2.6 4.2 0.7
v 2.6 4.2 0.6
v 2.6 4.2 0.5
v 2.6 4.2 -1.1
v 2.6 4.2 -1.4
v 2.6 4.2 -1.5
v 2.6 4.2 -1.7
v 2.6 4.4 0.7
v 2.6 4.4 0.5
v 2.6 4.4 -1.1
v 2.6 4.4 -1.4
v 2.6 4.5 0.7
v 2.6 4.5 0.5
v 2.6 4.5 -1.1
v 2.6 4.5 -1.4
v 2.7 0 0.9
v 2.7 0 0.7
v 2.7 0 0.3
v 2.7 0 -0.2
v 2.7 0 -0.4
v 2.7 0 -0.6
v 2.7 0 -1.8
v 2.7 0 -2
v 2.7 0.1 -0.4
v 2.7 0.1 -0.5
v 2.7 0.1 -1.9
v 2.7 0.1 -2
v 2.7 0.2 0.9
v 2.7 0.2 0.8
v 2.7 0.2 0.2
v 2.7 0.2 -0.2
v 2.7 0.2 -0.6
v 2.7 0.2 -1.8
v 2.7 0.3 0.7
v 2.7 0.3 0.3
v 2.7 0.3 -0.5
v 2.7 0.3 -0.7
v 2.7 0.3 -1.7
v 2.7 0.3 -1.9
v 2.7 0.4 0.8
v 2.7 0.4 0.6
v 2.7 0.4 0.4
v 2.7 0.4 0.2
v 2.7 2.1 -0.6
v 2.7 2.1 -0.7
v 2.7 2.2 -0.1
v 2.7 2.2 -0.5
v 2.7 2.2 -0.6
v 2.7 2.2 -1.1
v 2.7 2.3 1.1
v 2.7 2.3 0.6
v 2.7 2.3 0.4
v 2.7 2.3 0.3
v 2.7 2.3 0.2
v 2.7 2.3 -0.1
v 2.7 2.3 -0.2
v 2.7 2.3 -0.5
v 2.7 2.4 0.7
v 2.7 2.4 0.4
v 2.7 2.4 -1.2
v 2.7 2.4 -1.7
v 2.7 2.5 0.3
v 2.7 2.5 0.2
v 2.7 2.6 1.1
v 2.7 2.6 0.9
v 2.7 2.6 0.4
v 2.7 2.6 -0.2
v 2.7 2.7 -0.3
v 2.7 2.7 -0.4
v 2.7 2.7 -1.1
v 2.7 2.7 -1.2
v 2.7 2.8 0.9
v 2.7 2.8 0.8
v 2.7 2.8 0.7
v 2.7 2.8 0.6
v 2.7 2.8 -0.4
v 2.7 2.8 -1
v 2.7 2.9 0.6
v 2.7 2.9 0.4
v 2.7 3 0.4
v 2.7 3 0.3
v 2.7 3.1 0.3
v 2.7 3.1 0.2
v 2.7 3.6 -0.3
v 2.7 3.6 -0.8
v 2.7 3.6 -1
v 2.7 3.6 -1.1
v 2.7 3.7 0.6
v 2.7 3.7 0.2
v 2.7 3.7 -0.8
v 2.7 3.7 -1.1
v 2.7 3.7 -1.2
v 2.7 3.7 -1.5
v 2.7 3.8 0.7
v 2.7 3.8 0.6
v 2.7 3.8 -1.2
v 2.7 3.8 -1.4
v 2.7 3.8 -1.5
v 2.7 3.8 -1.6
v 2.7 4.1 0.7
v 2.7 4.1 0.6
v 2.7 4.1 -1.2
v 2.7 4.1 -1.4
v 2.7 4.1 -1.5
v 2.7 4.1 -1.6
v 2.7 4.2 0.8
v 2.7 4.2 0.6
v 2.7 4.2 0.5
v 2.7 4.2 0.2
v 2.7 4.2 -0.8
v 2.7 4.2 -1.1
v 2.7 4.2 -1.2
v 2.7 4.2 -1.5
v 2.7 4.4 0.5
v 2.7 4.4 0.2
v 2.7 4.4 -0.8
v 2.7 4.4 -1.1
v 2.7 4.5 0.5
v 2.7 4.5 0.2
v 2.7 4.5 -0.8
v 2.7 4.5 -1.1
v 2.8 0 0.7
v 2.8 0 0.3
v 2.8 0 -0.6
v 2.8 0 -1.8
v 2.8 0.2 -0.6
v 2.8 0.2 -1.8
v 2.8 0.3 0.7
v 2.8 0.3 0.3
v 2.8 2.2 -0.5
v 2.8 2.2 -1.1
v 2.8 2.3 -0.2
v 2.8 2.3 -0.5
v 2.8 2.3 -0.6
v 2.8 2.3 -1
v 2.8 2.4 0.7
v 2.8 2.4 0.4
v 2.8 2.6 0.4
v 2.8 2.6 -0.2
v 2.8 2.6 -0.6
v 2.8 2.6 -0.7
v 2.8 2.7 0.2
v 2.8 2.7 -0.1
v 2.8 2.7 -0.3
v 2.8 2.7 -0.4
v 2.8 2.7 -0.7
v 2.8 2.7 -1
v 2.8 2.8 0.7
v 2.8 2.8 0.6
v 2.8 2.8 -0.1
v 2.8 2.8 -0.2
v 2.8 2.8 -0.4
v 2.8 2.8 -1.1
v 2.8 2.9 0.6
v 2.8 2.9 0.4
v 2.8 3 0.4
v 2.8 3 0.3
v 2.8 3 0.2
v 2.8 3 0.0999999
v 2.8 3.1 0.3
v 2.8 3.1 0.2
v 2.8 3.1 0.0999999
v 2.8 3.1 -0.2
v 2.8 3.6 -0.3
v 2.8 3.6 -0.8
v 2.8 3.7 0.6
v 2.8 3.7 0.3
v 2.8 3.7 0.2
v 2.8 3.7 -0.8
v 2.8 3.7 -0.9
v 2.8 3.7 -1.2
v 2.8 3.8 0.7
v 2.8 3.8 0.6
v 2.8 3.8 0.5
v 2.8 3.8 0.3
v 2.8 3.8 -0.9
v 2.8 3.8 -1.1
v 2.8 3.8 -1.2
v 2.8 3.8 -1.4
v 2.8 4.1 0.7
v 2.8 4.1 0.6
v 2.8 4.1 0.5
v 2.8 4.1 0.3
v 2.8 4.1 -0.9
v 2.8 4.1 -1.1
v 2.8 4.1 -1.2
v 2.8 4.1 -1.4
v 2.8 4.2 0.6
v 2.8 4.2 0.3
v 2.8 4.2 0.2
v 2.8 4.2 -0.8
v 2.8 4.2 -0.9
v 2.8 4.2 -1.2
v 2.8 4.5 0.2
v 2.8 4.5 -0.8
v 2.9 2.3 -0.6
v 2.9 2.3 -1
v 2.9 2.6 -0.6
v 2.9 2.6 -0.7
v 2.9 2.7 0.2
v 2.9 2.7 -0.1
v 2.9 2.7 -0.7
v 2.9 2.7 -1
v 2.9 2.8 -0.1
v 2.9 2.8 -0.2
v 2.9 3 0.2
v 2.9 3 0.0999999
v 2.9 3.1 0.0999999
v 2.9 3.1 -0.2
v 2.9 3.7 0.3
v 2.9 3.7 -0.9
v 2.9 3.8 0.5
v 2.9 3.8 0.3
v 2.9 3.8 0.2
v 2.9 3.8 -0.8
v 2.9 3.8 -0.9
v 2.9 3.8 -1.1
v 2.9 4.1 0.5
v 2.9 4.1 0.3
v 2.9 4.1 0.2
v 2.9 4.1 -0.8
v 2.9 4.1 -0.9
v 2.9 4.1 -1.1
v 2.9 4.2 0.3
v 2.9 4.2 -0.9
v 3 3.8 0.2
v 3 3.8 -0.8
v 3 4.1 0.2
v 3 4.1 -0.8
v -0.8 2.3 2.5
v -0.8 2.6 2.5
v -0.7 2.5 2.5
v -0.7 2.6 2.5
v -0.6 2.3 2.5
v -0.6 2.4 2.5
v -0.6 2.5 2.5
v -0.6 2.6 2.5
v -0.5 2.3 2.5
v -0.5 2.4 2.5
v -0.5 2.5 2.5
v -0.5 2.6 2.5
v -0.4 2.4 2.5
v -0.4 2.6 2.5
v -0.3 2.3 2.5
v -0.3 2.4 2.5
v -0.0999999 2.3 2.5
v -0.0999999 2.6 2.5
v 0.1 2.3 2.5
v 0.1 2.6 2.5
v 0.2 2.3 2.5
v 0.2 2.6 2.5
v 0.8 2.3 2.5
v 0.8 2.6 2.5
v -1.1 2.3 2.4
v -1.1 2.5 2.4
v -1.1 2.6 2.4
v -1 2.4 2.4
v -1 2.5 2.4
v -0.9 2.2 2.4
v -0.9 2.3 2.4
v -0.9 2.4 2.4
v -0.9 2.5 2.4
v -0.9 2.6 2.4
v -0.9 2.7 2.4
v -0.8 0 2.4
v -0.8 0.2 2.4
v -0.8 2.2 2.4
v -0.8 2.3 2.4
v -0.8 2.4 2.4
v -0.8 2.5 2.4
v -0.8 2.6 2.4
v -0.7 2.2 2.4
v -0.7 2.3 2.4
v -0.7 2.6 2.4
v -0.7 2.7 2.4
v -0.6 2.3 2.4
v -0.6 2.6 2.4
v -0.6 2.7 2.4
v -0.5 2.3 2.4
v -0.5 2.6 2.4
v -0.5 2.7 2.4
v -0.4 2.2 2.4
v -0.4 2.3 2.4
v -0.4 2.6 2.4
v -0.4 2.7 2.4
v -0.3 0.1 2.4
v -0.3 0.2 2.4
v -0.3 2.2 2.4
v -0.3 2.3 2.4
v -0.3 2.6 2.4
v -0.3 2.7 2.4
v -0.0999999 2.2 2.4
v -0.0999999 2.3 2.4
v -0.0999999 2.6 2.4
v -0.0999999 2.7 2.4
v 2.38419e-07 0.1 2.4
v 2.38419e-07 0.2 2.4
v 2.38419e-07 2.2 2.4
v 2.38419e-07 2.4 2.4
v 2.38419e-07 2.7 2.4
v 0.1 2.2 2.4
v 0.1 2.3 2.4
v 0.1 2.4 2.4
v 0.1 2.6 2.4
v 0.1 2.7 2.4
v 0.2 2.3 2.4
v 0.2 2.6 2.4
v 0.2 2.7 2.4
v 0.3 0 2.4
v 0.3 0.2 2.4
v 0.5 0 2.4
v 0.5 0.2 2.4
v 0.8 0 2.4
v 0.8 0.2 2.4
v 0.8 2.3 2.4
v 0.8 2.6 2.4
v 0.9 2.2 2.4
v 0.9 2.3 2.4
v 0.9 2.6 2.4
v 0.9 2.7 2.4
v 1.1 2.3 2.4
v 1.1 2.6 2.4
v -1.2 2.2 2.3
v -1.2 2.4 2.3
v -1.2 2.7 2.3
v -1.1 0 2.3
v -1.1 0.2 2.3
v -1.1 2.3 2.3
v -1.1 2.4 2.3
v -1.1 2.5 2.3
v -1.1 2.6 2.3
v -1.1 2.7 2.3
v -1 2.6 2.3
v -1 2.7 2.3
v -1 2.8 2.3
v -0.9 0.2 2.3
v -0.9 0.3 2.3
v -0.9 2.2 2.3
v -0.9 2.3 2.3
v -0.9 2.6 2.3
v -0.9 2.7 2.3
v -0.9 2.8 2.3
v -0.8 0 2.3
v -0.8 0.2 2.3
v -0.8 2.1 2.3
v -0.8 2.2 2.3
v -0.8 2.7 2.3
v -0.8 2.8 2.3
v -0.7 0.3 2.3
v -0.7 0.4 2.3
v -0.7 2.1 2.3
v -0.7 2.2 2.3
v -0.7 2.7 2.3
v -0.7 2.8 2.3
v -0.6 2.1 2.3
v -0.6 2.2 2.3
v -0.6 2.7 2.3
v -0.6 2.8 2.3
v -0.5 2.7 2.3
v -0.5 2.8 2.3
v -0.4 2.1 2.3
v -0.4 2.2 2.3
v -0.4 2.7 2.3
v -0.4 2.8 2.3
v -0.3 0.2 2.3
v -0.3 2.2 2.3
v -0.3 2.7 2.3
v -0.3 2.8 2.3
v -0.2 2.7 2.3
v -0.2 2.8 2.3
v -0.0999999 0.2 2.3
v -0.0999999 0.3 2.3
v -0.0999999 0.4 2.3
v -0.0999999 2.1 2.3
v -0.0999999 2.2 2.3
v -0.0999999 2.7 2.3
v -0.0999999 2.8 2.3
v 2.38419e-07 0.2 2.3
v 2.38419e-07 2.7 2.3
v 2.38419e-07 2.8 2.3
v 0.1 0.3 2.3
v 0.1 0.4 2.3
v 0.1 2.1 2.3
v 0.1 2.2 2.3
v 0.1 2.7 2.3
v 0.1 2.8 2.3
v 0.2 0.2 2.3
v 0.2 0.3 2.3
v 0.2 2.7 2.3
v 0.2 2.8 2.3
v 0.3 0.2 2.3
v 0.3 0.3 2.3
v 0.4 0.3 2.3
v 0.4 0.4 2.3
v 0.5 0.2 2.3
v 0.5 0.3 2.3
v 0.5 0.4 2.3
v 0.7 0.3 2.3
v 0.7 0.4 2.3
v 0.8 0 2.3
v 0.8 0.2 2.3
v 0.8 2.1 2.3
v 0.8 2.2 2.3
v 0.9 0.2 2.3
v 0.9 0.3 2.3
v 0.9 2.2 2.3
v 0.9 2.3 2.3
v 0.9 2.6 2.3
v 0.9 2.7 2.3
v 1 2.7 2.3
v 1 2.8 2.3
v 1.1 0 2.3
v 1.1 0.2 2.3
v 1.1 2.3 2.3
v 1.1 2.6 2.3
v 1.2 2.2 2.3
v 1.2 2.7 2.3
v -1.4 0 2.2
v -1.4 0.2 2.2
v -1.3 2.3 2.2
v -1.3 2.8 2.2
v -1.2 0.2 2.2
v -1.2 0.3 2.2
v -1.2 2.3 2.2
v -1.2 2.4 2.2
v -1.2 2.7 2.2
v -1.2 2.8 2.2
v -1.1 0 2.2
v -1.1 0.2 2.2
v -1.1 2.1 2.2
v -1.1 2.2 2.2
v -1.1 2.7 2.2
v -1 0.3 2.2
v -1 0.4 2.2
v -1 2.1 2.2
v -1 2.2 2.2
v -1 2.7 2.2
v -1 2.8 2.2
v -0.9 0.2 2.2
v -0.9 0.3 2.2
v -0.9 2.1 2.2
v -0.9 2.2 2.2
v -0.9 2.8 2.2
v -0.9 2.9 2.2
v -0.9 4.1 2.2
v -0.8 2.1 2.2
v -0.8 2.2 2.2
v -0.8 2.8 2.2
v -0.8 2.9 2.2
v -0.7 0.3 2.2
v -0.7 0.4 2.2
v -0.7 2.8 2.2
v -0.6 2.8 2.2
v -0.5 2.8 2.2
v -0.5 3.2 2.2
v -0.4 2.8 2.2
v -0.4 2.9 2.2
v -0.4 3 2.2
v -0.4 3.1 2.2
v -0.4 3.2 2.2
v -0.4 3.3 2.2
v -0.3 2.8 2.2
v -0.3 2.9 2.2
v -0.3 3 2.2
v -0.3 3.1 2.2
v -0.3 3.2 2.2
v -0.2 2.8 2.2
v -0.2 2.9 2.2
v -0.2 3 2.2
v -0.2 3.1 2.2
v -0.2 3.2 2.2
v -0.0999999 0.3 2.2
v -0.0999999 0.4 2.2
v -0.0999999 2.8 2.2
v -0.0999999 2.9 2.2
v -0.0999999 3 2.2
v -0.0999999 3.2 2.2
v -0.0999999 3.3 2.2
v 2.38419e-07 2.8 2.2
v 2.38419e-07 3 2.2
v 2.38419e-07 3.2 2.2
v 2.38419e-07 3.3 2.2
v 2.38419e-07 3.4 2.2
v 0.1 0.3 2.2
v 0.1 0.4 2.2
v 0.1 2.8 2.2
v 0.1 2.9 2.2
v 0.1 3 2.2
v 0.1 3.1 2.2
v 0.1 3.2 2.2
v 0.1 3.3 2.2
v 0.1 3.4 2.2
v 0.1 3.5 2.2
v 0.1 3.6 2.2
v 0.2 2.8 2.2
v 0.2 2.9 2.2
v 0.2 3 2.2
v 0.2 3.2 2.2
v 0.2 3.3 2.2
v 0.2 3.4 2.2
v 0.2 3.5 2.2
v 0.2 3.6 2.2
v 0.2 3.7 2.2
v 0.3 2.8 2.2
v 0.3 3.2 2.2
v 0.3 3.3 2.2
v 0.3 3.4 2.2
v 0.3 3.5 2.2
v 0.3 3.6 2.2
v 0.3 3.7 2.2
v 0.3 3.8 2.2
v 0.4 3.2 2.2
v 0.4 3.3 2.2
v 0.4 3.4 2.2
v 0.4 3.5 2.2
v 0.4 3.6 2.2
v 0.4 3.7 2.2
v 0.4 3.8 2.2
v 0.4 3.9 2.2
v 0.5 3.3 2.2
v 0.5 3.4 2.2
v 0.5 3.5 2.2
v 0.5 3.6 2.2
v 0.5 3.7 2.2
v 0.5 3.8 2.2
v 0.5 3.9 2.2
v 0.5 4 2.2
v 0.6 3.4 2.2
v 0.6 3.5 2.2
v 0.6 3.6 2.2
v 0.6 3.7 2.2
v 0.6 3.8 2.2
v 0.6 3.9 2.2
v 0.6 4 2.2
v 0.6 4.1 2.2
v 0.7 0.3 2.2
v 0.7 0.4 2.2
v 0.7 3.5 2.2
v 0.7 3.6 2.2
v 0.7 3.7 2.2
v 0.7 3.8 2.2
v 0.7 3.9 2.2
v 0.7 4 2.2
v 0.8 2.1 2.2
v 0.8 2.2 2.2
v 0.8 3.6 2.2
v 0.8 3.8 2.2
v 0.8 3.9 2.2
v 0.8 4 2.2
v 0.8 4.1 2.2
v 0.9 0.2 2.2
v 0.9 0.3 2.2
v 0.9 2.2 2.2
v 0.9 2.8 2.2
v 0.9 3.8 2.2
v 0.9 4 2.2
v 0.9 4.1 2.2
v 1 0.3 2.2
v 1 0.4 2.2
v 1 2.7 2.2
v 1 2.8 2.2
v 1.1 0 2.2
v 1.1 0.2 2.2
v 1.1 2.1 2.2
v 1.1 2.2 2.2
v 1.2 0.2 2.2
v 1.2 0.3 2.2
v 1.2 2.3 2.2
v 1.2 2.7 2.2
v 1.3 2.3 2.2
v 1.3 2.8 2.2
v 1.4 0 2.2
v 1.4 0.2 2.2
v -1.6 0 2.1
v -1.6 0.1 2.1
v -1.5 0.1 2.1
v -1.5 0.3 2.1
v -1.4 0 2.1
v -1.4 0.2 2.1
v -1.4 2.4 2.1
v -1.4 2.8 2.1
v -1.3 0.3 2.1
v -1.3 0.4 2.1
v -1.3 2.4 2.1
v -1.3 2.8 2.1
v -1.3 3 2.1
v -1.3 3.2 2.1
v -1.3 3.4 2.1
v -1.3 3.5 2.1
v -1.3 3.6 2.1
v -1.3 3.7 2.1
v -1.3 3.9 2.1
v -1.2 0.2 2.1
v -1.2 0.3 2.1
v -1.2 2.8 2.1
v -1.2 2.9 2.1
v -1.2 3 2.1
v -1.2 3.1 2.1
v -1.2 3.2 2.1
v -1.2 3.3 2.1
v -1.2 3.4 2.1
v -1.2 3.5 2.1
v -1.2 3.6 2.1
v -1.2 3.7 2.1
v -1.2 3.9 2.1
v -1.1 2.9 2.1
v -1.1 3.1 2.1
v -1.1 3.3 2.1
v -1.1 3.4 2.1
v -1.1 3.5 2.1
v -1.1 3.6 2.1
v -1.1 3.9 2.1
v -1.1 4.1 2.1
v -1 0.3 2.1
v -1 0.4 2.1
v -1 2.8 2.1
v -1 3 2.1
v -1 3.1 2.1
v -1 3.4 2.1
v -1 4.1 2.1
v -1 4.2 2.1
v -0.9 2.8 2.1
v -0.9 2.9 2.1
v -0.9 3 2.1
v -0.9 3.1 2.1
v -0.9 4.1 2.1
v -0.8 0.4 2.1
v -0.8 2 2.1
v -0.8 2.1 2.1
v -0.7 2.1 2.1
v -0.6 2 2.1
v -0.6 2.1 2.1
v -0.2 1.3 2.1
v -0.2 2.1 2.1
v -0.0999999 1.2 2.1
v -0.0999999 1.3 2.1
v -0.0999999 1.4 2.1
v -0.0999999 1.6 2.1
v -0.0999999 1.8 2.1
v -0.0999999 2 2.1
v -0.0999999 2.1 2.1
v -0.0999999 2.2 2.1
v 2.38419e-07 1.3 2.1
v 2.38419e-07 1.4 2.1
v 2.38419e-07 1.6 2.1
v 2.38419e-07 1.8 2.1
v 2.38419e-07 2 2.1
v 2.38419e-07 2.2 2.1
v 0.1 1 2.1
v 0.1 1.2 2.1
v 0.1 1.3 2.1
v 0.1 1.4 2.1
v 0.1 1.6 2.1
v 0.1 1.8 2.1
v 0.1 2.1 2.1
v 0.1 2.2 2.1
v 0.2 0.5 2.1
v 0.2 0.8 2.1
v 0.2 1 2.1
v 0.2 1.1 2.1
v 0.2 1.2 2.1
v 0.2 1.3 2.1
v 0.2 1.4 2.1
v 0.2 1.5 2.1
v 0.2 1.6 2.1
v 0.2 1.8 2.1
v 0.3 0.4 2.1
v 0.3 0.5 2.1
v 0.3 0.8 2.1
v 0.3 1 2.1
v 0.3 1.2 2.1
v 0.3 1.3 2.1
v 0.3 1.5 2.1
v 0.4 0.4 2.1
v 0.4 0.5 2.1
v 0.4 0.8 2.1
v 0.4 0.9 2.1
v 0.4 1 2.1
v 0.4 1.1 2.1
v 0.5 0.4 2.1
v 0.5 0.5 2.1
v 0.5 0.9 2.1
v 0.5 1 2.1
v 0.5 1.1 2.1
v 0.5 1.2 2.1
v 0.6 0.4 2.1
v 0.6 0.5 2.1
v 0.6 0.9 2.1
v 0.6 1 2.1
v 0.6 1.1 2.1
v 0.6 4.1 2.1
v 0.7 0.5 2.1
v 0.7 0.6 2.1
v 0.7 0.8 2.1
v 0.7 1 2.1
v 0.7 4.1 2.1
v 0.7 4.2 2.1
v 0.8 0.4 2.1
v 0.8 0.6 2.1
v 0.8 0.8 2.1
v 0.8 2.1 2.1
v 0.8 4.1 2.1
v 0.9 2.8 2.1
v 0.9 3.8 2.1
v 0.9 3.9 2.1
v 0.9 4 2.1
v 0.9 4.1 2.1
v 0.9 4.2 2.1
v 1 0.3 2.1
v 1 0.4 2.1
v 1 3.9 2.1
v 1 4 2.1
v 1 4.1 2.1
v 1 4.2 2.1
v 1.1 3.9 2.1
v 1.1 4 2.1
v 1.1 4.1 2.1
v 1.2 0.2 2.1
v 1.2 0.3 2.1
v 1.3 0.3 2.1
v 1.3 0.4 2.1
v 1.3 2.4 2.1
v 1.3 2.8 2.1
v 1.3 3.9 2.1
v 1.4 0 2.1
v 1.4 0.2 2.1
v 1.4 2.4 2.1
v 1.4 2.8 2.1
v 1.5 0.1 2.1
v 1.5 0.3 2.1
v 1.6 0 2.1
v 1.6 0.1 2.1
v -1.7 0 2
v -1.7 0.2 2
v -1.6 0 2
v -1.6 0.1 2
v -1.6 0.2 2
v -1.6 0.3 2
v -1.6 2.5 2
v -1.6 2.8 2
v -1.5 0.1 2
v -1.5 0.3 2
v -1.5 0.4 2
v -1.5 2.4 2
v -1.5 2.5 2
v -1.5 2.8 2
v -1.5 2.9 2
v -1.4 2.4 2
v -1.4 2.8 2
v -1.4 2.9 2
v -1.4 3.1 2
v -1.4 3.4 2
v -1.4 3.6 2
v -1.4 3.7 2
v -1.4 3.8 2
v -1.4 3.9 2
v -1.3 0.3 2
v -1.3 0.4 2
v -1.3 2.8 2
v -1.3 3 2
v -1.3 3.1 2
v -1.3 3.2 2
v -1.3 3.4 2
v -1.3 3.5 2
v -1.3 3.6 2
v -1.3 3.7 2
v -1.3 3.8 2
v -1.3 3.9 2
v -1.3 4.1 2
v -1.2 3.9 2
v -1.2 4.1 2
v -1.2 4.2 2
v -1.1 0.4 2
v -1.1 1.6 2
v -1.1 1.8 2
v -1.1 1.9 2
v -1.1 2 2
v -1.1 2.1 2
v -1.1 3.9 2
v -1.1 4.1 2
v -1 1.6 2
v -1 1.7 2
v -1 1.8 2
v -1 1.9 2
v -1 2 2
v -1 2.1 2
v -1 4.1 2
v -1 4.2 2
v -0.9 1.7 2
v -0.9 1.9 2
v -0.9 4.2 2
v -0.9 4.5 2
v -0.8 0.4 2
v -0.8 1.9 2
v -0.8 2 2
v -0.8 2.1 2
v -0.6 4.4 2
v -0.6 4.5 2
v 0.6 4.4 2
v 0.6 4.5 2
v 0.7 4.2 2
v 0.7 4.3 2
v 0.8 0.4 2
v 0.8 0.6 2
v 0.8 0.8 2
v 0.8 2.1 2
v 0.8 4.3 2
v 0.8 4.4 2
v 0.9 4.2 2
v 0.9 4.4 2
v 0.9 4.5 2
v 1 4.1 2
v 1 4.2 2
v 1.1 0.4 2
v 1.1 2.1 2
v 1.1 3.9 2
v 1.1 4 2
v 1.1 4.1 2
v 1.1 4.2 2
v 1.2 4.1 2
v 1.2 4.2 2
v 1.3 0.3 2
v 1.3 0.4 2
v 1.3 2.8 2
v 1.3 3.9 2
v 1.3 4.1 2
v 1.4 2.4 2
v 1.4 2.8 2
v 1.4 2.9 2
v 1.4 3.9 2
v 1.5 0.1 2
v 1.5 0.3 2
v 1.5 0.4 2
v 1.5 2.4 2
v 1.5 2.5 2
v 1.5 2.8 2
v 1.5 2.9 2
v 1.6 0 2
v 1.6 0.1 2
v 1.6 0.2 2
v 1.6 0.3 2
v 1.6 2.5 2
v 1.6 2.8 2
v 1.7 0 2
v 1.7 0.2 2
v -1.9 0 1.9
v -1.9 0.2 1.9
v -1.8 0.2 1.9
v -1.8 0.3 1.9
v -1.8 2.5 1.9
v -1.8 2.8 1.9
v -1.7 0 1.9
v -1.7 0.2 1.9
v -1.7 2.4 1.9
v -1.7 2.5 1.9
v -1.7 2.8 1.9
v -1.7 2.9 1.9
v -1.6 0.2 1.9
v -1.6 0.3 1.9
v -1.6 0.4 1.9
v -1.6 2.5 1.9
v -1.6 2.8 1.9
v -1.5 0.3 1.9
v -1.5 0.4 1.9
v -1.5 2.4 1.9
v -1.5 2.5 1.9
v -1.5 2.8 1.9
v -1.5 2.9 1.9
v -1.5 3.3 1.9
v -1.5 3.6 1.9
v -1.5 3.7 1.9
v -1.5 3.8 1.9
v -1.5 4.1 1.9
v -1.4 0.4 1.9
v -1.4 1.2 1.9
v -1.4 1.3 1.9
v -1.4 1.4 1.9
v -1.4 1.6 1.9
v -1.4 1.9 1.9
v -1.4 2.4 1.9
v -1.4 2.9 1.9
v -1.4 3.1 1.9
v -1.4 3.3 1.9
v -1.4 3.4 1.9
v -1.4 3.6 1.9
v -1.4 3.7 1.9
v -1.4 3.8 1.9
v -1.4 3.9 1.9
v -1.4 4.1 1.9
v -1.4 4.2 1.9
v -1.3 1.2 1.9
v -1.3 1.3 1.9
v -1.3 1.4 1.9
v -1.3 1.5 1.9
v -1.3 1.6 1.9
v -1.3 1.8 1.9
v -1.3 1.9 1.9
v -1.3 2 1.9
v -1.3 2.3 1.9
v -1.3 2.4 1.9
v -1.3 3.9 1.9
v -1.3 4.1 1.9
v -1.2 1.3 1.9
v -1.2 1.4 1.9
v -1.2 1.5 1.9
v -1.2 1.6 1.9
v -1.2 1.8 1.9
v -1.2 1.9 1.9
v -1.2 2.2 1.9
v -1.2 2.3 1.9
v -1.2 4.1 1.9
v -1.2 4.2 1.9
v -1.1 0.4 1.9
v -1.1 1.4 1.9
v -1.1 1.6 1.9
v -1.1 1.8 1.9
v -1.1 1.9 1.9
v -1.1 2 1.9
v -1.1 2.2 1.9
v -1.1 4.2 1.9
v -1.1 5.1 1.9
v -0.9 4.2 1.9
v -0.9 4.5 1.9
v -0.6 4.4 1.9
v -0.6 4.5 1.9
v 0.6 4.4 1.9
v 0.6 4.5 1.9
v 0.9 4.2 1.9
v 0.9 4.4 1.9
v 0.9 4.5 1.9
v 0.9 5.1 1.9
v 1 4.2 1.9
v 1.1 0.4 1.9
v 1.1 2.2 1.9
v 1.1 4.2 1.9
v 1.1 4.5 1.9
v 1.2 2.2 1.9
v 1.2 2.3 1.9
v 1.2 4.1 1.9
v 1.2 4.2 1.9
v 1.3 2.3 1.9
v 1.3 2.4 1.9
v 1.3 3.9 1.9
v 1.3 4.1 1.9
v 1.4 0.4 1.9
v 1.4 2.4 1.9
v 1.4 2.9 1.9
v 1.4 3.9 1.9
v 1.4 4.1 1.9
v 1.4 4.2 1.9
v 1.5 0.3 1.9
v 1.5 0.4 1.9
v 1.5 2.4 1.9
v 1.5 2.5 1.9
v 1.5 2.8 1.9
v 1.5 2.9 1.9
v 1.5 4.1 1.9
v 1.6 0.2 1.9
v 1.6 0.3 1.9
v 1.6 0.4 1.9
v 1.6 2.5 1.9
v 1.6 2.8 1.9
v 1.7 0 1.9
v 1.7 0.2 1.9
v 1.7 2.4 1.9
v 1.7 2.5 1.9
v 1.7 2.8 1.9
v 1.7 2.9 1.9
v 1.8 0.2 1.9
v 1.8 0.3 1.9
v 1.8 2.5 1.9
v 1.8 2.8 1.9
v 1.9 0 1.9
v 1.9 0.2 1.9
v -2.1 0 1.8
v -2.1 0.1 1.8
v -2 0 1.8
v -2 0.1 1.8
v -2 0.3 1.8
v -1.9 0 1.8
v -1.9 0.2 1.8
v -1.9 2.4 1.8
v -1.9 3.9 1.8
v -1.8 0.2 1.8
v -1.8 0.3 1.8
v -1.8 0.4 1.8
v -1.8 2.5 1.8
v -1.8 2.8 1.8
v -1.7 2.4 1.8
v -1.7 2.5 1.8
v -1.7 2.8 1.8
v -1.7 2.9 1.8
v -1.7 3.8 1.8
v -1.7 3.9 1.8
v -1.6 0.3 1.8
v -1.6 0.4 1.8
v -1.6 2.3 1.8
v -1.6 2.4 1.8
v -1.6 3.7 1.8
v -1.6 3.8 1.8
v -1.6 3.9 1.8
v -1.6 4.2 1.8
v -1.5 0.4 1.8
v -1.5 0.9 1.8
v -1.5 1.8 1.8
v -1.5 2.3 1.8
v -1.5 2.9 1.8
v -1.5 3.3 1.8
v -1.5 3.6 1.8
v -1.5 3.7 1.8
v -1.5 3.8 1.8
v -1.5 3.9 1.8
v -1.5 4.1 1.8
v -1.5 4.2 1.8
v -1.4 0.4 1.8
v -1.4 0.9 1.8
v -1.4 1.2 1.8
v -1.4 1.3 1.8
v -1.4 1.4 1.8
v -1.4 1.6 1.8
v -1.4 1.8 1.8
v -1.4 1.9 1.8
v -1.4 2.4 1.8
v -1.4 4.1 1.8
v -1.4 4.2 1.8
v -1.3 4.2 1.8
v -1.3 4.3 1.8
v -1.3 5.1 1.8
v -1.2 4.2 1.8
v -1.2 4.3 1.8
v -1.1 4.2 1.8
v -1.1 5.1 1.8
v 1.1 4.2 1.8
v 1.1 4.4 1.8
v 1.1 4.5 1.8
v 1.2 4.2 1.8
v 1.2 4.3 1.8
v 1.2 4.4 1.8
v 1.2 4.5 1.8
v 1.3 4.2 1.8
v 1.3 4.3 1.8
v 1.3 4.5 1.8
v 1.4 0.4 1.8
v 1.4 2.4 1.8
v 1.4 4.1 1.8
v 1.4 4.2 1.8
v 1.5 0.4 1.8
v 1.5 2.3 1.8
v 1.5 2.9 1.8
v 1.5 4.1 1.8
v 1.6 0.3 1.8
v 1.6 0.4 1.8
v 1.6 2.3 1.8
v 1.6 2.4 1.8
v 1.6 3.9 1.8
v 1.6 4.2 1.8
v 1.7 2.4 1.8
v 1.7 2.5 1.8
v 1.7 2.8 1.8
v 1.7 2.9 1.8
v 1.8 0.2 1.8
v 1.8 0.3 1.8
v 1.8 0.4 1.8
v 1.8 2.5 1.8
v 1.8 2.8 1.8
v 1.9 0 1.8
v 1.9 0.2 1.8
v 1.9 2.4 1.8
v 1.9 3.9 1.8
v 2 0.1 1.8
v 2 0.3 1.8
v 2.1 0 1.8
v 2.1 0.1 1.8
v -2.1 0.1 1.7
v -2.1 0.3 1.7
v -2.1 2.3 1.7
v -2.1 2.6 1.7
v -2 0.1 1.7
v -2 0.3 1.7
v -2 0.4 1.7
v -2 2.6 1.7
v -2 2.8 1.7
v -1.9 2.4 1.7
v -1.9 2.8 1.7
v -1.8 0.3 1.7
v -1.8 0.4 1.7
v -1.7 0.4 1.7
v -1.7 0.7 1.7
v -1.7 0.9 1.7
v -1.7 1 1.7
v -1.7 1.1 1.7
v -1.7 1.3 1.7
v -1.7 1.4 1.7
v -1.7 2.3 1.7
v -1.7 2.4 1.7
v -1.7 3.9 1.7
v -1.7 4 1.7
v -1.7 4.2 1.7
v -1.6 0.7 1.7
v -1.6 0.8 1.7
v -1.6 1 1.7
v -1.6 1.1 1.7
v -1.6 1.2 1.7
v -1.6 2.3 1.7
v -1.6 2.4 1.7
v -1.6 3.9 1.7
v -1.6 4 1.7
v -1.6 4.2 1.7
v -1.5 0.4 1.7
v -1.5 0.8 1.7
v -1.5 0.9 1.7
v -1.5 1.1 1.7
v -1.5 1.2 1.7
v -1.5 1.3 1.7
v -1.5 1.4 1.7
v -1.5 1.8 1.7
v -1.5 2.3 1.7
v -1.5 4.2 1.7
v -1.5 4.5 1.7
v -1.4 4.2 1.7
v -1.4 4.5 1.7
v -1.4 4.7 1.7
v -1.3 4.2 1.7
v -1.3 4.3 1.7
v -1.3 4.7 1.7
v -0.3 2.8 1.7
v -0.3 3.6 1.7
v 0.3 2.8 1.7
v 0.3 3.6 1.7
v 0.9 4.5 1.7
v 0.9 4.6 1.7
v 0.9 5.1 1.7
v 1 4.6 1.7
v 1 4.7 1.7
v 1 5.1 1.7
v 1.1 4.5 1.7
v 1.1 4.7 1.7
v 1.2 4.5 1.7
v 1.2 4.6 1.7
v 1.2 4.7 1.7
v 1.3 4.2 1.7
v 1.3 4.3 1.7
v 1.3 4.4 1.7
v 1.3 4.5 1.7
v 1.3 4.6 1.7
v 1.3 4.7 1.7
v 1.4 4.2 1.7
v 1.4 4.4 1.7
v 1.4 4.5 1.7
v 1.4 4.6 1.7
v 1.4 4.7 1.7
v 1.5 0.4 1.7
v 1.5 2.3 1.7
v 1.5 4.2 1.7
v 1.5 4.5 1.7
v 1.6 2.3 1.7
v 1.6 2.4 1.7
v 1.6 3.9 1.7
v 1.6 4.2 1.7
v 1.7 0.4 1.7
v 1.7 2.3 1.7
v 1.7 2.4 1.7
v 1.7 3.9 1.7
v 1.7 4.2 1.7
v 1.8 0.3 1.7
v 1.8 0.4 1.7
v 1.9 2.4 1.7
v 1.9 2.8 1.7
v 2 0.1 1.7
v 2 0.3 1.7
v 2 0.4 1.7
v 2 2.6 1.7
v 2 2.8 1.7
v 2.1 0.1 1.7
v 2.1 0.3 1.7
v 2.1 2.3 1.7
v 2.1 2.6 1.7
v -2.2 0 1.6
v -2.2 0.2 1.6
v -2.2 2.2 1.6
v -2.2 2.7 1.6
v -2.1 0 1.6
v -2.1 0.1 1.6
v -2.1 0.2 1.6
v -2.1 2.3 1.6
v -2.1 2.6 1.6
v -2.1 2.7 1.6
v -2.1 2.8 1.6
v -2 2.6 1.6
v -2 2.8 1.6
v -1.9 0.4 1.6
v -1.9 0.7 1.6
v -1.9 0.8 1.6
v -1.9 0.9 1.6
v -1.9 1 1.6
v -1.9 1.1 1.6
v -1.9 2.2 1.6
v -1.8 0.8 1.6
v -1.8 0.9 1.6
v -1.8 1 1.6
v -1.8 1.1 1.6
v -1.8 1.2 1.6
v -1.8 3.9 1.6
v -1.8 4.1 1.6
v -1.8 4.2 1.6
v -1.7 0.4 1.6
v -1.7 0.7 1.6
v -1.7 0.8 1.6
v -1.7 0.9 1.6
v -1.7 1 1.6
v -1.7 1.1 1.6
v -1.7 1.2 1.6
v -1.7 1.3 1.6
v -1.7 1.4 1.6
v -1.7 2.3 1.6
v -1.7 3.9 1.6
v -1.7 4 1.6
v -1.7 4.1 1.6
v -1.7 4.2 1.6
v -1.6 4.2 1.6
v -1.6 4.5 1.6
v -1.5 4.2 1.6
v -1.5 4.5 1.6
v -1.5 4.6 1.6
v -1.5 4.8 1.6
v -1.4 4.5 1.6
v -1.4 4.6 1.6
v -1.4 4.7 1.6
v -1.4 4.8 1.6
v -1.4 5.1 1.6
v -1.3 4.7 1.6
v -1.3 5.1 1.6
v 1 4.7 1.6
v 1 5.1 1.6
v 1.1 4.7 1.6
v 1.1 4.8 1.6
v 1.1 5.1 1.6
v 1.2 4.7 1.6
v 1.2 4.8 1.6
v 1.3 4.7 1.6
v 1.3 4.8 1.6
v 1.4 4.5 1.6
v 1.4 4.6 1.6
v 1.4 4.7 1.6
v 1.4 4.8 1.6
v 1.5 4.2 1.6
v 1.5 4.5 1.6
v 1.5 4.7 1.6
v 1.5 4.8 1.6
v 1.6 4.2 1.6
v 1.6 4.5 1.6
v 1.7 0.4 1.6
v 1.7 2.3 1.6
v 1.7 3.9 1.6
v 1.7 4.2 1.6
v 1.8 3.9 1.6
v 1.8 4.2 1.6
v 1.9 0.4 1.6
v 1.9 2.2 1.6
v 2 2.6 1.6
v 2 2.8 1.6
v 2.1 0 1.6
v 2.1 0.2 1.6
v 2.1 2.3 1.6
v 2.1 2.6 1.6
v 2.1 2.7 1.6
v 2.1 2.8 1.6
v 2.2 0 1.6
v 2.2 0.2 1.6
v 2.2 2.2 1.6
v 2.2 2.7 1.6
v -2.3 2.2 1.5
v -2.3 2.7 1.5
v -2.2 2.2 1.5
v -2.2 2.7 1.5
v -2.2 2.8 1.5
v -2.1 0.3 1.5
v -2.1 0.4 1.5
v -2.1 2.1 1.5
v -2.1 2.2 1.5
v -2.1 2.7 1.5
v -2.1 2.8 1.5
v -2 0.3 1.5
v -2 0.4 1.5
v -2 2.8 1.5
v -2 3.9 1.5
v -1.9 2.1 1.5
v -1.9 2.2 1.5
v -1.9 2.8 1.5
v -1.9 3.9 1.5
v -1.9 4 1.5
v -1.9 4.2 1.5
v -1.8 3.9 1.5
v -1.8 4 1.5
v -1.8 4.1 1.5
v -1.8 4.2 1.5
v -1.7 4.2 1.5
v -1.7 4.4 1.5
v -1.7 4.5 1.5
v -1.6 4.2 1.5
v -1.6 4.4 1.5
v -1.6 4.5 1.5
v -1.6 4.6 1.5
v -1.6 4.8 1.5
v -1.5 4.5 1.5
v -1.5 4.6 1.5
v -1.5 4.8 1.5
v 1.1 4.8 1.5
v 1.1 4.9 1.5
v 1.1 5.1 1.5
v 1.2 4.8 1.5
v 1.2 4.9 1.5
v 1.2 5 1.5
v 1.3 4.8 1.5
v 1.3 4.9 1.5
v 1.4 4.8 1.5
v 1.4 4.9 1.5
v 1.4 5 1.5
v 1.4 5.1 1.5
v 1.5 4.5 1.5
v 1.5 4.6 1.5
v 1.5 4.7 1.5
v 1.5 4.8 1.5
v 1.6 4.2 1.5
v 1.6 4.5 1.5
v 1.6 4.6 1.5
v 1.6 4.8 1.5
v 1.7 4.2 1.5
v 1.7 4.5 1.5
v 1.8 3.9 1.5
v 1.8 4.2 1.5
v 1.9 2.1 1.5
v 1.9 2.2 1.5
v 1.9 2.8 1.5
v 1.9 3.9 1.5
v 1.9 4.2 1.5
v 2 0.3 1.5
v 2 0.4 1.5
v 2 2.8 1.5
v 2 3.9 1.5
v 2.1 0.3 1.5
v 2.1 0.4 1.5
v 2.1 2.1 1.5
v 2.1 2.2 1.5
v 2.1 2.7 1.5
v 2.1 2.8 1.5
v 2.2 2.2 1.5
v 2.2 2.7 1.5
v 2.2 2.8 1.5
v 2.3 2.2 1.5
v 2.3 2.7 1.5
v -2.4 0 1.4
v -2.4 0.1 1.4
v -2.4 2.3 1.4
v -2.4 2.8 1.4
v -2.3 0 1.4
v -2.3 0.1 1.4
v -2.3 0.2 1.4
v -2.3 0.3 1.4
v -2.3 2.3 1.4
v -2.3 2.7 1.4
v -2.2 0 1.4
v -2.2 0.2 1.4
v -2.2 0.3 1.4
v -2.2 2.1 1.4
v -2.2 2.2 1.4
v -2.2 2.7 1.4
v -2.2 2.8 1.4
v -2.1 0.2 1.4
v -2.1 0.3 1.4
v -2.1 2.1 1.4
v -2.1 2.2 1.4
v -2.1 2.8 1.4
v -2.1 3.9 1.4
v -2 2.8 1.4
v -2 3.9 1.4
v -2 4.1 1.4
v -1.9 3.9 1.4
v -1.9 4 1.4
v -1.9 4.1 1.4
v -1.8 4.2 1.4
v -1.8 4.3 1.4
v -1.8 4.5 1.4
v -1.7 4.2 1.4
v -1.7 4.3 1.4
v -1.7 4.4 1.4
v -1.7 4.5 1.4
v -1.7 4.6 1.4
v -1.7 4.7 1.4
v -1.6 4.5 1.4
v -1.6 4.6 1.4
v -1.6 4.7 1.4
v -1.5 4.8 1.4
v -1.5 5 1.4
v -1.5 5.1 1.4
v -1.4 4.8 1.4
v -1.4 5 1.4
v -1.4 5.1 1.4
v 1.4 4.8 1.4
v 1.4 4.9 1.4
v 1.4 5 1.4
v 1.4 5.1 1.4
v 1.5 4.8 1.4
v 1.5 5 1.4
v 1.5 5.1 1.4
v 1.6 4.5 1.4
v 1.6 4.6 1.4
v 1.6 4.7 1.4
v 1.7 4.2 1.4
v 1.7 4.5 1.4
v 1.7 4.7 1.4
v 1.8 4.2 1.4
v 1.8 4.5 1.4
v 1.9 3.9 1.4
v 1.9 4.1 1.4
v 2 2.8 1.4
v 2 3.9 1.4
v 2 4.1 1.4
v 2.1 0.2 1.4
v 2.1 0.3 1.4
v 2.1 2.1 1.4
v 2.1 2.2 1.4
v 2.1 2.8 1.4
v 2.1 3.9 1.4
v 2.2 0 1.4
v 2.2 0.2 1.4
v 2.2 2.1 1.4
v 2.2 2.2 1.4
v 2.2 2.7 1.4
v 2.2 2.8 1.4
v 2.3 0.1 1.4
v 2.3 0.3 1.4
v 2.3 2.3 1.4
v 2.3 2.7 1.4
v 2.4 0 1.4
v 2.4 0.1 1.4
v 2.4 2.3 1.4
v 2.4 2.8 1.4
v -2.5 2.3 1.3
v -2.5 2.7 1.3
v -2.4 0.1 1.3
v -2.4 0.2 1.3
v -2.4 0.3 1.3
v -2.4 2.2 1.3
v -2.4 2.3 1.3
v -2.4 2.7 1.3
v -2.3 0.1 1.3
v -2.3 0.2 1.3
v -2.3 0.3 1.3
v -2.3 0.4 1.3
v -2.3 2.2 1.3
v -2.3 2.3 1.3
v -2.3 2.8 1.3
v -2.3 3.9 1.3
v -2.2 0.3 1.3
v -2.2 0.4 1.3
v -2.1 0.3 1.3
v -2.1 0.4 1.3
v -2.1 2.8 1.3
v -2.1 3.9 1.3
v -2.1 4.1 1.3
v -2 0.4 1.3
v -2 0.5 1.3
v -2 0.7 1.3
v -2 0.8 1.3
v -2 0.9 1.3
v -2 1 1.3
v -2 2.1 1.3
v -2 3.9 1.3
v -2 4.1 1.3
v -1.9 0.4 1.3
v -1.9 0.5 1.3
v -1.9 0.7 1.3
v -1.9 0.8 1.3
v -1.9 0.9 1.3
v -1.9 1 1.3
v -1.9 2.1 1.3
v -1.7 4.7 1.3
v -1.7 4.8 1.3
v -1.6 4.7 1.3
v -1.6 4.8 1.3
v 1.6 4.7 1.3
v 1.6 4.8 1.3
v 1.7 4.7 1.3
v 1.7 4.8 1.3
v 1.9 0.4 1.3
v 1.9 2.1 1.3
v 2 0.4 1.3
v 2 2.1 1.3
v 2 3.9 1.3
v 2 4.1 1.3
v 2.1 0.3 1.3
v 2.1 0.4 1.3
v 2.1 2.8 1.3
v 2.1 3.9 1.3
v 2.1 4.1 1.3
v 2.3 0.1 1.3
v 2.3 0.3 1.3
v 2.3 0.4 1.3
v 2.3 2.2 1.3
v 2.3 2.3 1.3
v 2.3 2.8 1.3
v 2.3 3.9 1.3
v 2.4 0.1 1.3
v 2.4 0.3 1.3
v 2.4 2.2 1.3
v 2.4 2.3 1.3
v 2.4 2.7 1.3
v 2.5 2.3 1.3
v 2.5 2.7 1.3
v -2.6 2.2 1.2
v -2.6 2.7 1.2
v -2.5 0 1.2
v -2.5 0.1 1.2
v -2.5 0.2 1.2
v -2.5 2.1 1.2
v -2.5 2.2 1.2
v -2.5 2.3 1.2
v -2.5 2.7 1.2
v -2.4 0 1.2
v -2.4 0.1 1.2
v -2.4 0.2 1.2
v -2.4 2.2 1.2
v -2.4 2.3 1.2
v -2.3 3.9 1.2
v -2.3 4.1 1.2
v -2.2 0.4 1.2
v -2.2 0.5 1.2
v -2.2 0.7 1.2
v -2.2 0.8 1.2
v -2.2 2.1 1.2
v -2.2 2.2 1.2
v -2.2 4.1 1.2
v -2.2 4.2 1.2
v -2.1 0.5 1.2
v -2.1 0.7 1.2
v -2.1 0.8 1.2
v -2.1 0.9 1.2
v -2.1 3.9 1.2
v -2.1 4.1 1.2
v -2 0.4 1.2
v -2 0.5 1.2
v -2 0.7 1.2
v -2 0.8 1.2
v -2 0.9 1.2
v -2 1 1.2
v -2 2.1 1.2
v -1.9 4.1 1.2
v -1.9 4.2 1.2
v -1.8 4.5 1.2
v -1.8 4.8 1.2
v -1.7 4.5 1.2
v -1.7 4.8 1.2
v -1.6 4.8 1.2
v -1.6 5 1.2
v -1.6 5.1 1.2
v -1.5 4.8 1.2
v -1.5 5 1.2
v -1.5 5.1 1.2
v -0.3 5.1 1.2
v -0.3 5.2 1.2
v -0.2 5.2 1.2
v -0.2 5.3 1.2
v 0.2 5.2 1.2
v 0.2 5.3 1.2
v 0.3 5.1 1.2
v 0.3 5.2 1.2
v 1.5 4.8 1.2
v 1.5 5 1.2
v 1.5 5.1 1.2
v 1.6 4.8 1.2
v 1.6 5 1.2
v 1.6 5.1 1.2
v 1.7 4.5 1.2
v 1.7 4.8 1.2
v 1.8 4.5 1.2
v 1.8 4.8 1.2
v 1.9 4.1 1.2
v 1.9 4.2 1.2
v 2 0.4 1.2
v 2 2.1 1.2
v 2.1 3.9 1.2
v 2.1 4.1 1.2
v 2.2 0.4 1.2
v 2.2 2.1 1.2
v 2.2 2.2 1.2
v 2.2 4.1 1.2
v 2.2 4.2 1.2
v 2.3 3.9 1.2
v 2.3 4.1 1.2
v 2.4 0 1.2
v 2.4 0.2 1.2
v 2.4 2.2 1.2
v 2.4 2.3 1.2
v 2.5 0 1.2
v 2.5 0.2 1.2
v 2.5 2.1 1.2
v 2.5 2.2 1.2
v 2.5 2.3 1.2
v 2.5 2.7 1.2
v 2.6 2.2 1.2
v 2.6 2.7 1.2
v -2.7 2.3 1.1
v -2.7 2.6 1.1
v -2.6 2.3 1.1
v -2.6 2.6 1.1
v -2.5 2.7 1.1
v -2.5 2.8 1.1
v -2.4 0.3 1.1
v -2.4 0.4 1.1
v -2.4 2 1.1
v -2.4 2.1 1.1
v -2.4 2.7 1.1
v -2.4 2.8 1.1
v -2.4 3.7 1.1
v -2.4 4.2 1.1
v -2.3 0.3 1.1
v -2.3 0.4 1.1
v -2.3 3.7 1.1
v -2.3 4.1 1.1
v -2.2 2 1.1
v -2.2 2.1 1.1
v -2.2 4.1 1.1
v -2.2 4.2 1.1
v -2.1 4.2 1.1
v -2.1 4.4 1.1
v -2.1 4.5 1.1
v -2 4.2 1.1
v -2 4.4 1.1
v -1.9 4.2 1.1
v -1.9 4.3 1.1
v -1.9 4.5 1.1
v -1.9 4.7 1.1
v -1.8 2.8 1.1
v -1.8 3.5 1.1
v -1.8 4.2 1.1
v -1.8 4.3 1.1
v -1.8 4.5 1.1
v -1.8 4.7 1.1
v -1.7 2.8 1.1
v -1.7 3.5 1.1
v -1.7 4.8 1.1
v -1.7 5.1 1.1
v -1.6 4.8 1.1
v -1.6 5 1.1
v -1.6 5.1 1.1
v -0.4 5.1 1.1
v -0.4 5.3 1.1
v -0.3 5.1 1.1
v -0.3 5.2 1.1
v -0.3 5.3 1.1
v -0.3 5.4 1.1
v -0.2 5.2 1.1
v -0.2 5.3 1.1
v 0.2 5.2 1.1
v 0.2 5.3 1.1
v 0.3 5.1 1.1
v 0.3 5.2 1.1
v 0.3 5.3 1.1
v 0.3 5.4 1.1
v 0.4 5.1 1.1
v 0.4 5.3 1.1
v 1.6 4.8 1.1
v 1.6 5 1.1
v 1.6 5.1 1.1
v 1.7 2.8 1.1
v 1.7 3.5 1.1
v 1.7 4.8 1.1
v 1.7 5.1 1.1
v 1.8 2.8 1.1
v 1.8 3.5 1.1
v 1.8 4.2 1.1
v 1.8 4.7 1.1
v 1.9 4.5 1.1
v 1.9 4.7 1.1
v 2.1 4.2 1.1
v 2.1 4.5 1.1
v 2.2 2 1.1
v 2.2 2.1 1.1
v 2.2 4.1 1.1
v 2.2 4.2 1.1
v 2.3 0.3 1.1
v 2.3 0.4 1.1
v 2.3 3.7 1.1
v 2.3 4.1 1.1
v 2.4 0.3 1.1
v 2.4 0.4 1.1
v 2.4 2 1.1
v 2.4 2.1 1.1
v 2.4 2.7 1.1
v 2.4 2.8 1.1
v 2.4 3.7 1.1
v 2.4 4.2 1.1
v 2.5 2.7 1.1
v 2.5 2.8 1.1
v 2.6 2.3 1.1
v 2.6 2.6 1.1
v 2.7 2.3 1.1
v 2.7 2.6 1.1
v -2.6 0 1
v -2.6 0.1 1
v -2.6 2.7 1
v -2.6 3.9 1
v -2.5 0 1
v -2.5 0.1 1
v -2.5 0.2 1
v -2.5 0.3 1
v -2.5 2.7 1
v -2.5 2.8 1
v -2.5 3.9 1
v -2.5 4.2 1
v -2.4 0.2 1
v -2.4 0.3 1
v -2.4 3.7 1
v -2.4 4.2 1
v -2.3 2.8 1
v -2.3 3.7 1
v -2.3 4.2 1
v -2.3 4.3 1
v -2.3 4.5 1
v -2.2 4.3 1
v -2.2 4.4 1
v -2.1 4.2 1
v -2.1 4.4 1
v -2.1 4.5 1
v -1.9 2.8 1
v -1.9 3.5 1
v -1.9 4.7 1
v -1.9 4.8 1
v -1.8 2.8 1
v -1.8 3.5 1
v -1.8 4.7 1
v -1.8 4.8 1
v -0.7 5.1 1
v -0.7 5.3 1
v -0.5 5.2 1
v -0.5 5.3 1
v -0.4 5.1 1
v -0.4 5.2 1
v -0.4 5.3 1
v -0.4 5.4 1
v -0.3 5.3 1
v -0.3 5.4 1
v -0.2 5.4 1
v -0.2 5.5 1
v 0.2 5.4 1
v 0.2 5.5 1
v 0.3 5.3 1
v 0.3 5.4 1
v 0.4 5.1 1
v 0.4 5.2 1
v 0.4 5.3 1
v 0.4 5.4 1
v 0.5 5.2 1
v 0.5 5.3 1
v 0.7 5.1 1
v 0.7 5.3 1
v 1.8 2.8 1
v 1.8 3.5 1
v 1.8 4.7 1
v 1.8 4.8 1
v 1.9 2.8 1
v 1.9 3.5 1
v 1.9 4.7 1
v 1.9 4.8 1
v 2.1 4.2 1
v 2.1 4.4 1
v 2.1 4.5 1
v 2.3 2.8 1
v 2.3 3.7 1
v 2.3 4.2 1
v 2.3 4.4 1
v 2.3 4.5 1
v 2.4 0.2 1
v 2.4 0.3 1
v 2.4 3.7 1
v 2.4 4.2 1
v 2.5 0 1
v 2.5 0.1 1
v 2.5 0.2 1
v 2.5 0.3 1
v 2.5 2.7 1
v 2.5 2.8 1
v 2.5 3.9 1
v 2.5 4.2 1
v 2.6 0 1
v 2.6 0.1 1
v 2.6 2.7 1
v 2.6 3.9 1
v -2.7 0 0.9
v -2.7 0.2 0.9
v -2.7 2.6 0.9
v -2.7 2.8 0.9
v -2.6 0 0.9
v -2.6 0.1 0.9
v -2.6 0.2 0.9
v -2.6 0.4 0.9
v -2.6 2.6 0.9
v -2.6 2.7 0.9
v -2.6 2.8 0.9
v -2.6 3.9 0.9
v -2.6 4.2 0.9
v -2.5 0.1 0.9
v -2.5 0.3 0.9
v -2.5 3.9 0.9
v -2.5 4.2 0.9
v -2.4 0.3 0.9
v -2.4 0.4 0.9
v -2.4 0.8 0.9
v -2.4 2 0.9
v -2.4 4.2 0.9
v -2.4 4.4 0.9
v -2.4 4.5 0.9
v -2.3 0.4 0.9
v -2.3 0.5 0.9
v -2.3 0.6 0.9
v -2.3 0.7 0.9
v -2.3 4.2 0.9
v -2.3 4.3 0.9
v -2.3 4.4 0.9
v -2.3 4.5 0.9
v -2.2 0.4 0.9
v -2.2 0.5 0.9
v -2.2 0.6 0.9
v -2.2 0.7 0.9
v -2.2 0.8 0.9
v -2.2 2 0.9
v -2 4.5 0.9
v -2 4.7 0.9
v -2 4.8 0.9
v -1.9 4.5 0.9
v -1.9 4.6 0.9
v -1.9 4.7 0.9
v -1.9 4.8 0.9
v -1.8 4.8 0.9
v -1.8 5 0.9
v -1.8 5.1 0.9
v -1.7 4.8 0.9
v -1.7 5 0.9
v -1.7 5.1 0.9
v -0.9 5.1 0.9
v -0.9 5.2 0.9
v -0.8 5.2 0.9
v -0.8 5.4 0.9
v -0.8 6.2 0.9
v -0.8 6.4 0.9
v -0.7 5.1 0.9
v -0.7 5.3 0.9
v -0.7 6.1 0.9
v -0.7 6.2 0.9
v -0.7 6.4 0.9
v -0.7 6.5 0.9
v -0.6 5.3 0.9
v -0.6 5.4 0.9
v -0.6 5.8 0.9
v -0.6 6.1 0.9
v -0.6 6.2 0.9
v -0.6 6.5 0.9
v -0.5 5.3 0.9
v -0.5 5.5 0.9
v -0.5 5.8 0.9
v -0.5 5.9 0.9
v -0.5 6.1 0.9
v -0.5 6.2 0.9
v -0.4 5.3 0.9
v -0.4 5.4 0.9
v -0.4 5.5 0.9
v -0.4 5.9 0.9
v -0.4 6.1 0.9
v -0.4 6.2 0.9
v -0.4 6.4 0.9
v -0.4 6.5 0.9
v -0.3 5.4 0.9
v -0.3 5.5 0.9
v -0.3 6.2 0.9
v -0.3 6.4 0.9
v -0.2 5.4 0.9
v -0.2 5.5 0.9
v 0.2 5.4 0.9
v 0.2 5.5 0.9
v 0.3 5.4 0.9
v 0.3 5.5 0.9
v 0.3 6.2 0.9
v 0.3 6.4 0.9
v 0.4 5.3 0.9
v 0.4 5.4 0.9
v 0.4 5.5 0.9
v 0.4 5.9 0.9
v 0.4 6.1 0.9
v 0.4 6.2 0.9
v 0.4 6.4 0.9
v 0.4 6.5 0.9
v 0.5 5.3 0.9
v 0.5 5.5 0.9
v 0.5 5.8 0.9
v 0.5 5.9 0.9
v 0.5 6.1 0.9
v 0.5 6.2 0.9
v 0.6 5.3 0.9
v 0.6 5.4 0.9
v 0.6 5.8 0.9
v 0.6 6.1 0.9
v 0.6 6.2 0.9
v 0.6 6.5 0.9
v 0.7 5.1 0.9
v 0.7 5.3 0.9
v 0.7 6.1 0.9
v 0.7 6.2 0.9
v 0.7 6.4 0.9
v 0.7 6.5 0.9
v 0.8 5.2 0.9
v 0.8 5.4 0.9
v 0.8 6.2 0.9
v 0.8 6.4 0.9
v 0.9 5.1 0.9
v 0.9 5.2 0.9
v 1.7 4.8 0.9
v 1.7 5.1 0.9
v 1.8 4.8 0.9
v 1.8 5.1 0.9
v 1.9 4.5 0.9
v 1.9 4.8 0.9
v 2 4.5 0.9
v 2 4.8 0.9
v 2.2 0.4 0.9
v 2.2 2 0.9
v 2.3 4.2 0.9
v 2.3 4.4 0.9
v 2.3 4.5 0.9
v 2.4 0.3 0.9
v 2.4 0.4 0.9
v 2.4 2 0.9
v 2.4 4.2 0.9
v 2.4 4.4 0.9
v 2.4 4.5 0.9
v 2.5 0.1 0.9
v 2.5 0.3 0.9
v 2.5 3.9 0.9
v 2.5 4.2 0.9
v 2.6 0 0.9
v 2.6 0.1 0.9
v 2.6 0.2 0.9
v 2.6 0.4 0.9
v 2.6 2.6 0.9
v 2.6 2.7 0.9
v 2.6 2.8 0.9
v 2.6 3.9 0.9
v 2.6 4.2 0.9
v 2.7 0 0.9
v 2.7 0.2 0.9
v 2.7 2.6 0.9
v 2.7 2.8 0.9
v -2.7 0.2 0.8
v -2.7 0.4 0.8
v -2.7 2.8 0.8
v -2.7 4.2 0.8
v -2.6 0.2 0.8
v -2.6 0.4 0.8
v -2.6 2.2 0.8
v -2.6 2.8 0.8
v -2.6 4.2 0.8
v -2.5 2.1 0.8
v -2.5 2.2 0.8
v -2.5 4.2 0.8
v -2.5 4.4 0.8
v -2.5 4.5 0.8
v -2.4 0.4 0.8
v -2.4 0.8 0.8
v -2.4 2.1 0.8
v -2.4 4.2 0.8
v -2.4 4.4 0.8
v -2.4 4.5 0.8
v -2.1 4.5 0.8
v -2.1 4.7 0.8
v -2 4.5 0.8
v -2 4.7 0.8
v -1.9 4.8 0.8
v -1.9 5.1 0.8
v -1.8 4.8 0.8
v -1.8 5 0.8
v -1.8 5.1 0.8
v -1 6.2 0.8
v -1 6.4 0.8
v -0.9 5.2 0.8
v -0.9 5.4 0.8
v -0.9 6.1 0.8
v -0.9 6.2 0.8
v -0.9 6.4 0.8
v -0.9 6.5 0.8
v -0.8 5.2 0.8
v -0.8 5.4 0.8
v -0.8 5.6 0.8
v -0.8 5.7 0.8
v -0.8 6.1 0.8
v -0.8 6.2 0.8
v -0.8 6.4 0.8
v -0.8 6.5 0.8
v -0.8 6.6 0.8
v -0.7 5.5 0.8
v -0.7 5.6 0.8
v -0.7 6.1 0.8
v -0.7 6.2 0.8
v -0.7 6.4 0.8
v -0.7 6.5 0.8
v -0.7 6.6 0.8
v -0.6 5.4 0.8
v -0.6 5.5 0.8
v -0.6 5.7 0.8
v -0.6 5.8 0.8
v -0.6 6.1 0.8
v -0.6 6.5 0.8
v -0.5 6.5 0.8
v -0.5 6.6 0.8
v -0.4 5.4 0.8
v -0.4 5.5 0.8
v -0.4 5.6 0.8
v -0.4 5.9 0.8
v -0.4 6.1 0.8
v -0.4 6.2 0.8
v -0.4 6.4 0.8
v -0.4 6.5 0.8
v -0.3 5.4 0.8
v -0.3 5.5 0.8
v -0.3 5.6 0.8
v -0.3 5.7 0.8
v -0.3 5.9 0.8
v -0.3 6 0.8
v -0.3 6.2 0.8
v -0.3 6.4 0.8
v -0.3 6.5 0.8
v -0.3 6.6 0.8
v -0.2 5.5 0.8
v -0.2 5.7 0.8
v -0.2 6 0.8
v -0.2 6.1 0.8
v -0.2 6.5 0.8
v 0.2 5.5 0.8
v 0.2 5.7 0.8
v 0.2 6 0.8
v 0.2 6.1 0.8
v 0.2 6.5 0.8
v 0.3 5.4 0.8
v 0.3 5.5 0.8
v 0.3 5.6 0.8
v 0.3 5.7 0.8
v 0.3 5.9 0.8
v 0.3 6 0.8
v 0.3 6.2 0.8
v 0.3 6.4 0.8
v 0.3 6.5 0.8
v 0.3 6.6 0.8
v 0.4 5.4 0.8
v 0.4 5.5 0.8
v 0.4 5.6 0.8
v 0.4 5.9 0.8
v 0.4 6.1 0.8
v 0.4 6.2 0.8
v 0.4 6.4 0.8
v 0.4 6.5 0.8
v 0.5 6.5 0.8
v 0.5 6.6 0.8
v 0.6 5.4 0.8
v 0.6 5.5 0.8
v 0.6 5.7 0.8
v 0.6 5.8 0.8
v 0.6 6.1 0.8
v 0.6 6.5 0.8
v 0.7 5.5 0.8
v 0.7 5.6 0.8
v 0.7 6.1 0.8
v 0.7 6.2 0.8
v 0.7 6.4 0.8
v 0.7 6.5 0.8
v 0.7 6.6 0.8
v 0.8 5.2 0.8
v 0.8 5.4 0.8
v 0.8 5.6 0.8
v 0.8 5.7 0.8
v 0.8 6.1 0.8
v 0.8 6.2 0.8
v 0.8 6.4 0.8
v 0.8 6.5 0.8
v 0.8 6.6 0.8
v 0.9 5.2 0.8
v 0.9 5.4 0.8
v 0.9 6.1 0.8
v 0.9 6.2 0.8
v 0.9 6.4 0.8
v 0.9 6.5 0.8
v 1 6.2 0.8
v 1 6.4 0.8
v 1.8 4.8 0.8
v 1.8 5.1 0.8
v 1.9 4.8 0.8
v 1.9 5.1 0.8
v 2 4.5 0.8
v 2 4.7 0.8
v 2.1 4.5 0.8
v 2.1 4.7 0.8
v 2.4 0.4 0.8
v 2.4 2.1 0.8
v 2.4 4.2 0.8
v 2.4 4.4 0.8
v 2.4 4.5 0.8
v 2.5 2.1 0.8
v 2.5 2.2 0.8
v 2.5 4.2 0.8
v 2.5 4.4 0.8
v 2.5 4.5 0.8
v 2.6 0.2 0.8
v 2.6 0.4 0.8
v 2.6 2.2 0.8
v 2.6 2.8 0.8
v 2.6 4.2 0.8
v 2.7 0.2 0.8
v 2.7 0.4 0.8
v 2.7 2.8 0.8
v 2.7 4.2 0.8
v -2.8 0 0.7
v -2.8 0.3 0.7
v -2.8 2.4 0.7
v -2.8 2.8 0.7
v -2.8 3.8 0.7
v -2.8 4.1 0.7
v -2.7 0 0.7
v -2.7 0.3 0.7
v -2.7 2.4 0.7
v -2.7 2.8 0.7
v -2.7 3.8 0.7
v -2.7 4.1 0.7
v -2.6 4.2 0.7
v -2.6 4.4 0.7
v -2.6 4.5 0.7
v -2.5 4.2 0.7
v -2.5 4.4 0.7
v -2.5 4.5 0.7
v -2.1 4.7 0.7
v -2.1 4.8 0.7
v -2 4.7 0.7
v -2 4.8 0.7
v -1.2 6.2 0.7
v -1.2 6.3 0.7
v -1.2 6.4 0.7
v -1.1 6.1 0.7
v -1.1 6.2 0.7
v -1.1 6.4 0.7
v -1.1 6.5 0.7
v -1 5.1 0.7
v -1 5.3 0.7
v -1 6 0.7
v -1 6.1 0.7
v -1 6.2 0.7
v -1 6.3 0.7
v -1 6.4 0.7
v -1 6.5 0.7
v -1 6.6 0.7
v -0.9 5.1 0.7
v -0.9 5.3 0.7
v -0.9 6.1 0.7
v -0.9 6.2 0.7
v -0.9 6.4 0.7
v -0.9 6.5 0.7
v -0.9 6.6 0.7
v -0.8 6 0.7
v -0.8 6.1 0.7
v -0.8 6.5 0.7
v -0.8 6.6 0.7
v -0.7 6.6 0.7
v -0.7 6.7 0.7
v -0.5 6.6 0.7
v -0.4 6.6 0.7
v -0.4 6.7 0.7
v -0.3 6.5 0.7
v -0.3 6.6 0.7
v -0.2 6.2 0.7
v -0.2 6.4 0.7
v -0.2 6.5 0.7
v -0.2 6.6 0.7
v -0.0999999 6.2 0.7
v -0.0999999 6.4 0.7
v 0.1 6.2 0.7
v 0.1 6.4 0.7
v 0.2 6.2 0.7
v 0.2 6.4 0.7
v 0.2 6.5 0.7
v 0.2 6.6 0.7
v 0.3 6.5 0.7
v 0.3 6.6 0.7
v 0.4 6.6 0.7
v 0.4 6.7 0.7
v 0.5 6.6 0.7
v 0.7 6.6 0.7
v 0.7 6.7 0.7
v 0.8 6 0.7
v 0.8 6.1 0.7
v 0.8 6.5 0.7
v 0.8 6.6 0.7
v 0.9 5.1 0.7
v 0.9 5.3 0.7
v 0.9 6.1 0.7
v 0.9 6.2 0.7
v 0.9 6.4 0.7
v 0.9 6.5 0.7
v 0.9 6.6 0.7
v 1 5.1 0.7
v 1 5.3 0.7
v 1 6 0.7
v 1 6.1 0.7
v 1 6.2 0.7
v 1 6.4 0.7
v 1 6.5 0.7
v 1 6.6 0.7
v 1.1 6.1 0.7
v 1.1 6.2 0.7
v 1.1 6.4 0.7
v 1.1 6.5 0.7
v 1.2 6.2 0.7
v 1.2 6.4 0.7
v 2 4.7 0.7
v 2 4.8 0.7
v 2.1 4.7 0.7
v 2.1 4.8 0.7
v 2.5 4.2 0.7
v 2.5 4.4 0.7
v 2.5 4.5 0.7
v 2.6 4.2 0.7
v 2.6 4.4 0.7
v 2.6 4.5 0.7
v 2.7 0 0.7
v 2.7 0.3 0.7
v 2.7 2.4 0.7
v 2.7 2.8 0.7
v 2.7 3.8 0.7
v 2.7 4.1 0.7
v 2.8 0 0.7
v 2.8 0.3 0.7
v 2.8 2.4 0.7
v 2.8 2.8 0.7
v 2.8 3.8 0.7
v 2.8 4.1 0.7
v -2.8 2.8 0.6
v -2.8 2.9 0.6
v -2.8 3.7 0.6
v -2.8 3.8 0.6
v -2.8 4.1 0.6
v -2.8 4.2 0.6
v -2.7 0.4 0.6
v -2.7 2.3 0.6
v -2.7 2.8 0.6
v -2.7 2.9 0.6
v -2.7 3.7 0.6
v -2.7 3.8 0.6
v -2.7 4.1 0.6
v -2.7 4.2 0.6
v -2.6 0.4 0.6
v -2.6 2.3 0.6
v -2.2 4.5 0.6
v -2.2 4.7 0.6
v -2.2 4.8 0.6
v -2.1 4.5 0.6
v -2.1 4.7 0.6
v -2.1 4.8 0.6
v -2 4.8 0.6
v -2 5.1 0.6
v -1.9 4.8 0.6
v -1.9 5.1 0.6
v -1.9 8.6 0.6
v -1.9 8.8 0.6
v -1.9 9 0.6
v -1.9 9.2 0.6
v -1.8 8.5 0.6
v -1.8 8.6 0.6
v -1.8 8.7 0.6
v -1.8 8.8 0.6
v -1.8 9 0.6
v -1.8 9.2 0.6
v -1.8 9.3 0.6
v -1.7 8.5 0.6
v -1.7 8.6 0.6
v -1.7 8.7 0.6
v -1.7 9.1 0.6
v -1.7 9.3 0.6
v -1.6 8.5 0.6
v -1.6 8.6 0.6
v -1.6 8.8 0.6
v -1.6 9 0.6
v -1.6 9.1 0.6
v -1.6 9.2 0.6
v -1.6 9.3 0.6
v -1.5 8.6 0.6
v -1.5 8.8 0.6
v -1.5 9 0.6
v -1.5 9.2 0.6
v -1.3 6.1 0.6
v -1.3 6.5 0.6
v -1.2 5.1 0.6
v -1.2 5.3 0.6
v -1.2 6 0.6
v -1.2 6.1 0.6
v -1.2 6.2 0.6
v -1.2 6.3 0.6
v -1.2 6.4 0.6
v -1.2 6.5 0.6
v -1.2 6.6 0.6
v -1.1 5.1 0.6
v -1.1 5.2 0.6
v -1.1 6.1 0.6
v -1.1 6.2 0.6
v -1.1 6.4 0.6
v -1.1 6.5 0.6
v -1 5.1 0.6
v -1 5.2 0.6
v -1 5.3 0.6
v -1 6 0.6
v -1 6.1 0.6
v -1 6.5 0.6
v -1 6.6 0.6
v -0.9 5.4 0.6
v -0.9 5.5 0.6
v -0.9 5.6 0.6
v -0.9 5.8 0.6
v -0.9 6 0.6
v -0.9 6.6 0.6
v -0.9 6.7 0.6
v -0.8 5.4 0.6
v -0.8 5.5 0.6
v -0.8 5.6 0.6
v -0.8 5.7 0.6
v -0.8 5.8 0.6
v -0.8 6 0.6
v -0.7 6.6 0.6
v -0.7 6.7 0.6
v -0.4 6.6 0.6
v -0.4 6.7 0.6
v -0.3 6.6 0.6
v -0.3 6.7 0.6
v -0.2 5.5 0.6
v -0.2 5.6 0.6
v -0.2 5.8 0.6
v -0.2 6 0.6
v -0.2 6.2 0.6
v -0.2 6.4 0.6
v -0.2 6.5 0.6
v -0.0999999 5.5 0.6
v -0.0999999 6 0.6
v -0.0999999 6.2 0.6
v -0.0999999 6.4 0.6
v -0.0999999 6.5 0.6
v 0.1 5.5 0.6
v 0.1 6 0.6
v 0.1 6.2 0.6
v 0.1 6.4 0.6
v 0.1 6.5 0.6
v 0.2 5.5 0.6
v 0.2 5.6 0.6
v 0.2 5.8 0.6
v 0.2 6 0.6
v 0.2 6.2 0.6
v 0.2 6.4 0.6
v 0.2 6.5 0.6
v 0.3 6.6 0.6
v 0.3 6.7 0.6
v 0.4 6.6 0.6
v 0.4 6.7 0.6
v 0.7 6.6 0.6
v 0.7 6.7 0.6
v 0.8 5.4 0.6
v 0.8 5.5 0.6
v 0.8 5.6 0.6
v 0.8 5.7 0.6
v 0.8 5.8 0.6
v 0.8 6 0.6
v 0.9 5.4 0.6
v 0.9 5.5 0.6
v 0.9 5.6 0.6
v 0.9 5.8 0.6
v 0.9 6 0.6
v 0.9 6.6 0.6
v 0.9 6.7 0.6
v 1 5.1 0.6
v 1 5.2 0.6
v 1 5.3 0.6
v 1 6 0.6
v 1 6.1 0.6
v 1 6.5 0.6
v 1 6.6 0.6
v 1.1 5.1 0.6
v 1.1 5.2 0.6
v 1.1 5.3 0.6
v 1.1 6 0.6
v 1.1 6.1 0.6
v 1.1 6.2 0.6
v 1.1 6.4 0.6
v 1.1 6.5 0.6
v 1.1 6.6 0.6
v 1.2 5.1 0.6
v 1.2 5.3 0.6
v 1.2 6 0.6
v 1.2 6.1 0.6
v 1.2 6.2 0.6
v 1.2 6.4 0.6
v 1.2 6.5 0.6
v 1.2 6.6 0.6
v 1.3 6.1 0.6
v 1.3 6.5 0.6
v 1.5 8.6 0.6
v 1.5 8.7 0.6
v 1.5 8.8 0.6
v 1.5 9 0.6
v 1.5 9.1 0.6
v 1.5 9.2 0.6
v 1.6 8.5 0.6
v 1.6 8.6 0.6
v 1.6 8.7 0.6
v 1.6 8.8 0.6
v 1.6 9 0.6
v 1.6 9.1 0.6
v 1.6 9.2 0.6
v 1.6 9.3 0.6
v 1.7 8.6 0.6
v 1.7 8.7 0.6
v 1.7 9 0.6
v 1.7 9.2 0.6
v 1.7 9.3 0.6
v 1.8 8.5 0.6
v 1.8 8.6 0.6
v 1.8 8.7 0.6
v 1.8 8.8 0.6
v 1.8 9 0.6
v 1.8 9.2 0.6
v 1.8 9.3 0.6
v 1.9 4.8 0.6
v 1.9 5.1 0.6
v 1.9 8.6 0.6
v 1.9 8.8 0.6
v 1.9 9 0.6
v 1.9 9.2 0.6
v 2 4.8 0.6
v 2 5.1 0.6
v 2.1 4.5 0.6
v 2.1 4.8 0.6
v 2.2 4.5 0.6
v 2.2 4.8 0.6
v 2.6 0.4 0.6
v 2.6 2.3 0.6
v 2.7 0.4 0.6
v 2.7 2.3 0.6
v 2.7 2.8 0.6
v 2.7 2.9 0.6
v 2.7 3.7 0.6
v 2.7 3.8 0.6
v 2.7 4.1 0.6
v 2.7 4.2 0.6
v 2.8 2.8 0.6
v 2.8 2.9 0.6
v 2.8 3.7 0.6
v 2.8 3.8 0.6
v 2.8 4.1 0.6
v 2.8 4.2 0.6
v -2.9 3.8 0.5
v -2.9 4.1 0.5
v -2.8 3.8 0.5
v -2.8 4.1 0.5
v -2.7 4.2 0.5
v -2.7 4.4 0.5
v -2.7 4.5 0.5
v -2.6 4.2 0.5
v -2.6 4.4 0.5
v -2.6 4.5 0.5
v -2.3 4.5 0.5
v -2.3 4.7 0.5
v -2.2 4.5 0.5
v -2.2 4.7 0.5
v -2.1 4.8 0.5
v -2.1 5.1 0.5
v -2 4.8 0.5
v -2 5.1 0.5
v -2 8.5 0.5
v -2 8.7 0.5
v -2 9 0.5
v -2 9.3 0.5
v -1.9 8.2 0.5
v -1.9 8.5 0.5
v -1.9 8.6 0.5
v -1.9 8.7 0.5
v -1.9 8.8 0.5
v -1.9 9 0.5
v -1.9 9.2 0.5
v -1.9 9.3 0.5
v -1.9 9.4 0.5
v -1.8 8.1 0.5
v -1.8 8.2 0.5
v -1.8 8.5 0.5
v -1.8 8.6 0.5
v -1.8 8.8 0.5
v -1.8 9 0.5
v -1.8 9.2 0.5
v -1.8 9.3 0.5
v -1.8 9.4 0.5
v -1.7 8.2 0.5
v -1.7 8.4 0.5
v -1.7 8.5 0.5
v -1.7 9.3 0.5
v -1.6 8.1 0.5
v -1.6 8.2 0.5
v -1.6 8.4 0.5
v -1.6 8.5 0.5
v -1.6 8.6 0.5
v -1.6 8.8 0.5
v -1.6 9 0.5
v -1.6 9.2 0.5
v -1.6 9.3 0.5
v -1.6 9.4 0.5
v -1.5 8.2 0.5
v -1.5 8.5 0.5
v -1.5 8.6 0.5
v -1.5 8.7 0.5
v -1.5 8.8 0.5
v -1.5 9 0.5
v -1.5 9.2 0.5
v -1.5 9.3 0.5
v -1.5 9.4 0.5
v -1.4 5.1 0.5
v -1.4 5.2 0.5
v -1.4 6.2 0.5
v -1.4 6.4 0.5
v -1.4 8.5 0.5
v -1.4 8.7 0.5
v -1.4 9.3 0.5
v -1.3 5.2 0.5
v -1.3 5.4 0.5
v -1.3 6 0.5
v -1.3 6.1 0.5
v -1.3 6.2 0.5
v -1.3 6.4 0.5
v -1.3 6.5 0.5
v -1.3 6.6 0.5
v -1.2 5.1 0.5
v -1.2 5.3 0.5
v -1.2 6 0.5
v -1.2 6.1 0.5
v -1.2 6.5 0.5
v -1.2 6.6 0.5
v -1.1 5.4 0.5
v -1.1 5.5 0.5
v -1.1 5.9 0.5
v -1.1 6 0.5
v -1.1 6.6 0.5
v -1.1 6.7 0.5
v -1 5.3 0.5
v -1 5.5 0.5
v -1 5.8 0.5
v -1 5.9 0.5
v -0.9 5.3 0.5
v -0.9 5.5 0.5
v -0.9 5.6 0.5
v -0.9 5.8 0.5
v -0.9 6 0.5
v -0.9 6.6 0.5
v -0.9 6.7 0.5
v 0.9 5.3 0.5
v 0.9 5.5 0.5
v 0.9 5.6 0.5
v 0.9 5.8 0.5
v 0.9 6 0.5
v 0.9 6.6 0.5
v 0.9 6.7 0.5
v 1 5.3 0.5
v 1 5.8 0.5
v 1 6 0.5
v 1 6.6 0.5
v 1.1 5.3 0.5
v 1.1 5.4 0.5
v 1.1 6 0.5
v 1.1 6.6 0.5
v 1.1 6.7 0.5
v 1.2 5.1 0.5
v 1.2 5.3 0.5
v 1.2 6 0.5
v 1.2 6.1 0.5
v 1.2 6.5 0.5
v 1.2 6.6 0.5
v 1.3 5.1 0.5
v 1.3 5.2 0.5
v 1.3 5.4 0.5
v 1.3 6 0.5
v 1.3 6.1 0.5
v 1.3 6.2 0.5
v 1.3 6.4 0.5
v 1.3 6.5 0.5
v 1.3 6.6 0.5
v 1.4 5.1 0.5
v 1.4 5.2 0.5
v 1.4 6.2 0.5
v 1.4 6.4 0.5
v 1.4 8.5 0.5
v 1.4 8.6 0.5
v 1.4 8.9 0.5
v 1.4 9.3 0.5
v 1.5 8.2 0.5
v 1.5 8.3 0.5
v 1.5 8.5 0.5
v 1.5 8.6 0.5
v 1.5 8.7 0.5
v 1.5 8.8 0.5
v 1.5 9 0.5
v 1.5 9.1 0.5
v 1.5 9.2 0.5
v 1.5 9.3 0.5
v 1.5 9.4 0.5
v 1.6 8.1 0.5
v 1.6 8.2 0.5
v 1.6 8.3 0.5
v 1.6 8.4 0.5
v 1.6 8.5 0.5
v 1.6 8.6 0.5
v 1.6 8.8 0.5
v 1.6 8.9 0.5
v 1.6 9 0.5
v 1.6 9.2 0.5
v 1.6 9.3 0.5
v 1.6 9.4 0.5
v 1.7 8.1 0.5
v 1.7 8.2 0.5
v 1.7 8.3 0.5
v 1.7 8.4 0.5
v 1.7 9.3 0.5
v 1.8 8.1 0.5
v 1.8 8.2 0.5
v 1.8 8.5 0.5
v 1.8 8.6 0.5
v 1.8 8.8 0.5
v 1.8 9 0.5
v 1.8 9.2 0.5
v 1.8 9.3 0.5
v 1.9 8.2 0.5
v 1.9 8.3 0.5
v 1.9 8.5 0.5
v 1.9 8.6 0.5
v 1.9 8.7 0.5
v 1.9 8.8 0.5
v 1.9 9 0.5
v 1.9 9.2 0.5
v 1.9 9.3 0.5
v 1.9 9.4 0.5
v 2 4.8 0.5
v 2 5.1 0.5
v 2 8.5 0.5
v 2 8.7 0.5
v 2 9 0.5
v 2 9.3 0.5
v 2.1 4.8 0.5
v 2.1 5.1 0.5
v 2.2 4.5 0.5
v 2.2 4.7 0.5
v 2.3 4.5 0.5
v 2.3 4.7 0.5
v 2.6 4.2 0.5
v 2.6 4.4 0.5
v 2.6 4.5 0.5
v 2.7 4.2 0.5
v 2.7 4.4 0.5
v 2.7 4.5 0.5
v 2.8 3.8 0.5
v 2.8 4.1 0.5
v 2.9 3.8 0.5
v 2.9 4.1 0.5
v -2.8 2.9 0.4
v -2.8 3 0.4
v -2.7 2.9 0.4
v -2.7 3 0.4
v -2.3 4.7 0.4
v -2.3 4.8 0.4
v -2.2 4.7 0.4
v -2.2 4.8 0.4
v -2.1 8.6 0.4
v -2.1 8.8 0.4
v -2.1 9 0.4
v -2.1 9.1 0.4
v -2.1 9.2 0.4
v -2 8.1 0.4
v -2 8.2 0.4
v -2 8.5 0.4
v -2 8.6 0.4
v -2 8.7 0.4
v -2 8.8 0.4
v -2 9 0.4
v -2 9.1 0.4
v -2 9.2 0.4
v -2 9.3 0.4
v -2 9.4 0.4
v -1.9 8 0.4
v -1.9 8.1 0.4
v -1.9 8.2 0.4
v -1.9 8.5 0.4
v -1.9 9.3 0.4
v -1.9 9.4 0.4
v -1.8 8.1 0.4
v -1.8 8.2 0.4
v -1.8 9.4 0.4
v -1.8 9.5 0.4
v -1.7 8 0.4
v -1.7 8.1 0.4
v -1.7 9.4 0.4
v -1.7 9.5 0.4
v -1.6 8.1 0.4
v -1.6 8.2 0.4
v -1.6 9.4 0.4
v -1.6 9.5 0.4
v -1.5 8 0.4
v -1.5 8.1 0.4
v -1.5 8.2 0.4
v -1.5 8.5 0.4
v -1.5 9.3 0.4
v -1.5 9.4 0.4
v -1.4 5.2 0.4
v -1.4 5.3 0.4
v -1.4 5.4 0.4
v -1.4 6.1 0.4
v -1.4 6.2 0.4
v -1.4 6.4 0.4
v -1.4 6.5 0.4
v -1.4 8.1 0.4
v -1.4 8.5 0.4
v -1.4 8.6 0.4
v -1.4 8.7 0.4
v -1.4 8.8 0.4
v -1.4 9 0.4
v -1.4 9.2 0.4
v -1.4 9.3 0.4
v -1.4 9.4 0.4
v -1.3 5.2 0.4
v -1.3 5.3 0.4
v -1.3 5.4 0.4
v -1.3 5.6 0.4
v -1.3 6 0.4
v -1.3 6.1 0.4
v -1.3 6.2 0.4
v -1.3 6.4 0.4
v -1.3 6.5 0.4
v -1.3 8.6 0.4
v -1.3 8.8 0.4
v -1.3 9 0.4
v -1.3 9.2 0.4
v -1.2 5.6 0.4
v -1.2 5.9 0.4
v -1.2 6 0.4
v -1.2 6.6 0.4
v -1.2 6.7 0.4
v -1.1 5.4 0.4
v -1.1 5.5 0.4
v -1.1 5.6 0.4
v -1.1 5.9 0.4
v -1.1 6 0.4
v -1.1 6.6 0.4
v -1.1 6.7 0.4
v 1.1 5.4 0.4
v 1.1 6 0.4
v 1.1 6.6 0.4
v 1.1 6.7 0.4
v 1.2 5.5 0.4
v 1.2 5.6 0.4
v 1.2 5.7 0.4
v 1.2 6 0.4
v 1.2 6.6 0.4
v 1.2 6.7 0.4
v 1.3 5.2 0.4
v 1.3 5.4 0.4
v 1.3 5.5 0.4
v 1.3 5.6 0.4
v 1.3 5.7 0.4
v 1.3 6 0.4
v 1.3 6.1 0.4
v 1.3 6.2 0.4
v 1.3 6.4 0.4
v 1.3 6.5 0.4
v 1.3 8.6 0.4
v 1.3 8.7 0.4
v 1.3 8.8 0.4
v 1.3 9 0.4
v 1.3 9.2 0.4
v 1.4 5.2 0.4
v 1.4 5.4 0.4
v 1.4 6.1 0.4
v 1.4 6.2 0.4
v 1.4 6.4 0.4
v 1.4 6.5 0.4
v 1.4 8.1 0.4
v 1.4 8.2 0.4
v 1.4 8.5 0.4
v 1.4 8.6 0.4
v 1.4 8.7 0.4
v 1.4 8.8 0.4
v 1.4 9 0.4
v 1.4 9.2 0.4
v 1.4 9.3 0.4
v 1.4 9.4 0.4
v 1.5 8 0.4
v 1.5 8.1 0.4
v 1.5 8.2 0.4
v 1.5 8.3 0.4
v 1.5 8.5 0.4
v 1.5 9.3 0.4
v 1.5 9.4 0.4
v 1.6 8.1 0.4
v 1.6 8.2 0.4
v 1.6 9.4 0.4
v 1.6 9.5 0.4
v 1.7 8.1 0.4
v 1.8 8.1 0.4
v 1.8 8.2 0.4
v 1.8 9.4 0.4
v 1.8 9.5 0.4
v 1.9 8 0.4
v 1.9 8.1 0.4
v 1.9 8.2 0.4
v 1.9 8.3 0.4
v 1.9 8.5 0.4
v 1.9 9.3 0.4
v 1.9 9.4 0.4
v 2 8.1 0.4
v 2 8.2 0.4
v 2 8.5 0.4
v 2 8.6 0.4
v 2 8.7 0.4
v 2 8.8 0.4
v 2 9 0.4
v 2 9.1 0.4
v 2 9.2 0.4
v 2 9.3 0.4
v 2 9.4 0.4
v 2.1 8.6 0.4
v 2.1 8.8 0.4
v 2.1 9 0.4
v 2.1 9.1 0.4
v 2.1 9.2 0.4
v 2.2 4.7 0.4
v 2.2 4.8 0.4
v 2.3 4.7 0.4
v 2.3 4.8 0.4
v 2.7 2.9 0.4
v 2.7 3 0.4
v 2.8 2.9 0.4
v 2.8 3 0.4
v -2.9 3.7 0.3
v -2.9 3.8 0.3
v -2.9 4.1 0.3
v -2.9 4.2 0.3
v -2.8 3 0.3
v -2.8 3.1 0.3
v -2.8 3.7 0.3
v -2.8 3.8 0.3
v -2.8 4.1 0.3
v -2.8 4.2 0.3
v -2.7 3 0.3
v -2.7 3.1 0.3
v -2.4 4.5 0.3
v -2.4 4.7 0.3
v -2.3 4.5 0.3
v -2.3 4.7 0.3
v -2.2 4.8 0.3
v -2.2 4.9 0.3
v -2.2 5 0.3
v -2.2 5.1 0.3
v -2.1 4.8 0.3
v -2.1 4.9 0.3
v -2.1 5 0.3
v -2.1 5.1 0.3
v -2.1 8.2 0.3
v -2.1 8.4 0.3
v -2.1 8.5 0.3
v -2.1 8.6 0.3
v -2.1 8.8 0.3
v -2.1 9 0.3
v -2.1 9.2 0.3
v -2.1 9.3 0.3
v -2 8 0.3
v -2 8.1 0.3
v -2 8.2 0.3
v -2 8.4 0.3
v -2 8.5 0.3
v -2 8.6 0.3
v -2 8.8 0.3
v -2 9 0.3
v -2 9.2 0.3
v -2 9.3 0.3
v -1.9 8 0.3
v -1.9 8.1 0.3
v -1.9 9.4 0.3
v -1.9 9.5 0.3
v -1.8 7.9 0.3
v -1.8 8 0.3
v -1.8 9.4 0.3
v -1.8 9.5 0.3
v -1.7 8 0.3
v -1.6 7.8 0.3
v -1.6 7.9 0.3
v -1.6 9.4 0.3
v -1.6 9.5 0.3
v -1.5 5.1 0.3
v -1.5 5.3 0.3
v -1.5 7.8 0.3
v -1.5 7.9 0.3
v -1.5 8 0.3
v -1.5 8.1 0.3
v -1.5 9.4 0.3
v -1.5 9.5 0.3
v -1.4 5.1 0.3
v -1.4 5.3 0.3
v -1.4 7.8 0.3
v -1.4 7.9 0.3
v -1.4 8 0.3
v -1.4 8.1 0.3
v -1.4 8.2 0.3
v -1.4 8.4 0.3
v -1.4 8.5 0.3
v -1.4 8.6 0.3
v -1.4 8.8 0.3
v -1.4 9 0.3
v -1.4 9.2 0.3
v -1.4 9.3 0.3
v -1.3 7.9 0.3
v -1.3 8 0.3
v -1.3 8.1 0.3
v -1.3 8.2 0.3
v -1.3 8.4 0.3
v -1.3 8.5 0.3
v -1.3 8.6 0.3
v -1.3 8.8 0.3
v -1.3 9 0.3
v -1.3 9.2 0.3
v -1.3 9.3 0.3
v -0.0999999 5.3 0.3
v -0.0999999 5.4 0.3
v -0.0999999 6.1 0.3
v -0.0999999 6.2 0.3
v -0.0999999 6.3 0.3
v 0.1 5.3 0.3
v 0.1 5.4 0.3
v 0.1 6.1 0.3
v 0.1 6.2 0.3
v 0.1 6.3 0.3
v 1.3 7.9 0.3
v 1.3 8.1 0.3
v 1.3 8.2 0.3
v 1.3 8.4 0.3
v 1.3 8.5 0.3
v 1.3 8.6 0.3
v 1.3 8.8 0.3
v 1.3 9 0.3
v 1.3 9.2 0.3
v 1.3 9.3 0.3
v 1.4 5.1 0.3
v 1.4 5.2 0.3
v 1.4 5.3 0.3
v 1.4 7.8 0.3
v 1.4 7.9 0.3
v 1.4 8 0.3
v 1.4 8.1 0.3
v 1.4 8.2 0.3
v 1.4 8.4 0.3
v 1.4 8.5 0.3
v 1.4 8.6 0.3
v 1.4 8.8 0.3
v 1.4 9 0.3
v 1.4 9.2 0.3
v 1.4 9.3 0.3
v 1.5 5.1 0.3
v 1.5 5.3 0.3
v 1.5 7.9 0.3
v 1.5 8 0.3
v 1.5 8.1 0.3
v 1.5 9.4 0.3
v 1.5 9.5 0.3
v 1.6 7.8 0.3
v 1.6 7.9 0.3
v 1.6 9.4 0.3
v 1.6 9.5 0.3
v 1.8 7.9 0.3
v 1.8 8 0.3
v 1.8 9.4 0.3
v 1.8 9.5 0.3
v 1.9 8 0.3
v 1.9 8.1 0.3
v 1.9 9.4 0.3
v 1.9 9.5 0.3
v 2 8 0.3
v 2 8.1 0.3
v 2 8.2 0.3
v 2 8.4 0.3
v 2 8.5 0.3
v 2 8.6 0.3
v 2 8.8 0.3
v 2 9 0.3
v 2 9.2 0.3
v 2 9.3 0.3
v 2.1 4.8 0.3
v 2.1 5.1 0.3
v 2.1 8.2 0.3
v 2.1 8.4 0.3
v 2.1 8.5 0.3
v 2.1 8.6 0.3
v 2.1 8.8 0.3
v 2.1 9 0.3
v 2.1 9.2 0.3
v 2.1 9.3 0.3
v 2.2 4.8 0.3
v 2.2 5.1 0.3
v 2.3 4.5 0.3
v 2.3 4.7 0.3
v 2.4 4.5 0.3
v 2.4 4.7 0.3
v 2.7 3 0.3
v 2.7 3.1 0.3
v 2.8 3 0.3
v 2.8 3.1 0.3
v 2.8 3.7 0.3
v 2.8 3.8 0.3
v 2.8 4.1 0.3
v 2.8 4.2 0.3
v 2.9 3.7 0.3
v 2.9 3.8 0.3
v 2.9 4.1 0.3
v 2.9 4.2 0.3
v -3 3.8 0.2
v -3 4.1 0.2
v -2.9 2.7 0.2
v -2.9 3 0.2
v -2.9 3.8 0.2
v -2.9 4.1 0.2
v -2.8 2.7 0.2
v -2.8 3 0.2
v -2.8 3.1 0.2
v -2.8 3.7 0.2
v -2.8 4.2 0.2
v -2.8 4.5 0.2
v -2.7 2.3 0.2
v -2.7 2.5 0.2
v -2.7 3.1 0.2
v -2.7 3.7 0.2
v -2.7 4.2 0.2
v -2.7 4.4 0.2
v -2.7 4.5 0.2
v -2.6 2.3 0.2
v -2.6 2.5 0.2
v -2.1 8.1 0.2
v -2.1 8.2 0.2
v -2.1 8.4 0.2
v -2.1 8.5 0.2
v -2 8.1 0.2
v -2 8.2 0.2
v -2 8.4 0.2
v -2 8.5 0.2
v -1.9 7.9 0.2
v -1.9 8 0.2
v -1.8 7.8 0.2
v -1.8 7.9 0.2
v -1.8 8 0.2
v -1.7 7.7 0.2
v -1.7 7.8 0.2
v -1.6 7.8 0.2
v -1.6 7.9 0.2
v -1.5 7.7 0.2
v -1.5 7.8 0.2
v -1.4 5.4 0.2
v -1.4 5.6 0.2
v -1.4 5.7 0.2
v -1.4 6.1 0.2
v -1.4 7.7 0.2
v -1.4 7.8 0.2
v -1.4 7.9 0.2
v -1.4 8.1 0.2
v -1.4 8.2 0.2
v -1.4 8.4 0.2
v -1.4 8.5 0.2
v -1.3 5.4 0.2
v -1.3 5.6 0.2
v -1.3 5.7 0.2
v -1.3 5.9 0.2
v -1.3 6.1 0.2
v -1.3 7.6 0.2
v -1.3 7.7 0.2
v -1.3 7.8 0.2
v -1.3 7.9 0.2
v -1.3 8 0.2
v -1.3 8.1 0.2
v -1.3 8.2 0.2
v -1.3 8.4 0.2
v -1.3 8.5 0.2
v -1.2 6.7 0.2
v -1.2 6.8 0.2
v -1.2 7 0.2
v -1.2 7.2 0.2
v -1.2 7.4 0.2
v -1.2 7.5 0.2
v -1.2 7.6 0.2
v -1.2 7.7 0.2
v -1.2 7.8 0.2
v -1.2 7.9 0.2
v -1.2 8 0.2
v -1.2 8.2 0.2
v -1.1 6.7 0.2
v -1.1 6.8 0.2
v -1.1 7 0.2
v -1.1 7.1 0.2
v -1.1 7.2 0.2
v -1.1 7.3 0.2
v -1.1 7.4 0.2
v -1.1 7.5 0.2
v -1.1 7.6 0.2
v -1.1 7.7 0.2
v -1.1 7.8 0.2
v -1.1 7.9 0.2
v -1.1 8 0.2
v -1 6.7 0.2
v -1 6.8 0.2
v -1 6.9 0.2
v -1 7 0.2
v -1 7.1 0.2
v -1 7.2 0.2
v -1 7.3 0.2
v -1 7.4 0.2
v -1 7.5 0.2
v -1 7.6 0.2
v -1 7.7 0.2
v -1 7.8 0.2
v -1 7.9 0.2
v -0.9 6.8 0.2
v -0.9 6.9 0.2
v -0.9 7 0.2
v -0.9 7.2 0.2
v -0.9 7.4 0.2
v -0.9 7.5 0.2
v -0.9 7.6 0.2
v -0.9 7.7 0.2
v -0.8 6.7 0.2
v -0.8 6.8 0.2
v -0.8 7 0.2
v -0.8 7.2 0.2
v -0.8 7.4 0.2
v -0.8 7.6 0.2
v -0.2 5.4 0.2
v -0.2 6.1 0.2
v -0.2 6.2 0.2
v -0.2 6.3 0.2
v -0.0999999 5.4 0.2
v -0.0999999 6.1 0.2
v -0.0999999 6.3 0.2
v 0.1 5.4 0.2
v 0.1 6.1 0.2
v 0.1 6.3 0.2
v 0.2 5.4 0.2
v 0.2 6.1 0.2
v 0.2 6.2 0.2
v 0.2 6.3 0.2
v 0.8 6.7 0.2
v 0.8 6.8 0.2
v 0.8 7 0.2
v 0.8 7.2 0.2
v 0.8 7.4 0.2
v 0.8 7.6 0.2
v 0.9 6.7 0.2
v 0.9 6.8 0.2
v 0.9 7 0.2
v 0.9 7.2 0.2
v 0.9 7.3 0.2
v 0.9 7.4 0.2
v 0.9 7.6 0.2
v 0.9 7.7 0.2
v 1 6.7 0.2
v 1 6.9 0.2
v 1 7.3 0.2
v 1 7.4 0.2
v 1 7.5 0.2
v 1 7.6 0.2
v 1 7.7 0.2
v 1 7.9 0.2
v 1.1 6.7 0.2
v 1.1 6.8 0.2
v 1.1 6.9 0.2
v 1.1 7 0.2
v 1.1 7.2 0.2
v 1.1 7.3 0.2
v 1.1 7.4 0.2
v 1.1 7.5 0.2
v 1.1 7.6 0.2
v 1.1 7.7 0.2
v 1.1 7.9 0.2
v 1.1 8 0.2
v 1.2 6.7 0.2
v 1.2 6.8 0.2
v 1.2 7 0.2
v 1.2 7.2 0.2
v 1.2 7.4 0.2
v 1.2 7.6 0.2
v 1.2 7.7 0.2
v 1.2 7.9 0.2
v 1.2 8 0.2
v 1.2 8.2 0.2
v 1.3 5.4 0.2
v 1.3 5.5 0.2
v 1.3 5.7 0.2
v 1.3 6.1 0.2
v 1.3 7.6 0.2
v 1.3 7.7 0.2
v 1.3 7.8 0.2
v 1.3 7.9 0.2
v 1.3 8 0.2
v 1.3 8.1 0.2
v 1.3 8.2 0.2
v 1.3 8.4 0.2
v 1.3 8.5 0.2
v 1.4 5.4 0.2
v 1.4 5.7 0.2
v 1.4 6.1 0.2
v 1.4 7.8 0.2
v 1.4 7.9 0.2
v 1.4 8.1 0.2
v 1.4 8.2 0.2
v 1.4 8.4 0.2
v 1.4 8.5 0.2
v 1.5 7.7 0.2
v 1.5 7.8 0.2
v 1.6 7.8 0.2
v 1.6 7.9 0.2
v 1.7 7.7 0.2
v 1.7 7.8 0.2
v 1.8 7.8 0.2
v 1.8 7.9 0.2
v 1.8 8 0.2
v 1.9 7.9 0.2
v 1.9 8 0.2
v 2 8.1 0.2
v 2 8.2 0.2
v 2 8.4 0.2
v 2 8.5 0.2
v 2.1 8.1 0.2
v 2.1 8.2 0.2
v 2.1 8.4 0.2
v 2.1 8.5 0.2
v 2.6 2.3 0.2
v 2.6 2.5 0.2
v 2.7 2.3 0.2
v 2.7 2.5 0.2
v 2.7 3.1 0.2
v 2.7 3.7 0.2
v 2.7 4.2 0.2
v 2.7 4.4 0.2
v 2.7 4.5 0.2
v 2.8 2.7 0.2
v 2.8 3 0.2
v 2.8 3.1 0.2
v 2.8 3.7 0.2
v 2.8 4.2 0.2
v 2.8 4.5 0.2
v 2.9 2.7 0.2
v 2.9 3 0.2
v 2.9 3.8 0.2
v 2.9 4.1 0.2
v 3 3.8 0.2
v 3 4.1 0.2
v -2.9 3 0.0999999
v -2.9 3.1 0.0999999
v -2.8 3 0.0999999
v -2.8 3.1 0.0999999
v -1.8 7.7 0.0999999
v -1.8 7.8 0.0999999
v -1.7 7.7 0.0999999
v -1.7 7.8 0.0999999
v -1.6 7.6 0.0999999
v -1.6 7.7 0.0999999
v -1.5 6.2 0.0999999
v -1.5 6.4 0.0999999
v -1.5 7.6 0.0999999
v -1.5 7.7 0.0999999
v -1.4 6.2 0.0999999
v -1.4 6.4 0.0999999
v -1.4 6.5 0.0999999
v -1.4 6.6 0.0999999
v -1.4 7.5 0.0999999
v -1.4 7.6 0.0999999
v -1.4 7.7 0.0999999
v -1.3 6.5 0.0999999
v -1.3 6.6 0.0999999
v -1.3 6.8 0.0999999
v -1.3 7.4 0.0999999
v -1.3 7.5 0.0999999
v -1.3 7.6 0.0999999
v -1.3 7.7 0.0999999
v -1.3 8.2 0.0999999
v -1.3 8.3 0.0999999
v -1.2 6.6 0.0999999
v -1.2 6.7 0.0999999
v -1.2 6.8 0.0999999
v -1.2 6.9 0.0999999
v -1.2 7 0.0999999
v -1.2 7.2 0.0999999
v -1.2 7.3 0.0999999
v -1.2 7.4 0.0999999
v -1.2 7.5 0.0999999
v -1.2 7.6 0.0999999
v -1.2 8 0.0999999
v -1.2 8.1 0.0999999
v -1.2 8.2 0.0999999
v -1.2 8.3 0.0999999
v -1.1 6.8 0.0999999
v -1.1 6.9 0.0999999
v -1.1 7 0.0999999
v -1.1 7.2 0.0999999
v -1.1 7.3 0.0999999
v -1.1 7.4 0.0999999
v -1.1 7.9 0.0999999
v -1.1 8 0.0999999
v -1 7.7 0.0999999
v -1 7.8 0.0999999
v -1 7.9 0.0999999
v -1 8 0.0999999
v -1 8.1 0.0999999
v -0.9 6.8 0.0999999
v -0.9 6.9 0.0999999
v -0.9 7 0.0999999
v -0.9 7.2 0.0999999
v -0.9 7.4 0.0999999
v -0.9 7.6 0.0999999
v -0.9 7.7 0.0999999
v -0.9 7.8 0.0999999
v -0.9 8 0.0999999
v -0.8 6.7 0.0999999
v -0.8 6.8 0.0999999
v -0.8 7 0.0999999
v -0.8 7.2 0.0999999
v -0.8 7.4 0.0999999
v -0.8 7.6 0.0999999
v -0.8 7.7 0.0999999
v -0.8 7.8 0.0999999
v -0.7 6.7 0.0999999
v -0.7 7.7 0.0999999
v 0.7 6.7 0.0999999
v 0.7 7.7 0.0999999
v 0.8 6.7 0.0999999
v 0.8 6.8 0.0999999
v 0.8 7 0.0999999
v 0.8 7.2 0.0999999
v 0.8 7.4 0.0999999
v 0.8 7.6 0.0999999
v 0.8 7.7 0.0999999
v 0.8 7.8 0.0999999
v 0.9 6.8 0.0999999
v 0.9 7 0.0999999
v 0.9 7.2 0.0999999
v 0.9 7.3 0.0999999
v 0.9 7.4 0.0999999
v 0.9 7.6 0.0999999
v 0.9 7.7 0.0999999
v 0.9 7.8 0.0999999
v 0.9 7.9 0.0999999
v 0.9 8 0.0999999
v 1 7.7 0.0999999
v 1 7.8 0.0999999
v 1 7.9 0.0999999
v 1 8 0.0999999
v 1 8.1 0.0999999
v 1.1 6.8 0.0999999
v 1.1 6.9 0.0999999
v 1.1 7 0.0999999
v 1.1 7.2 0.0999999
v 1.1 7.3 0.0999999
v 1.1 7.4 0.0999999
v 1.1 7.9 0.0999999
v 1.1 8 0.0999999
v 1.2 6.6 0.0999999
v 1.2 6.7 0.0999999
v 1.2 6.8 0.0999999
v 1.2 7 0.0999999
v 1.2 7.2 0.0999999
v 1.2 7.4 0.0999999
v 1.2 7.6 0.0999999
v 1.2 8 0.0999999
v 1.2 8.1 0.0999999
v 1.2 8.2 0.0999999
v 1.2 8.3 0.0999999
v 1.3 6.5 0.0999999
v 1.3 6.6 0.0999999
v 1.3 6.7 0.0999999
v 1.3 7.4 0.0999999
v 1.3 7.5 0.0999999
v 1.3 7.6 0.0999999
v 1.3 7.7 0.0999999
v 1.3 8.2 0.0999999
v 1.3 8.3 0.0999999
v 1.4 6.2 0.0999999
v 1.4 6.4 0.0999999
v 1.4 6.5 0.0999999
v 1.4 6.6 0.0999999
v 1.4 7.5 0.0999999
v 1.4 7.6 0.0999999
v 1.5 6.2 0.0999999
v 1.5 6.4 0.0999999
v 1.5 7.6 0.0999999
v 1.5 7.7 0.0999999
v 1.6 7.6 0.0999999
v 1.6 7.7 0.0999999
v 1.7 7.7 0.0999999
v 1.7 7.8 0.0999999
v 1.8 7.7 0.0999999
v 1.8 7.8 0.0999999
v 2.8 3 0.0999999
v 2.8 3.1 0.0999999
v 2.9 3 0.0999999
v 2.9 3.1 0.0999999
v -1.9 7.8 -2.38419e-07
v -1.9 7.9 -2.38419e-07
v -1.8 7.8 -2.38419e-07
v -1.8 7.9 -2.38419e-07
v -1.7 7.6 -2.38419e-07
v -1.7 7.7 -2.38419e-07
v -1.6 7.6 -2.38419e-07
v -1.6 7.7 -2.38419e-07
v -1.5 6.1 -2.38419e-07
v -1.5 6.2 -2.38419e-07
v -1.5 6.4 -2.38419e-07
v -1.5 6.5 -2.38419e-07
v -1.5 7.5 -2.38419e-07
v -1.5 7.6 -2.38419e-07
v -1.4 6.1 -2.38419e-07
v -1.4 6.2 -2.38419e-07
v -1.4 6.4 -2.38419e-07
v -1.4 6.5 -2.38419e-07
v -1.4 6.6 -2.38419e-07
v -1.4 6.8 -2.38419e-07
v -1.4 7 -2.38419e-07
v -1.4 7.2 -2.38419e-07
v -1.4 7.4 -2.38419e-07
v -1.4 7.5 -2.38419e-07
v -1.4 7.6 -2.38419e-07
v -1.3 6.6 -2.38419e-07
v -1.3 6.8 -2.38419e-07
v -1.3 7 -2.38419e-07
v -1.3 7.2 -2.38419e-07
v -1.3 7.4 -2.38419e-07
v -1.3 7.5 -2.38419e-07
v -1.2 8.1 -2.38419e-07
v -1.2 8.2 -2.38419e-07
v -1.1 8.1 -2.38419e-07
v -1.1 8.2 -2.38419e-07
v -1 8 -2.38419e-07
v -1 8.1 -2.38419e-07
v -0.9 7.8 -2.38419e-07
v -0.9 7.9 -2.38419e-07
v -0.9 8 -2.38419e-07
v -0.9 8.1 -2.38419e-07
v -0.8 7.7 -2.38419e-07
v -0.8 7.8 -2.38419e-07
v -0.8 7.9 -2.38419e-07
v -0.7 6.6 -2.38419e-07
v -0.7 6.8 -2.38419e-07
v -0.7 7 -2.38419e-07
v -0.7 7.2 -2.38419e-07
v -0.7 7.4 -2.38419e-07
v -0.7 7.6 -2.38419e-07
v -0.7 7.7 -2.38419e-07
v -0.7 7.8 -2.38419e-07
v -0.6 6.6 -2.38419e-07
v -0.6 6.8 -2.38419e-07
v -0.6 7 -2.38419e-07
v -0.6 7.2 -2.38419e-07
v -0.6 7.4 -2.38419e-07
v -0.6 7.6 -2.38419e-07
v -0.4 5.4 -2.38419e-07
v -0.4 6 -2.38419e-07
v -0.4 6.2 -2.38419e-07
v -0.4 6.3 -2.38419e-07
v -0.3 5.4 -2.38419e-07
v -0.3 6 -2.38419e-07
v -0.3 6.3 -2.38419e-07
v 0.3 5.4 -2.38419e-07
v 0.3 6 -2.38419e-07
v 0.3 6.3 -2.38419e-07
v 0.4 5.4 -2.38419e-07
v 0.4 6 -2.38419e-07
v 0.4 6.2 -2.38419e-07
v 0.4 6.3 -2.38419e-07
v 0.6 6.6 -2.38419e-07
v 0.6 6.8 -2.38419e-07
v 0.6 7 -2.38419e-07
v 0.6 7.2 -2.38419e-07
v 0.6 7.4 -2.38419e-07
v 0.6 7.6 -2.38419e-07
v 0.7 6.6 -2.38419e-07
v 0.7 6.8 -2.38419e-07
v 0.7 7 -2.38419e-07
v 0.7 7.2 -2.38419e-07
v 0.7 7.4 -2.38419e-07
v 0.7 7.6 -2.38419e-07
v 0.7 7.7 -2.38419e-07
v 0.7 7.8 -2.38419e-07
v 0.8 7.7 -2.38419e-07
v 0.8 7.8 -2.38419e-07
v 0.8 7.9 -2.38419e-07
v 0.9 7.8 -2.38419e-07
v 0.9 7.9 -2.38419e-07
v 0.9 8 -2.38419e-07
v 0.9 8.1 -2.38419e-07
v 1 8 -2.38419e-07
v 1 8.1 -2.38419e-07
v 1.1 8.1 -2.38419e-07
v 1.1 8.2 -2.38419e-07
v 1.2 8.1 -2.38419e-07
v 1.2 8.2 -2.38419e-07
v 1.3 6.6 -2.38419e-07
v 1.3 6.7 -2.38419e-07
v 1.3 6.8 -2.38419e-07
v 1.3 7 -2.38419e-07
v 1.3 7.2 -2.38419e-07
v 1.3 7.4 -2.38419e-07
v 1.3 7.5 -2.38419e-07
v 1.4 6.1 -2.38419e-07
v 1.4 6.2 -2.38419e-07
v 1.4 6.4 -2.38419e-07
v 1.4 6.5 -2.38419e-07
v 1.4 6.6 -2.38419e-07
v 1.4 6.8 -2.38419e-07
v 1.4 7 -2.38419e-07
v 1.4 7.2 -2.38419e-07
v 1.4 7.4 -2.38419e-07
v 1.4 7.5 -2.38419e-07
v 1.4 7.6 -2.38419e-07
v 1.5 6.1 -2.38419e-07
v 1.5 6.2 -2.38419e-07
v 1.5 6.4 -2.38419e-07
v 1.5 6.5 -2.38419e-07
v 1.5 7.5 -2.38419e-07
v 1.5 7.6 -2.38419e-07
v 1.6 7.6 -2.38419e-07
v 1.6 7.7 -2.38419e-07
v 1.7 7.6 -2.38419e-07
v 1.7 7.7 -2.38419e-07
v 1.8 7.8 -2.38419e-07
v 1.8 7.9 -2.38419e-07
v 1.9 7.8 -2.38419e-07
v 1.9 7.9 -2.38419e-07
v -2.7 2.2 -0.1
v -2.7 2.3 -0.1
v -2.6 2.2 -0.1
v -2.6 2.3 -0.1
v -2.4 4.7 -0.1
v -2.4 4.8 -0.1
v -2.3 4.7 -0.1
v -2.3 4.8 -0.1
v -1.4 5.8 -0.1
v -1.4 6 -0.1
v -1.4 6.8 -0.1
v -1.4 7 -0.1
v -1.4 7.2 -0.1
v -1.4 7.4 -0.1
v -1.3 5.8 -0.1
v -1.3 6 -0.1
v -1.3 6.8 -0.1
v -1.3 6.9 -0.1
v -1.3 7 -0.1
v -1.3 7.2 -0.1
v -1.3 7.4 -0.1
v -1.1 8.1 -0.1
v -1.1 8.2 -0.1
v -1 8.1 -0.1
v -1 8.2 -0.1
v -0.9 7.9 -0.1
v -0.9 8 -0.1
v -0.8 7.9 -0.1
v -0.8 8 -0.1
v -0.7 6.5 -0.1
v -0.7 6.6 -0.1
v -0.7 6.8 -0.1
v -0.7 7 -0.1
v -0.7 7.2 -0.1
v -0.7 7.4 -0.1
v -0.7 7.6 -0.1
v -0.7 7.7 -0.1
v -0.6 5.3 -0.1
v -0.6 5.4 -0.1
v -0.6 5.9 -0.1
v -0.6 6.1 -0.1
v -0.6 6.3 -0.1
v -0.6 6.5 -0.1
v -0.6 6.6 -0.1
v -0.6 6.8 -0.1
v -0.6 7 -0.1
v -0.6 7.2 -0.1
v -0.6 7.4 -0.1
v -0.6 7.6 -0.1
v -0.6 7.7 -0.1
v -0.4 5.3 -0.1
v -0.4 5.9 -0.1
v -0.4 6 -0.1
v -0.4 6.3 -0.1
v 0.4 5.3 -0.1
v 0.4 5.9 -0.1
v 0.4 6 -0.1
v 0.4 6.3 -0.1
v 0.6 5.3 -0.1
v 0.6 5.4 -0.1
v 0.6 5.9 -0.1
v 0.6 6.1 -0.1
v 0.6 6.3 -0.1
v 0.6 6.5 -0.1
v 0.6 6.6 -0.1
v 0.6 6.8 -0.1
v 0.6 7 -0.1
v 0.6 7.2 -0.1
v 0.6 7.4 -0.1
v 0.6 7.6 -0.1
v 0.6 7.7 -0.1
v 0.7 6.5 -0.1
v 0.7 6.6 -0.1
v 0.7 6.8 -0.1
v 0.7 7 -0.1
v 0.7 7.2 -0.1
v 0.7 7.4 -0.1
v 0.7 7.6 -0.1
v 0.7 7.7 -0.1
v 0.8 7.9 -0.1
v 0.8 8 -0.1
v 0.9 7.9 -0.1
v 0.9 8 -0.1
v 1 8.1 -0.1
v 1 8.2 -0.1
v 1.1 8.1 -0.1
v 1.1 8.2 -0.1
v 1.3 5.8 -0.1
v 1.3 6 -0.1
v 1.3 6.8 -0.1
v 1.3 6.9 -0.1
v 1.3 7 -0.1
v 1.3 7.2 -0.1
v 1.3 7.4 -0.1
v 1.4 5.8 -0.1
v 1.4 6 -0.1
v 1.4 6.8 -0.1
v 1.4 7 -0.1
v 1.4 7.2 -0.1
v 1.4 7.4 -0.1
v 2.3 4.7 -0.1
v 2.3 4.8 -0.1
v 2.4 4.7 -0.1
v 2.4 4.8 -0.1
v 2.6 2.2 -0.1
v 2.6 2.3 -0.1
v 2.7 2.2 -0.1
v 2.7 2.3 -0.1
v -2.8 2.3 -0.2
v -2.8 2.6 -0.2
v -2.7 2.3 -0.2
v -2.7 2.6 -0.2
v -2.6 2.1 -0.2
v -2.6 2.2 -0.2
v -2.5 2.1 -0.2
v -2.5 2.2 -0.2
v -2.5 4.5 -0.2
v -2.5 4.7 -0.2
v -2.4 4.5 -0.2
v -2.4 4.7 -0.2
v -2.3 4.8 -0.2
v -2.3 5.1 -0.2
v -2.2 4.8 -0.2
v -2.2 5.1 -0.2
v -1.5 5.9 -0.2
v -1.5 6.1 -0.2
v -1.4 5.7 -0.2
v -1.4 5.8 -0.2
v -1.4 5.9 -0.2
v -1.4 6.1 -0.2
v -1.3 5.7 -0.2
v -1.3 5.8 -0.2
v -0.7 5.4 -0.2
v -0.7 5.9 -0.2
v -0.7 6.1 -0.2
v -0.6 5.4 -0.2
v -0.6 5.9 -0.2
v -0.6 6.1 -0.2
v 0.6 5.4 -0.2
v 0.6 5.9 -0.2
v 0.6 6.1 -0.2
v 0.7 5.4 -0.2
v 0.7 5.9 -0.2
v 0.7 6.1 -0.2
v 1.3 5.7 -0.2
v 1.3 5.8 -0.2
v 1.4 5.7 -0.2
v 1.4 5.8 -0.2
v 1.4 5.9 -0.2
v 1.4 6.1 -0.2
v 1.5 5.9 -0.2
v 1.5 6.1 -0.2
v 2.2 4.8 -0.2
v 2.2 5.1 -0.2
v 2.3 4.8 -0.2
v 2.3 5.1 -0.2
v 2.4 4.5 -0.2
v 2.4 4.7 -0.2
v 2.5 2.1 -0.2
v 2.5 2.2 -0.2
v 2.5 4.5 -0.2
v 2.5 4.7 -0.2
v 2.6 2.1 -0.2
v 2.6 2.2 -0.2
v 2.7 2.3 -0.2
v 2.7 2.6 -0.2
v 2.8 2.3 -0.2
v 2.8 2.6 -0.2
v -1.5 5.8 -0.3
v -1.5 5.9 -0.3
v -1.4 5.8 -0.3
v -1.4 5.9 -0.3
v -1.3 5.6 -0.3
v -1.3 5.7 -0.3
v -1.2 5.6 -0.3
v -1.2 5.7 -0.3
v 1.2 5.6 -0.3
v 1.2 5.7 -0.3
v 1.3 5.6 -0.3
v 1.3 5.7 -0.3
v 1.4 5.8 -0.3
v 1.4 5.9 -0.3
v 1.5 5.8 -0.3
v 1.5 5.9 -0.3
v -2.8 2.7 -0.4
v -2.8 2.8 -0.4
v -2.7 0 -0.4
v -2.7 0.1 -0.4
v -2.7 2.7 -0.4
v -2.7 2.8 -0.4
v -2.6 0 -0.4
v -2.6 0.1 -0.4
v -2.6 0.3 -0.4
v -2.5 0.1 -0.4
v -2.5 0.3 -0.4
v -2.4 0.3 -0.4
v -2.4 2.1 -0.4
v -2.3 0.3 -0.4
v -2.3 2.1 -0.4
v -1.5 6.4 -0.4
v -1.5 6.5 -0.4
v -1.4 5.1 -0.4
v -1.4 5.2 -0.4
v -1.4 6.4 -0.4
v -1.4 6.5 -0.4
v -1.3 5.2 -0.4
v -1.3 5.4 -0.4
v -1.2 5.1 -0.4
v -1.2 5.3 -0.4
v -1.1 5.4 -0.4
v -1.1 5.6 -0.4
v -0.9 5.3 -0.4
v -0.9 5.4 -0.4
v -0.9 5.6 -0.4
v -0.9 5.7 -0.4
v -0.8 5.4 -0.4
v -0.8 5.7 -0.4
v -0.7 6.3 -0.4
v -0.7 6.4 -0.4
v -0.6 6.3 -0.4
v -0.6 6.4 -0.4
v 0.6 6.3 -0.4
v 0.6 6.4 -0.4
v 0.7 6.3 -0.4
v 0.7 6.4 -0.4
v 0.8 5.4 -0.4
v 0.8 5.7 -0.4
v 0.9 5.3 -0.4
v 0.9 5.4 -0.4
v 0.9 5.6 -0.4
v 0.9 5.7 -0.4
v 1.1 5.4 -0.4
v 1.1 5.6 -0.4
v 1.2 5.1 -0.4
v 1.2 5.3 -0.4
v 1.3 5.2 -0.4
v 1.3 5.4 -0.4
v 1.4 5.1 -0.4
v 1.4 5.2 -0.4
v 1.4 6.4 -0.4
v 1.4 6.5 -0.4
v 1.5 6.4 -0.4
v 1.5 6.5 -0.4
v 2.3 0.3 -0.4
v 2.3 2.1 -0.4
v 2.4 0.3 -0.4
v 2.4 2.1 -0.4
v 2.5 0.1 -0.4
v 2.5 0.3 -0.4
v 2.6 0 -0.4
v 2.6 0.1 -0.4
v 2.6 0.3 -0.4
v 2.7 0 -0.4
v 2.7 0.1 -0.4
v 2.7 2.7 -0.4
v 2.7 2.8 -0.4
v 2.8 2.7 -0.4
v 2.8 2.8 -0.4
v -2.8 2.2 -0.5
v -2.8 2.3 -0.5
v -2.7 0.1 -0.5
v -2.7 0.3 -0.5
v -2.7 2.2 -0.5
v -2.7 2.3 -0.5
v -2.6 0.1 -0.5
v -2.6 0.3 -0.5
v -2.6 2.1 -0.5
v -2.4 0.3 -0.5
v -2.4 2.1 -0.5
v -2.2 0.3 -0.5
v -2.2 1.9 -0.5
v -2.1 0.3 -0.5
v -2.1 1.9 -0.5
v -1.4 5.2 -0.5
v -1.4 5.4 -0.5
v -1.3 5.2 -0.5
v -1.3 5.4 -0.5
v -1.3 5.6 -0.5
v -1.1 5.4 -0.5
v -1.1 5.6 -0.5
v -0.7 6.4 -0.5
v -0.7 6.5 -0.5
v -0.6 6.4 -0.5
v -0.6 6.5 -0.5
v 0.6 6.4 -0.5
v 0.6 6.5 -0.5
v 0.7 6.4 -0.5
v 0.7 6.5 -0.5
v 1.1 5.4 -0.5
v 1.1 5.6 -0.5
v 1.3 5.2 -0.5
v 1.3 5.4 -0.5
v 1.3 5.6 -0.5
v 1.4 5.2 -0.5
v 1.4 5.4 -0.5
v 2.1 0.3 -0.5
v 2.1 1.9 -0.5
v 2.2 0.3 -0.5
v 2.2 1.9 -0.5
v 2.4 0.3 -0.5
v 2.4 2.1 -0.5
v 2.6 0.1 -0.5
v 2.6 0.3 -0.5
v 2.6 2.1 -0.5
v 2.7 0.1 -0.5
v 2.7 0.3 -0.5
v 2.7 2.2 -0.5
v 2.7 2.3 -0.5
v 2.8 2.2 -0.5
v 2.8 2.3 -0.5
v -2.9 2.3 -0.6
v -2.9 2.6 -0.6
v -2.8 0 -0.6
v -2.8 0.2 -0.6
v -2.8 2.3 -0.6
v -2.8 2.6 -0.6
v -2.7 0 -0.6
v -2.7 0.2 -0.6
v -2.7 2.1 -0.6
v -2.7 2.2 -0.6
v -2.6 2.1 -0.6
v -2.6 2.2 -0.6
v -1.5 5.1 -0.6
v -1.5 5.3 -0.6
v -1.4 5.1 -0.6
v -1.4 5.3 -0.6
v -0.6 6.3 -0.6
v -0.6 6.4 -0.6
v -0.5 6.3 -0.6
v -0.5 6.4 -0.6
v -0.3 6.6 -0.6
v -0.3 6.8 -0.6
v -0.2 6.5 -0.6
v -0.2 6.6 -0.6
v -0.2 6.8 -0.6
v -0.2 6.9 -0.6
v 0.2 6.5 -0.6
v 0.2 6.6 -0.6
v 0.2 6.8 -0.6
v 0.2 6.9 -0.6
v 0.3 6.6 -0.6
v 0.3 6.8 -0.6
v 0.5 6.3 -0.6
v 0.5 6.4 -0.6
v 0.6 6.3 -0.6
v 0.6 6.4 -0.6
v 1.4 5.1 -0.6
v 1.4 5.3 -0.6
v 1.5 5.1 -0.6
v 1.5 5.3 -0.6
v 2.6 2.1 -0.6
v 2.6 2.2 -0.6
v 2.7 0 -0.6
v 2.7 0.2 -0.6
v 2.7 2.1 -0.6
v 2.7 2.2 -0.6
v 2.8 0 -0.6
v 2.8 0.2 -0.6
v 2.8 2.3 -0.6
v 2.8 2.6 -0.6
v 2.9 2.3 -0.6
v 2.9 2.6 -0.6
v -2.9 2.6 -0.7
v -2.9 2.7 -0.7
v -2.8 2.6 -0.7
v -2.8 2.7 -0.7
v -2.7 0.3 -0.7
v -2.7 2.1 -0.7
v -2.6 0.3 -0.7
v -2.6 2.1 -0.7
v -1.4 5.4 -0.7
v -1.4 5.8 -0.7
v -1.3 5.4 -0.7
v -1.3 5.8 -0.7
v -0.7 6.5 -0.7
v -0.7 6.6 -0.7
v -0.6 6.4 -0.7
v -0.6 6.5 -0.7
v -0.5 6.3 -0.7
v -0.5 6.4 -0.7
v -0.5 6.5 -0.7
v -0.5 6.6 -0.7
v -0.4 6.5 -0.7
v -0.4 6.9 -0.7
v -0.3 6.6 -0.7
v -0.3 6.8 -0.7
v -0.3 6.9 -0.7
v -0.3 7 -0.7
v -0.2 5.8 -0.7
v -0.2 6.3 -0.7
v -0.2 6.5 -0.7
v -0.2 6.6 -0.7
v -0.2 6.8 -0.7
v -0.2 6.9 -0.7
v 0.2 5.8 -0.7
v 0.2 6.3 -0.7
v 0.2 6.5 -0.7
v 0.2 6.6 -0.7
v 0.2 6.8 -0.7
v 0.2 6.9 -0.7
v 0.3 6.6 -0.7
v 0.3 6.8 -0.7
v 0.3 6.9 -0.7
v 0.3 7 -0.7
v 0.4 6.5 -0.7
v 0.4 6.9 -0.7
v 0.5 6.3 -0.7
v 0.5 6.4 -0.7
v 0.5 6.5 -0.7
v 0.5 6.6 -0.7
v 0.6 6.4 -0.7
v 0.6 6.5 -0.7
v 0.7 6.5 -0.7
v 0.7 6.6 -0.7
v 1.3 5.4 -0.7
v 1.3 5.8 -0.7
v 1.4 5.4 -0.7
v 1.4 5.8 -0.7
v 2.6 0.3 -0.7
v 2.6 2.1 -0.7
v 2.7 0.3 -0.7
v 2.7 2.1 -0.7
v 2.8 2.6 -0.7
v 2.8 2.7 -0.7
v 2.9 2.6 -0.7
v 2.9 2.7 -0.7
v -0.8 6.6 -0.8
v -0.8 6.7 -0.8
v -0.6 6.6 -0.8
v -0.6 6.7 -0.8
v -0.5 6.5 -0.8
v -0.5 6.6 -0.8
v -0.5 6.8 -0.8
v -0.4 6.5 -0.8
v -0.4 6.8 -0.8
v -0.4 6.9 -0.8
v -0.4 7 -0.8
v -0.3 6.9 -0.8
v -0.3 7 -0.8
v -0.2 5.7 -0.8
v -0.2 5.8 -0.8
v -0.2 7 -0.8
v -0.2 7.1 -0.8
v 0.2 5.7 -0.8
v 0.2 5.8 -0.8
v 0.2 7 -0.8
v 0.2 7.1 -0.8
v 0.3 6.9 -0.8
v 0.3 7 -0.8
v 0.4 6.5 -0.8
v 0.4 6.8 -0.8
v 0.4 6.9 -0.8
v 0.4 7 -0.8
v 0.5 6.5 -0.8
v 0.5 6.6 -0.8
v 0.5 6.8 -0.8
v 0.6 6.6 -0.8
v 0.6 6.7 -0.8
v 0.8 6.6 -0.8
v 0.8 6.7 -0.8
v -0.6 6.6 -0.9
v -0.6 6.7 -0.9
v -0.5 6.6 -0.9
v -0.5 6.7 -0.9
v -0.5 6.8 -0.9
v -0.5 6.9 -0.9
v -0.4 6.8 -0.9
v -0.4 6.9 -0.9
v -0.3 7 -0.9
v -0.3 7.1 -0.9
v -0.2 5.6 -0.9
v -0.2 5.7 -0.9
v -0.2 7 -0.9
v -0.2 7.1 -0.9
v -0.0999999 5.1 -0.9
v -0.0999999 5.3 -0.9
v 0.1 5.1 -0.9
v 0.1 5.3 -0.9
v 0.2 5.6 -0.9
v 0.2 5.7 -0.9
v 0.2 7 -0.9
v 0.2 7.1 -0.9
v 0.3 7 -0.9
v 0.3 7.1 -0.9
v 0.4 6.8 -0.9
v 0.4 6.9 -0.9
v 0.5 6.6 -0.9
v 0.5 6.7 -0.9
v 0.5 6.8 -0.9
v 0.5 6.9 -0.9
v 0.6 6.6 -0.9
v 0.6 6.7 -0.9
v -0.2 5.4 -1
v -0.2 5.6 -1
v -0.0999999 5.4 -1
v -0.0999999 5.6 -1
v 0.1 5.4 -1
v 0.1 5.6 -1
v 0.2 5.4 -1
v 0.2 5.6 -1
v -2.3 4.8 -1.3
v -2.3 5.1 -1.3
v -2.2 4.8 -1.3
v -2.2 4.9 -1.3
v -2.1 4.9 -1.3
v -2.1 5.1 -1.3
v -0.0999999 5.3 -1.3
v -0.0999999 5.4 -1.3
v 0.1 5.3 -1.3
v 0.1 5.4 -1.3
v -0.2 5.4 -1.4
v -0.2 5.5 -1.4
v -0.0999999 5.4 -1.4
v -0.0999999 5.5 -1.4
v 0.1 5.4 -1.4
v 0.1 5.5 -1.4
v 0.2 5.4 -1.4
v 0.2 5.5 -1.4
v -0.4 5.4 -1.5
v -0.4 5.5 -1.5
v -0.3 5.4 -1.5
v -0.3 5.5 -1.5
v -0.0999999 5.4 -1.5
v -0.0999999 5.5 -1.5
v 0.1 5.4 -1.5
v 0.1 5.5 -1.5
v 0.3 5.4 -1.5
v 0.3 5.5 -1.5
v 0.4 5.4 -1.5
v 0.4 5.5 -1.5
v 1.8 5.1 -1.8
v 1.8 5.2 -1.8
v 1.9 5.1 -1.8
v 1.9 5.2 -1.8
v 1.7 5.1 -1.9
v 1.7 5.2 -1.9
v 1.8 5.1 -1.9
v 1.8 5.2 -1.9
v 1.6 5.1 -2
v 1.6 5.2 -2
v 1.7 5.1 -2
v 1.7 5.2 -2
v -0.3 2.8 1.8
v -0.3 3.6 1.8
v 0.3 2.8 1.8
v 0.3 3.6 1.8
v -1.8 2.8 1.2
v -1.8 3.5 1.2
v -1.7 2.8 1.2
v -1.7 3.5 1.2
v 1.7 2.8 1.2
v 1.7 3.5 1.2
v 1.8 2.8 1.2
v 1.8 3.5 1.2
v -1.9 2.8 1.1
v -1.9 3.5 1.1
v -1.8 2.8 1.1
v -1.8 3.5 1.1
v 1.8 2.8 1.1
v 1.8 3.5 1.1
v 1.9 2.8 1.1
v 1.9 3.5 1.1
v -0.0999999 5.4 0.6
v -0.0999999 5.5 0.6
v 0.1 5.4 0.6
v 0.1 5.5 0.6
v -0.0999999 5.3 0.5
v -0.0999999 5.4 0.5
v 0.1 5.3 0.5
v 0.1 5.4 0.5
v -2.8 2.4 0.4
v -2.8 2.6 0.4
v -2.7 0.4 0.4
v -2.7 2.3 0.4
v -2.7 2.4 0.4
v -2.7 2.6 0.4
v -2.6 0.4 0.4
v -2.6 2.3 0.4
v -0.4 6.6 0.4
v -0.4 6.7 0.4
v -0.3 6.6 0.4
v -0.3 6.7 0.4
v -0.2 5.4 0.4
v -0.2 6.1 0.4
v -0.2 6.2 0.4
v -0.2 6.4 0.4
v -0.2 6.5 0.4
v -0.0999999 5.4 0.4
v -0.0999999 6.1 0.4
v -0.0999999 6.2 0.4
v -0.0999999 6.4 0.4
v -0.0999999 6.5 0.4
v 0.1 5.4 0.4
v 0.1 6.1 0.4
v 0.1 6.2 0.4
v 0.1 6.4 0.4
v 0.1 6.5 0.4
v 0.2 5.4 0.4
v 0.2 6.1 0.4
v 0.2 6.2 0.4
v 0.2 6.4 0.4
v 0.2 6.5 0.4
v 0.3 6.6 0.4
v 0.3 6.7 0.4
v 0.4 6.6 0.4
v 0.4 6.7 0.4
v 2.6 0.4 0.4
v 2.6 2.3 0.4
v 2.7 0.4 0.4
v 2.7 2.3 0.4
v 2.7 2.4 0.4
v 2.7 2.6 0.4
v 2.8 2.4 0.4
v 2.8 2.6 0.4
v -2.8 0 0.3
v -2.8 0.3 0.3
v -2.7 0 0.3
v -2.7 0.3 0.3
v -2.7 2.3 0.3
v -2.7 2.5 0.3
v -2.6 2.3 0.3
v -2.6 2.5 0.3
v -0.5 6.6 0.3
v -0.5 6.7 0.3
v -0.4 6.6 0.3
v -0.4 6.7 0.3
v -0.3 6.5 0.3
v -0.3 6.6 0.3
v -0.2 6.2 0.3
v -0.2 6.4 0.3
v -0.2 6.5 0.3
v -0.2 6.6 0.3
v -0.0999999 6.2 0.3
v -0.0999999 6.3 0.3
v -0.0999999 6.4 0.3
v 0.1 6.2 0.3
v 0.1 6.3 0.3
v 0.1 6.4 0.3
v 0.2 6.2 0.3
v 0.2 6.4 0.3
v 0.2 6.5 0.3
v 0.2 6.6 0.3
v 0.3 6.5 0.3
v 0.3 6.6 0.3
v 0.4 6.6 0.3
v 0.4 6.7 0.3
v 0.5 6.6 0.3
v 0.5 6.7 0.3
v 2.6 2.3 0.3
v 2.6 2.5 0.3
v 2.7 0 0.3
v 2.7 0.3 0.3
v 2.7 2.3 0.3
v 2.7 2.5 0.3
v 2.8 0 0.3
v 2.8 0.3 0.3
v -2.7 0.2 0.2
v -2.7 0.4 0.2
v -2.6 0.2 0.2
v -2.6 0.4 0.2
v -0.7 6.6 0.2
v -0.7 6.7 0.2
v -0.5 6.6 0.2
v -0.5 6.7 0.2
v -0.4 5.4 0.2
v -0.4 5.6 0.2
v -0.4 5.8 0.2
v -0.4 6 0.2
v -0.4 6.1 0.2
v -0.4 6.5 0.2
v -0.4 6.6 0.2
v -0.3 5.4 0.2
v -0.3 6 0.2
v -0.3 6.1 0.2
v -0.3 6.3 0.2
v -0.3 6.4 0.2
v -0.3 6.5 0.2
v -0.3 6.6 0.2
v -0.2 6.3 0.2
v -0.2 6.4 0.2
v -0.2 6.5 0.2
v 0.2 6.3 0.2
v 0.2 6.4 0.2
v 0.2 6.5 0.2
v 0.3 5.4 0.2
v 0.3 6 0.2
v 0.3 6.1 0.2
v 0.3 6.3 0.2
v 0.3 6.4 0.2
v 0.3 6.5 0.2
v 0.3 6.6 0.2
v 0.4 5.4 0.2
v 0.4 5.6 0.2
v 0.4 5.8 0.2
v 0.4 6 0.2
v 0.4 6.1 0.2
v 0.4 6.5 0.2
v 0.4 6.6 0.2
v 0.5 6.6 0.2
v 0.5 6.7 0.2
v 0.7 6.6 0.2
v 0.7 6.7 0.2
v 2.6 0.2 0.2
v 2.6 0.4 0.2
v 2.7 0.2 0.2
v 2.7 0.4 0.2
v -2.1 8.5 0.0999999
v -2.1 8.6 0.0999999
v -2.1 8.8 0.0999999
v -2.1 9 0.0999999
v -2.1 9.2 0.0999999
v -2.1 9.3 0.0999999
v -2 8.5 0.0999999
v -2 8.6 0.0999999
v -2 8.8 0.0999999
v -2 9 0.0999999
v -2 9.2 0.0999999
v -2 9.3 0.0999999
v -1.9 9.4 0.0999999
v -1.9 9.5 0.0999999
v -1.8 9.4 0.0999999
v -1.8 9.5 0.0999999
v -1.6 9.4 0.0999999
v -1.6 9.5 0.0999999
v -1.5 9.4 0.0999999
v -1.5 9.5 0.0999999
v -1.4 8.5 0.0999999
v -1.4 8.6 0.0999999
v -1.4 8.8 0.0999999
v -1.4 9 0.0999999
v -1.4 9.2 0.0999999
v -1.4 9.3 0.0999999
v -1.3 8.5 0.0999999
v -1.3 8.6 0.0999999
v -1.3 8.8 0.0999999
v -1.3 9 0.0999999
v -1.3 9.2 0.0999999
v -1.3 9.3 0.0999999
v -0.6 5.3 0.0999999
v -0.6 5.9 0.0999999
v -0.6 6 0.0999999
v -0.6 6.1 0.0999999
v -0.6 6.5 0.0999999
v -0.6 6.6 0.0999999
v -0.5 5.6 0.0999999
v -0.5 5.8 0.0999999
v -0.5 6.1 0.0999999
v -0.5 6.2 0.0999999
v -0.5 6.4 0.0999999
v -0.5 6.5 0.0999999
v -0.4 5.3 0.0999999
v -0.4 5.4 0.0999999
v -0.4 5.6 0.0999999
v -0.4 5.8 0.0999999
v -0.4 6 0.0999999
v -0.4 6.1 0.0999999
v -0.4 6.2 0.0999999
v -0.4 6.4 0.0999999
v -0.4 6.5 0.0999999
v -0.4 6.6 0.0999999
v -0.3 6.1 0.0999999
v -0.3 6.3 0.0999999
v -0.3 6.5 0.0999999
v 0.3 6.1 0.0999999
v 0.3 6.3 0.0999999
v 0.3 6.5 0.0999999
v 0.4 5.3 0.0999999
v 0.4 5.4 0.0999999
v 0.4 5.6 0.0999999
v 0.4 5.8 0.0999999
v 0.4 6 0.0999999
v 0.4 6.1 0.0999999
v 0.4 6.2 0.0999999
v 0.4 6.4 0.0999999
v 0.4 6.5 0.0999999
v 0.4 6.6 0.0999999
v 0.5 5.6 0.0999999
v 0.5 5.8 0.0999999
v 0.5 6.1 0.0999999
v 0.5 6.2 0.0999999
v 0.5 6.4 0.0999999
v 0.5 6.5 0.0999999
v 0.6 5.3 0.0999999
v 0.6 5.9 0.0999999
v 0.6 6 0.0999999
v 0.6 6.1 0.0999999
v 0.6 6.5 0.0999999
v 0.6 6.6 0.0999999
v 1.3 8.5 0.0999999
v 1.3 8.6 0.0999999
v 1.3 8.8 0.0999999
v 1.3 9 0.0999999
v 1.3 9.2 0.0999999
v 1.3 9.3 0.0999999
v 1.4 8.5 0.0999999
v 1.4 8.6 0.0999999
v 1.4 8.8 0.0999999
v 1.4 9 0.0999999
v 1.4 9.2 0.0999999
v 1.4 9.3 0.0999999
v 1.5 9.4 0.0999999
v 1.5 9.5 0.0999999
v 1.6 9.4 0.0999999
v 1.6 9.5 0.0999999
v 1.8 9.4 0.0999999
v 1.8 9.5 0.0999999
v 1.9 9.4 0.0999999
v 1.9 9.5 0.0999999
v 2 8.5 0.0999999
v 2 8.6 0.0999999
v 2 8.8 0.0999999
v 2 9 0.0999999
v 2 9.2 0.0999999
v 2 9.3 0.0999999
v 2.1 8.5 0.0999999
v 2.1 8.6 0.0999999
v 2.1 8.8 0.0999999
v 2.1 9 0.0999999
v 2.1 9.2 0.0999999
v 2.1 9.3 0.0999999
v -2.1 8.1 -2.38419e-07
v -2.1 8.2 -2.38419e-07
v -2.1 8.4 -2.38419e-07
v -2.1 8.5 -2.38419e-07
v -2.1 8.6 -2.38419e-07
v -2.1 8.8 -2.38419e-07
v -2.1 9 -2.38419e-07
v -2.1 9.2 -2.38419e-07
v -2 8.1 -2.38419e-07
v -2 8.2 -2.38419e-07
v -2 8.4 -2.38419e-07
v -2 8.5 -2.38419e-07
v -2 8.6 -2.38419e-07
v -2 8.8 -2.38419e-07
v -2 9 -2.38419e-07
v -2 9.2 -2.38419e-07
v -2 9.3 -2.38419e-07
v -2 9.4 -2.38419e-07
v -1.9 9.3 -2.38419e-07
v -1.9 9.4 -2.38419e-07
v -1.8 9.4 -2.38419e-07
v -1.8 9.5 -2.38419e-07
v -1.6 9.4 -2.38419e-07
v -1.6 9.5 -2.38419e-07
v -1.5 9.3 -2.38419e-07
v -1.5 9.4 -2.38419e-07
v -1.4 5.4 -2.38419e-07
v -1.4 5.6 -2.38419e-07
v -1.4 5.7 -2.38419e-07
v -1.4 6 -2.38419e-07
v -1.4 8.4 -2.38419e-07
v -1.4 8.5 -2.38419e-07
v -1.4 8.6 -2.38419e-07
v -1.4 8.8 -2.38419e-07
v -1.4 9 -2.38419e-07
v -1.4 9.2 -2.38419e-07
v -1.4 9.3 -2.38419e-07
v -1.4 9.4 -2.38419e-07
v -1.3 5.4 -2.38419e-07
v -1.3 5.6 -2.38419e-07
v -1.3 5.7 -2.38419e-07
v -1.3 5.8 -2.38419e-07
v -1.3 6 -2.38419e-07
v -1.3 8.4 -2.38419e-07
v -1.3 8.5 -2.38419e-07
v -1.3 8.6 -2.38419e-07
v -1.3 8.8 -2.38419e-07
v -1.3 9 -2.38419e-07
v -1.3 9.2 -2.38419e-07
v -0.7 5.4 -2.38419e-07
v -0.7 5.9 -2.38419e-07
v -0.7 6.1 -2.38419e-07
v -0.7 6.5 -2.38419e-07
v -0.7 6.6 -2.38419e-07
v -0.6 5.4 -2.38419e-07
v -0.6 5.9 -2.38419e-07
v -0.6 6.1 -2.38419e-07
v -0.6 6.5 -2.38419e-07
v -0.6 6.6 -2.38419e-07
v -0.5 6.1 -2.38419e-07
v -0.5 6.2 -2.38419e-07
v -0.5 6.4 -2.38419e-07
v -0.5 6.5 -2.38419e-07
v -0.4 6.2 -2.38419e-07
v -0.4 6.3 -2.38419e-07
v -0.4 6.4 -2.38419e-07
v 0.4 6.2 -2.38419e-07
v 0.4 6.3 -2.38419e-07
v 0.4 6.4 -2.38419e-07
v 0.5 6.1 -2.38419e-07
v 0.5 6.2 -2.38419e-07
v 0.5 6.4 -2.38419e-07
v 0.5 6.5 -2.38419e-07
v 0.6 5.4 -2.38419e-07
v 0.6 5.9 -2.38419e-07
v 0.6 6.1 -2.38419e-07
v 0.6 6.5 -2.38419e-07
v 0.6 6.6 -2.38419e-07
v 0.7 5.4 -2.38419e-07
v 0.7 5.9 -2.38419e-07
v 0.7 6.1 -2.38419e-07
v 0.7 6.5 -2.38419e-07
v 0.7 6.6 -2.38419e-07
v 1.3 5.4 -2.38419e-07
v 1.3 5.6 -2.38419e-07
v 1.3 5.7 -2.38419e-07
v 1.3 5.8 -2.38419e-07
v 1.3 6 -2.38419e-07
v 1.3 8.4 -2.38419e-07
v 1.3 8.5 -2.38419e-07
v 1.3 8.6 -2.38419e-07
v 1.3 8.8 -2.38419e-07
v 1.3 9 -2.38419e-07
v 1.3 9.2 -2.38419e-07
v 1.4 5.4 -2.38419e-07
v 1.4 5.6 -2.38419e-07
v 1.4 5.7 -2.38419e-07
v 1.4 6 -2.38419e-07
v 1.4 8.4 -2.38419e-07
v 1.4 8.5 -2.38419e-07
v 1.4 8.6 -2.38419e-07
v 1.4 8.8 -2.38419e-07
v 1.4 9 -2.38419e-07
v 1.4 9.2 -2.38419e-07
v 1.4 9.3 -2.38419e-07
v 1.4 9.4 -2.38419e-07
v 1.5 9.3 -2.38419e-07
v 1.5 9.4 -2.38419e-07
v 1.6 9.4 -2.38419e-07
v 1.6 9.5 -2.38419e-07
v 1.8 9.4 -2.38419e-07
v 1.8 9.5 -2.38419e-07
v 1.9 9.3 -2.38419e-07
v 1.9 9.4 -2.38419e-07
v 2 8.1 -2.38419e-07
v 2 8.2 -2.38419e-07
v 2 8.4 -2.38419e-07
v 2 8.5 -2.38419e-07
v 2 8.6 -2.38419e-07
v 2 8.8 -2.38419e-07
v 2 9 -2.38419e-07
v 2 9.2 -2.38419e-07
v 2 9.3 -2.38419e-07
v 2 9.4 -2.38419e-07
v 2.1 8.1 -2.38419e-07
v 2.1 8.2 -2.38419e-07
v 2.1 8.4 -2.38419e-07
v 2.1 8.5 -2.38419e-07
v 2.1 8.6 -2.38419e-07
v 2.1 8.8 -2.38419e-07
v 2.1 9 -2.38419e-07
v 2.1 9.2 -2.38419e-07
v -2.9 2.7 -0.1
v -2.9 2.8 -0.1
v -2.8 2.7 -0.1
v -2.8 2.8 -0.1
v -2.6 0.3 -0.1
v -2.6 2.2 -0.1
v -2.5 0.3 -0.1
v -2.5 2.2 -0.1
v -2.1 8.2 -0.1
v -2.1 8.4 -0.1
v -2 8 -0.1
v -2 8.1 -0.1
v -2 8.2 -0.1
v -2 8.4 -0.1
v -2 8.5 -0.1
v -2 9.3 -0.1
v -1.9 8 -0.1
v -1.9 8.1 -0.1
v -1.9 8.5 -0.1
v -1.9 8.8 -0.1
v -1.9 9 -0.1
v -1.9 9.2 -0.1
v -1.9 9.3 -0.1
v -1.9 9.4 -0.1
v -1.8 8.8 -0.1
v -1.8 9 -0.1
v -1.8 9.2 -0.1
v -1.8 9.3 -0.1
v -1.6 8.8 -0.1
v -1.6 9 -0.1
v -1.6 9.2 -0.1
v -1.6 9.3 -0.1
v -1.5 5.1 -0.1
v -1.5 5.3 -0.1
v -1.5 8.5 -0.1
v -1.5 8.8 -0.1
v -1.5 9 -0.1
v -1.5 9.2 -0.1
v -1.5 9.3 -0.1
v -1.5 9.4 -0.1
v -1.4 5.1 -0.1
v -1.4 5.3 -0.1
v -1.4 8.5 -0.1
v -1.4 9.3 -0.1
v 1.4 5.1 -0.1
v 1.4 5.3 -0.1
v 1.4 8.5 -0.1
v 1.4 9.3 -0.1
v 1.5 5.1 -0.1
v 1.5 5.3 -0.1
v 1.5 8.5 -0.1
v 1.5 8.8 -0.1
v 1.5 9 -0.1
v 1.5 9.2 -0.1
v 1.5 9.3 -0.1
v 1.5 9.4 -0.1
v 1.6 8.8 -0.1
v 1.6 9 -0.1
v 1.6 9.2 -0.1
v 1.6 9.3 -0.1
v 1.8 8.8 -0.1
v 1.8 9 -0.1
v 1.8 9.2 -0.1
v 1.8 9.3 -0.1
v 1.9 8 -0.1
v 1.9 8.1 -0.1
v 1.9 8.5 -0.1
v 1.9 8.8 -0.1
v 1.9 9 -0.1
v 1.9 9.2 -0.1
v 1.9 9.3 -0.1
v 1.9 9.4 -0.1
v 2 8 -0.1
v 2 8.1 -0.1
v 2 8.2 -0.1
v 2 8.4 -0.1
v 2 8.5 -0.1
v 2 9.3 -0.1
v 2.1 8.2 -0.1
v 2.1 8.4 -0.1
v 2.5 0.3 -0.1
v 2.5 2.2 -0.1
v 2.6 0.3 -0.1
v 2.6 2.2 -0.1
v 2.8 2.7 -0.1
v 2.8 2.8 -0.1
v 2.9 2.7 -0.1
v 2.9 2.8 -0.1
v -2.9 2.8 -0.2
v -2.9 3.1 -0.2
v -2.8 2.8 -0.2
v -2.8 3.1 -0.2
v -2.7 0 -0.2
v -2.7 0.2 -0.2
v -2.6 0 -0.2
v -2.6 0.2 -0.2
v -2 8.1 -0.2
v -2 8.5 -0.2
v -1.9 7.8 -0.2
v -1.9 7.9 -0.2
v -1.9 8.1 -0.2
v -1.9 8.2 -0.2
v -1.9 8.4 -0.2
v -1.9 8.5 -0.2
v -1.9 8.8 -0.2
v -1.9 9 -0.2
v -1.9 9.2 -0.2
v -1.8 7.8 -0.2
v -1.8 7.9 -0.2
v -1.8 8.1 -0.2
v -1.8 8.2 -0.2
v -1.8 8.4 -0.2
v -1.8 8.5 -0.2
v -1.8 8.8 -0.2
v -1.8 9 -0.2
v -1.8 9.2 -0.2
v -1.8 9.3 -0.2
v -1.7 7.6 -0.2
v -1.7 7.7 -0.2
v -1.6 7.6 -0.2
v -1.6 7.7 -0.2
v -1.6 8.4 -0.2
v -1.6 8.5 -0.2
v -1.6 8.8 -0.2
v -1.6 9 -0.2
v -1.6 9.2 -0.2
v -1.6 9.3 -0.2
v -1.5 8.5 -0.2
v -1.5 8.8 -0.2
v -1.5 9 -0.2
v -1.5 9.2 -0.2
v -1.4 5.2 -0.2
v -1.4 5.4 -0.2
v -1.4 8.3 -0.2
v -1.4 8.4 -0.2
v -1.4 8.5 -0.2
v -1.3 5.2 -0.2
v -1.3 5.4 -0.2
v -1.3 5.7 -0.2
v -1.3 8.3 -0.2
v -1.3 8.4 -0.2
v -1.2 5.6 -0.2
v -1.2 5.7 -0.2
v -1.1 5.4 -0.2
v -1.1 5.6 -0.2
v -0.9 5.4 -0.2
v -0.9 5.7 -0.2
v -0.8 5.4 -0.2
v -0.8 5.7 -0.2
v -0.7 6.4 -0.2
v -0.7 6.5 -0.2
v -0.6 6.4 -0.2
v -0.6 6.5 -0.2
v 0.6 6.4 -0.2
v 0.6 6.5 -0.2
v 0.7 6.4 -0.2
v 0.7 6.5 -0.2
v 0.8 5.4 -0.2
v 0.8 5.7 -0.2
v 0.9 5.4 -0.2
v 0.9 5.7 -0.2
v 1.1 5.4 -0.2
v 1.1 5.6 -0.2
v 1.2 5.6 -0.2
v 1.2 5.7 -0.2
v 1.3 5.2 -0.2
v 1.3 5.4 -0.2
v 1.3 5.7 -0.2
v 1.3 8.3 -0.2
v 1.3 8.4 -0.2
v 1.4 5.2 -0.2
v 1.4 5.4 -0.2
v 1.4 8.3 -0.2
v 1.4 8.4 -0.2
v 1.4 8.5 -0.2
v 1.5 8.5 -0.2
v 1.5 8.8 -0.2
v 1.5 9 -0.2
v 1.5 9.2 -0.2
v 1.6 7.6 -0.2
v 1.6 7.7 -0.2
v 1.6 8.4 -0.2
v 1.6 8.5 -0.2
v 1.6 8.8 -0.2
v 1.6 9 -0.2
v 1.6 9.2 -0.2
v 1.6 9.3 -0.2
v 1.7 7.6 -0.2
v 1.7 7.7 -0.2
v 1.8 7.8 -0.2
v 1.8 7.9 -0.2
v 1.8 8.1 -0.2
v 1.8 8.2 -0.2
v 1.8 8.4 -0.2
v 1.8 8.5 -0.2
v 1.8 8.8 -0.2
v 1.8 9 -0.2
v 1.8 9.2 -0.2
v 1.8 9.3 -0.2
v 1.9 7.8 -0.2
v 1.9 7.9 -0.2
v 1.9 8.1 -0.2
v 1.9 8.2 -0.2
v 1.9 8.4 -0.2
v 1.9 8.5 -0.2
v 1.9 8.8 -0.2
v 1.9 9 -0.2
v 1.9 9.2 -0.2
v 2 8.1 -0.2
v 2 8.5 -0.2
v 2.6 0 -0.2
v 2.6 0.2 -0.2
v 2.7 0 -0.2
v 2.7 0.2 -0.2
v 2.8 2.8 -0.2
v 2.8 3.1 -0.2
v 2.9 2.8 -0.2
v 2.9 3.1 -0.2
v -2.8 2.7 -0.3
v -2.8 3.6 -0.3
v -2.7 2.7 -0.3
v -2.7 3.6 -0.3
v -2.6 0.1 -0.3
v -2.6 0.3 -0.3
v -2.5 0.1 -0.3
v -2.5 0.3 -0.3
v -2.5 2.1 -0.3
v -2.3 0.3 -0.3
v -2.3 2.1 -0.3
v -1.9 7.9 -0.3
v -1.9 8.1 -0.3
v -1.9 8.2 -0.3
v -1.9 8.4 -0.3
v -1.8 7.7 -0.3
v -1.8 7.8 -0.3
v -1.8 7.9 -0.3
v -1.8 8.1 -0.3
v -1.8 8.2 -0.3
v -1.8 8.4 -0.3
v -1.8 8.5 -0.3
v -1.7 7.7 -0.3
v -1.7 7.8 -0.3
v -1.7 8.2 -0.3
v -1.7 8.3 -0.3
v -1.6 7.6 -0.3
v -1.6 7.7 -0.3
v -1.6 8.4 -0.3
v -1.6 8.5 -0.3
v -1.5 6.4 -0.3
v -1.5 6.5 -0.3
v -1.5 7.6 -0.3
v -1.5 7.7 -0.3
v -1.4 5.1 -0.3
v -1.4 5.2 -0.3
v -1.4 6.4 -0.3
v -1.4 6.5 -0.3
v -1.4 6.8 -0.3
v -1.4 7 -0.3
v -1.4 7.2 -0.3
v -1.4 7.3 -0.3
v -1.4 7.4 -0.3
v -1.4 8.3 -0.3
v -1.4 8.4 -0.3
v -1.3 5.2 -0.3
v -1.3 5.4 -0.3
v -1.3 6.8 -0.3
v -1.3 7 -0.3
v -1.3 7.2 -0.3
v -1.3 7.3 -0.3
v -1.3 7.4 -0.3
v -1.3 8.2 -0.3
v -1.3 8.3 -0.3
v -1.2 5.1 -0.3
v -1.2 5.3 -0.3
v -1.2 8.2 -0.3
v -1.2 8.3 -0.3
v -1.1 5.4 -0.3
v -1.1 5.6 -0.3
v -1.1 8.1 -0.3
v -1.1 8.2 -0.3
v -1 8.1 -0.3
v -1 8.2 -0.3
v -0.9 5.3 -0.3
v -0.9 5.4 -0.3
v -0.9 5.6 -0.3
v -0.9 7.9 -0.3
v -0.9 8 -0.3
v -0.8 7.9 -0.3
v -0.8 8 -0.3
v -0.7 6.3 -0.3
v -0.7 6.4 -0.3
v -0.7 6.5 -0.3
v -0.7 6.6 -0.3
v -0.7 6.8 -0.3
v -0.7 7 -0.3
v -0.7 7.2 -0.3
v -0.7 7.4 -0.3
v -0.7 7.6 -0.3
v -0.7 7.7 -0.3
v -0.6 6.3 -0.3
v -0.6 6.4 -0.3
v -0.6 6.5 -0.3
v -0.6 6.6 -0.3
v -0.6 6.8 -0.3
v -0.6 7 -0.3
v -0.6 7.2 -0.3
v -0.6 7.4 -0.3
v -0.6 7.6 -0.3
v -0.6 7.7 -0.3
v 0.6 6.3 -0.3
v 0.6 6.4 -0.3
v 0.6 6.5 -0.3
v 0.6 6.6 -0.3
v 0.6 6.8 -0.3
v 0.6 7 -0.3
v 0.6 7.2 -0.3
v 0.6 7.4 -0.3
v 0.6 7.6 -0.3
v 0.6 7.7 -0.3
v 0.7 6.3 -0.3
v 0.7 6.4 -0.3
v 0.7 6.5 -0.3
v 0.7 6.6 -0.3
v 0.7 6.8 -0.3
v 0.7 7 -0.3
v 0.7 7.2 -0.3
v 0.7 7.4 -0.3
v 0.7 7.6 -0.3
v 0.7 7.7 -0.3
v 0.8 7.9 -0.3
v 0.8 8 -0.3
v 0.9 5.3 -0.3
v 0.9 5.4 -0.3
v 0.9 5.6 -0.3
v 0.9 7.9 -0.3
v 0.9 8 -0.3
v 1 8.1 -0.3
v 1 8.2 -0.3
v 1.1 5.4 -0.3
v 1.1 5.6 -0.3
v 1.1 8.1 -0.3
v 1.1 8.2 -0.3
v 1.2 5.1 -0.3
v 1.2 5.3 -0.3
v 1.2 8.2 -0.3
v 1.2 8.3 -0.3
v 1.3 5.2 -0.3
v 1.3 5.4 -0.3
v 1.3 6.8 -0.3
v 1.3 7 -0.3
v 1.3 7.2 -0.3
v 1.3 7.3 -0.3
v 1.3 7.4 -0.3
v 1.3 8.2 -0.3
v 1.3 8.3 -0.3
v 1.4 5.1 -0.3
v 1.4 5.2 -0.3
v 1.4 6.4 -0.3
v 1.4 6.5 -0.3
v 1.4 6.8 -0.3
v 1.4 7 -0.3
v 1.4 7.2 -0.3
v 1.4 7.3 -0.3
v 1.4 7.4 -0.3
v 1.4 8.3 -0.3
v 1.4 8.4 -0.3
v 1.5 6.4 -0.3
v 1.5 6.5 -0.3
v 1.5 7.6 -0.3
v 1.5 7.7 -0.3
v 1.6 7.6 -0.3
v 1.6 7.7 -0.3
v 1.6 8.4 -0.3
v 1.6 8.5 -0.3
v 1.7 7.7 -0.3
v 1.7 7.8 -0.3
v 1.7 8.2 -0.3
v 1.7 8.3 -0.3
v 1.8 7.7 -0.3
v 1.8 7.8 -0.3
v 1.8 7.9 -0.3
v 1.8 8.1 -0.3
v 1.8 8.2 -0.3
v 1.8 8.4 -0.3
v 1.8 8.5 -0.3
v 1.9 7.9 -0.3
v 1.9 8.1 -0.3
v 1.9 8.2 -0.3
v 1.9 8.4 -0.3
v 2.3 0.3 -0.3
v 2.3 2.1 -0.3
v 2.5 0.1 -0.3
v 2.5 0.3 -0.3
v 2.5 2.1 -0.3
v 2.6 0.1 -0.3
v 2.6 0.3 -0.3
v 2.7 2.7 -0.3
v 2.7 3.6 -0.3
v 2.8 2.7 -0.3
v 2.8 3.6 -0.3
v -2.2 0.3 -0.4
v -2.2 1.9 -0.4
v -2.1 0.3 -0.4
v -2.1 1.9 -0.4
v -1.8 7.8 -0.4
v -1.8 8.2 -0.4
v -1.7 7.7 -0.4
v -1.7 7.8 -0.4
v -1.7 7.9 -0.4
v -1.7 8.1 -0.4
v -1.7 8.2 -0.4
v -1.7 8.3 -0.4
v -1.6 7.8 -0.4
v -1.6 7.9 -0.4
v -1.6 8.1 -0.4
v -1.6 8.2 -0.4
v -1.5 7.5 -0.4
v -1.5 7.6 -0.4
v -1.5 7.7 -0.4
v -1.5 7.8 -0.4
v -1.4 6.6 -0.4
v -1.4 6.8 -0.4
v -1.4 7 -0.4
v -1.4 7.2 -0.4
v -1.4 7.4 -0.4
v -1.4 7.5 -0.4
v -1.4 7.6 -0.4
v -1.4 8.1 -0.4
v -1.4 8.2 -0.4
v -1.4 8.3 -0.4
v -1.3 6.6 -0.4
v -1.3 6.8 -0.4
v -1.3 7 -0.4
v -1.3 7.2 -0.4
v -1.3 7.4 -0.4
v -1.3 7.5 -0.4
v -1.3 8.1 -0.4
v -1.3 8.2 -0.4
v -1.3 8.3 -0.4
v -1.1 8.1 -0.4
v -1.1 8.2 -0.4
v -1 8 -0.4
v -1 8.1 -0.4
v -0.9 7.8 -0.4
v -0.9 7.9 -0.4
v -0.9 8 -0.4
v -0.9 8.1 -0.4
v -0.8 7.7 -0.4
v -0.8 7.8 -0.4
v -0.8 7.9 -0.4
v -0.7 6.6 -0.4
v -0.7 6.8 -0.4
v -0.7 7 -0.4
v -0.7 7.2 -0.4
v -0.7 7.4 -0.4
v -0.7 7.6 -0.4
v -0.7 7.7 -0.4
v -0.7 7.8 -0.4
v -0.6 6.6 -0.4
v -0.6 6.8 -0.4
v -0.6 7 -0.4
v -0.6 7.2 -0.4
v -0.6 7.4 -0.4
v -0.6 7.6 -0.4
v 0.6 6.6 -0.4
v 0.6 6.8 -0.4
v 0.6 7 -0.4
v 0.6 7.2 -0.4
v 0.6 7.4 -0.4
v 0.6 7.6 -0.4
v 0.7 6.6 -0.4
v 0.7 6.8 -0.4
v 0.7 7 -0.4
v 0.7 7.2 -0.4
v 0.7 7.4 -0.4
v 0.7 7.6 -0.4
v 0.7 7.7 -0.4
v 0.7 7.8 -0.4
v 0.8 7.7 -0.4
v 0.8 7.8 -0.4
v 0.8 7.9 -0.4
v 0.9 7.8 -0.4
v 0.9 7.9 -0.4
v 0.9 8 -0.4
v 0.9 8.1 -0.4
v 1 8 -0.4
v 1 8.1 -0.4
v 1.1 8.1 -0.4
v 1.1 8.2 -0.4
v 1.3 6.6 -0.4
v 1.3 6.8 -0.4
v 1.3 7 -0.4
v 1.3 7.2 -0.4
v 1.3 7.4 -0.4
v 1.3 7.5 -0.4
v 1.3 8.1 -0.4
v 1.3 8.2 -0.4
v 1.3 8.3 -0.4
v 1.4 6.6 -0.4
v 1.4 6.8 -0.4
v 1.4 7 -0.4
v 1.4 7.2 -0.4
v 1.4 7.4 -0.4
v 1.4 7.5 -0.4
v 1.4 7.6 -0.4
v 1.4 8.1 -0.4
v 1.4 8.2 -0.4
v 1.4 8.3 -0.4
v 1.5 7.5 -0.4
v 1.5 7.6 -0.4
v 1.5 7.7 -0.4
v 1.5 7.8 -0.4
v 1.6 7.8 -0.4
v 1.6 7.9 -0.4
v 1.6 8.1 -0.4
v 1.6 8.2 -0.4
v 1.7 7.7 -0.4
v 1.7 7.8 -0.4
v 1.7 7.9 -0.4
v 1.7 8.1 -0.4
v 1.7 8.2 -0.4
v 1.7 8.3 -0.4
v 1.8 7.8 -0.4
v 1.8 8.2 -0.4
v 2.1 0.3 -0.4
v 2.1 1.9 -0.4
v 2.2 0.3 -0.4
v 2.2 1.9 -0.4
v -1.7 7.9 -0.5
v -1.7 8.1 -0.5
v -1.6 7.8 -0.5
v -1.6 7.9 -0.5
v -1.6 8.1 -0.5
v -1.6 8.2 -0.5
v -1.5 5.8 -0.5
v -1.5 5.9 -0.5
v -1.5 7.6 -0.5
v -1.5 7.8 -0.5
v -1.4 5.8 -0.5
v -1.4 5.9 -0.5
v -1.4 7.5 -0.5
v -1.4 7.6 -0.5
v -1.4 7.7 -0.5
v -1.4 7.9 -0.5
v -1.4 8.1 -0.5
v -1.4 8.2 -0.5
v -1.3 6.7 -0.5
v -1.3 6.9 -0.5
v -1.3 7.5 -0.5
v -1.3 7.6 -0.5
v -1.3 7.7 -0.5
v -1.3 7.9 -0.5
v -1.3 8 -0.5
v -1.3 8.1 -0.5
v -1.2 6.7 -0.5
v -1.2 6.8 -0.5
v -1.2 6.9 -0.5
v -1.2 7 -0.5
v -1.2 7.2 -0.5
v -1.2 7.4 -0.5
v -1.2 7.6 -0.5
v -1.1 6.8 -0.5
v -1.1 7 -0.5
v -1.1 7.2 -0.5
v -1.1 7.4 -0.5
v -1.1 7.9 -0.5
v -1.1 8 -0.5
v -1 7.7 -0.5
v -1 7.9 -0.5
v -1 8 -0.5
v -1 8.1 -0.5
v -0.9 6.8 -0.5
v -0.9 7 -0.5
v -0.9 7.2 -0.5
v -0.9 7.4 -0.5
v -0.9 7.6 -0.5
v -0.9 7.7 -0.5
v -0.9 7.8 -0.5
v -0.9 8 -0.5
v -0.8 6.6 -0.5
v -0.8 6.8 -0.5
v -0.8 7 -0.5
v -0.8 7.2 -0.5
v -0.8 7.4 -0.5
v -0.8 7.6 -0.5
v -0.8 7.7 -0.5
v -0.8 7.8 -0.5
v -0.7 6.6 -0.5
v -0.7 7.7 -0.5
v -0.0999999 5.3 -0.5
v -0.0999999 6.1 -0.5
v -0.0999999 6.3 -0.5
v 0.1 5.3 -0.5
v 0.1 6.1 -0.5
v 0.1 6.3 -0.5
v 0.7 6.6 -0.5
v 0.7 7.7 -0.5
v 0.8 6.6 -0.5
v 0.8 6.8 -0.5
v 0.8 7 -0.5
v 0.8 7.2 -0.5
v 0.8 7.4 -0.5
v 0.8 7.6 -0.5
v 0.8 7.7 -0.5
v 0.8 7.8 -0.5
v 0.9 6.8 -0.5
v 0.9 7 -0.5
v 0.9 7.2 -0.5
v 0.9 7.4 -0.5
v 0.9 7.6 -0.5
v 0.9 7.7 -0.5
v 0.9 7.8 -0.5
v 0.9 8 -0.5
v 1 7.7 -0.5
v 1 7.9 -0.5
v 1 8 -0.5
v 1 8.1 -0.5
v 1.1 6.8 -0.5
v 1.1 7 -0.5
v 1.1 7.2 -0.5
v 1.1 7.4 -0.5
v 1.1 7.9 -0.5
v 1.1 8 -0.5
v 1.2 6.7 -0.5
v 1.2 6.8 -0.5
v 1.2 6.9 -0.5
v 1.2 7 -0.5
v 1.2 7.2 -0.5
v 1.2 7.4 -0.5
v 1.2 7.6 -0.5
v 1.3 6.7 -0.5
v 1.3 6.9 -0.5
v 1.3 7.5 -0.5
v 1.3 7.6 -0.5
v 1.3 7.7 -0.5
v 1.3 7.9 -0.5
v 1.3 8 -0.5
v 1.3 8.1 -0.5
v 1.4 5.8 -0.5
v 1.4 5.9 -0.5
v 1.4 7.5 -0.5
v 1.4 7.6 -0.5
v 1.4 7.7 -0.5
v 1.4 7.9 -0.5
v 1.4 8.1 -0.5
v 1.4 8.2 -0.5
v 1.5 5.8 -0.5
v 1.5 5.9 -0.5
v 1.5 7.6 -0.5
v 1.5 7.8 -0.5
v 1.6 7.8 -0.5
v 1.6 7.9 -0.5
v 1.6 8.1 -0.5
v 1.6 8.2 -0.5
v 1.7 7.9 -0.5
v 1.7 8.1 -0.5
v -1.5 5.9 -0.6
v -1.5 6.1 -0.6
v -1.4 5.7 -0.6
v -1.4 5.8 -0.6
v -1.4 5.9 -0.6
v -1.4 6.1 -0.6
v -1.4 7.7 -0.6
v -1.4 7.9 -0.6
v -1.3 5.7 -0.6
v -1.3 5.8 -0.6
v -1.3 7.6 -0.6
v -1.3 7.7 -0.6
v -1.3 7.9 -0.6
v -1.3 8 -0.6
v -1.2 6.7 -0.6
v -1.2 6.8 -0.6
v -1.2 7 -0.6
v -1.2 7.2 -0.6
v -1.2 7.4 -0.6
v -1.2 7.6 -0.6
v -1.1 6.8 -0.6
v -1.1 7 -0.6
v -1.1 7.2 -0.6
v -1.1 7.4 -0.6
v -1.1 7.9 -0.6
v -1.1 8 -0.6
v -1 7.7 -0.6
v -1 7.9 -0.6
v -0.9 6.8 -0.6
v -0.9 7 -0.6
v -0.9 7.2 -0.6
v -0.9 7.4 -0.6
v -0.9 7.6 -0.6
v -0.9 7.7 -0.6
v -0.8 6.7 -0.6
v -0.8 6.8 -0.6
v -0.8 7 -0.6
v -0.8 7.2 -0.6
v -0.8 7.4 -0.6
v -0.8 7.6 -0.6
v -0.2 5.4 -0.6
v -0.2 6.3 -0.6
v -0.0999999 5.4 -0.6
v -0.0999999 6.3 -0.6
v 0.1 5.4 -0.6
v 0.1 6.3 -0.6
v 0.2 5.4 -0.6
v 0.2 6.3 -0.6
v 0.8 6.7 -0.6
v 0.8 6.8 -0.6
v 0.8 7 -0.6
v 0.8 7.2 -0.6
v 0.8 7.4 -0.6
v 0.8 7.6 -0.6
v 0.9 6.8 -0.6
v 0.9 7 -0.6
v 0.9 7.2 -0.6
v 0.9 7.4 -0.6
v 0.9 7.6 -0.6
v 0.9 7.7 -0.6
v 1 7.7 -0.6
v 1 7.9 -0.6
v 1.1 6.8 -0.6
v 1.1 7 -0.6
v 1.1 7.2 -0.6
v 1.1 7.4 -0.6
v 1.1 7.9 -0.6
v 1.1 8 -0.6
v 1.2 6.7 -0.6
v 1.2 6.8 -0.6
v 1.2 7 -0.6
v 1.2 7.2 -0.6
v 1.2 7.4 -0.6
v 1.2 7.6 -0.6
v 1.3 5.7 -0.6
v 1.3 5.8 -0.6
v 1.3 7.6 -0.6
v 1.3 7.7 -0.6
v 1.3 7.9 -0.6
v 1.3 8 -0.6
v 1.4 5.7 -0.6
v 1.4 5.8 -0.6
v 1.4 5.9 -0.6
v 1.4 6.1 -0.6
v 1.4 7.7 -0.6
v 1.4 7.9 -0.6
v 1.5 5.9 -0.6
v 1.5 6.1 -0.6
v -2.5 4.5 -0.7
v -2.5 4.7 -0.7
v -2.4 4.5 -0.7
v -2.4 4.7 -0.7
v -2.3 4.8 -0.7
v -2.3 5.1 -0.7
v -2.2 4.8 -0.7
v -2.2 5.1 -0.7
v -1.5 6.1 -0.7
v -1.5 6.2 -0.7
v -1.5 6.4 -0.7
v -1.5 6.5 -0.7
v -1.4 6.1 -0.7
v -1.4 6.2 -0.7
v -1.4 6.4 -0.7
v -1.4 6.5 -0.7
v -1.3 6.6 -0.7
v -1.3 6.7 -0.7
v -1.2 6.6 -0.7
v -1.2 6.7 -0.7
v -0.0999999 5.1 -0.7
v -0.0999999 5.3 -0.7
v 0.1 5.1 -0.7
v 0.1 5.3 -0.7
v 1.2 6.6 -0.7
v 1.2 6.7 -0.7
v 1.3 6.6 -0.7
v 1.3 6.7 -0.7
v 1.4 6.1 -0.7
v 1.4 6.2 -0.7
v 1.4 6.4 -0.7
v 1.4 6.5 -0.7
v 1.5 6.1 -0.7
v 1.5 6.2 -0.7
v 1.5 6.4 -0.7
v 1.5 6.5 -0.7
v 2.2 4.8 -0.7
v 2.2 5.1 -0.7
v 2.3 4.8 -0.7
v 2.3 5.1 -0.7
v 2.4 4.5 -0.7
v 2.4 4.7 -0.7
v 2.5 4.5 -0.7
v 2.5 4.7 -0.7
v -3 3.8 -0.8
v -3 4.1 -0.8
v -2.9 3.8 -0.8
v -2.9 4.1 -0.8
v -2.8 3.6 -0.8
v -2.8 3.7 -0.8
v -2.8 4.2 -0.8
v -2.8 4.5 -0.8
v -2.7 3.6 -0.8
v -2.7 3.7 -0.8
v -2.7 4.2 -0.8
v -2.7 4.4 -0.8
v -2.7 4.5 -0.8
v -2.4 4.7 -0.8
v -2.4 4.8 -0.8
v -2.3 4.7 -0.8
v -2.3 4.8 -0.8
v -1.5 6.2 -0.8
v -1.5 6.4 -0.8
v -1.4 6.2 -0.8
v -1.4 6.4 -0.8
v -1.4 6.5 -0.8
v -1.4 6.6 -0.8
v -1.3 6.5 -0.8
v -1.3 6.6 -0.8
v 1.3 6.5 -0.8
v 1.3 6.6 -0.8
v 1.4 6.2 -0.8
v 1.4 6.4 -0.8
v 1.4 6.5 -0.8
v 1.4 6.6 -0.8
v 1.5 6.2 -0.8
v 1.5 6.4 -0.8
v 2.3 4.7 -0.8
v 2.3 4.8 -0.8
v 2.4 4.7 -0.8
v 2.4 4.8 -0.8
v 2.7 3.6 -0.8
v 2.7 3.7 -0.8
v 2.7 4.2 -0.8
v 2.7 4.4 -0.8
v 2.7 4.5 -0.8
v 2.8 3.6 -0.8
v 2.8 3.7 -0.8
v 2.8 4.2 -0.8
v 2.8 4.5 -0.8
v 2.9 3.8 -0.8
v 2.9 4.1 -0.8
v 3 3.8 -0.8
v 3 4.1 -0.8
v -2.9 3.7 -0.9
v -2.9 3.8 -0.9
v -2.9 4.1 -0.9
v -2.9 4.2 -0.9
v -2.8 3.7 -0.9
v -2.8 3.8 -0.9
v -2.8 4.1 -0.9
v -2.8 4.2 -0.9
v -1.4 5.4 -0.9
v -1.4 6.1 -0.9
v -1.3 5.4 -0.9
v -1.3 6.1 -0.9
v 1.3 5.4 -0.9
v 1.3 6.1 -0.9
v 1.4 5.4 -0.9
v 1.4 6.1 -0.9
v 2.8 3.7 -0.9
v 2.8 3.8 -0.9
v 2.8 4.1 -0.9
v 2.8 4.2 -0.9
v 2.9 3.7 -0.9
v 2.9 3.8 -0.9
v 2.9 4.1 -0.9
v 2.9 4.2 -0.9
v -2.9 2.3 -1
v -2.9 2.7 -1
v -2.8 2.3 -1
v -2.8 2.7 -1
v -2.7 2.8 -1
v -2.7 3.6 -1
v -2.6 2.8 -1
v -2.6 3.6 -1
v -2.5 2.8 -1
v -2.5 3.6 -1
v -2.2 4.9 -1
v -2.2 5.1 -1
v -2.1 4.9 -1
v -2.1 5.1 -1
v -1.5 5.1 -1
v -1.5 5.2 -1
v -1.5 5.3 -1
v -1.4 5.1 -1
v -1.4 5.2 -1
v -1.4 5.3 -1
v -1.4 6.1 -1
v -1.4 6.2 -1
v -1.4 6.4 -1
v -1.4 6.5 -1
v -1.3 6.1 -1
v -1.3 6.2 -1
v -1.3 6.4 -1
v -1.3 6.5 -1
v -1.2 6.6 -1
v -1.2 6.7 -1
v -1.1 6.6 -1
v -1.1 6.7 -1
v 1.1 6.6 -1
v 1.1 6.7 -1
v 1.2 6.6 -1
v 1.2 6.7 -1
v 1.3 6.1 -1
v 1.3 6.2 -1
v 1.3 6.4 -1
v 1.3 6.5 -1
v 1.4 5.1 -1
v 1.4 5.3 -1
v 1.4 6.1 -1
v 1.4 6.2 -1
v 1.4 6.4 -1
v 1.4 6.5 -1
v 1.5 5.1 -1
v 1.5 5.3 -1
v 2.5 2.8 -1
v 2.5 3.6 -1
v 2.6 2.8 -1
v 2.6 3.6 -1
v 2.7 2.8 -1
v 2.7 3.6 -1
v 2.8 2.3 -1
v 2.8 2.7 -1
v 2.9 2.3 -1
v 2.9 2.7 -1
v -2.9 3.8 -1.1
v -2.9 3.9 -1.1
v -2.9 4.1 -1.1
v -2.8 2.2 -1.1
v -2.8 2.8 -1.1
v -2.8 3.8 -1.1
v -2.8 3.9 -1.1
v -2.8 4 -1.1
v -2.8 4.1 -1.1
v -2.7 2.2 -1.1
v -2.7 2.7 -1.1
v -2.7 2.8 -1.1
v -2.7 3.6 -1.1
v -2.7 3.7 -1.1
v -2.7 4.2 -1.1
v -2.7 4.3 -1.1
v -2.7 4.5 -1.1
v -2.6 2.7 -1.1
v -2.6 3.6 -1.1
v -2.6 3.7 -1.1
v -2.6 4.2 -1.1
v -2.6 4.3 -1.1
v -2.6 4.4 -1.1
v -2.6 4.5 -1.1
v -2.5 2.7 -1.1
v -2.5 2.8 -1.1
v -1.4 5.2 -1.1
v -1.4 5.4 -1.1
v -1.4 6.2 -1.1
v -1.4 6.4 -1.1
v -1.3 5.2 -1.1
v -1.3 5.4 -1.1
v -1.3 6.1 -1.1
v -1.3 6.2 -1.1
v -1.3 6.4 -1.1
v -1.3 6.5 -1.1
v -1.3 6.6 -1.1
v -1.2 6 -1.1
v -1.2 6.1 -1.1
v -1.2 6.5 -1.1
v -1.2 6.6 -1.1
v -1.1 5.4 -1.1
v -1.1 6 -1.1
v -1.1 6.6 -1.1
v -1.1 6.7 -1.1
v -1 6.6 -1.1
v -1 6.7 -1.1
v -0.5 6.8 -1.1
v -0.5 6.9 -1.1
v -0.4 6.8 -1.1
v -0.4 6.9 -1.1
v -0.3 7 -1.1
v -0.3 7.1 -1.1
v -0.2 7 -1.1
v -0.2 7.1 -1.1
v 0.2 7 -1.1
v 0.2 7.1 -1.1
v 0.3 7 -1.1
v 0.3 7.1 -1.1
v 0.4 6.8 -1.1
v 0.4 6.9 -1.1
v 0.5 6.8 -1.1
v 0.5 6.9 -1.1
v 1 6.6 -1.1
v 1 6.7 -1.1
v 1.1 5.4 -1.1
v 1.1 6 -1.1
v 1.1 6.6 -1.1
v 1.1 6.7 -1.1
v 1.2 6 -1.1
v 1.2 6.1 -1.1
v 1.2 6.5 -1.1
v 1.2 6.6 -1.1
v 1.3 5.2 -1.1
v 1.3 5.4 -1.1
v 1.3 6.1 -1.1
v 1.3 6.2 -1.1
v 1.3 6.4 -1.1
v 1.3 6.5 -1.1
v 1.3 6.6 -1.1
v 1.4 5.2 -1.1
v 1.4 5.4 -1.1
v 1.4 6.2 -1.1
v 1.4 6.4 -1.1
v 2.5 2.7 -1.1
v 2.5 2.8 -1.1
v 2.6 2.7 -1.1
v 2.6 3.6 -1.1
v 2.6 3.7 -1.1
v 2.6 4.2 -1.1
v 2.6 4.4 -1.1
v 2.6 4.5 -1.1
v 2.7 2.2 -1.1
v 2.7 2.7 -1.1
v 2.7 2.8 -1.1
v 2.7 3.6 -1.1
v 2.7 3.7 -1.1
v 2.7 4.2 -1.1
v 2.7 4.4 -1.1
v 2.7 4.5 -1.1
v 2.8 2.2 -1.1
v 2.8 2.8 -1.1
v 2.8 3.8 -1.1
v 2.8 4.1 -1.1
v 2.9 3.8 -1.1
v 2.9 4.1 -1.1
v -2.8 3.7 -1.2
v -2.8 3.8 -1.2
v -2.8 4.1 -1.2
v -2.8 4.2 -1.2
v -2.7 2.4 -1.2
v -2.7 2.7 -1.2
v -2.7 3.7 -1.2
v -2.7 3.8 -1.2
v -2.7 4.1 -1.2
v -2.7 4.2 -1.2
v -2.6 2.4 -1.2
v -2.6 2.5 -1.2
v -2.6 2.6 -1.2
v -2.6 2.7 -1.2
v -2.5 2.6 -1.2
v -2.5 2.7 -1.2
v -1.4 5.1 -1.2
v -1.4 5.2 -1.2
v -1.3 5.2 -1.2
v -1.3 5.4 -1.2
v -1.3 6.1 -1.2
v -1.3 6.5 -1.2
v -1.2 5.1 -1.2
v -1.2 5.3 -1.2
v -1.2 6 -1.2
v -1.2 6.1 -1.2
v -1.2 6.5 -1.2
v -1.2 6.6 -1.2
v -1.1 5.4 -1.2
v -1.1 6 -1.2
v -1.1 6.1 -1.2
v -1.1 6.5 -1.2
v -1.1 6.6 -1.2
v -1 6.6 -1.2
v -1 6.7 -1.2
v -0.9 5.3 -1.2
v -0.9 5.4 -1.2
v -0.8 5.4 -1.2
v -0.8 6 -1.2
v -0.8 6.6 -1.2
v -0.8 6.7 -1.2
v -0.5 6.7 -1.2
v -0.5 6.8 -1.2
v -0.4 6.7 -1.2
v -0.4 6.8 -1.2
v -0.4 6.9 -1.2
v -0.4 7 -1.2
v -0.3 6.9 -1.2
v -0.3 7 -1.2
v -0.2 5.4 -1.2
v -0.2 5.6 -1.2
v -0.2 7 -1.2
v -0.2 7.1 -1.2
v -0.0999999 5.4 -1.2
v -0.0999999 5.6 -1.2
v 0.1 5.4 -1.2
v 0.1 5.6 -1.2
v 0.2 5.4 -1.2
v 0.2 5.6 -1.2
v 0.2 7 -1.2
v 0.2 7.1 -1.2
v 0.3 6.9 -1.2
v 0.3 7 -1.2
v 0.4 6.7 -1.2
v 0.4 6.8 -1.2
v 0.4 6.9 -1.2
v 0.4 7 -1.2
v 0.5 6.7 -1.2
v 0.5 6.8 -1.2
v 0.8 5.4 -1.2
v 0.8 6 -1.2
v 0.8 6.6 -1.2
v 0.8 6.7 -1.2
v 0.9 5.3 -1.2
v 0.9 5.4 -1.2
v 1 6.6 -1.2
v 1 6.7 -1.2
v 1.1 5.4 -1.2
v 1.1 6 -1.2
v 1.1 6.1 -1.2
v 1.1 6.5 -1.2
v 1.1 6.6 -1.2
v 1.2 5.1 -1.2
v 1.2 5.3 -1.2
v 1.2 6 -1.2
v 1.2 6.1 -1.2
v 1.2 6.5 -1.2
v 1.2 6.6 -1.2
v 1.3 5.2 -1.2
v 1.3 5.4 -1.2
v 1.3 6.1 -1.2
v 1.3 6.5 -1.2
v 1.4 5.1 -1.2
v 1.4 5.2 -1.2
v 2.5 2.6 -1.2
v 2.5 2.7 -1.2
v 2.6 2.4 -1.2
v 2.6 2.6 -1.2
v 2.6 2.7 -1.2
v 2.7 2.4 -1.2
v 2.7 2.7 -1.2
v 2.7 3.7 -1.2
v 2.7 3.8 -1.2
v 2.7 4.1 -1.2
v 2.7 4.2 -1.2
v 2.8 3.7 -1.2
v 2.8 3.8 -1.2
v 2.8 4.1 -1.2
v 2.8 4.2 -1.2
v -1.2 5.1 -1.3
v -1.2 5.3 -1.3
v -1.2 6.1 -1.3
v -1.2 6.5 -1.3
v -1.1 6 -1.3
v -1.1 6.1 -1.3
v -1.1 6.2 -1.3
v -1.1 6.4 -1.3
v -1.1 6.5 -1.3
v -1.1 6.6 -1.3
v -1 6.1 -1.3
v -1 6.2 -1.3
v -1 6.4 -1.3
v -1 6.5 -1.3
v -0.9 5.1 -1.3
v -0.9 5.3 -1.3
v -0.9 6 -1.3
v -0.9 6.1 -1.3
v -0.9 6.5 -1.3
v -0.9 6.6 -1.3
v -0.8 6.6 -1.3
v -0.8 6.7 -1.3
v -0.4 6.7 -1.3
v -0.4 6.9 -1.3
v -0.3 6.6 -1.3
v -0.3 6.8 -1.3
v -0.3 6.9 -1.3
v -0.3 7 -1.3
v -0.2 5.6 -1.3
v -0.2 5.7 -1.3
v -0.2 6.8 -1.3
v -0.2 6.9 -1.3
v 0.2 5.6 -1.3
v 0.2 5.7 -1.3
v 0.2 6.8 -1.3
v 0.2 6.9 -1.3
v 0.3 6.6 -1.3
v 0.3 6.8 -1.3
v 0.3 6.9 -1.3
v 0.3 7 -1.3
v 0.4 6.7 -1.3
v 0.4 6.9 -1.3
v 0.8 6.6 -1.3
v 0.8 6.7 -1.3
v 0.9 5.1 -1.3
v 0.9 5.3 -1.3
v 0.9 6 -1.3
v 0.9 6.1 -1.3
v 0.9 6.5 -1.3
v 0.9 6.6 -1.3
v 1 6.1 -1.3
v 1 6.2 -1.3
v 1 6.4 -1.3
v 1 6.5 -1.3
v 1.1 6 -1.3
v 1.1 6.1 -1.3
v 1.1 6.2 -1.3
v 1.1 6.4 -1.3
v 1.1 6.5 -1.3
v 1.1 6.6 -1.3
v 1.2 5.1 -1.3
v 1.2 5.3 -1.3
v 1.2 6.1 -1.3
v 1.2 6.5 -1.3
v -2.8 3.8 -1.4
v -2.8 3.9 -1.4
v -2.8 4.1 -1.4
v -2.7 3.8 -1.4
v -2.7 3.9 -1.4
v -2.7 4 -1.4
v -2.7 4.1 -1.4
v -2.6 3.6 -1.4
v -2.6 3.7 -1.4
v -2.6 4.2 -1.4
v -2.6 4.5 -1.4
v -2.5 3.6 -1.4
v -2.5 3.7 -1.4
v -2.5 4.2 -1.4
v -2.5 4.4 -1.4
v -2.5 4.5 -1.4
v -2.4 4.5 -1.4
v -2.4 4.7 -1.4
v -2.3 4.5 -1.4
v -2.3 4.7 -1.4
v -1.1 6.2 -1.4
v -1.1 6.4 -1.4
v -1 6.1 -1.4
v -1 6.2 -1.4
v -1 6.4 -1.4
v -1 6.5 -1.4
v -0.9 5.2 -1.4
v -0.9 5.4 -1.4
v -0.9 6 -1.4
v -0.9 6.1 -1.4
v -0.9 6.2 -1.4
v -0.9 6.4 -1.4
v -0.9 6.5 -1.4
v -0.9 6.6 -1.4
v -0.8 5.2 -1.4
v -0.8 5.4 -1.4
v -0.8 6 -1.4
v -0.8 6.1 -1.4
v -0.8 6.2 -1.4
v -0.8 6.4 -1.4
v -0.8 6.5 -1.4
v -0.6 5.4 -1.4
v -0.6 6.1 -1.4
v -0.4 5.4 -1.4
v -0.4 6.1 -1.4
v -0.3 5.4 -1.4
v -0.3 5.5 -1.4
v -0.3 5.9 -1.4
v -0.3 6.1 -1.4
v -0.3 6.6 -1.4
v -0.3 6.8 -1.4
v -0.2 5.5 -1.4
v -0.2 5.7 -1.4
v -0.2 5.8 -1.4
v -0.2 5.9 -1.4
v -0.2 6.8 -1.4
v -0.2 6.9 -1.4
v -0.0999999 6.4 -1.4
v -0.0999999 6.5 -1.4
v 0.1 6.4 -1.4
v 0.1 6.5 -1.4
v 0.2 5.5 -1.4
v 0.2 5.7 -1.4
v 0.2 5.8 -1.4
v 0.2 5.9 -1.4
v 0.2 6.8 -1.4
v 0.2 6.9 -1.4
v 0.3 5.4 -1.4
v 0.3 5.5 -1.4
v 0.3 5.9 -1.4
v 0.3 6.1 -1.4
v 0.3 6.6 -1.4
v 0.3 6.8 -1.4
v 0.4 5.4 -1.4
v 0.4 6.1 -1.4
v 0.6 5.4 -1.4
v 0.6 6.1 -1.4
v 0.8 5.2 -1.4
v 0.8 5.4 -1.4
v 0.8 6 -1.4
v 0.8 6.1 -1.4
v 0.8 6.2 -1.4
v 0.8 6.4 -1.4
v 0.8 6.5 -1.4
v 0.9 5.2 -1.4
v 0.9 5.4 -1.4
v 0.9 6 -1.4
v 0.9 6.1 -1.4
v 0.9 6.2 -1.4
v 0.9 6.4 -1.4
v 0.9 6.5 -1.4
v 0.9 6.6 -1.4
v 1 6.1 -1.4
v 1 6.2 -1.4
v 1 6.4 -1.4
v 1 6.5 -1.4
v 1.1 6.2 -1.4
v 1.1 6.4 -1.4
v 2.1 4.8 -1.4
v 2.1 5.1 -1.4
v 2.2 4.8 -1.4
v 2.2 5.1 -1.4
v 2.3 4.5 -1.4
v 2.3 4.7 -1.4
v 2.4 4.5 -1.4
v 2.4 4.7 -1.4
v 2.5 3.6 -1.4
v 2.5 3.7 -1.4
v 2.5 4.2 -1.4
v 2.5 4.4 -1.4
v 2.5 4.5 -1.4
v 2.6 3.6 -1.4
v 2.6 3.7 -1.4
v 2.6 4.2 -1.4
v 2.6 4.4 -1.4
v 2.6 4.5 -1.4
v 2.7 3.8 -1.4
v 2.7 4.1 -1.4
v 2.8 3.8 -1.4
v 2.8 4.1 -1.4
v -2.7 3.7 -1.5
v -2.7 3.8 -1.5
v -2.7 4.1 -1.5
v -2.7 4.2 -1.5
v -2.6 3.7 -1.5
v -2.6 3.8 -1.5
v -2.6 4.1 -1.5
v -2.6 4.2 -1.5
v -2.3 4.7 -1.5
v -2.3 5.1 -1.5
v -2.2 4.7 -1.5
v -2.2 5.1 -1.5
v -0.9 5.1 -1.5
v -0.9 5.2 -1.5
v -0.9 6.2 -1.5
v -0.9 6.4 -1.5
v -0.8 5.2 -1.5
v -0.8 5.4 -1.5
v -0.8 6.1 -1.5
v -0.8 6.2 -1.5
v -0.8 6.4 -1.5
v -0.8 6.5 -1.5
v -0.7 5.1 -1.5
v -0.7 5.3 -1.5
v -0.6 5.4 -1.5
v -0.6 6.1 -1.5
v -0.5 5.3 -1.5
v -0.5 5.4 -1.5
v -0.4 5.4 -1.5
v -0.4 5.5 -1.5
v -0.4 6.1 -1.5
v -0.3 5.9 -1.5
v -0.3 6.1 -1.5
v -0.2 5.8 -1.5
v -0.2 5.9 -1.5
v -0.0999999 6.4 -1.5
v -0.0999999 6.5 -1.5
v 0.1 6.4 -1.5
v 0.1 6.5 -1.5
v 0.2 5.8 -1.5
v 0.2 5.9 -1.5
v 0.3 5.9 -1.5
v 0.3 6.1 -1.5
v 0.4 5.4 -1.5
v 0.4 5.5 -1.5
v 0.4 6.1 -1.5
v 0.5 5.3 -1.5
v 0.5 5.4 -1.5
v 0.6 5.4 -1.5
v 0.6 6.1 -1.5
v 0.7 5.1 -1.5
v 0.7 5.3 -1.5
v 0.8 5.2 -1.5
v 0.8 5.4 -1.5
v 0.8 6.1 -1.5
v 0.8 6.2 -1.5
v 0.8 6.4 -1.5
v 0.8 6.5 -1.5
v 0.9 5.1 -1.5
v 0.9 5.2 -1.5
v 0.9 6.2 -1.5
v 0.9 6.4 -1.5
v 2.2 4.7 -1.5
v 2.2 4.8 -1.5
v 2.3 4.7 -1.5
v 2.3 4.8 -1.5
v 2.6 3.7 -1.5
v 2.6 3.8 -1.5
v 2.6 4.1 -1.5
v 2.6 4.2 -1.5
v 2.7 3.7 -1.5
v 2.7 3.8 -1.5
v 2.7 4.1 -1.5
v 2.7 4.2 -1.5
v -2.7 3.8 -1.6
v -2.7 4.1 -1.6
v -2.6 3.8 -1.6
v -2.6 4.1 -1.6
v -2.5 2.7 -1.6
v -2.5 3.3 -1.6
v -2.5 3.7 -1.6
v -2.5 4.2 -1.6
v -2.5 4.4 -1.6
v -2.5 4.5 -1.6
v -2.4 2.7 -1.6
v -2.4 3.3 -1.6
v -2.4 3.7 -1.6
v -2.4 4.2 -1.6
v -2.4 4.4 -1.6
v -2.4 4.5 -1.6
v -2.3 4.5 -1.6
v -2.3 4.7 -1.6
v -2.2 4.5 -1.6
v -2.2 4.7 -1.6
v -0.7 5.1 -1.6
v -0.7 5.3 -1.6
v -0.6 5.1 -1.6
v -0.6 5.3 -1.6
v 0.6 5.1 -1.6
v 0.6 5.3 -1.6
v 0.7 5.1 -1.6
v 0.7 5.3 -1.6
v 2 4.8 -1.6
v 2 5.1 -1.6
v 2.1 4.8 -1.6
v 2.1 5.1 -1.6
v 2.2 4.5 -1.6
v 2.2 4.7 -1.6
v 2.3 4.5 -1.6
v 2.3 4.7 -1.6
v 2.4 2.7 -1.6
v 2.4 3.7 -1.6
v 2.4 4.2 -1.6
v 2.4 4.4 -1.6
v 2.4 4.5 -1.6
v 2.5 2.7 -1.6
v 2.5 3.7 -1.6
v 2.5 4.2 -1.6
v 2.5 4.4 -1.6
v 2.5 4.5 -1.6
v 2.6 3.8 -1.6
v 2.6 4.1 -1.6
v 2.7 3.8 -1.6
v 2.7 4.1 -1.6
v -2.7 0.3 -1.7
v -2.7 1.5 -1.7
v -2.7 1.7 -1.7
v -2.7 1.8 -1.7
v -2.7 2.3 -1.7
v -2.7 2.4 -1.7
v -2.6 0.3 -1.7
v -2.6 1.5 -1.7
v -2.6 1.6 -1.7
v -2.6 1.7 -1.7
v -2.6 1.8 -1.7
v -2.6 2.1 -1.7
v -2.6 2.3 -1.7
v -2.6 2.4 -1.7
v -2.6 2.6 -1.7
v -2.6 3.7 -1.7
v -2.6 4.2 -1.7
v -2.5 2.4 -1.7
v -2.5 2.5 -1.7
v -2.5 2.6 -1.7
v -2.5 3.7 -1.7
v -2.5 4.2 -1.7
v -2.4 4.2 -1.7
v -2.4 4.4 -1.7
v -2.4 4.5 -1.7
v -2.3 4.2 -1.7
v -2.3 4.4 -1.7
v -2.3 4.5 -1.7
v -2.2 4.5 -1.7
v -2.2 5.1 -1.7
v -2.1 4.5 -1.7
v -2.1 5.1 -1.7
v -0.6 5.2 -1.7
v -0.6 5.3 -1.7
v -0.5 5.2 -1.7
v -0.5 5.3 -1.7
v -0.4 5.4 -1.7
v -0.4 5.5 -1.7
v -0.3 5.4 -1.7
v -0.3 5.5 -1.7
v -0.0999999 5.4 -1.7
v -0.0999999 5.5 -1.7
v 0.1 5.4 -1.7
v 0.1 5.5 -1.7
v 0.3 5.4 -1.7
v 0.3 5.5 -1.7
v 0.4 5.4 -1.7
v 0.4 5.5 -1.7
v 0.5 5.2 -1.7
v 0.5 5.3 -1.7
v 0.6 5.2 -1.7
v 0.6 5.3 -1.7
v 1.9 4.8 -1.7
v 1.9 5.1 -1.7
v 2 4.8 -1.7
v 2 5.1 -1.7
v 2.1 4.5 -1.7
v 2.1 4.8 -1.7
v 2.2 4.5 -1.7
v 2.2 4.8 -1.7
v 2.3 4.2 -1.7
v 2.3 4.4 -1.7
v 2.3 4.5 -1.7
v 2.4 4.2 -1.7
v 2.4 4.4 -1.7
v 2.4 4.5 -1.7
v 2.5 2.4 -1.7
v 2.5 2.6 -1.7
v 2.5 3.7 -1.7
v 2.5 4.2 -1.7
v 2.6 0.3 -1.7
v 2.6 2.4 -1.7
v 2.6 2.6 -1.7
v 2.6 3.7 -1.7
v 2.6 4.2 -1.7
v 2.7 0.3 -1.7
v 2.7 2.4 -1.7
v -2.8 0 -1.8
v -2.8 0.2 -1.8
v -2.7 0 -1.8
v -2.7 0.2 -1.8
v -2.5 2.6 -1.8
v -2.5 2.7 -1.8
v -2.5 3.7 -1.8
v -2.5 4.2 -1.8
v -2.4 2.6 -1.8
v -2.4 2.7 -1.8
v -2.4 3.7 -1.8
v -2.4 4.2 -1.8
v -2.3 4.2 -1.8
v -2.3 4.4 -1.8
v -2.3 4.5 -1.8
v -2.2 4.2 -1.8
v -2.2 4.4 -1.8
v -2.2 4.5 -1.8
v -2.1 4.5 -1.8
v -2.1 5.1 -1.8
v -2 4.5 -1.8
v -2 5.1 -1.8
v -0.6 5.1 -1.8
v -0.6 5.2 -1.8
v -0.5 5.1 -1.8
v -0.5 5.2 -1.8
v -0.5 5.3 -1.8
v -0.5 5.4 -1.8
v -0.4 5.3 -1.8
v -0.4 5.4 -1.8
v -0.3 5.4 -1.8
v -0.3 5.5 -1.8
v -0.0999999 5.4 -1.8
v -0.0999999 5.5 -1.8
v 0.1 5.4 -1.8
v 0.1 5.5 -1.8
v 0.3 5.4 -1.8
v 0.3 5.5 -1.8
v 0.4 5.3 -1.8
v 0.4 5.4 -1.8
v 0.5 5.1 -1.8
v 0.5 5.2 -1.8
v 0.5 5.3 -1.8
v 0.5 5.4 -1.8
v 0.6 5.1 -1.8
v 0.6 5.2 -1.8
v 1.8 4.8 -1.8
v 1.8 5 -1.8
v 1.9 4.8 -1.8
v 1.9 5 -1.8
v 2 4.5 -1.8
v 2 4.8 -1.8
v 2.1 4.5 -1.8
v 2.1 4.8 -1.8
v 2.2 4.2 -1.8
v 2.2 4.4 -1.8
v 2.2 4.5 -1.8
v 2.3 4.2 -1.8
v 2.3 4.4 -1.8
v 2.3 4.5 -1.8
v 2.4 2.6 -1.8
v 2.4 2.7 -1.8
v 2.4 3.7 -1.8
v 2.4 4.2 -1.8
v 2.5 2.6 -1.8
v 2.5 2.7 -1.8
v 2.5 3.7 -1.8
v 2.5 4.2 -1.8
v 2.7 0 -1.8
v 2.7 0.2 -1.8
v 2.8 0 -1.8
v 2.8 0.2 -1.8
v -2.7 0.1 -1.9
v -2.7 0.3 -1.9
v -2.6 0.1 -1.9
v -2.6 0.3 -1.9
v -2.6 1.2 -1.9
v -2.6 1.4 -1.9
v -2.6 1.6 -1.9
v -2.6 1.8 -1.9
v -2.6 2.4 -1.9
v -2.5 0.3 -1.9
v -2.5 0.9 -1.9
v -2.5 1.2 -1.9
v -2.5 1.3 -1.9
v -2.5 1.4 -1.9
v -2.5 1.5 -1.9
v -2.5 1.6 -1.9
v -2.5 1.8 -1.9
v -2.5 2.4 -1.9
v -2.4 2.7 -1.9
v -2.4 3.3 -1.9
v -2.4 3.6 -1.9
v -2.4 4.2 -1.9
v -2.3 2.7 -1.9
v -2.3 3.3 -1.9
v -2.3 3.6 -1.9
v -2.3 4.2 -1.9
v -2.2 4.2 -1.9
v -2.2 4.4 -1.9
v -2.2 4.5 -1.9
v -2.1 4.2 -1.9
v -2.1 4.4 -1.9
v -2.1 4.5 -1.9
v -2 4.5 -1.9
v -2 5.1 -1.9
v -1.9 4.5 -1.9
v -1.9 5.1 -1.9
v -0.5 4.5 -1.9
v -0.5 5.1 -1.9
v -0.5 5.3 -1.9
v -0.4 5 -1.9
v -0.4 5.2 -1.9
v -0.4 5.3 -1.9
v -0.4 5.4 -1.9
v -0.3 4.9 -1.9
v -0.3 5 -1.9
v -0.3 5.2 -1.9
v -0.3 5.3 -1.9
v -0.2 4.8 -1.9
v -0.2 4.9 -1.9
v -0.0999999 5.2 -1.9
v -0.0999999 5.3 -1.9
v 0.1 5.2 -1.9
v 0.1 5.3 -1.9
v 0.2 4.8 -1.9
v 0.2 4.9 -1.9
v 0.3 4.9 -1.9
v 0.3 5 -1.9
v 0.3 5.2 -1.9
v 0.3 5.3 -1.9
v 0.4 5 -1.9
v 0.4 5.2 -1.9
v 0.4 5.3 -1.9
v 0.4 5.4 -1.9
v 0.5 4.5 -1.9
v 0.5 5.1 -1.9
v 0.5 5.3 -1.9
v 1.7 4.8 -1.9
v 1.7 4.9 -1.9
v 1.8 4.8 -1.9
v 1.8 4.9 -1.9
v 1.8 5 -1.9
v 1.8 5.2 -1.9
v 1.9 4.5 -1.9
v 1.9 4.8 -1.9
v 1.9 5 -1.9
v 1.9 5.2 -1.9
v 2 4.5 -1.9
v 2 4.8 -1.9
v 2.1 4.2 -1.9
v 2.1 4.4 -1.9
v 2.1 4.5 -1.9
v 2.2 4.2 -1.9
v 2.2 4.4 -1.9
v 2.2 4.5 -1.9
v 2.3 2.7 -1.9
v 2.3 4.2 -1.9
v 2.4 2.7 -1.9
v 2.4 4.2 -1.9
v 2.5 0.3 -1.9
v 2.5 2.4 -1.9
v 2.6 0.1 -1.9
v 2.6 0.3 -1.9
v 2.6 2.4 -1.9
v 2.7 0.1 -1.9
v 2.7 0.3 -1.9
v -2.7 0 -2
v -2.7 0.1 -2
v -2.6 0 -2
v -2.6 0.1 -2
v -2.6 0.3 -2
v -2.5 0.1 -2
v -2.5 0.3 -2
v -2.5 0.9 -2
v -2.5 1.3 -2
v -2.5 1.5 -2
v -2.5 1.6 -2
v -2.5 2.5 -2
v -2.5 2.6 -2
v -2.4 0.3 -2
v -2.4 0.9 -2
v -2.4 1.3 -2
v -2.4 1.4 -2
v -2.4 1.5 -2
v -2.4 1.6 -2
v -2.4 2.5 -2
v -2.4 2.6 -2
v -2.3 3.9 -2
v -2.3 4.2 -2
v -2.2 3.9 -2
v -2.2 4.2 -2
v -2.1 4.2 -2
v -2.1 4.4 -2
v -2.1 4.5 -2
v -2 4.2 -2
v -2 4.4 -2
v -2 4.5 -2
v -1.9 4.5 -2
v -1.9 5.1 -2
v -1.8 4.5 -2
v -1.8 5.1 -2
v -0.8 4.8 -2
v -0.8 5.1 -2
v -0.7 4.5 -2
v -0.7 4.8 -2
v -0.5 4.5 -2
v -0.5 5.1 -2
v -0.4 5 -2
v -0.4 5.2 -2
v -0.3 4.9 -2
v -0.3 5 -2
v -0.3 5.2 -2
v -0.3 5.3 -2
v -0.2 4.8 -2
v -0.2 4.9 -2
v -0.0999999 5.2 -2
v -0.0999999 5.3 -2
v 0.1 5.2 -2
v 0.1 5.3 -2
v 0.2 4.8 -2
v 0.2 4.9 -2
v 0.3 4.9 -2
v 0.3 5 -2
v 0.3 5.2 -2
v 0.3 5.3 -2
v 0.4 5 -2
v 0.4 5.2 -2
v 0.5 4.5 -2
v 0.5 5.1 -2
v 0.7 4.5 -2
v 0.7 4.8 -2
v 0.8 4.8 -2
v 0.8 5.1 -2
v 1.6 4.8 -2
v 1.6 4.9 -2
v 1.7 4.8 -2
v 1.7 4.9 -2
v 1.7 5.2 -2
v 1.8 4.5 -2
v 1.8 4.8 -2
v 1.8 4.9 -2
v 1.8 5.2 -2
v 1.9 4.5 -2
v 1.9 4.8 -2
v 2 4.2 -2
v 2 4.4 -2
v 2 4.5 -2
v 2.1 4.2 -2
v 2.1 4.4 -2
v 2.1 4.5 -2
v 2.2 3.9 -2
v 2.2 4.2 -2
v 2.3 3.9 -2
v 2.3 4.2 -2
v 2.4 0.3 -2
v 2.4 2.6 -2
v 2.5 0.1 -2
v 2.5 0.3 -2
v 2.5 2.6 -2
v 2.6 0 -2
v 2.6 0.1 -2
v 2.6 0.3 -2
v 2.7 0 -2
v 2.7 0.1 -2
v -2.6 0 -2.1
v -2.6 0.1 -2.1
v -2.5 0 -2.1
v -2.5 0.1 -2.1
v -2.5 0.3 -2.1
v -2.4 0.1 -2.1
v -2.4 0.3 -2.1
v -2.4 1.3 -2.1
v -2.4 1.4 -2.1
v -2.4 2.3 -2.1
v -2.4 2.5 -2.1
v -2.4 2.6 -2.1
v -2.4 2.7 -2.1
v -2.3 0.3 -2.1
v -2.3 1 -2.1
v -2.3 1.1 -2.1
v -2.3 1.2 -2.1
v -2.3 1.3 -2.1
v -2.3 1.4 -2.1
v -2.3 2.3 -2.1
v -2.3 2.5 -2.1
v -2.3 2.6 -2.1
v -2.3 2.7 -2.1
v -2.3 2.8 -2.1
v -2.3 3.3 -2.1
v -2.3 3.9 -2.1
v -2.2 2.7 -2.1
v -2.2 2.8 -2.1
v -2.2 3.3 -2.1
v -2.2 3.9 -2.1
v -2.2 4.2 -2.1
v -2.1 2.7 -2.1
v -2.1 4.2 -2.1
v -2 4.2 -2.1
v -2 4.4 -2.1
v -2 4.5 -2.1
v -1.8 4.4 -2.1
v -1.8 4.5 -2.1
v -1.8 5.1 -2.1
v -1.7 2.7 -2.1
v -1.7 3.6 -2.1
v -1.7 4.2 -2.1
v -1.7 5.1 -2.1
v -1.6 3.5 -2.1
v -1.6 3.6 -2.1
v -1.4 2.7 -2.1
v -1.4 3.5 -2.1
v -0.8 4.4 -2.1
v -0.8 4.8 -2.1
v -0.7 4.5 -2.1
v -0.7 4.8 -2.1
v 0.7 4.5 -2.1
v 0.7 4.8 -2.1
v 0.8 4.4 -2.1
v 0.8 4.8 -2.1
v 0.8 4.9 -2.1
v 0.8 5.1 -2.1
v 0.9 4.9 -2.1
v 0.9 5.1 -2.1
v 1.4 2.7 -2.1
v 1.4 3.5 -2.1
v 1.4 4.8 -2.1
v 1.4 4.9 -2.1
v 1.5 4.9 -2.1
v 1.5 5 -2.1
v 1.6 3.5 -2.1
v 1.6 3.6 -2.1
v 1.6 4.8 -2.1
v 1.6 4.9 -2.1
v 1.6 5 -2.1
v 1.6 5.1 -2.1
v 1.6 5.2 -2.1
v 1.7 2.7 -2.1
v 1.7 3.6 -2.1
v 1.7 4.2 -2.1
v 1.7 4.8 -2.1
v 1.7 4.9 -2.1
v 1.7 5.2 -2.1
v 1.8 4.4 -2.1
v 1.8 4.5 -2.1
v 1.8 4.8 -2.1
v 2 4.2 -2.1
v 2 4.4 -2.1
v 2 4.5 -2.1
v 2.1 2.7 -2.1
v 2.1 4.2 -2.1
v 2.2 3.9 -2.1
v 2.2 4.2 -2.1
v 2.3 0.3 -2.1
v 2.3 2.3 -2.1
v 2.3 2.5 -2.1
v 2.3 2.7 -2.1
v 2.3 3.9 -2.1
v 2.4 0.1 -2.1
v 2.4 0.3 -2.1
v 2.4 2.3 -2.1
v 2.4 2.5 -2.1
v 2.4 2.7 -2.1
v 2.5 0 -2.1
v 2.5 0.1 -2.1
v 2.5 0.3 -2.1
v 2.6 0 -2.1
v 2.6 0.1 -2.1
v -2.5 0 -2.2
v -2.5 0.1 -2.2
v -2.4 0 -2.2
v -2.4 0.1 -2.2
v -2.4 0.3 -2.2
v -2.4 2.3 -2.2
v -2.4 2.5 -2.2
v -2.3 0.1 -2.2
v -2.3 0.3 -2.2
v -2.3 1 -2.2
v -2.3 1.1 -2.2
v -2.3 1.2 -2.2
v -2.3 1.4 -2.2
v -2.3 2.3 -2.2
v -2.3 2.5 -2.2
v -2.3 2.6 -2.2
v -2.3 2.7 -2.2
v -2.2 0.3 -2.2
v -2.2 1 -2.2
v -2.2 1.1 -2.2
v -2.2 1.2 -2.2
v -2.2 1.3 -2.2
v -2.2 1.4 -2.2
v -2.2 2.2 -2.2
v -2.2 2.6 -2.2
v -2.2 2.7 -2.2
v -2.1 0.3 -2.2
v -2.1 1.2 -2.2
v -2.1 1.3 -2.2
v -2.1 2.2 -2.2
v -2.1 2.7 -2.2
v -2.1 4.2 -2.2
v -2 3.8 -2.2
v -2 4.1 -2.2
v -1.8 3.7 -2.2
v -1.8 3.8 -2.2
v -1.8 4.1 -2.2
v -1.8 4.2 -2.2
v -1.7 2.7 -2.2
v -1.7 3.6 -2.2
v -1.7 3.7 -2.2
v -1.7 4.2 -2.2
v -1.7 5.1 -2.2
v -1.6 2.4 -2.2
v -1.6 2.6 -2.2
v -1.6 4.4 -2.2
v -1.6 4.7 -2.2
v -1.5 2.4 -2.2
v -1.5 2.7 -2.2
v -1.5 4.2 -2.2
v -1.5 4.4 -2.2
v -1.5 4.7 -2.2
v -1.5 5.1 -2.2
v -0.9 4.5 -2.2
v -0.9 4.8 -2.2
v -0.8 4.5 -2.2
v -0.8 4.8 -2.2
v -0.7 4.3 -2.2
v -0.7 4.4 -2.2
v -0.4 4.3 -2.2
v -0.4 4.4 -2.2
v -0.2 4.3 -2.2
v -0.2 4.4 -2.2
v -0.0999999 0.3 -2.2
v -0.0999999 0.6 -2.2
v -0.0999999 0.7 -2.2
v -0.0999999 0.9 -2.2
v -0.0999999 1.1 -2.2
v -0.0999999 2 -2.2
v 0.1 0.3 -2.2
v 0.1 0.5 -2.2
v 0.1 0.6 -2.2
v 0.1 0.8 -2.2
v 0.1 0.9 -2.2
v 0.1 2 -2.2
v 0.2 4.3 -2.2
v 0.2 4.4 -2.2
v 0.4 4.3 -2.2
v 0.4 4.4 -2.2
v 0.7 4.3 -2.2
v 0.7 4.4 -2.2
v 0.8 4.5 -2.2
v 0.8 4.8 -2.2
v 0.9 4.5 -2.2
v 0.9 4.8 -2.2
v 1.3 4.8 -2.2
v 1.3 5 -2.2
v 1.4 4.8 -2.2
v 1.4 4.9 -2.2
v 1.4 5 -2.2
v 1.4 5.1 -2.2
v 1.5 2.4 -2.2
v 1.5 2.7 -2.2
v 1.5 4.2 -2.2
v 1.5 4.4 -2.2
v 1.5 4.7 -2.2
v 1.5 4.8 -2.2
v 1.5 4.9 -2.2
v 1.5 5 -2.2
v 1.6 2.4 -2.2
v 1.6 2.6 -2.2
v 1.6 4.4 -2.2
v 1.6 4.7 -2.2
v 1.6 5 -2.2
v 1.6 5.1 -2.2
v 1.7 2.7 -2.2
v 1.7 3.6 -2.2
v 1.7 3.7 -2.2
v 1.7 4.2 -2.2
v 1.7 4.8 -2.2
v 1.8 3.7 -2.2
v 1.8 3.8 -2.2
v 1.8 4.1 -2.2
v 1.8 4.2 -2.2
v 2 3.8 -2.2
v 2 4.1 -2.2
v 2.1 0.3 -2.2
v 2.1 2.2 -2.2
v 2.1 2.7 -2.2
v 2.1 4.2 -2.2
v 2.2 2.2 -2.2
v 2.2 2.6 -2.2
v 2.3 0.1 -2.2
v 2.3 0.3 -2.2
v 2.3 2.3 -2.2
v 2.3 2.5 -2.2
v 2.3 2.7 -2.2
v 2.4 0 -2.2
v 2.4 0.1 -2.2
v 2.4 0.3 -2.2
v 2.4 2.3 -2.2
v 2.4 2.5 -2.2
v 2.5 0 -2.2
v 2.5 0.1 -2.2
v -2.4 0 -2.3
v -2.4 0.1 -2.3
v -2.3 0.1 -2.3
v -2.3 0.3 -2.3
v -2.2 0 -2.3
v -2.2 0.2 -2.3
v -2.2 0.3 -2.3
v -2.2 2.2 -2.3
v -2.2 2.6 -2.3
v -2.1 0.3 -2.3
v -2.1 1.2 -2.3
v -2.1 1.3 -2.3
v -2.1 2.2 -2.3
v -2 1.2 -2.3
v -2 1.3 -2.3
v -2 3.8 -2.3
v -2 4.1 -2.3
v -1.8 3.8 -2.3
v -1.8 4 -2.3
v -1.8 4.1 -2.3
v -1.8 4.2 -2.3
v -1.7 4 -2.3
v -1.7 4.1 -2.3
v -1.6 2.4 -2.3
v -1.6 2.6 -2.3
v -1.6 4.1 -2.3
v -1.6 4.2 -2.3
v -1.6 4.4 -2.3
v -1.6 4.7 -2.3
v -1.5 2.3 -2.3
v -1.5 2.4 -2.3
v -1.5 2.5 -2.3
v -1.5 2.7 -2.3
v -1.5 4.2 -2.3
v -1.5 4.4 -2.3
v -1.5 4.7 -2.3
v -1.5 5.1 -2.3
v -1.4 2.1 -2.3
v -1.4 2.3 -2.3
v -1.4 2.5 -2.3
v -1.4 2.7 -2.3
v -1.4 3.5 -2.3
v -1.4 4.3 -2.3
v -1.4 5.1 -2.3
v -1.3 3.5 -2.3
v -1.3 3.6 -2.3
v -1.3 4.2 -2.3
v -1.3 4.3 -2.3
v -1.2 2 -2.3
v -1.2 2.1 -2.3
v -1.2 2.7 -2.3
v -1.2 3.6 -2.3
v -0.4 1 -2.3
v -0.4 2 -2.3
v -0.3 0.7 -2.3
v -0.3 1 -2.3
v -0.2 1.1 -2.3
v -0.2 2 -2.3
v -0.0999999 0.3 -2.3
v -0.0999999 0.7 -2.3
v -0.0999999 1.1 -2.3
v -0.0999999 2 -2.3
v 0.1 0.3 -2.3
v 0.1 0.5 -2.3
v 0.1 0.8 -2.3
v 0.1 2 -2.3
v 0.3 0.4 -2.3
v 0.3 0.5 -2.3
v 0.3 0.7 -2.3
v 0.3 0.8 -2.3
v 0.4 0.3 -2.3
v 0.4 0.4 -2.3
v 0.5 0.6 -2.3
v 0.5 0.7 -2.3
v 0.6 0.3 -2.3
v 0.6 0.6 -2.3
v 0.9 4.9 -2.3
v 0.9 5.1 -2.3
v 1 4.8 -2.3
v 1 4.9 -2.3
v 1.2 2 -2.3
v 1.2 2.1 -2.3
v 1.2 2.7 -2.3
v 1.2 3.6 -2.3
v 1.3 3.5 -2.3
v 1.3 3.6 -2.3
v 1.3 4.2 -2.3
v 1.3 4.3 -2.3
v 1.3 4.8 -2.3
v 1.3 5 -2.3
v 1.4 2.1 -2.3
v 1.4 2.3 -2.3
v 1.4 2.5 -2.3
v 1.4 2.7 -2.3
v 1.4 3.5 -2.3
v 1.4 4.3 -2.3
v 1.4 4.8 -2.3
v 1.4 5 -2.3
v 1.4 5.1 -2.3
v 1.5 2.3 -2.3
v 1.5 2.4 -2.3
v 1.5 2.5 -2.3
v 1.5 2.7 -2.3
v 1.5 4.2 -2.3
v 1.5 4.4 -2.3
v 1.5 4.7 -2.3
v 1.5 4.8 -2.3
v 1.6 2.4 -2.3
v 1.6 2.6 -2.3
v 1.6 4.1 -2.3
v 1.6 4.2 -2.3
v 1.6 4.4 -2.3
v 1.6 4.7 -2.3
v 1.7 4 -2.3
v 1.7 4.1 -2.3
v 1.8 3.8 -2.3
v 1.8 4 -2.3
v 1.8 4.1 -2.3
v 1.8 4.2 -2.3
v 2 3.8 -2.3
v 2 4.1 -2.3
v 2.1 0.3 -2.3
v 2.1 2.2 -2.3
v 2.2 0 -2.3
v 2.2 0.2 -2.3
v 2.2 2.2 -2.3
v 2.2 2.6 -2.3
v 2.3 0.1 -2.3
v 2.3 0.3 -2.3
v 2.4 0 -2.3
v 2.4 0.1 -2.3
v -2.2 0 -2.4
v -2.2 0.2 -2.4
v -1.8 3.7 -2.4
v -1.8 4 -2.4
v -1.7 3.7 -2.4
v -1.7 4 -2.4
v -1.6 3.5 -2.4
v -1.6 3.6 -2.4
v -1.6 4.1 -2.4
v -1.6 4.2 -2.4
v -1.5 2.3 -2.4
v -1.5 2.5 -2.4
v -1.4 2.1 -2.4
v -1.4 2.3 -2.4
v -1.4 2.5 -2.4
v -1.4 2.7 -2.4
v -1.4 4.3 -2.4
v -1.4 5.1 -2.4
v -1.3 2.2 -2.4
v -1.3 2.6 -2.4
v -1.3 3.5 -2.4
v -1.3 3.6 -2.4
v -1.3 4.2 -2.4
v -1.3 4.3 -2.4
v -1.3 4.4 -2.4
v -1.3 4.7 -2.4
v -1.2 2 -2.4
v -1.2 2.1 -2.4
v -1.2 2.7 -2.4
v -1.2 3.6 -2.4
v -1.2 3.7 -2.4
v -1.2 4.1 -2.4
v -1.2 4.3 -2.4
v -1 4.4 -2.4
v -1 4.7 -2.4
v -0.9 4.2 -2.4
v -0.9 4.3 -2.4
v -0.9 4.4 -2.4
v -0.9 4.5 -2.4
v -0.9 4.8 -2.4
v -0.8 4.4 -2.4
v -0.8 4.8 -2.4
v -0.8 5.1 -2.4
v -0.7 4.3 -2.4
v -0.7 4.4 -2.4
v -0.4 2 -2.4
v -0.4 2.2 -2.4
v -0.4 2.6 -2.4
v -0.4 4.3 -2.4
v -0.4 4.4 -2.4
v -0.3 2.6 -2.4
v -0.3 3.3 -2.4
v -0.2 2 -2.4
v -0.2 2.2 -2.4
v -0.2 3.3 -2.4
v -0.2 3.7 -2.4
v -0.2 4.3 -2.4
v -0.2 4.4 -2.4
v -0.0999999 2.6 -2.4
v -0.0999999 3.2 -2.4
v 2.38419e-07 3.2 -2.4
v 2.38419e-07 3.7 -2.4
v 0.2 4.3 -2.4
v 0.2 4.4 -2.4
v 0.4 4.3 -2.4
v 0.4 4.4 -2.4
v 0.7 4.3 -2.4
v 0.7 4.4 -2.4
v 0.8 4.4 -2.4
v 0.8 4.8 -2.4
v 0.8 4.9 -2.4
v 0.9 4.2 -2.4
v 0.9 4.3 -2.4
v 0.9 4.4 -2.4
v 0.9 4.5 -2.4
v 0.9 4.8 -2.4
v 1 4.4 -2.4
v 1 4.7 -2.4
v 1 4.8 -2.4
v 1 4.9 -2.4
v 1.2 2 -2.4
v 1.2 2.1 -2.4
v 1.2 2.7 -2.4
v 1.2 3.6 -2.4
v 1.2 3.7 -2.4
v 1.2 4.1 -2.4
v 1.2 4.3 -2.4
v 1.3 2.2 -2.4
v 1.3 2.6 -2.4
v 1.3 3.5 -2.4
v 1.3 3.6 -2.4
v 1.3 4.2 -2.4
v 1.3 4.3 -2.4
v 1.3 4.4 -2.4
v 1.3 4.7 -2.4
v 1.4 2.1 -2.4
v 1.4 2.3 -2.4
v 1.4 2.5 -2.4
v 1.4 2.7 -2.4
v 1.4 4.3 -2.4
v 1.4 4.8 -2.4
v 1.5 2.3 -2.4
v 1.5 2.5 -2.4
v 1.6 3.5 -2.4
v 1.6 3.6 -2.4
v 1.6 4.1 -2.4
v 1.6 4.2 -2.4
v 1.7 3.7 -2.4
v 1.7 4 -2.4
v 1.8 3.7 -2.4
v 1.8 4 -2.4
v 2.2 0 -2.4
v 2.2 0.2 -2.4
v -1.7 3.6 -2.5
v -1.7 4.1 -2.5
v -1.6 3.7 -2.5
v -1.6 4 -2.5
v -1.3 2.2 -2.5
v -1.3 2.6 -2.5
v -1.3 3.7 -2.5
v -1.3 4 -2.5
v -1.3 4.4 -2.5
v -1.3 4.7 -2.5
v -1.2 3.6 -2.5
v -1.2 3.7 -2.5
v -1.2 4.1 -2.5
v -1.2 4.3 -2.5
v -1.1 3.8 -2.5
v -1.1 4.1 -2.5
v -1 4.4 -2.5
v -1 4.7 -2.5
v -0.9 4.2 -2.5
v -0.9 4.3 -2.5
v -0.9 4.4 -2.5
v -0.9 4.5 -2.5
v -0.8 4.4 -2.5
v -0.8 4.5 -2.5
v -0.4 2.2 -2.5
v -0.4 2.6 -2.5
v -0.2 2.2 -2.5
v -0.2 2.5 -2.5
v -0.2 3.7 -2.5
v -0.2 3.8 -2.5
v -0.0999999 2.5 -2.5
v -0.0999999 2.6 -2.5
v 2.38419e-07 3.7 -2.5
v 2.38419e-07 3.8 -2.5
v 0.8 4.4 -2.5
v 0.8 4.5 -2.5
v 0.9 4.2 -2.5
v 0.9 4.3 -2.5
v 0.9 4.4 -2.5
v 0.9 4.5 -2.5
v 1 4.4 -2.5
v 1 4.7 -2.5
v 1.1 3.8 -2.5
v 1.1 4.1 -2.5
v 1.2 3.6 -2.5
v 1.2 3.7 -2.5
v 1.2 4.1 -2.5
v 1.2 4.3 -2.5
v 1.3 2.2 -2.5
v 1.3 2.6 -2.5
v 1.3 3.7 -2.5
v 1.3 4 -2.5
v 1.3 4.4 -2.5
v 1.3 4.7 -2.5
v 1.6 3.7 -2.5
v 1.6 4 -2.5
v 1.7 3.6 -2.5
v 1.7 4.1 -2.5
v -1.6 3.7 -2.6
v -1.6 4 -2.6
v -1.3 3.7 -2.6
v -1.3 4 -2.6
v -1.1 3.8 -2.6
v -1.1 4.1 -2.6
v -0.2 3.8 -2.6
v -0.2 4 -2.6
v 2.38419e-07 3.8 -2.6
v 2.38419e-07 4 -2.6
v 1.1 3.8 -2.6
v 1.1 4.1 -2.6
v 1.3 3.7 -2.6
v 1.3 4 -2.6
v 1.6 3.7 -2.6
v 1.6 4 -2.6
v -0.8 0 2.4
v 0.3 0 2.4
v 0.5 0 2.4
v 0.8 0 2.4
v -1.1 0 2.3
v -0.8 0 2.3
v 0.3 0 2.3
v 0.5 0 2.3
v 0.8 0 2.3
v 1.1 0 2.3
v -1.4 0 2.2
v -1.1 0 2.2
v -0.8 0 2.2
v 0.8 0 2.2
v 1.1 0 2.2
v 1.4 0 2.2
v -1.6 0 2.1
v -1.4 0 2.1
v 1.4 0 2.1
v 1.6 0 2.1
v -1.7 0 2
v -1.6 0 2
v 1.6 0 2
v 1.7 0 2
v -1.9 0 1.9
v -1.7 0 1.9
v 1.7 0 1.9
v 1.9 0 1.9
v -2.1 0 1.8
v -2 0 1.8
v -1.9 0 1.8
v 1.9 0 1.8
v 2.1 0 1.8
v -2.1 0 1.7
v -2 0 1.7
v -2.2 0 1.6
v -2.1 0 1.6
v 2.1 0 1.6
v 2.2 0 1.6
v -2.4 0 1.4
v -2.3 0 1.4
v -2.2 0 1.4
v 2.2 0 1.4
v 2.4 0 1.4
v -2.5 0 1.2
v -2.4 0 1.2
v -2.3 0 1.2
v 2.4 0 1.2
v 2.5 0 1.2
v -2.6 0 1
v -2.5 0 1
v 2.5 0 1
v 2.6 0 1
v -2.7 0 0.9
v -2.6 0 0.9
v 2.6 0 0.9
v 2.7 0 0.9
v -2.8 0 0.7
v -2.7 0 0.7
v -2.6 0 0.7
v 2.6 0 0.7
v 2.7 0 0.7
v 2.8 0 0.7
v -2.8 0 0.3
v -2.7 0 0.3
v -2.6 0 0.3
v 2.6 0 0.3
v 2.7 0 0.3
v 2.8 0 0.3
v -2.7 0 -0.2
v -2.6 0 -0.2
v -2.5 0 -0.2
v 2.5 0 -0.2
v 2.6 0 -0.2
v 2.7 0 -0.2
v -2.7 0 -0.4
v -2.6 0 -0.4
v -2.5 0 -0.4
v 2.5 0 -0.4
v 2.6 0 -0.4
v 2.7 0 -0.4
v -2.8 0 -0.6
v -2.7 0 -0.6
v -2.6 0 -0.6
v 2.6 0 -0.6
v 2.7 0 -0.6
v 2.8 0 -0.6
v -2.8 0 -1.8
v -2.7 0 -1.8
v -2.6 0 -1.8
v 2.6 0 -1.8
v 2.7 0 -1.8
v 2.8 0 -1.8
v -2.7 0 -2
v -2.6 0 -2
v 2.6 0 -2
v 2.7 0 -2
v -2.6 0 -2.1
v -2.5 0 -2.1
v -2.4 0 -2.1
v -2.2 0 -2.1
v 2.5 0 -2.1
v 2.6 0 -2.1
v -2.5 0 -2.2
v -2.4 0 -2.2
v 2.4 0 -2.2
v 2.5 0 -2.2
v -2.4 0 -2.3
v -2.2 0 -2.3
v 2.2 0 -2.3
v 2.4 0 -2.3
v -2.2 0 -2.4
v 2.2 0 -2.4
v -2.2 1.9 -0.4
v -2.1 1.9 -0.4
v 2.1 1.9 -0.4
v 2.2 1.9 -0.4
v -2.2 1.9 -0.5
v -2.1 1.9 -0.5
v 2.1 1.9 -0.5
v 2.2 1.9 -0.5
v -2.4 2 1.1
v -2.2 2 1.1
v 2.2 2 1.1
v 2.4 2 1.1
v -2.4 2 0.9
v -2.2 2 0.9
v 2.2 2 0.9
v 2.4 2 0.9
v -0.0999999 2 -2.2
v 0.1 2 -2.2
v -1.2 2 -2.3
v -0.4 2 -2.3
v -0.2 2 -2.3
v -0.0999999 2 -2.3
v 0.1 2 -2.3
v 1.2 2 -2.3
v -1.2 2 -2.4
v -0.4 2 -2.4
v -0.2 2 -2.4
v 1.2 2 -2.4
v -0.8 2.1 2.3
v -0.7 2.1 2.3
v -0.6 2.1 2.3
v -0.4 2.1 2.3
v -0.0999999 2.1 2.3
v 0.1 2.1 2.3
v 0.8 2.1 2.3
v -1.1 2.1 2.2
v -1 2.1 2.2
v -0.9 2.1 2.2
v -0.8 2.1 2.2
v -0.7 2.1 2.2
v -0.6 2.1 2.2
v -0.4 2.1 2.2
v -0.2 2.1 2.2
v -0.0999999 2.1 2.2
v 0.8 2.1 2.2
v 1.1 2.1 2.2
v -1 2.1 2.1
v -0.9 2.1 2.1
v -0.8 2.1 2.1
v -0.7 2.1 2.1
v -0.6 2.1 2.1
v -0.2 2.1 2.1
v -0.0999999 2.1 2.1
v 0.1 2.1 2.1
v 0.8 2.1 2.1
v -1.1 2.1 2
v -1 2.1 2
v -0.8 2.1 2
v 0.8 2.1 2
v 1.1 2.1 2
v -2.1 2.1 1.5
v -1.9 2.1 1.5
v 1.9 2.1 1.5
v 2.1 2.1 1.5
v -2.2 2.1 1.4
v -2.1 2.1 1.4
v 2.1 2.1 1.4
v 2.2 2.1 1.4
v -2 2.1 1.3
v -1.9 2.1 1.3
v 1.9 2.1 1.3
v 2 2.1 1.3
v -2.5 2.1 1.2
v -2.2 2.1 1.2
v -2 2.1 1.2
v 2 2.1 1.2
v 2.2 2.1 1.2
v 2.5 2.1 1.2
v -2.4 2.1 1.1
v -2.2 2.1 1.1
v 2.2 2.1 1.1
v 2.4 2.1 1.1
v -2.5 2.1 0.8
v -2.4 2.1 0.8
v 2.4 2.1 0.8
v 2.5 2.1 0.8
v -2.6 2.1 -0.2
v -2.5 2.1 -0.2
v 2.5 2.1 -0.2
v 2.6 2.1 -0.2
v -2.5 2.1 -0.3
v -2.3 2.1 -0.3
v 2.3 2.1 -0.3
v 2.5 2.1 -0.3
v -2.4 2.1 -0.4
v -2.3 2.1 -0.4
v 2.3 2.1 -0.4
v 2.4 2.1 -0.4
v -2.6 2.1 -0.5
v -2.4 2.1 -0.5
v 2.4 2.1 -0.5
v 2.6 2.1 -0.5
v -2.7 2.1 -0.6
v -2.6 2.1 -0.6
v 2.6 2.1 -0.6
v 2.7 2.1 -0.6
v -2.7 2.1 -0.7
v -2.6 2.1 -0.7
v 2.6 2.1 -0.7
v 2.7 2.1 -0.7
v -1.4 2.1 -2.3
v -1.2 2.1 -2.3
v 1.2 2.1 -2.3
v 1.4 2.1 -2.3
v -1.4 2.1 -2.4
v -1.2 2.1 -2.4
v 1.2 2.1 -2.4
v 1.4 2.1 -2.4
v -0.9 2.2 2.4
v -0.8 2.2 2.4
v -0.7 2.2 2.4
v -0.4 2.2 2.4
v -0.3 2.2 2.4
v -0.0999999 2.2 2.4
v 2.38419e-07 2.2 2.4
v 0.1 2.2 2.4
v 0.9 2.2 2.4
v -1.2 2.2 2.3
v -0.9 2.2 2.3
v -0.8 2.2 2.3
v -0.7 2.2 2.3
v -0.6 2.2 2.3
v -0.4 2.2 2.3
v -0.3 2.2 2.3
v -0.0999999 2.2 2.3
v 2.38419e-07 2.2 2.3
v 0.1 2.2 2.3
v 0.8 2.2 2.3
v 0.9 2.2 2.3
v 1.2 2.2 2.3
v -1.1 2.2 2.2
v -1 2.2 2.2
v -0.9 2.2 2.2
v -0.8 2.2 2.2
v -0.0999999 2.2 2.2
v 0.8 2.2 2.2
v 0.9 2.2 2.2
v 1.1 2.2 2.2
v -0.0999999 2.2 2.1
v 2.38419e-07 2.2 2.1
v 0.1 2.2 2.1
v -1.2 2.2 1.9
v -1.1 2.2 1.9
v 1.1 2.2 1.9
v 1.2 2.2 1.9
v -2.2 2.2 1.6
v -1.9 2.2 1.6
v 1.9 2.2 1.6
v 2.2 2.2 1.6
v -2.3 2.2 1.5
v -2.2 2.2 1.5
v -2.1 2.2 1.5
v -1.9 2.2 1.5
v 1.9 2.2 1.5
v 2.1 2.2 1.5
v 2.2 2.2 1.5
v 2.3 2.2 1.5
v -2.2 2.2 1.4
v -2.1 2.2 1.4
v 2.1 2.2 1.4
v 2.2 2.2 1.4
v -2.4 2.2 1.3
v -2.3 2.2 1.3
v 2.3 2.2 1.3
v 2.4 2.2 1.3
v -2.6 2.2 1.2
v -2.5 2.2 1.2
v -2.4 2.2 1.2
v -2.2 2.2 1.2
v 2.2 2.2 1.2
v 2.4 2.2 1.2
v 2.5 2.2 1.2
v 2.6 2.2 1.2
v -2.6 2.2 0.8
v -2.5 2.2 0.8
v 2.5 2.2 0.8
v 2.6 2.2 0.8
v -2.7 2.2 -0.1
v -2.6 2.2 -0.1
v -2.5 2.2 -0.1
v 2.5 2.2 -0.1
v 2.6 2.2 -0.1
v 2.7 2.2 -0.1
v -2.6 2.2 -0.2
v -2.5 2.2 -0.2
v 2.5 2.2 -0.2
v 2.6 2.2 -0.2
v -2.8 2.2 -0.5
v -2.7 2.2 -0.5
v -2.6 2.2 -0.5
v 2.6 2.2 -0.5
v 2.7 2.2 -0.5
v 2.8 2.2 -0.5
v -2.7 2.2 -0.6
v -2.6 2.2 -0.6
v 2.6 2.2 -0.6
v 2.7 2.2 -0.6
v -2.8 2.2 -1.1
v -2.7 2.2 -1.1
v 2.7 2.2 -1.1
v 2.8 2.2 -1.1
v -2.2 2.2 -2.2
v -2.1 2.2 -2.2
v 2.1 2.2 -2.2
v 2.2 2.2 -2.2
v -2.2 2.2 -2.3
v -2.1 2.2 -2.3
v 2.1 2.2 -2.3
v 2.2 2.2 -2.3
v -1.3 2.2 -2.4
v -0.4 2.2 -2.4
v -0.2 2.2 -2.4
v 1.3 2.2 -2.4
v -1.3 2.2 -2.5
v -0.4 2.2 -2.5
v -0.2 2.2 -2.5
v 1.3 2.2 -2.5
v -0.8 2.3 2.5
v -0.6 2.3 2.5
v -0.5 2.3 2.5
v -0.3 2.3 2.5
v -0.0999999 2.3 2.5
v 0.1 2.3 2.5
v 0.2 2.3 2.5
v 0.8 2.3 2.5
v -1.1 2.3 2.4
v -0.9 2.3 2.4
v -0.8 2.3 2.4
v -0.7 2.3 2.4
v -0.6 2.3 2.4
v -0.5 2.3 2.4
v -0.4 2.3 2.4
v -0.3 2.3 2.4
v -0.0999999 2.3 2.4
v 0.1 2.3 2.4
v 0.2 2.3 2.4
v 0.8 2.3 2.4
v 0.9 2.3 2.4
v 1.1 2.3 2.4
v -1.1 2.3 2.3
v -0.9 2.3 2.3
v 0.9 2.3 2.3
v 1.1 2.3 2.3
v -1.3 2.3 2.2
v -1.2 2.3 2.2
v 1.2 2.3 2.2
v 1.3 2.3 2.2
v -1.3 2.3 1.9
v -1.2 2.3 1.9
v 1.2 2.3 1.9
v 1.3 2.3 1.9
v -1.6 2.3 1.8
v -1.5 2.3 1.8
v 1.5 2.3 1.8
v 1.6 2.3 1.8
v -2.1 2.3 1.7
v -1.7 2.3 1.7
v -1.6 2.3 1.7
v -1.5 2.3 1.7
v 1.5 2.3 1.7
v 1.6 2.3 1.7
v 1.7 2.3 1.7
v 2.1 2.3 1.7
v -2.1 2.3 1.6
v -1.7 2.3 1.6
v 1.7 2.3 1.6
v 2.1 2.3 1.6
v -2.4 2.3 1.4
v -2.3 2.3 1.4
v 2.3 2.3 1.4
v 2.4 2.3 1.4
v -2.5 2.3 1.3
v -2.4 2.3 1.3
v -2.3 2.3 1.3
v 2.3 2.3 1.3
v 2.4 2.3 1.3
v 2.5 2.3 1.3
v -2.5 2.3 1.2
v -2.4 2.3 1.2
v 2.4 2.3 1.2
v 2.5 2.3 1.2
v -2.7 2.3 1.1
v -2.6 2.3 1.1
v 2.6 2.3 1.1
v 2.7 2.3 1.1
v -2.7 2.3 0.6
v -2.6 2.3 0.6
v 2.6 2.3 0.6
v 2.7 2.3 0.6
v -2.7 2.3 0.4
v -2.6 2.3 0.4
v 2.6 2.3 0.4
v 2.7 2.3 0.4
v -2.7 2.3 0.3
v -2.6 2.3 0.3
v 2.6 2.3 0.3
v 2.7 2.3 0.3
v -2.7 2.3 0.2
v -2.6 2.3 0.2
v 2.6 2.3 0.2
v 2.7 2.3 0.2
v -2.7 2.3 -0.1
v -2.6 2.3 -0.1
v 2.6 2.3 -0.1
v 2.7 2.3 -0.1
v -2.8 2.3 -0.2
v -2.7 2.3 -0.2
v 2.7 2.3 -0.2
v 2.8 2.3 -0.2
v -2.8 2.3 -0.5
v -2.7 2.3 -0.5
v 2.7 2.3 -0.5
v 2.8 2.3 -0.5
v -2.9 2.3 -0.6
v -2.8 2.3 -0.6
v 2.8 2.3 -0.6
v 2.9 2.3 -0.6
v -2.9 2.3 -1
v -2.8 2.3 -1
v 2.8 2.3 -1
v 2.9 2.3 -1
v -2.4 2.3 -2.1
v -2.3 2.3 -2.1
v 2.3 2.3 -2.1
v 2.4 2.3 -2.1
v -2.4 2.3 -2.2
v -2.3 2.3 -2.2
v 2.3 2.3 -2.2
v 2.4 2.3 -2.2
v -1.5 2.3 -2.3
v -1.4 2.3 -2.3
v 1.4 2.3 -2.3
v 1.5 2.3 -2.3
v -1.5 2.3 -2.4
v -1.4 2.3 -2.4
v 1.4 2.3 -2.4
v 1.5 2.3 -2.4
v -1.4 2.4 2.1
v -1.3 2.4 2.1
v 1.3 2.4 2.1
v 1.4 2.4 2.1
v -1.5 2.4 2
v -1.4 2.4 2
v 1.4 2.4 2
v 1.5 2.4 2
v -1.7 2.4 1.9
v -1.5 2.4 1.9
v -1.4 2.4 1.9
v -1.3 2.4 1.9
v 1.3 2.4 1.9
v 1.4 2.4 1.9
v 1.5 2.4 1.9
v 1.7 2.4 1.9
v -1.9 2.4 1.8
v -1.7 2.4 1.8
v -1.6 2.4 1.8
v -1.4 2.4 1.8
v 1.4 2.4 1.8
v 1.6 2.4 1.8
v 1.7 2.4 1.8
v 1.9 2.4 1.8
v -1.9 2.4 1.7
v -1.7 2.4 1.7
v -1.6 2.4 1.7
v 1.6 2.4 1.7
v 1.7 2.4 1.7
v 1.9 2.4 1.7
v -2.8 2.4 0.7
v -2.7 2.4 0.7
v 2.7 2.4 0.7
v 2.8 2.4 0.7
v -2.8 2.4 0.4
v -2.7 2.4 0.4
v 2.7 2.4 0.4
v 2.8 2.4 0.4
v -1.6 2.5 2
v -1.5 2.5 2
v 1.5 2.5 2
v 1.6 2.5 2
v -1.8 2.5 1.9
v -1.7 2.5 1.9
v -1.6 2.5 1.9
v -1.5 2.5 1.9
v 1.5 2.5 1.9
v 1.6 2.5 1.9
v 1.7 2.5 1.9
v 1.8 2.5 1.9
v -1.8 2.5 1.8
v -1.7 2.5 1.8
v 1.7 2.5 1.8
v 1.8 2.5 1.8
v -2.7 2.5 0.3
v -2.6 2.5 0.3
v 2.6 2.5 0.3
v 2.7 2.5 0.3
v -2.7 2.5 0.2
v -2.6 2.5 0.2
v 2.6 2.5 0.2
v 2.7 2.5 0.2
v -2.8 2.6 0.4
v -2.7 2.6 0.4
v 2.7 2.6 0.4
v 2.8 2.6 0.4
v -2.8 2.6 -0.2
v -2.7 2.6 -0.2
v 2.7 2.6 -0.2
v 2.8 2.6 -0.2
v -2.9 2.7 0.2
v -2.8 2.7 0.2
v 2.8 2.7 0.2
v 2.9 2.7 0.2
v -2.9 2.7 -0.1
v -2.8 2.7 -0.1
v 2.8 2.7 -0.1
v 2.9 2.7 -0.1
v -2.9 2.8 -0.1
v -2.8 2.8 -0.1
v 2.8 2.8 -0.1
v 2.9 2.8 -0.1
v -2.9 2.8 -0.2
v -2.8 2.8 -0.2
v 2.8 2.8 -0.2
v 2.9 2.8 -0.2
v -1.8 3.5 1.2
v -1.7 3.5 1.2
v 1.7 3.5 1.2
v 1.8 3.5 1.2
v -1.9 3.5 1.1
v -1.8 3.5 1.1
v -1.7 3.5 1.1
v 1.7 3.5 1.1
v 1.8 3.5 1.1
v 1.9 3.5 1.1
v -1.9 3.5 1
v -1.8 3.5 1
v 1.8 3.5 1
v 1.9 3.5 1
v -1.6 3.5 -2.1
v -1.4 3.5 -2.1
v 1.4 3.5 -2.1
v 1.6 3.5 -2.1
v -1.4 3.5 -2.3
v -1.3 3.5 -2.3
v 1.3 3.5 -2.3
v 1.4 3.5 -2.3
v -1.6 3.5 -2.4
v -1.3 3.5 -2.4
v 1.3 3.5 -2.4
v 1.6 3.5 -2.4
v -0.3 3.6 1.8
v 0.3 3.6 1.8
v -0.3 3.6 1.7
v 0.3 3.6 1.7
v -2.8 3.6 -0.3
v -2.7 3.6 -0.3
v 2.7 3.6 -0.3
v 2.8 3.6 -0.3
v -2.8 3.6 -0.8
v -2.7 3.6 -0.8
v 2.7 3.6 -0.8
v 2.8 3.6 -0.8
v -2.7 3.6 -1
v -2.6 3.6 -1
v -2.5 3.6 -1
v 2.5 3.6 -1
v 2.6 3.6 -1
v 2.7 3.6 -1
v -2.7 3.6 -1.1
v -2.6 3.6 -1.1
v 2.6 3.6 -1.1
v 2.7 3.6 -1.1
v -2.6 3.6 -1.2
v -2.5 3.6 -1.2
v -2.6 3.6 -1.3
v -2.5 3.6 -1.3
v -2.6 3.6 -1.4
v -2.5 3.6 -1.4
v 2.5 3.6 -1.4
v 2.6 3.6 -1.4
v -1.7 3.6 -2.1
v -1.6 3.6 -2.1
v 1.6 3.6 -2.1
v 1.7 3.6 -2.1
v -1.7 3.6 -2.2
v 1.7 3.6 -2.2
v -1.3 3.6 -2.3
v -1.2 3.6 -2.3
v 1.2 3.6 -2.3
v 1.3 3.6 -2.3
v -1.6 3.6 -2.4
v -1.3 3.6 -2.4
v -1.2 3.6 -2.4
v 1.2 3.6 -2.4
v 1.3 3.6 -2.4
v 1.6 3.6 -2.4
v -1.7 3.6 -2.5
v -1.2 3.6 -2.5
v 1.2 3.6 -2.5
v 1.7 3.6 -2.5
v -2.4 3.7 1.1
v -2.3 3.7 1.1
v 2.3 3.7 1.1
v 2.4 3.7 1.1
v -2.4 3.7 1
v -2.3 3.7 1
v 2.3 3.7 1
v 2.4 3.7 1
v -2.8 3.7 0.6
v -2.7 3.7 0.6
v 2.7 3.7 0.6
v 2.8 3.7 0.6
v -2.9 3.7 0.3
v -2.8 3.7 0.3
v 2.8 3.7 0.3
v 2.9 3.7 0.3
v -2.8 3.7 0.2
v -2.7 3.7 0.2
v 2.7 3.7 0.2
v 2.8 3.7 0.2
v -2.8 3.7 -0.8
v -2.7 3.7 -0.8
v 2.7 3.7 -0.8
v 2.8 3.7 -0.8
v -2.9 3.7 -0.9
v -2.8 3.7 -0.9
v 2.8 3.7 -0.9
v 2.9 3.7 -0.9
v -2.7 3.7 -1.1
v -2.6 3.7 -1.1
v 2.6 3.7 -1.1
v 2.7 3.7 -1.1
v -2.8 3.7 -1.2
v -2.7 3.7 -1.2
v -2.6 3.7 -1.2
v 2.7 3.7 -1.2
v 2.8 3.7 -1.2
v -2.7 3.7 -1.3
v -2.6 3.7 -1.3
v -2.7 3.7 -1.4
v -2.6 3.7 -1.4
v -2.5 3.7 -1.4
v 2.5 3.7 -1.4
v 2.6 3.7 -1.4
v -2.7 3.7 -1.5
v -2.6 3.7 -1.5
v -2.5 3.7 -1.5
v 2.6 3.7 -1.5
v 2.7 3.7 -1.5
v -2.5 3.7 -1.6
v -2.4 3.7 -1.6
v 2.4 3.7 -1.6
v 2.5 3.7 -1.6
v -2.6 3.7 -1.7
v -2.5 3.7 -1.7
v 2.5 3.7 -1.7
v 2.6 3.7 -1.7
v -2.5 3.7 -1.8
v -2.4 3.7 -1.8
v 2.4 3.7 -1.8
v 2.5 3.7 -1.8
v -1.8 3.7 -2.2
v -1.7 3.7 -2.2
v 1.7 3.7 -2.2
v 1.8 3.7 -2.2
v -1.8 3.7 -2.4
v -1.7 3.7 -2.4
v -1.2 3.7 -2.4
v -0.2 3.7 -2.4
v 2.38419e-07 3.7 -2.4
v 1.2 3.7 -2.4
v 1.7 3.7 -2.4
v 1.8 3.7 -2.4
v -1.6 3.7 -2.5
v -1.3 3.7 -2.5
v -1.2 3.7 -2.5
v -0.2 3.7 -2.5
v 2.38419e-07 3.7 -2.5
v 1.2 3.7 -2.5
v 1.3 3.7 -2.5
v 1.6 3.7 -2.5
v -1.6 3.7 -2.6
v -1.3 3.7 -2.6
v 1.3 3.7 -2.6
v 1.6 3.7 -2.6
v -2.8 3.8 0.7
v -2.7 3.8 0.7
v 2.7 3.8 0.7
v 2.8 3.8 0.7
v -2.8 3.8 0.6
v -2.7 3.8 0.6
v 2.7 3.8 0.6
v 2.8 3.8 0.6
v -2.9 3.8 0.5
v -2.8 3.8 0.5
v 2.8 3.8 0.5
v 2.9 3.8 0.5
v -2.9 3.8 0.3
v -2.8 3.8 0.3
v 2.8 3.8 0.3
v 2.9 3.8 0.3
v -3 3.8 0.2
v -2.9 3.8 0.2
v 2.9 3.8 0.2
v 3 3.8 0.2
v -3 3.8 -0.8
v -2.9 3.8 -0.8
v 2.9 3.8 -0.8
v 3 3.8 -0.8
v -2.9 3.8 -0.9
v -2.8 3.8 -0.9
v 2.8 3.8 -0.9
v 2.9 3.8 -0.9
v -2.9 3.8 -1.1
v -2.8 3.8 -1.1
v 2.8 3.8 -1.1
v 2.9 3.8 -1.1
v -2.8 3.8 -1.2
v -2.7 3.8 -1.2
v 2.7 3.8 -1.2
v 2.8 3.8 -1.2
v -2.8 3.8 -1.3
v -2.7 3.8 -1.3
v -2.8 3.8 -1.4
v -2.7 3.8 -1.4
v 2.7 3.8 -1.4
v 2.8 3.8 -1.4
v -2.7 3.8 -1.5
v -2.6 3.8 -1.5
v 2.6 3.8 -1.5
v 2.7 3.8 -1.5
v -2.7 3.8 -1.6
v -2.6 3.8 -1.6
v 2.6 3.8 -1.6
v 2.7 3.8 -1.6
v -2 3.8 -2.2
v -1.8 3.8 -2.2
v 1.8 3.8 -2.2
v 2 3.8 -2.2
v -2 3.8 -2.3
v -1.8 3.8 -2.3
v 1.8 3.8 -2.3
v 2 3.8 -2.3
v -1.1 3.8 -2.5
v -0.2 3.8 -2.5
v 2.38419e-07 3.8 -2.5
v 1.1 3.8 -2.5
v -1.1 3.8 -2.6
v -0.2 3.8 -2.6
v 2.38419e-07 3.8 -2.6
v 1.1 3.8 -2.6
v -1.4 4.3 -2.3
v -1.3 4.3 -2.3
v 1.3 4.3 -2.3
v 1.4 4.3 -2.3
v -1.4 4.3 -2.4
v -1.3 4.3 -2.4
v 1.3 4.3 -2.4
v 1.4 4.3 -2.4
v -1.6 4.4 -2.2
v -1.5 4.4 -2.2
v 1.5 4.4 -2.2
v 1.6 4.4 -2.2
v -1.6 4.4 -2.3
v -1.5 4.4 -2.3
v 1.5 4.4 -2.3
v 1.6 4.4 -2.3
v -1.3 4.4 -2.4
v -1 4.4 -2.4
v -0.9 4.4 -2.4
v -0.8 4.4 -2.4
v 0.8 4.4 -2.4
v 0.9 4.4 -2.4
v 1 4.4 -2.4
v 1.3 4.4 -2.4
v -1.3 4.4 -2.5
v -1 4.4 -2.5
v -0.9 4.4 -2.5
v -0.8 4.4 -2.5
v 0.8 4.4 -2.5
v 0.9 4.4 -2.5
v 1 4.4 -2.5
v 1.3 4.4 -2.5
v -0.2 4.8 -1.9
v 0.2 4.8 -1.9
v -0.2 4.8 -2
v 0.2 4.8 -2
v -0.9 4.8 -2.2
v -0.8 4.8 -2.2
v 0.8 4.8 -2.2
v 0.9 4.8 -2.2
v -0.9 4.8 -2.4
v -0.8 4.8 -2.4
v 0.8 4.8 -2.4
v 0.9 4.8 -2.4
v -0.3 4.9 -1.9
v -0.2 4.9 -1.9
v 0.2 4.9 -1.9
v 0.3 4.9 -1.9
v 1.7 4.9 -1.9
v 1.8 4.9 -1.9
v -0.3 4.9 -2
v -0.2 4.9 -2
v 0.2 4.9 -2
v 0.3 4.9 -2
v 1.6 4.9 -2
v 1.7 4.9 -2
v 1.8 4.9 -2
v 1.4 4.9 -2.1
v 1.5 4.9 -2.1
v 1.6 4.9 -2.1
v 1.7 4.9 -2.1
v 1.4 4.9 -2.2
v 1.5 4.9 -2.2
v 1.8 5 -1.8
v 1.9 5 -1.8
v -0.4 5 -1.9
v -0.3 5 -1.9
v 0.3 5 -1.9
v 0.4 5 -1.9
v 1.8 5 -1.9
v 1.9 5 -1.9
v -0.4 5 -2
v -0.3 5 -2
v 0.3 5 -2
v 0.4 5 -2
v 1.5 5 -2.1
v 1.6 5 -2.1
v 1.3 5 -2.2
v 1.4 5 -2.2
v 1.5 5 -2.2
v 1.6 5 -2.2
v 1.3 5 -2.3
v 1.4 5 -2.3
v -1.2 5.6 -0.2
v -1.1 5.6 -0.2
v 1.1 5.6 -0.2
v 1.2 5.6 -0.2
v -1.3 5.6 -0.3
v -1.2 5.6 -0.3
v -1.1 5.6 -0.3
v -0.9 5.6 -0.3
v 0.9 5.6 -0.3
v 1.1 5.6 -0.3
v 1.2 5.6 -0.3
v 1.3 5.6 -0.3
v -1.1 5.6 -0.4
v -0.9 5.6 -0.4
v 0.9 5.6 -0.4
v 1.1 5.6 -0.4
v -1.3 5.6 -0.5
v -1.1 5.6 -0.5
v 1.1 5.6 -0.5
v 1.3 5.6 -0.5
v -0.2 5.6 -0.9
v 0.2 5.6 -0.9
v -0.2 5.6 -1
v -0.0999999 5.6 -1
v 0.1 5.6 -1
v 0.2 5.6 -1
v -0.2 5.6 -1.2
v -0.0999999 5.6 -1.2
v 0.1 5.6 -1.2
v 0.2 5.6 -1.2
v -0.2 5.6 -1.3
v 0.2 5.6 -1.3
v -1.4 5.7 -0.2
v -1.3 5.7 -0.2
v -1.2 5.7 -0.2
v -0.9 5.7 -0.2
v -0.8 5.7 -0.2
v 0.8 5.7 -0.2
v 0.9 5.7 -0.2
v 1.2 5.7 -0.2
v 1.3 5.7 -0.2
v 1.4 5.7 -0.2
v -1.3 5.7 -0.3
v -1.2 5.7 -0.3
v 1.2 5.7 -0.3
v 1.3 5.7 -0.3
v -0.9 5.7 -0.4
v -0.8 5.7 -0.4
v 0.8 5.7 -0.4
v 0.9 5.7 -0.4
v -1.4 5.7 -0.6
v -1.3 5.7 -0.6
v 1.3 5.7 -0.6
v 1.4 5.7 -0.6
v -0.2 5.7 -0.8
v 0.2 5.7 -0.8
v -0.2 5.7 -0.9
v 0.2 5.7 -0.9
v -0.2 5.7 -1.3
v 0.2 5.7 -1.3
v -0.2 5.7 -1.4
v 0.2 5.7 -1.4
v -1.4 5.8 -0.1
v -1.3 5.8 -0.1
v 1.3 5.8 -0.1
v 1.4 5.8 -0.1
v -1.4 5.8 -0.2
v -1.3 5.8 -0.2
v 1.3 5.8 -0.2
v 1.4 5.8 -0.2
v -1.5 5.8 -0.3
v -1.4 5.8 -0.3
v 1.4 5.8 -0.3
v 1.5 5.8 -0.3
v -1.5 5.8 -0.5
v -1.4 5.8 -0.5
v 1.4 5.8 -0.5
v 1.5 5.8 -0.5
v -1.4 5.8 -0.6
v -1.3 5.8 -0.6
v 1.3 5.8 -0.6
v 1.4 5.8 -0.6
v -1.4 5.8 -0.7
v -1.3 5.8 -0.7
v -0.2 5.8 -0.7
v 0.2 5.8 -0.7
v 1.3 5.8 -0.7
v 1.4 5.8 -0.7
v -0.2 5.8 -0.8
v 0.2 5.8 -0.8
v -0.2 5.8 -1.4
v 0.2 5.8 -1.4
v -0.2 5.8 -1.5
v 0.2 5.8 -1.5
v -1.5 5.9 -0.2
v -1.4 5.9 -0.2
v 1.4 5.9 -0.2
v 1.5 5.9 -0.2
v -1.5 5.9 -0.3
v -1.4 5.9 -0.3
v 1.4 5.9 -0.3
v 1.5 5.9 -0.3
v -1.5 5.9 -0.5
v -1.4 5.9 -0.5
v 1.4 5.9 -0.5
v 1.5 5.9 -0.5
v -1.5 5.9 -0.6
v -1.4 5.9 -0.6
v 1.4 5.9 -0.6
v 1.5 5.9 -0.6
v -0.3 5.9 -1.4
v -0.2 5.9 -1.4
v 0.2 5.9 -1.4
v 0.3 5.9 -1.4
v -0.3 5.9 -1.5
v -0.2 5.9 -1.5
v 0.2 5.9 -1.5
v 0.3 5.9 -1.5
v -1 6 0.7
v -0.8 6 0.7
v 0.8 6 0.7
v 1 6 0.7
v -1.2 6 0.6
v -1 6 0.6
v -0.9 6 0.6
v -0.8 6 0.6
v 0.8 6 0.6
v 0.9 6 0.6
v 1 6 0.6
v 1.1 6 0.6
v 1.2 6 0.6
v -1.3 6 0.5
v -1.2 6 0.5
v -1.1 6 0.5
v -0.9 6 0.5
v 0.9 6 0.5
v 1 6 0.5
v 1.1 6 0.5
v 1.2 6 0.5
v 1.3 6 0.5
v -1.3 6 0.4
v -1.2 6 0.4
v -1.1 6 0.4
v 1.1 6 0.4
v 1.2 6 0.4
v 1.3 6 0.4
v -1.4 6 -2.38419e-07
v -1.3 6 -2.38419e-07
v 1.3 6 -2.38419e-07
v 1.4 6 -2.38419e-07
v -1.4 6 -0.1
v -1.3 6 -0.1
v 1.3 6 -0.1
v 1.4 6 -0.1
v -1.2 6 -1.1
v -1.1 6 -1.1
v 1.1 6 -1.1
v 1.2 6 -1.1
v -1.2 6 -1.2
v -1.1 6 -1.2
v -0.8 6 -1.2
v 0.8 6 -1.2
v 1.1 6 -1.2
v 1.2 6 -1.2
v -1.1 6 -1.3
v -0.9 6 -1.3
v 0.9 6 -1.3
v 1.1 6 -1.3
v -0.9 6 -1.4
v -0.8 6 -1.4
v 0.8 6 -1.4
v 0.9 6 -1.4
v -0.7 6.1 0.9
v -0.6 6.1 0.9
v 0.6 6.1 0.9
v 0.7 6.1 0.9
v -0.9 6.1 0.8
v -0.8 6.1 0.8
v -0.7 6.1 0.8
v -0.6 6.1 0.8
v 0.6 6.1 0.8
v 0.7 6.1 0.8
v 0.8 6.1 0.8
v 0.9 6.1 0.8
v -1.1 6.1 0.7
v -1 6.1 0.7
v -0.9 6.1 0.7
v -0.8 6.1 0.7
v 0.8 6.1 0.7
v 0.9 6.1 0.7
v 1 6.1 0.7
v 1.1 6.1 0.7
v -1.3 6.1 0.6
v -1.2 6.1 0.6
v -1.1 6.1 0.6
v -1 6.1 0.6
v 1 6.1 0.6
v 1.1 6.1 0.6
v 1.2 6.1 0.6
v 1.3 6.1 0.6
v -1.3 6.1 0.5
v -1.2 6.1 0.5
v 1.2 6.1 0.5
v 1.3 6.1 0.5
v -1.4 6.1 0.4
v -1.3 6.1 0.4
v 1.3 6.1 0.4
v 1.4 6.1 0.4
v -1.4 6.1 0.3
v -1.3 6.1 0.3
v 1.3 6.1 0.3
v 1.4 6.1 0.3
v -1.4 6.1 0.2
v -1.3 6.1 0.2
v -0.4 6.1 0.2
v -0.3 6.1 0.2
v 0.3 6.1 0.2
v 0.4 6.1 0.2
v 1.3 6.1 0.2
v 1.4 6.1 0.2
v -0.6 6.1 0.0999999
v -0.5 6.1 0.0999999
v -0.4 6.1 0.0999999
v -0.3 6.1 0.0999999
v 0.3 6.1 0.0999999
v 0.4 6.1 0.0999999
v 0.5 6.1 0.0999999
v 0.6 6.1 0.0999999
v -1.5 6.1 -2.38419e-07
v -1.4 6.1 -2.38419e-07
v -0.7 6.1 -2.38419e-07
v -0.6 6.1 -2.38419e-07
v -0.5 6.1 -2.38419e-07
v 0.5 6.1 -2.38419e-07
v 0.6 6.1 -2.38419e-07
v 0.7 6.1 -2.38419e-07
v 1.4 6.1 -2.38419e-07
v 1.5 6.1 -2.38419e-07
v -1.4 6.1 -0.1
v -0.6 6.1 -0.1
v 0.6 6.1 -0.1
v 1.4 6.1 -0.1
v -1.5 6.1 -0.2
v -1.4 6.1 -0.2
v -0.7 6.1 -0.2
v -0.6 6.1 -0.2
v 0.6 6.1 -0.2
v 0.7 6.1 -0.2
v 1.4 6.1 -0.2
v 1.5 6.1 -0.2
v -1.5 6.1 -0.6
v -1.4 6.1 -0.6
v 1.4 6.1 -0.6
v 1.5 6.1 -0.6
v -1.5 6.1 -0.7
v -1.4 6.1 -0.7
v 1.4 6.1 -0.7
v 1.5 6.1 -0.7
v -1.4 6.1 -0.9
v -1.3 6.1 -0.9
v 1.3 6.1 -0.9
v 1.4 6.1 -0.9
v -1.4 6.1 -1
v -1.3 6.1 -1
v 1.3 6.1 -1
v 1.4 6.1 -1
v -1.3 6.1 -1.1
v -1.2 6.1 -1.1
v 1.2 6.1 -1.1
v 1.3 6.1 -1.1
v -1.3 6.1 -1.2
v -1.2 6.1 -1.2
v -1.1 6.1 -1.2
v 1.1 6.1 -1.2
v 1.2 6.1 -1.2
v 1.3 6.1 -1.2
v -1.2 6.1 -1.3
v -1.1 6.1 -1.3
v -1 6.1 -1.3
v -0.9 6.1 -1.3
v 0.9 6.1 -1.3
v 1 6.1 -1.3
v 1.1 6.1 -1.3
v 1.2 6.1 -1.3
v -1 6.1 -1.4
v -0.9 6.1 -1.4
v -0.8 6.1 -1.4
v -0.6 6.1 -1.4
v -0.4 6.1 -1.4
v -0.3 6.1 -1.4
v 0.3 6.1 -1.4
v 0.4 6.1 -1.4
v 0.6 6.1 -1.4
v 0.8 6.1 -1.4
v 0.9 6.1 -1.4
v 1 6.1 -1.4
v -0.8 6.1 -1.5
v -0.6 6.1 -1.5
v -0.4 6.1 -1.5
v -0.3 6.1 -1.5
v 0.3 6.1 -1.5
v 0.4 6.1 -1.5
v 0.6 6.1 -1.5
v 0.8 6.1 -1.5
v -0.8 6.2 0.9
v -0.7 6.2 0.9
v -0.4 6.2 0.9
v -0.3 6.2 0.9
v 0.3 6.2 0.9
v 0.4 6.2 0.9
v 0.7 6.2 0.9
v 0.8 6.2 0.9
v -1 6.2 0.8
v -0.9 6.2 0.8
v -0.8 6.2 0.8
v -0.7 6.2 0.8
v -0.4 6.2 0.8
v -0.3 6.2 0.8
v 0.3 6.2 0.8
v 0.4 6.2 0.8
v 0.7 6.2 0.8
v 0.8 6.2 0.8
v 0.9 6.2 0.8
v 1 6.2 0.8
v -1.2 6.2 0.7
v -1.1 6.2 0.7
v -1 6.2 0.7
v -0.9 6.2 0.7
v -0.2 6.2 0.7
v -0.0999999 6.2 0.7
v 0.1 6.2 0.7
v 0.2 6.2 0.7
v 0.9 6.2 0.7
v 1 6.2 0.7
v 1.1 6.2 0.7
v 1.2 6.2 0.7
v -1.2 6.2 0.6
v -1.1 6.2 0.6
v -0.2 6.2 0.6
v -0.0999999 6.2 0.6
v 0.1 6.2 0.6
v 0.2 6.2 0.6
v 1.1 6.2 0.6
v 1.2 6.2 0.6
v -1.4 6.2 0.5
v -1.3 6.2 0.5
v 1.3 6.2 0.5
v 1.4 6.2 0.5
v -1.4 6.2 0.4
v -1.3 6.2 0.4
v -0.2 6.2 0.4
v -0.0999999 6.2 0.4
v 0.1 6.2 0.4
v 0.2 6.2 0.4
v 1.3 6.2 0.4
v 1.4 6.2 0.4
v -0.2 6.2 0.3
v -0.0999999 6.2 0.3
v 0.1 6.2 0.3
v 0.2 6.2 0.3
v -1.5 6.2 0.0999999
v -1.4 6.2 0.0999999
v -0.5 6.2 0.0999999
v -0.4 6.2 0.0999999
v 0.4 6.2 0.0999999
v 0.5 6.2 0.0999999
v 1.4 6.2 0.0999999
v 1.5 6.2 0.0999999
v -1.5 6.2 -2.38419e-07
v -1.4 6.2 -2.38419e-07
v -0.5 6.2 -2.38419e-07
v -0.4 6.2 -2.38419e-07
v 0.4 6.2 -2.38419e-07
v 0.5 6.2 -2.38419e-07
v 1.4 6.2 -2.38419e-07
v 1.5 6.2 -2.38419e-07
v -1.5 6.2 -0.7
v -1.4 6.2 -0.7
v 1.4 6.2 -0.7
v 1.5 6.2 -0.7
v -1.5 6.2 -0.8
v -1.4 6.2 -0.8
v 1.4 6.2 -0.8
v 1.5 6.2 -0.8
v -1.4 6.2 -1
v -1.3 6.2 -1
v 1.3 6.2 -1
v 1.4 6.2 -1
v -1.4 6.2 -1.1
v -1.3 6.2 -1.1
v 1.3 6.2 -1.1
v 1.4 6.2 -1.1
v -1.1 6.2 -1.3
v -1 6.2 -1.3
v 1 6.2 -1.3
v 1.1 6.2 -1.3
v -1.1 6.2 -1.4
v -1 6.2 -1.4
v -0.9 6.2 -1.4
v -0.8 6.2 -1.4
v 0.8 6.2 -1.4
v 0.9 6.2 -1.4
v 1 6.2 -1.4
v 1.1 6.2 -1.4
v -0.9 6.2 -1.5
v -0.8 6.2 -1.5
v 0.8 6.2 -1.5
v 0.9 6.2 -1.5
v -0.7 6.5 -0.2
v -0.6 6.5 -0.2
v 0.6 6.5 -0.2
v 0.7 6.5 -0.2
v -0.7 6.5 -0.3
v -0.6 6.5 -0.3
v 0.6 6.5 -0.3
v 0.7 6.5 -0.3
v -0.2 6.5 -0.6
v 0.2 6.5 -0.6
v -0.2 6.5 -0.7
v 0.2 6.5 -0.7
v -0.7 6.6 -2.38419e-07
v -0.6 6.6 -2.38419e-07
v 0.6 6.6 -2.38419e-07
v 0.7 6.6 -2.38419e-07
v -0.7 6.6 -0.1
v -0.6 6.6 -0.1
v 0.6 6.6 -0.1
v 0.7 6.6 -0.1
v -0.7 6.6 -0.3
v -0.6 6.6 -0.3
v 0.6 6.6 -0.3
v 0.7 6.6 -0.3
v -0.7 6.6 -0.4
v -0.6 6.6 -0.4
v 0.6 6.6 -0.4
v 0.7 6.6 -0.4
v -0.3 6.6 -0.6
v -0.2 6.6 -0.6
v 0.2 6.6 -0.6
v 0.3 6.6 -0.6
v -0.3 6.6 -0.7
v -0.2 6.6 -0.7
v 0.2 6.6 -0.7
v 0.3 6.6 -0.7
v -1.2 7 0.2
v -1.1 7 0.2
v -0.9 7 0.2
v -0.8 7 0.2
v 0.8 7 0.2
v 0.9 7 0.2
v 1.1 7 0.2
v 1.2 7 0.2
v -1.2 7 0.0999999
v -1.1 7 0.0999999
v -0.9 7 0.0999999
v -0.8 7 0.0999999
v 0.8 7 0.0999999
v 0.9 7 0.0999999
v 1.1 7 0.0999999
v 1.2 7 0.0999999
v -1.4 7 -2.38419e-07
v -1.3 7 -2.38419e-07
v -0.7 7 -2.38419e-07
v -0.6 7 -2.38419e-07
v 0.6 7 -2.38419e-07
v 0.7 7 -2.38419e-07
v 1.3 7 -2.38419e-07
v 1.4 7 -2.38419e-07
v -1.4 7 -0.1
v -1.3 7 -0.1
v -0.7 7 -0.1
v -0.6 7 -0.1
v 0.6 7 -0.1
v 0.7 7 -0.1
v 1.3 7 -0.1
v 1.4 7 -0.1
v -1.4 7 -0.3
v -1.3 7 -0.3
v -0.7 7 -0.3
v -0.6 7 -0.3
v 0.6 7 -0.3
v 0.7 7 -0.3
v 1.3 7 -0.3
v 1.4 7 -0.3
v -1.4 7 -0.4
v -1.3 7 -0.4
v -0.7 7 -0.4
v -0.6 7 -0.4
v 0.6 7 -0.4
v 0.7 7 -0.4
v 1.3 7 -0.4
v 1.4 7 -0.4
v -1.2 7 -0.5
v -1.1 7 -0.5
v -0.9 7 -0.5
v -0.8 7 -0.5
v 0.8 7 -0.5
v 0.9 7 -0.5
v 1.1 7 -0.5
v 1.2 7 -0.5
v -1.2 7 -0.6
v -1.1 7 -0.6
v -0.9 7 -0.6
v -0.8 7 -0.6
v 0.8 7 -0.6
v 0.9 7 -0.6
v 1.1 7 -0.6
v 1.2 7 -0.6
v -1.2 7.4 0.2
v -1.1 7.4 0.2
v -0.9 7.4 0.2
v -0.8 7.4 0.2
v 0.8 7.4 0.2
v 0.9 7.4 0.2
v 1.1 7.4 0.2
v 1.2 7.4 0.2
v -1.2 7.4 0.0999999
v -1.1 7.4 0.0999999
v -0.9 7.4 0.0999999
v -0.8 7.4 0.0999999
v 0.8 7.4 0.0999999
v 0.9 7.4 0.0999999
v 1.1 7.4 0.0999999
v 1.2 7.4 0.0999999
v -1.4 7.4 -2.38419e-07
v -1.3 7.4 -2.38419e-07
v -0.7 7.4 -2.38419e-07
v -0.6 7.4 -2.38419e-07
v 0.6 7.4 -2.38419e-07
v 0.7 7.4 -2.38419e-07
v 1.3 7.4 -2.38419e-07
v 1.4 7.4 -2.38419e-07
v -1.4 7.4 -0.1
v -1.3 7.4 -0.1
v -0.7 7.4 -0.1
v -0.6 7.4 -0.1
v 0.6 7.4 -0.1
v 0.7 7.4 -0.1
v 1.3 7.4 -0.1
v 1.4 7.4 -0.1
v -1.4 7.4 -0.3
v -1.3 7.4 -0.3
v -0.7 7.4 -0.3
v -0.6 7.4 -0.3
v 0.6 7.4 -0.3
v 0.7 7.4 -0.3
v 1.3 7.4 -0.3
v 1.4 7.4 -0.3
v -1.4 7.4 -0.4
v -1.3 7.4 -0.4
v -0.7 7.4 -0.4
v -0.6 7.4 -0.4
v 0.6 7.4 -0.4
v 0.7 7.4 -0.4
v 1.3 7.4 -0.4
v 1.4 7.4 -0.4
v -1.2 7.4 -0.5
v -1.1 7.4 -0.5
v -0.9 7.4 -0.5
v -0.8 7.4 -0.5
v 0.8 7.4 -0.5
v 0.9 7.4 -0.5
v 1.1 7.4 -0.5
v 1.2 7.4 -0.5
v -1.2 7.4 -0.6
v -1.1 7.4 -0.6
v -0.9 7.4 -0.6
v -0.8 7.4 -0.6
v 0.8 7.4 -0.6
v 0.9 7.4 -0.6
v 1.1 7.4 -0.6
v 1.2 7.4 -0.6
v -1.4 7.5 0.0999999
v -1.3 7.5 0.0999999
v 1.3 7.5 0.0999999
v 1.4 7.5 0.0999999
v -1.5 7.5 -2.38419e-07
v -1.4 7.5 -2.38419e-07
v -1.3 7.5 -2.38419e-07
v 1.3 7.5 -2.38419e-07
v 1.4 7.5 -2.38419e-07
v 1.5 7.5 -2.38419e-07
v -1.4 7.5 -0.1
v 1.4 7.5 -0.1
v -1.5 7.5 -0.4
v -1.4 7.5 -0.4
v -1.3 7.5 -0.4
v 1.3 7.5 -0.4
v 1.4 7.5 -0.4
v 1.5 7.5 -0.4
v -1.4 7.5 -0.5
v -1.3 7.5 -0.5
v 1.3 7.5 -0.5
v 1.4 7.5 -0.5
v -1.3 7.6 0.2
v -1.2 7.6 0.2
v 1.2 7.6 0.2
v 1.3 7.6 0.2
v -1.6 7.6 0.0999999
v -1.5 7.6 0.0999999
v -1.4 7.6 0.0999999
v -1.3 7.6 0.0999999
v -1.2 7.6 0.0999999
v 1.2 7.6 0.0999999
v 1.3 7.6 0.0999999
v 1.4 7.6 0.0999999
v 1.5 7.6 0.0999999
v 1.6 7.6 0.0999999
v -1.7 7.6 -2.38419e-07
v -1.6 7.6 -2.38419e-07
v -1.5 7.6 -2.38419e-07
v -1.4 7.6 -2.38419e-07
v 1.4 7.6 -2.38419e-07
v 1.5 7.6 -2.38419e-07
v 1.6 7.6 -2.38419e-07
v 1.7 7.6 -2.38419e-07
v -1.7 7.6 -0.2
v -1.6 7.6 -0.2
v 1.6 7.6 -0.2
v 1.7 7.6 -0.2
v -1.6 7.6 -0.3
v -1.5 7.6 -0.3
v 1.5 7.6 -0.3
v 1.6 7.6 -0.3
v -1.5 7.6 -0.4
v -1.4 7.6 -0.4
v 1.4 7.6 -0.4
v 1.5 7.6 -0.4
v -1.5 7.6 -0.5
v -1.4 7.6 -0.5
v -1.3 7.6 -0.5
v -1.2 7.6 -0.5
v 1.2 7.6 -0.5
v 1.3 7.6 -0.5
v 1.4 7.6 -0.5
v 1.5 7.6 -0.5
v -1.3 7.6 -0.6
v -1.2 7.6 -0.6
v 1.2 7.6 -0.6
v 1.3 7.6 -0.6
v -1.7 7.7 0.2
v -1.5 7.7 0.2
v -1.4 7.7 0.2
v -1.3 7.7 0.2
v 1.3 7.7 0.2
v 1.5 7.7 0.2
v 1.7 7.7 0.2
v -1.8 7.7 0.0999999
v -1.7 7.7 0.0999999
v -1.6 7.7 0.0999999
v -1.5 7.7 0.0999999
v -1.4 7.7 0.0999999
v -1.3 7.7 0.0999999
v 1.3 7.7 0.0999999
v 1.5 7.7 0.0999999
v 1.6 7.7 0.0999999
v 1.7 7.7 0.0999999
v 1.8 7.7 0.0999999
v -1.7 7.7 -2.38419e-07
v -1.6 7.7 -2.38419e-07
v 1.6 7.7 -2.38419e-07
v 1.7 7.7 -2.38419e-07
v -1.7 7.7 -0.2
v -1.6 7.7 -0.2
v 1.6 7.7 -0.2
v 1.7 7.7 -0.2
v -1.8 7.7 -0.3
v -1.7 7.7 -0.3
v -1.6 7.7 -0.3
v -1.5 7.7 -0.3
v 1.5 7.7 -0.3
v 1.6 7.7 -0.3
v 1.7 7.7 -0.3
v 1.8 7.7 -0.3
v -1.7 7.7 -0.4
v -1.5 7.7 -0.4
v 1.5 7.7 -0.4
v 1.7 7.7 -0.4
v -1.4 7.7 -0.5
v -1.3 7.7 -0.5
v 1.3 7.7 -0.5
v 1.4 7.7 -0.5
v -1.4 7.7 -0.6
v -1.3 7.7 -0.6
v 1.3 7.7 -0.6
v 1.4 7.7 -0.6
v -1.6 7.8 0.3
v -1.5 7.8 0.3
v -1.4 7.8 0.3
v 1.4 7.8 0.3
v 1.6 7.8 0.3
v -1.8 7.8 0.2
v -1.7 7.8 0.2
v -1.6 7.8 0.2
v -1.5 7.8 0.2
v -1.4 7.8 0.2
v 1.4 7.8 0.2
v 1.5 7.8 0.2
v 1.6 7.8 0.2
v 1.7 7.8 0.2
v 1.8 7.8 0.2
v -1.8 7.8 0.0999999
v -1.7 7.8 0.0999999
v 1.7 7.8 0.0999999
v 1.8 7.8 0.0999999
v -1.9 7.8 -2.38419e-07
v -1.8 7.8 -2.38419e-07
v 1.8 7.8 -2.38419e-07
v 1.9 7.8 -2.38419e-07
v -1.9 7.8 -0.2
v -1.8 7.8 -0.2
v 1.8 7.8 -0.2
v 1.9 7.8 -0.2
v -1.8 7.8 -0.3
v -1.7 7.8 -0.3
v 1.7 7.8 -0.3
v 1.8 7.8 -0.3
v -1.8 7.8 -0.4
v -1.7 7.8 -0.4
v -1.6 7.8 -0.4
v -1.5 7.8 -0.4
v 1.5 7.8 -0.4
v 1.6 7.8 -0.4
v 1.7 7.8 -0.4
v 1.8 7.8 -0.4
v -1.6 7.8 -0.5
v -1.5 7.8 -0.5
v 1.5 7.8 -0.5
v 1.6 7.8 -0.5
v -1.8 7.9 0.3
v -1.6 7.9 0.3
v -1.4 7.9 0.3
v -1.3 7.9 0.3
v 1.3 7.9 0.3
v 1.4 7.9 0.3
v 1.6 7.9 0.3
v 1.8 7.9 0.3
v -1.9 7.9 0.2
v -1.8 7.9 0.2
v -1.6 7.9 0.2
v -1.4 7.9 0.2
v -1.3 7.9 0.2
v 1.3 7.9 0.2
v 1.4 7.9 0.2
v 1.6 7.9 0.2
v 1.8 7.9 0.2
v 1.9 7.9 0.2
v -1.9 7.9 -2.38419e-07
v -1.8 7.9 -2.38419e-07
v 1.8 7.9 -2.38419e-07
v 1.9 7.9 -2.38419e-07
v -1.9 7.9 -0.2
v -1.8 7.9 -0.2
v 1.8 7.9 -0.2
v 1.9 7.9 -0.2
v -1.9 7.9 -0.3
v -1.8 7.9 -0.3
v 1.8 7.9 -0.3
v 1.9 7.9 -0.3
v -1.7 7.9 -0.4
v -1.6 7.9 -0.4
v 1.6 7.9 -0.4
v 1.7 7.9 -0.4
v -1.7 7.9 -0.5
v -1.6 7.9 -0.5
v 1.6 7.9 -0.5
v 1.7 7.9 -0.5
v -1.9 8 0.4
v -1.7 8 0.4
v -1.5 8 0.4
v 1.5 8 0.4
v 1.9 8 0.4
v -2 8 0.3
v -1.9 8 0.3
v -1.8 8 0.3
v -1.7 8 0.3
v -1.5 8 0.3
v 1.5 8 0.3
v 1.8 8 0.3
v 1.9 8 0.3
v 2 8 0.3
v -2 8 0.2
v -1.9 8 0.2
v -1.8 8 0.2
v 1.8 8 0.2
v 1.9 8 0.2
v 2 8 0.2
v -2 8 -0.1
v -1.9 8 -0.1
v 1.9 8 -0.1
v 2 8 -0.1
v -1.8 8.1 0.5
v -1.6 8.1 0.5
v 1.6 8.1 0.5
v 1.7 8.1 0.5
v 1.8 8.1 0.5
v -2 8.1 0.4
v -1.9 8.1 0.4
v -1.8 8.1 0.4
v -1.7 8.1 0.4
v -1.6 8.1 0.4
v -1.5 8.1 0.4
v -1.4 8.1 0.4
v 1.4 8.1 0.4
v 1.5 8.1 0.4
v 1.6 8.1 0.4
v 1.7 8.1 0.4
v 1.8 8.1 0.4
v 1.9 8.1 0.4
v 2 8.1 0.4
v -2 8.1 0.3
v -1.9 8.1 0.3
v -1.5 8.1 0.3
v -1.4 8.1 0.3
v 1.4 8.1 0.3
v 1.5 8.1 0.3
v 1.9 8.1 0.3
v 2 8.1 0.3
v -2.1 8.1 0.2
v -2 8.1 0.2
v 2 8.1 0.2
v 2.1 8.1 0.2
v -2.1 8.1 -2.38419e-07
v -2 8.1 -2.38419e-07
v 2 8.1 -2.38419e-07
v 2.1 8.1 -2.38419e-07
v -2 8.1 -0.1
v -1.9 8.1 -0.1
v 1.9 8.1 -0.1
v 2 8.1 -0.1
v -2 8.1 -0.2
v -1.9 8.1 -0.2
v 1.9 8.1 -0.2
v 2 8.1 -0.2
v -1.9 8.2 0.5
v -1.8 8.2 0.5
v -1.6 8.2 0.5
v -1.5 8.2 0.5
v 1.5 8.2 0.5
v 1.6 8.2 0.5
v 1.8 8.2 0.5
v 1.9 8.2 0.5
v -1.9 8.2 0.4
v -1.8 8.2 0.4
v -1.6 8.2 0.4
v -1.5 8.2 0.4
v 1.5 8.2 0.4
v 1.6 8.2 0.4
v 1.8 8.2 0.4
v 1.9 8.2 0.4
v -2.1 8.2 0.3
v -2 8.2 0.3
v -1.4 8.2 0.3
v -1.3 8.2 0.3
v 1.3 8.2 0.3
v 1.4 8.2 0.3
v 2 8.2 0.3
v 2.1 8.2 0.3
v -2.1 8.2 0.2
v -2 8.2 0.2
v -1.4 8.2 0.2
v -1.3 8.2 0.2
v 1.3 8.2 0.2
v 1.4 8.2 0.2
v 2 8.2 0.2
v 2.1 8.2 0.2
v -2.1 8.2 -2.38419e-07
v -2 8.2 -2.38419e-07
v 2 8.2 -2.38419e-07
v 2.1 8.2 -2.38419e-07
v -2.1 8.2 -0.1
v -2 8.2 -0.1
v 2 8.2 -0.1
v 2.1 8.2 -0.1
v -1.9 8.2 -0.2
v -1.8 8.2 -0.2
v 1.8 8.2 -0.2
v 1.9 8.2 -0.2
v -1.9 8.2 -0.3
v -1.8 8.2 -0.3
v 1.8 8.2 -0.3
v 1.9 8.2 -0.3
v -1.8 8.5 0.6
v -1.7 8.5 0.6
v -1.6 8.5 0.6
v 1.6 8.5 0.6
v 1.8 8.5 0.6
v -2 8.5 0.5
v -1.9 8.5 0.5
v -1.8 8.5 0.5
v -1.7 8.5 0.5
v -1.6 8.5 0.5
v -1.5 8.5 0.5
v -1.4 8.5 0.5
v 1.4 8.5 0.5
v 1.5 8.5 0.5
v 1.6 8.5 0.5
v 1.8 8.5 0.5
v 1.9 8.5 0.5
v 2 8.5 0.5
v -2 8.5 0.4
v -1.9 8.5 0.4
v -1.5 8.5 0.4
v -1.4 8.5 0.4
v 1.4 8.5 0.4
v 1.5 8.5 0.4
v 1.9 8.5 0.4
v 2 8.5 0.4
v -2.1 8.5 0.3
v -2 8.5 0.3
v -1.4 8.5 0.3
v -1.3 8.5 0.3
v 1.3 8.5 0.3
v 1.4 8.5 0.3
v 2 8.5 0.3
v 2.1 8.5 0.3
v -2.1 8.5 0.2
v -2 8.5 0.2
v -1.4 8.5 0.2
v -1.3 8.5 0.2
v 1.3 8.5 0.2
v 1.4 8.5 0.2
v 2 8.5 0.2
v 2.1 8.5 0.2
v -1.9 8.6 0.6
v -1.8 8.6 0.6
v -1.6 8.6 0.6
v -1.5 8.6 0.6
v 1.5 8.6 0.6
v 1.6 8.6 0.6
v 1.8 8.6 0.6
v 1.9 8.6 0.6
v -1.9 8.6 0.5
v -1.8 8.6 0.5
v -1.6 8.6 0.5
v -1.5 8.6 0.5
v 1.5 8.6 0.5
v 1.6 8.6 0.5
v 1.8 8.6 0.5
v 1.9 8.6 0.5
v -2.1 8.6 0.4
v -2 8.6 0.4
v -1.4 8.6 0.4
v -1.3 8.6 0.4
v 1.3 8.6 0.4
v 1.4 8.6 0.4
v 2 8.6 0.4
v 2.1 8.6 0.4
v -2.1 8.6 0.3
v -2 8.6 0.3
v -1.4 8.6 0.3
v -1.3 8.6 0.3
v 1.3 8.6 0.3
v 1.4 8.6 0.3
v 2 8.6 0.3
v 2.1 8.6 0.3
v -2.1 8.6 0.0999999
v -2 8.6 0.0999999
v -1.4 8.6 0.0999999
v -1.3 8.6 0.0999999
v 1.3 8.6 0.0999999
v 1.4 8.6 0.0999999
v 2 8.6 0.0999999
v 2.1 8.6 0.0999999
v -2.1 8.6 -2.38419e-07
v -2 8.6 -2.38419e-07
v -1.4 8.6 -2.38419e-07
v -1.3 8.6 -2.38419e-07
v 1.3 8.6 -2.38419e-07
v 1.4 8.6 -2.38419e-07
v 2 8.6 -2.38419e-07
v 2.1 8.6 -2.38419e-07
v -1.9 9 0.6
v -1.8 9 0.6
v -1.6 9 0.6
v -1.5 9 0.6
v 1.5 9 0.6
v 1.6 9 0.6
v 1.8 9 0.6
v 1.9 9 0.6
v -1.9 9 0.5
v -1.8 9 0.5
v -1.6 9 0.5
v -1.5 9 0.5
v 1.5 9 0.5
v 1.6 9 0.5
v 1.8 9 0.5
v 1.9 9 0.5
v -2.1 9 0.4
v -2 9 0.4
v -1.4 9 0.4
v -1.3 9 0.4
v 1.3 9 0.4
v 1.4 9 0.4
v 2 9 0.4
v 2.1 9 0.4
v -2.1 9 0.3
v -2 9 0.3
v -1.4 9 0.3
v -1.3 9 0.3
v 1.3 9 0.3
v 1.4 9 0.3
v 2 9 0.3
v 2.1 9 0.3
v -2.1 9 0.0999999
v -2 9 0.0999999
v -1.4 9 0.0999999
v -1.3 9 0.0999999
v 1.3 9 0.0999999
v 1.4 9 0.0999999
v 2 9 0.0999999
v 2.1 9 0.0999999
v -2.1 9 -2.38419e-07
v -2 9 -2.38419e-07
v -1.4 9 -2.38419e-07
v -1.3 9 -2.38419e-07
v 1.3 9 -2.38419e-07
v 1.4 9 -2.38419e-07
v 2 9 -2.38419e-07
v 2.1 9 -2.38419e-07
v -1.9 9 -0.1
v -1.8 9 -0.1
v -1.6 9 -0.1
v -1.5 9 -0.1
v 1.5 9 -0.1
v 1.6 9 -0.1
v 1.8 9 -0.1
v 1.9 9 -0.1
v -1.9 9 -0.2
v -1.8 9 -0.2
v -1.6 9 -0.2
v -1.5 9 -0.2
v 1.5 9 -0.2
v 1.6 9 -0.2
v 1.8 9 -0.2
v 1.9 9 -0.2
v -1.6 0.1 2.1
v -1.5 0.1 2.1
v 1.5 0.1 2.1
v 1.6 0.1 2.1
v -1.6 0.1 2
v -1.5 0.1 2
v 1.5 0.1 2
v 1.6 0.1 2
v -2.1 0.1 1.8
v -2 0.1 1.8
v 2 0.1 1.8
v 2.1 0.1 1.8
v -2.1 0.1 1.7
v -2 0.1 1.7
v 2 0.1 1.7
v 2.1 0.1 1.7
v -2.4 0.1 1.4
v -2.3 0.1 1.4
v 2.3 0.1 1.4
v 2.4 0.1 1.4
v -2.4 0.1 1.3
v -2.3 0.1 1.3
v 2.3 0.1 1.3
v 2.4 0.1 1.3
v -2.6 0.1 1
v -2.5 0.1 1
v 2.5 0.1 1
v 2.6 0.1 1
v -2.6 0.1 0.9
v -2.5 0.1 0.9
v 2.5 0.1 0.9
v 2.6 0.1 0.9
v -2.6 0.1 -0.3
v -2.5 0.1 -0.3
v 2.5 0.1 -0.3
v 2.6 0.1 -0.3
v -2.7 0.1 -0.4
v -2.6 0.1 -0.4
v -2.5 0.1 -0.4
v 2.5 0.1 -0.4
v 2.6 0.1 -0.4
v 2.7 0.1 -0.4
v -2.7 0.1 -0.5
v -2.6 0.1 -0.5
v 2.6 0.1 -0.5
v 2.7 0.1 -0.5
v -2.7 0.1 -1.9
v -2.6 0.1 -1.9
v 2.6 0.1 -1.9
v 2.7 0.1 -1.9
v -2.7 0.1 -2
v -2.6 0.1 -2
v -2.5 0.1 -2
v 2.5 0.1 -2
v 2.6 0.1 -2
v 2.7 0.1 -2
v -2.6 0.1 -2.1
v -2.5 0.1 -2.1
v -2.4 0.1 -2.1
v 2.4 0.1 -2.1
v 2.5 0.1 -2.1
v 2.6 0.1 -2.1
v -2.5 0.1 -2.2
v -2.4 0.1 -2.2
v -2.3 0.1 -2.2
v 2.3 0.1 -2.2
v 2.4 0.1 -2.2
v 2.5 0.1 -2.2
v -2.4 0.1 -2.3
v -2.3 0.1 -2.3
v 2.3 0.1 -2.3
v 2.4 0.1 -2.3
v -0.8 0.2 2.4
v -0.3 0.2 2.4
v 2.38419e-07 0.2 2.4
v 0.3 0.2 2.4
v 0.5 0.2 2.4
v 0.8 0.2 2.4
v -1.1 0.2 2.3
v -0.9 0.2 2.3
v -0.8 0.2 2.3
v -0.3 0.2 2.3
v -0.0999999 0.2 2.3
v 2.38419e-07 0.2 2.3
v 0.2 0.2 2.3
v 0.3 0.2 2.3
v 0.5 0.2 2.3
v 0.8 0.2 2.3
v 0.9 0.2 2.3
v 1.1 0.2 2.3
v -1.4 0.2 2.2
v -1.2 0.2 2.2
v -1.1 0.2 2.2
v -0.9 0.2 2.2
v 0.9 0.2 2.2
v 1.1 0.2 2.2
v 1.2 0.2 2.2
v 1.4 0.2 2.2
v -1.4 0.2 2.1
v -1.2 0.2 2.1
v 1.2 0.2 2.1
v 1.4 0.2 2.1
v -1.7 0.2 2
v -1.6 0.2 2
v 1.6 0.2 2
v 1.7 0.2 2
v -1.9 0.2 1.9
v -1.8 0.2 1.9
v -1.7 0.2 1.9
v -1.6 0.2 1.9
v 1.6 0.2 1.9
v 1.7 0.2 1.9
v 1.8 0.2 1.9
v 1.9 0.2 1.9
v -1.9 0.2 1.8
v -1.8 0.2 1.8
v 1.8 0.2 1.8
v 1.9 0.2 1.8
v -2.2 0.2 1.6
v -2.1 0.2 1.6
v 2.1 0.2 1.6
v 2.2 0.2 1.6
v -2.2 0.2 1.4
v -2.1 0.2 1.4
v 2.1 0.2 1.4
v 2.2 0.2 1.4
v -2.5 0.2 1.2
v -2.4 0.2 1.2
v 2.4 0.2 1.2
v 2.5 0.2 1.2
v -2.4 0.2 1.1
v -2.5 0.2 1
v -2.4 0.2 1
v 2.4 0.2 1
v 2.5 0.2 1
v -2.7 0.2 0.9
v -2.6 0.2 0.9
v 2.6 0.2 0.9
v 2.7 0.2 0.9
v -2.7 0.2 0.8
v -2.6 0.2 0.8
v 2.6 0.2 0.8
v 2.7 0.2 0.8
v -2.7 0.2 0.2
v -2.6 0.2 0.2
v 2.6 0.2 0.2
v 2.7 0.2 0.2
v -2.7 0.2 -0.2
v -2.6 0.2 -0.2
v 2.6 0.2 -0.2
v 2.7 0.2 -0.2
v -2.8 0.2 -0.6
v -2.7 0.2 -0.6
v 2.7 0.2 -0.6
v 2.8 0.2 -0.6
v -2.8 0.2 -1.8
v -2.7 0.2 -1.8
v 2.7 0.2 -1.8
v 2.8 0.2 -1.8
v -2.2 0.2 -2.3
v 2.2 0.2 -2.3
v -2.2 0.2 -2.4
v 2.2 0.2 -2.4
v -0.9 0.3 2.3
v -0.7 0.3 2.3
v -0.0999999 0.3 2.3
v 0.1 0.3 2.3
v 0.7 0.3 2.3
v 0.9 0.3 2.3
v -1.2 0.3 2.2
v -1 0.3 2.2
v -0.9 0.3 2.2
v -0.7 0.3 2.2
v -0.0999999 0.3 2.2
v 0.1 0.3 2.2
v 0.7 0.3 2.2
v 0.9 0.3 2.2
v 1 0.3 2.2
v 1.2 0.3 2.2
v -1.5 0.3 2.1
v -1.3 0.3 2.1
v -1.2 0.3 2.1
v -1 0.3 2.1
v 1 0.3 2.1
v 1.2 0.3 2.1
v 1.3 0.3 2.1
v 1.5 0.3 2.1
v -1.6 0.3 2
v -1.5 0.3 2
v -1.3 0.3 2
v 1.3 0.3 2
v 1.5 0.3 2
v 1.6 0.3 2
v -1.8 0.3 1.9
v -1.6 0.3 1.9
v -1.5 0.3 1.9
v 1.5 0.3 1.9
v 1.6 0.3 1.9
v 1.8 0.3 1.9
v -2 0.3 1.8
v -1.8 0.3 1.8
v -1.6 0.3 1.8
v 1.6 0.3 1.8
v 1.8 0.3 1.8
v 2 0.3 1.8
v -2.1 0.3 1.7
v -2 0.3 1.7
v -1.8 0.3 1.7
v 1.8 0.3 1.7
v 2 0.3 1.7
v 2.1 0.3 1.7
v -2.1 0.3 1.6
v -2 0.3 1.6
v -2.1 0.3 1.5
v -2 0.3 1.5
v 2 0.3 1.5
v 2.1 0.3 1.5
v -2.3 0.3 1.4
v -2.2 0.3 1.4
v -2.1 0.3 1.4
v 2.1 0.3 1.4
v 2.3 0.3 1.4
v -2.4 0.3 1.3
v -2.3 0.3 1.3
v -2.2 0.3 1.3
v -2.1 0.3 1.3
v 2.1 0.3 1.3
v 2.3 0.3 1.3
v 2.4 0.3 1.3
v -2.4 0.3 1.1
v -2.3 0.3 1.1
v 2.3 0.3 1.1
v 2.4 0.3 1.1
v -2.5 0.3 1
v -2.4 0.3 1
v 2.4 0.3 1
v 2.5 0.3 1
v -2.5 0.3 0.9
v -2.4 0.3 0.9
v 2.4 0.3 0.9
v 2.5 0.3 0.9
v -2.8 0.3 0.7
v -2.7 0.3 0.7
v 2.7 0.3 0.7
v 2.8 0.3 0.7
v -2.8 0.3 0.3
v -2.7 0.3 0.3
v 2.7 0.3 0.3
v 2.8 0.3 0.3
v -2.6 0.3 -0.1
v -2.5 0.3 -0.1
v 2.5 0.3 -0.1
v 2.6 0.3 -0.1
v -2.6 0.3 -0.3
v -2.5 0.3 -0.3
v -2.3 0.3 -0.3
v 2.3 0.3 -0.3
v 2.5 0.3 -0.3
v 2.6 0.3 -0.3
v -2.6 0.3 -0.4
v -2.5 0.3 -0.4
v -2.4 0.3 -0.4
v -2.3 0.3 -0.4
v -2.2 0.3 -0.4
v -2.1 0.3 -0.4
v 2.1 0.3 -0.4
v 2.2 0.3 -0.4
v 2.3 0.3 -0.4
v 2.4 0.3 -0.4
v 2.5 0.3 -0.4
v 2.6 0.3 -0.4
v -2.7 0.3 -0.5
v -2.6 0.3 -0.5
v -2.4 0.3 -0.5
v -2.2 0.3 -0.5
v -2.1 0.3 -0.5
v 2.1 0.3 -0.5
v 2.2 0.3 -0.5
v 2.4 0.3 -0.5
v 2.6 0.3 -0.5
v 2.7 0.3 -0.5
v -2.7 0.3 -0.7
v -2.6 0.3 -0.7
v 2.6 0.3 -0.7
v 2.7 0.3 -0.7
v -2.7 0.3 -1.7
v -2.6 0.3 -1.7
v 2.6 0.3 -1.7
v 2.7 0.3 -1.7
v -2.7 0.3 -1.9
v -2.6 0.3 -1.9
v -2.5 0.3 -1.9
v 2.5 0.3 -1.9
v 2.6 0.3 -1.9
v 2.7 0.3 -1.9
v -2.6 0.3 -2
v -2.5 0.3 -2
v -2.4 0.3 -2
v 2.4 0.3 -2
v 2.5 0.3 -2
v 2.6 0.3 -2
v -2.5 0.3 -2.1
v -2.4 0.3 -2.1
v -2.3 0.3 -2.1
v 2.3 0.3 -2.1
v 2.4 0.3 -2.1
v 2.5 0.3 -2.1
v -2.4 0.3 -2.2
v -2.3 0.3 -2.2
v -2.2 0.3 -2.2
v -2.1 0.3 -2.2
v -0.0999999 0.3 -2.2
v 0.1 0.3 -2.2
v 2.1 0.3 -2.2
v 2.3 0.3 -2.2
v 2.4 0.3 -2.2
v -2.3 0.3 -2.3
v -2.2 0.3 -2.3
v -2.1 0.3 -2.3
v -0.0999999 0.3 -2.3
v 0.1 0.3 -2.3
v 2.1 0.3 -2.3
v 2.3 0.3 -2.3
v -0.7 0.4 2.3
v -0.0999999 0.4 2.3
v 0.1 0.4 2.3
v 0.4 0.4 2.3
v 0.5 0.4 2.3
v 0.7 0.4 2.3
v -1 0.4 2.2
v -0.7 0.4 2.2
v -0.0999999 0.4 2.2
v 0.1 0.4 2.2
v 0.3 0.4 2.2
v 0.4 0.4 2.2
v 0.5 0.4 2.2
v 0.7 0.4 2.2
v 1 0.4 2.2
v -1.3 0.4 2.1
v -1 0.4 2.1
v -0.8 0.4 2.1
v 0.3 0.4 2.1
v 0.4 0.4 2.1
v 0.5 0.4 2.1
v 0.6 0.4 2.1
v 0.8 0.4 2.1
v 1 0.4 2.1
v 1.3 0.4 2.1
v -1.5 0.4 2
v -1.3 0.4 2
v -1.1 0.4 2
v -0.8 0.4 2
v 0.8 0.4 2
v 1.1 0.4 2
v 1.3 0.4 2
v 1.5 0.4 2
v -1.6 0.4 1.9
v -1.5 0.4 1.9
v -1.4 0.4 1.9
v -1.1 0.4 1.9
v 1.1 0.4 1.9
v 1.4 0.4 1.9
v 1.5 0.4 1.9
v 1.6 0.4 1.9
v -1.8 0.4 1.8
v -1.6 0.4 1.8
v -1.5 0.4 1.8
v -1.4 0.4 1.8
v 1.4 0.4 1.8
v 1.5 0.4 1.8
v 1.6 0.4 1.8
v 1.8 0.4 1.8
v -2 0.4 1.7
v -1.8 0.4 1.7
v -1.7 0.4 1.7
v -1.5 0.4 1.7
v 1.5 0.4 1.7
v 1.7 0.4 1.7
v 1.8 0.4 1.7
v 2 0.4 1.7
v -1.9 0.4 1.6
v -1.7 0.4 1.6
v 1.7 0.4 1.6
v 1.9 0.4 1.6
v -2.1 0.4 1.5
v -2 0.4 1.5
v -1.9 0.4 1.5
v 1.9 0.4 1.5
v 2 0.4 1.5
v 2.1 0.4 1.5
v -2.3 0.4 1.3
v -2.2 0.4 1.3
v -2.1 0.4 1.3
v -2 0.4 1.3
v -1.9 0.4 1.3
v 1.9 0.4 1.3
v 2 0.4 1.3
v 2.1 0.4 1.3
v 2.3 0.4 1.3
v -2.2 0.4 1.2
v -2 0.4 1.2
v 2 0.4 1.2
v 2.2 0.4 1.2
v -2.4 0.4 1.1
v -2.3 0.4 1.1
v -2.2 0.4 1.1
v 2.3 0.4 1.1
v 2.4 0.4 1.1
v -2.6 0.4 0.9
v -2.4 0.4 0.9
v -2.3 0.4 0.9
v -2.2 0.4 0.9
v 2.2 0.4 0.9
v 2.4 0.4 0.9
v 2.6 0.4 0.9
v -2.7 0.4 0.8
v -2.6 0.4 0.8
v -2.4 0.4 0.8
v 2.4 0.4 0.8
v 2.6 0.4 0.8
v 2.7 0.4 0.8
v -2.6 0.4 0.7
v 2.6 0.4 0.7
v -2.7 0.4 0.6
v -2.6 0.4 0.6
v 2.6 0.4 0.6
v 2.7 0.4 0.6
v -2.7 0.4 0.4
v -2.6 0.4 0.4
v 2.6 0.4 0.4
v 2.7 0.4 0.4
v -2.7 0.4 0.2
v -2.6 0.4 0.2
v 2.6 0.4 0.2
v 2.7 0.4 0.2
v -2.7 2.4 -1.2
v -2.6 2.4 -1.2
v 2.6 2.4 -1.2
v 2.7 2.4 -1.2
v -2.7 2.4 -1.3
v -2.6 2.4 -1.3
v -2.7 2.4 -1.4
v -2.6 2.4 -1.4
v -2.7 2.4 -1.5
v -2.6 2.4 -1.5
v -2.6 2.4 -1.6
v -2.7 2.4 -1.7
v -2.6 2.4 -1.7
v -2.5 2.4 -1.7
v 2.5 2.4 -1.7
v 2.6 2.4 -1.7
v 2.7 2.4 -1.7
v -2.6 2.4 -1.9
v -2.5 2.4 -1.9
v 2.5 2.4 -1.9
v 2.6 2.4 -1.9
v -1.6 2.4 -2.2
v -1.5 2.4 -2.2
v 1.5 2.4 -2.2
v 1.6 2.4 -2.2
v -1.6 2.4 -2.3
v -1.5 2.4 -2.3
v 1.5 2.4 -2.3
v 1.6 2.4 -2.3
v -2.4 2.5 -2.1
v -2.3 2.5 -2.1
v 2.3 2.5 -2.1
v 2.4 2.5 -2.1
v -2.4 2.5 -2.2
v -2.3 2.5 -2.2
v 2.3 2.5 -2.2
v 2.4 2.5 -2.2
v -1.5 2.5 -2.3
v -1.4 2.5 -2.3
v 1.4 2.5 -2.3
v 1.5 2.5 -2.3
v -1.5 2.5 -2.4
v -1.4 2.5 -2.4
v 1.4 2.5 -2.4
v 1.5 2.5 -2.4
v -0.8 2.6 2.5
v -0.7 2.6 2.5
v -0.6 2.6 2.5
v -0.5 2.6 2.5
v -0.4 2.6 2.5
v -0.0999999 2.6 2.5
v 0.1 2.6 2.5
v 0.2 2.6 2.5
v 0.8 2.6 2.5
v -1.1 2.6 2.4
v -0.9 2.6 2.4
v -0.8 2.6 2.4
v -0.7 2.6 2.4
v -0.6 2.6 2.4
v -0.5 2.6 2.4
v -0.4 2.6 2.4
v -0.3 2.6 2.4
v -0.0999999 2.6 2.4
v 0.1 2.6 2.4
v 0.2 2.6 2.4
v 0.8 2.6 2.4
v 0.9 2.6 2.4
v 1.1 2.6 2.4
v -1.1 2.6 2.3
v -1 2.6 2.3
v -0.9 2.6 2.3
v 0.9 2.6 2.3
v 1.1 2.6 2.3
v -2.1 2.6 1.7
v -2 2.6 1.7
v 2 2.6 1.7
v 2.1 2.6 1.7
v -2.1 2.6 1.6
v -2 2.6 1.6
v 2 2.6 1.6
v 2.1 2.6 1.6
v -2.7 2.6 1.1
v -2.6 2.6 1.1
v 2.6 2.6 1.1
v 2.7 2.6 1.1
v -2.7 2.6 0.9
v -2.6 2.6 0.9
v 2.6 2.6 0.9
v 2.7 2.6 0.9
v -2.9 2.6 -0.6
v -2.8 2.6 -0.6
v 2.8 2.6 -0.6
v 2.9 2.6 -0.6
v -2.9 2.6 -0.7
v -2.8 2.6 -0.7
v 2.8 2.6 -0.7
v 2.9 2.6 -0.7
v -2.6 2.6 -1.2
v -2.5 2.6 -1.2
v 2.5 2.6 -1.2
v 2.6 2.6 -1.2
v -2.6 2.6 -1.3
v -2.5 2.6 -1.3
v -2.6 2.6 -1.4
v -2.5 2.6 -1.4
v -2.6 2.6 -1.5
v -2.5 2.6 -1.5
v -2.6 2.6 -1.6
v -2.5 2.6 -1.6
v -2.6 2.6 -1.7
v -2.5 2.6 -1.7
v 2.5 2.6 -1.7
v 2.6 2.6 -1.7
v -2.5 2.6 -1.8
v -2.4 2.6 -1.8
v 2.4 2.6 -1.8
v 2.5 2.6 -1.8
v -2.4 2.6 -1.9
v -2.5 2.6 -2
v -2.4 2.6 -2
v 2.4 2.6 -2
v 2.5 2.6 -2
v -2.2 2.6 -2.2
v -1.6 2.6 -2.2
v 1.6 2.6 -2.2
v 2.2 2.6 -2.2
v -2.2 2.6 -2.3
v -1.6 2.6 -2.3
v 1.6 2.6 -2.3
v 2.2 2.6 -2.3
v -1.3 2.6 -2.4
v -0.4 2.6 -2.4
v -0.3 2.6 -2.4
v -0.0999999 2.6 -2.4
v 1.3 2.6 -2.4
v -1.3 2.6 -2.5
v -0.4 2.6 -2.5
v -0.0999999 2.6 -2.5
v 1.3 2.6 -2.5
v -0.9 2.7 2.4
v -0.7 2.7 2.4
v -0.6 2.7 2.4
v -0.5 2.7 2.4
v -0.4 2.7 2.4
v -0.3 2.7 2.4
v -0.0999999 2.7 2.4
v 2.38419e-07 2.7 2.4
v 0.1 2.7 2.4
v 0.2 2.7 2.4
v 0.9 2.7 2.4
v -1.2 2.7 2.3
v -1.1 2.7 2.3
v -1 2.7 2.3
v -0.9 2.7 2.3
v -0.8 2.7 2.3
v -0.7 2.7 2.3
v -0.6 2.7 2.3
v -0.5 2.7 2.3
v -0.4 2.7 2.3
v -0.3 2.7 2.3
v -0.2 2.7 2.3
v -0.0999999 2.7 2.3
v 2.38419e-07 2.7 2.3
v 0.1 2.7 2.3
v 0.2 2.7 2.3
v 0.9 2.7 2.3
v 1 2.7 2.3
v 1.2 2.7 2.3
v -1.2 2.7 2.2
v -1.1 2.7 2.2
v -1 2.7 2.2
v 1 2.7 2.2
v 1.2 2.7 2.2
v -2.2 2.7 1.6
v -2.1 2.7 1.6
v 2.1 2.7 1.6
v 2.2 2.7 1.6
v -2.3 2.7 1.5
v -2.2 2.7 1.5
v -2.1 2.7 1.5
v 2.1 2.7 1.5
v 2.2 2.7 1.5
v 2.3 2.7 1.5
v -2.3 2.7 1.4
v -2.2 2.7 1.4
v 2.2 2.7 1.4
v 2.3 2.7 1.4
v -2.5 2.7 1.3
v -2.4 2.7 1.3
v 2.4 2.7 1.3
v 2.5 2.7 1.3
v -2.6 2.7 1.2
v -2.5 2.7 1.2
v 2.5 2.7 1.2
v 2.6 2.7 1.2
v -2.5 2.7 1.1
v -2.4 2.7 1.1
v 2.4 2.7 1.1
v 2.5 2.7 1.1
v -2.6 2.7 1
v -2.5 2.7 1
v 2.5 2.7 1
v 2.6 2.7 1
v -2.8 2.7 -0.3
v -2.7 2.7 -0.3
v 2.7 2.7 -0.3
v 2.8 2.7 -0.3
v -2.8 2.7 -0.4
v -2.7 2.7 -0.4
v 2.7 2.7 -0.4
v 2.8 2.7 -0.4
v -2.9 2.7 -0.7
v -2.8 2.7 -0.7
v 2.8 2.7 -0.7
v 2.9 2.7 -0.7
v -2.9 2.7 -1
v -2.8 2.7 -1
v 2.8 2.7 -1
v 2.9 2.7 -1
v -2.7 2.7 -1.1
v -2.6 2.7 -1.1
v -2.5 2.7 -1.1
v 2.5 2.7 -1.1
v 2.6 2.7 -1.1
v 2.7 2.7 -1.1
v -2.7 2.7 -1.2
v -2.6 2.7 -1.2
v -2.5 2.7 -1.2
v 2.5 2.7 -1.2
v 2.6 2.7 -1.2
v 2.7 2.7 -1.2
v -2.5 2.7 -1.6
v -2.4 2.7 -1.6
v 2.4 2.7 -1.6
v 2.5 2.7 -1.6
v -2.5 2.7 -1.7
v -2.4 2.7 -1.7
v -2.5 2.7 -1.8
v -2.4 2.7 -1.8
v 2.4 2.7 -1.8
v 2.5 2.7 -1.8
v -2.4 2.7 -1.9
v -2.3 2.7 -1.9
v 2.3 2.7 -1.9
v 2.4 2.7 -1.9
v -2.4 2.7 -2.1
v -2.3 2.7 -2.1
v -2.2 2.7 -2.1
v -2.1 2.7 -2.1
v -1.7 2.7 -2.1
v -1.4 2.7 -2.1
v 1.4 2.7 -2.1
v 1.7 2.7 -2.1
v 2.1 2.7 -2.1
v 2.3 2.7 -2.1
v 2.4 2.7 -2.1
v -2.3 2.7 -2.2
v -2.2 2.7 -2.2
v -2.1 2.7 -2.2
v -1.7 2.7 -2.2
v -1.5 2.7 -2.2
v 1.5 2.7 -2.2
v 1.7 2.7 -2.2
v 2.1 2.7 -2.2
v 2.3 2.7 -2.2
v -1.5 2.7 -2.3
v -1.4 2.7 -2.3
v -1.2 2.7 -2.3
v 1.2 2.7 -2.3
v 1.4 2.7 -2.3
v 1.5 2.7 -2.3
v -1.4 2.7 -2.4
v -1.2 2.7 -2.4
v 1.2 2.7 -2.4
v 1.4 2.7 -2.4
v -1 2.8 2.3
v -0.9 2.8 2.3
v -0.8 2.8 2.3
v -0.7 2.8 2.3
v -0.6 2.8 2.3
v -0.5 2.8 2.3
v -0.4 2.8 2.3
v -0.3 2.8 2.3
v -0.2 2.8 2.3
v -0.0999999 2.8 2.3
v 2.38419e-07 2.8 2.3
v 0.1 2.8 2.3
v 0.2 2.8 2.3
v 1 2.8 2.3
v -1.3 2.8 2.2
v -1.2 2.8 2.2
v -1 2.8 2.2
v -0.9 2.8 2.2
v -0.8 2.8 2.2
v -0.7 2.8 2.2
v -0.6 2.8 2.2
v -0.5 2.8 2.2
v -0.4 2.8 2.2
v -0.3 2.8 2.2
v -0.2 2.8 2.2
v -0.0999999 2.8 2.2
v 2.38419e-07 2.8 2.2
v 0.1 2.8 2.2
v 0.2 2.8 2.2
v 0.3 2.8 2.2
v 0.9 2.8 2.2
v 1 2.8 2.2
v 1.3 2.8 2.2
v -1.4 2.8 2.1
v -1.3 2.8 2.1
v -1.2 2.8 2.1
v -1 2.8 2.1
v -0.9 2.8 2.1
v 0.9 2.8 2.1
v 1.3 2.8 2.1
v 1.4 2.8 2.1
v -1.6 2.8 2
v -1.5 2.8 2
v -1.4 2.8 2
v -1.3 2.8 2
v 1.3 2.8 2
v 1.4 2.8 2
v 1.5 2.8 2
v 1.6 2.8 2
v -1.8 2.8 1.9
v -1.7 2.8 1.9
v -1.6 2.8 1.9
v -1.5 2.8 1.9
v 1.5 2.8 1.9
v 1.6 2.8 1.9
v 1.7 2.8 1.9
v 1.8 2.8 1.9
v -1.8 2.8 1.8
v -1.7 2.8 1.8
v -0.3 2.8 1.8
v 0.3 2.8 1.8
v 1.7 2.8 1.8
v 1.8 2.8 1.8
v -2 2.8 1.7
v -1.9 2.8 1.7
v -0.3 2.8 1.7
v 0.3 2.8 1.7
v 1.9 2.8 1.7
v 2 2.8 1.7
v -2.1 2.8 1.6
v -2 2.8 1.6
v 2 2.8 1.6
v 2.1 2.8 1.6
v -2.2 2.8 1.5
v -2.1 2.8 1.5
v -2 2.8 1.5
v -1.9 2.8 1.5
v 1.9 2.8 1.5
v 2 2.8 1.5
v 2.1 2.8 1.5
v 2.2 2.8 1.5
v -2.4 2.8 1.4
v -2.2 2.8 1.4
v -2.1 2.8 1.4
v -2 2.8 1.4
v 2 2.8 1.4
v 2.1 2.8 1.4
v 2.2 2.8 1.4
v 2.4 2.8 1.4
v -2.3 2.8 1.3
v -2.1 2.8 1.3
v 2.1 2.8 1.3
v 2.3 2.8 1.3
v -1.8 2.8 1.2
v -1.7 2.8 1.2
v 1.7 2.8 1.2
v 1.8 2.8 1.2
v -2.5 2.8 1.1
v -2.4 2.8 1.1
v -1.9 2.8 1.1
v -1.8 2.8 1.1
v -1.7 2.8 1.1
v 1.7 2.8 1.1
v 1.8 2.8 1.1
v 1.9 2.8 1.1
v 2.4 2.8 1.1
v 2.5 2.8 1.1
v -2.5 2.8 1
v -2.3 2.8 1
v -1.9 2.8 1
v -1.8 2.8 1
v 1.8 2.8 1
v 1.9 2.8 1
v 2.3 2.8 1
v 2.5 2.8 1
v -2.7 2.8 0.9
v -2.6 2.8 0.9
v 2.6 2.8 0.9
v 2.7 2.8 0.9
v -2.7 2.8 0.8
v -2.6 2.8 0.8
v 2.6 2.8 0.8
v 2.7 2.8 0.8
v -2.8 2.8 0.7
v -2.7 2.8 0.7
v 2.7 2.8 0.7
v 2.8 2.8 0.7
v -2.8 2.8 0.6
v -2.7 2.8 0.6
v 2.7 2.8 0.6
v 2.8 2.8 0.6
v -2.8 2.8 -0.4
v -2.7 2.8 -0.4
v 2.7 2.8 -0.4
v 2.8 2.8 -0.4
v -2.7 2.8 -1
v -2.6 2.8 -1
v -2.5 2.8 -1
v 2.5 2.8 -1
v 2.6 2.8 -1
v 2.7 2.8 -1
v -2.8 2.8 -1.1
v -2.7 2.8 -1.1
v -2.5 2.8 -1.1
v 2.5 2.8 -1.1
v 2.7 2.8 -1.1
v 2.8 2.8 -1.1
v -1.5 2.9 2
v -1.4 2.9 2
v 1.4 2.9 2
v 1.5 2.9 2
v -1.7 2.9 1.9
v -1.5 2.9 1.9
v -1.4 2.9 1.9
v 1.4 2.9 1.9
v 1.5 2.9 1.9
v 1.7 2.9 1.9
v -1.7 2.9 1.8
v -1.5 2.9 1.8
v 1.5 2.9 1.8
v 1.7 2.9 1.8
v -2.8 2.9 0.6
v -2.7 2.9 0.6
v 2.7 2.9 0.6
v 2.8 2.9 0.6
v -2.8 2.9 0.4
v -2.7 2.9 0.4
v 2.7 2.9 0.4
v 2.8 2.9 0.4
v -2.8 3 0.4
v -2.7 3 0.4
v 2.7 3 0.4
v 2.8 3 0.4
v -2.8 3 0.3
v -2.7 3 0.3
v 2.7 3 0.3
v 2.8 3 0.3
v -2.9 3 0.2
v -2.8 3 0.2
v 2.8 3 0.2
v 2.9 3 0.2
v -2.9 3 0.0999999
v -2.8 3 0.0999999
v 2.8 3 0.0999999
v 2.9 3 0.0999999
v -2.8 3.1 0.3
v -2.7 3.1 0.3
v 2.7 3.1 0.3
v 2.8 3.1 0.3
v -2.8 3.1 0.2
v -2.7 3.1 0.2
v 2.7 3.1 0.2
v 2.8 3.1 0.2
v -2.9 3.1 0.0999999
v -2.8 3.1 0.0999999
v 2.8 3.1 0.0999999
v 2.9 3.1 0.0999999
v -2.9 3.1 -0.2
v -2.8 3.1 -0.2
v 2.8 3.1 -0.2
v 2.9 3.1 -0.2
v -1.3 3.9 2.1
v -1.2 3.9 2.1
v -1.1 3.9 2.1
v 1.1 3.9 2.1
v 1.3 3.9 2.1
v -1.4 3.9 2
v -1.3 3.9 2
v -1.2 3.9 2
v -1.1 3.9 2
v 1.1 3.9 2
v 1.3 3.9 2
v 1.4 3.9 2
v -1.4 3.9 1.9
v -1.3 3.9 1.9
v 1.3 3.9 1.9
v 1.4 3.9 1.9
v -1.9 3.9 1.8
v -1.7 3.9 1.8
v -1.6 3.9 1.8
v 1.6 3.9 1.8
v 1.9 3.9 1.8
v -1.9 3.9 1.7
v -1.7 3.9 1.7
v -1.6 3.9 1.7
v 1.6 3.9 1.7
v 1.7 3.9 1.7
v 1.9 3.9 1.7
v -1.8 3.9 1.6
v -1.7 3.9 1.6
v 1.7 3.9 1.6
v 1.8 3.9 1.6
v -2 3.9 1.5
v -1.9 3.9 1.5
v -1.8 3.9 1.5
v 1.8 3.9 1.5
v 1.9 3.9 1.5
v 2 3.9 1.5
v -2.1 3.9 1.4
v -2 3.9 1.4
v -1.9 3.9 1.4
v 1.9 3.9 1.4
v 2 3.9 1.4
v 2.1 3.9 1.4
v -2.3 3.9 1.3
v -2.1 3.9 1.3
v -2 3.9 1.3
v 2 3.9 1.3
v 2.1 3.9 1.3
v 2.3 3.9 1.3
v -2.3 3.9 1.2
v -2.1 3.9 1.2
v 2.1 3.9 1.2
v 2.3 3.9 1.2
v -2.6 3.9 1
v -2.5 3.9 1
v 2.5 3.9 1
v 2.6 3.9 1
v -2.6 3.9 0.9
v -2.5 3.9 0.9
v 2.5 3.9 0.9
v 2.6 3.9 0.9
v -2.3 3.9 -2
v -2.2 3.9 -2
v 2.2 3.9 -2
v 2.3 3.9 -2
v -2.3 3.9 -2.1
v -2.2 3.9 -2.1
v 2.2 3.9 -2.1
v 2.3 3.9 -2.1
v -1.8 4 -2.3
v -1.7 4 -2.3
v 1.7 4 -2.3
v 1.8 4 -2.3
v -1.8 4 -2.4
v -1.7 4 -2.4
v 1.7 4 -2.4
v 1.8 4 -2.4
v -1.6 4 -2.5
v -1.3 4 -2.5
v 1.3 4 -2.5
v 1.6 4 -2.5
v -1.6 4 -2.6
v -1.3 4 -2.6
v 1.3 4 -2.6
v 1.6 4 -2.6
v -0.9 4.1 2.2
v 0.6 4.1 2.2
v 0.8 4.1 2.2
v 0.9 4.1 2.2
v -1.1 4.1 2.1
v -1 4.1 2.1
v -0.9 4.1 2.1
v 0.6 4.1 2.1
v 0.7 4.1 2.1
v 0.8 4.1 2.1
v 0.9 4.1 2.1
v 1 4.1 2.1
v 1.1 4.1 2.1
v -1.3 4.1 2
v -1.2 4.1 2
v -1.1 4.1 2
v -1 4.1 2
v 1 4.1 2
v 1.1 4.1 2
v 1.2 4.1 2
v 1.3 4.1 2
v -1.5 4.1 1.9
v -1.4 4.1 1.9
v -1.3 4.1 1.9
v -1.2 4.1 1.9
v 1.2 4.1 1.9
v 1.3 4.1 1.9
v 1.4 4.1 1.9
v 1.5 4.1 1.9
v -1.5 4.1 1.8
v -1.4 4.1 1.8
v 1.4 4.1 1.8
v 1.5 4.1 1.8
v -2 4.1 1.4
v -1.9 4.1 1.4
v 1.9 4.1 1.4
v 2 4.1 1.4
v -2.1 4.1 1.3
v -2 4.1 1.3
v 2 4.1 1.3
v 2.1 4.1 1.3
v -2.3 4.1 1.2
v -2.2 4.1 1.2
v -2.1 4.1 1.2
v -1.9 4.1 1.2
v 1.9 4.1 1.2
v 2.1 4.1 1.2
v 2.2 4.1 1.2
v 2.3 4.1 1.2
v -2.3 4.1 1.1
v -2.2 4.1 1.1
v 2.2 4.1 1.1
v 2.3 4.1 1.1
v -2.8 4.1 0.7
v -2.7 4.1 0.7
v 2.7 4.1 0.7
v 2.8 4.1 0.7
v -2.8 4.1 0.6
v -2.7 4.1 0.6
v 2.7 4.1 0.6
v 2.8 4.1 0.6
v -2.9 4.1 0.5
v -2.8 4.1 0.5
v 2.8 4.1 0.5
v 2.9 4.1 0.5
v -2.9 4.1 0.3
v -2.8 4.1 0.3
v 2.8 4.1 0.3
v 2.9 4.1 0.3
v -3 4.1 0.2
v -2.9 4.1 0.2
v 2.9 4.1 0.2
v 3 4.1 0.2
v -3 4.1 -0.8
v -2.9 4.1 -0.8
v 2.9 4.1 -0.8
v 3 4.1 -0.8
v -2.9 4.1 -0.9
v -2.8 4.1 -0.9
v 2.8 4.1 -0.9
v 2.9 4.1 -0.9
v -2.9 4.1 -1
v -2.8 4.1 -1
v -2.9 4.1 -1.1
v -2.8 4.1 -1.1
v 2.8 4.1 -1.1
v 2.9 4.1 -1.1
v -2.8 4.1 -1.2
v -2.7 4.1 -1.2
v 2.7 4.1 -1.2
v 2.8 4.1 -1.2
v -2.8 4.1 -1.3
v -2.7 4.1 -1.3
v -2.8 4.1 -1.4
v -2.7 4.1 -1.4
v 2.7 4.1 -1.4
v 2.8 4.1 -1.4
v -2.7 4.1 -1.5
v -2.6 4.1 -1.5
v 2.6 4.1 -1.5
v 2.7 4.1 -1.5
v -2.7 4.1 -1.6
v -2.6 4.1 -1.6
v 2.6 4.1 -1.6
v 2.7 4.1 -1.6
v -2 4.1 -2.2
v -1.8 4.1 -2.2
v 1.8 4.1 -2.2
v 2 4.1 -2.2
v -2 4.1 -2.3
v -1.8 4.1 -2.3
v -1.7 4.1 -2.3
v -1.6 4.1 -2.3
v 1.6 4.1 -2.3
v 1.7 4.1 -2.3
v 1.8 4.1 -2.3
v 2 4.1 -2.3
v -1.6 4.1 -2.4
v -1.2 4.1 -2.4
v 1.2 4.1 -2.4
v 1.6 4.1 -2.4
v -1.7 4.1 -2.5
v -1.2 4.1 -2.5
v -1.1 4.1 -2.5
v 1.1 4.1 -2.5
v 1.2 4.1 -2.5
v 1.7 4.1 -2.5
v -1.1 4.1 -2.6
v 1.1 4.1 -2.6
v -1 4.2 2.1
v 0.7 4.2 2.1
v 0.9 4.2 2.1
v 1 4.2 2.1
v -1.2 4.2 2
v -1 4.2 2
v -0.9 4.2 2
v 0.7 4.2 2
v 0.9 4.2 2
v 1 4.2 2
v 1.1 4.2 2
v 1.2 4.2 2
v -1.4 4.2 1.9
v -1.2 4.2 1.9
v -1.1 4.2 1.9
v -0.9 4.2 1.9
v 0.9 4.2 1.9
v 1 4.2 1.9
v 1.1 4.2 1.9
v 1.2 4.2 1.9
v 1.4 4.2 1.9
v -1.6 4.2 1.8
v -1.5 4.2 1.8
v -1.4 4.2 1.8
v -1.3 4.2 1.8
v -1.2 4.2 1.8
v -1.1 4.2 1.8
v 1.1 4.2 1.8
v 1.2 4.2 1.8
v 1.3 4.2 1.8
v 1.4 4.2 1.8
v 1.6 4.2 1.8
v -1.7 4.2 1.7
v -1.6 4.2 1.7
v -1.5 4.2 1.7
v -1.4 4.2 1.7
v -1.3 4.2 1.7
v 1.3 4.2 1.7
v 1.4 4.2 1.7
v 1.5 4.2 1.7
v 1.6 4.2 1.7
v 1.7 4.2 1.7
v -1.8 4.2 1.6
v -1.7 4.2 1.6
v -1.6 4.2 1.6
v -1.5 4.2 1.6
v 1.5 4.2 1.6
v 1.6 4.2 1.6
v 1.7 4.2 1.6
v 1.8 4.2 1.6
v -1.9 4.2 1.5
v -1.8 4.2 1.5
v -1.7 4.2 1.5
v -1.6 4.2 1.5
v 1.6 4.2 1.5
v 1.7 4.2 1.5
v 1.8 4.2 1.5
v 1.9 4.2 1.5
v -1.9 4.2 1.4
v -1.8 4.2 1.4
v -1.7 4.2 1.4
v 1.7 4.2 1.4
v 1.8 4.2 1.4
v -2.2 4.2 1.2
v -1.9 4.2 1.2
v 1.9 4.2 1.2
v 2.2 4.2 1.2
v -2.4 4.2 1.1
v -2.2 4.2 1.1
v -2.1 4.2 1.1
v -2 4.2 1.1
v -1.9 4.2 1.1
v -1.8 4.2 1.1
v 1.8 4.2 1.1
v 2.1 4.2 1.1
v 2.2 4.2 1.1
v 2.4 4.2 1.1
v -2.5 4.2 1
v -2.4 4.2 1
v -2.3 4.2 1
v -2.1 4.2 1
v 2.1 4.2 1
v 2.3 4.2 1
v 2.4 4.2 1
v 2.5 4.2 1
v -2.6 4.2 0.9
v -2.5 4.2 0.9
v -2.4 4.2 0.9
v -2.3 4.2 0.9
v 2.3 4.2 0.9
v 2.4 4.2 0.9
v 2.5 4.2 0.9
v 2.6 4.2 0.9
v -2.7 4.2 0.8
v -2.6 4.2 0.8
v -2.5 4.2 0.8
v -2.4 4.2 0.8
v 2.4 4.2 0.8
v 2.5 4.2 0.8
v 2.6 4.2 0.8
v 2.7 4.2 0.8
v -2.6 4.2 0.7
v -2.5 4.2 0.7
v 2.5 4.2 0.7
v 2.6 4.2 0.7
v -2.8 4.2 0.6
v -2.7 4.2 0.6
v -2.6 4.2 0.6
v 2.6 4.2 0.6
v 2.7 4.2 0.6
v 2.8 4.2 0.6
v -2.7 4.2 0.5
v -2.6 4.2 0.5
v 2.6 4.2 0.5
v 2.7 4.2 0.5
v -2.9 4.2 0.3
v -2.8 4.2 0.3
v 2.8 4.2 0.3
v 2.9 4.2 0.3
v -2.8 4.2 0.2
v -2.7 4.2 0.2
v 2.7 4.2 0.2
v 2.8 4.2 0.2
v -2.8 4.2 -0.8
v -2.7 4.2 -0.8
v 2.7 4.2 -0.8
v 2.8 4.2 -0.8
v -2.9 4.2 -0.9
v -2.8 4.2 -0.9
v 2.8 4.2 -0.9
v 2.9 4.2 -0.9
v -2.8 4.2 -1.1
v -2.7 4.2 -1.1
v -2.6 4.2 -1.1
v 2.6 4.2 -1.1
v 2.7 4.2 -1.1
v -2.8 4.2 -1.2
v -2.7 4.2 -1.2
v -2.6 4.2 -1.2
v 2.7 4.2 -1.2
v 2.8 4.2 -1.2
v -2.7 4.2 -1.3
v -2.6 4.2 -1.3
v -2.7 4.2 -1.4
v -2.6 4.2 -1.4
v -2.5 4.2 -1.4
v 2.5 4.2 -1.4
v 2.6 4.2 -1.4
v -2.7 4.2 -1.5
v -2.6 4.2 -1.5
v 2.6 4.2 -1.5
v 2.7 4.2 -1.5
v -2.5 4.2 -1.6
v -2.4 4.2 -1.6
v 2.4 4.2 -1.6
v 2.5 4.2 -1.6
v -2.6 4.2 -1.7
v -2.5 4.2 -1.7
v -2.4 4.2 -1.7
v -2.3 4.2 -1.7
v 2.3 4.2 -1.7
v 2.4 4.2 -1.7
v 2.5 4.2 -1.7
v 2.6 4.2 -1.7
v -2.5 4.2 -1.8
v -2.4 4.2 -1.8
v -2.3 4.2 -1.8
v -2.2 4.2 -1.8
v 2.2 4.2 -1.8
v 2.3 4.2 -1.8
v 2.4 4.2 -1.8
v 2.5 4.2 -1.8
v -2.4 4.2 -1.9
v -2.3 4.2 -1.9
v -2.2 4.2 -1.9
v -2.1 4.2 -1.9
v 2.1 4.2 -1.9
v 2.2 4.2 -1.9
v 2.3 4.2 -1.9
v 2.4 4.2 -1.9
v -2.3 4.2 -2
v -2.2 4.2 -2
v -2.1 4.2 -2
v -2 4.2 -2
v 2 4.2 -2
v 2.1 4.2 -2
v 2.2 4.2 -2
v 2.3 4.2 -2
v -2.2 4.2 -2.1
v -2.1 4.2 -2.1
v -2 4.2 -2.1
v -1.7 4.2 -2.1
v 1.7 4.2 -2.1
v 2 4.2 -2.1
v 2.1 4.2 -2.1
v 2.2 4.2 -2.1
v -2.1 4.2 -2.2
v -1.8 4.2 -2.2
v -1.7 4.2 -2.2
v -1.5 4.2 -2.2
v 1.5 4.2 -2.2
v 1.7 4.2 -2.2
v 1.8 4.2 -2.2
v 2.1 4.2 -2.2
v -1.8 4.2 -2.3
v -1.6 4.2 -2.3
v -1.5 4.2 -2.3
v -1.3 4.2 -2.3
v 1.3 4.2 -2.3
v 1.5 4.2 -2.3
v 1.6 4.2 -2.3
v 1.8 4.2 -2.3
v -1.6 4.2 -2.4
v -1.3 4.2 -2.4
v -0.9 4.2 -2.4
v 0.9 4.2 -2.4
v 1.3 4.2 -2.4
v 1.6 4.2 -2.4
v -0.9 4.2 -2.5
v 0.9 4.2 -2.5
v -0.7 4.3 -2.2
v -0.4 4.3 -2.2
v -0.2 4.3 -2.2
v 0.2 4.3 -2.2
v 0.4 4.3 -2.2
v 0.7 4.3 -2.2
v -1.2 4.3 -2.4
v -0.9 4.3 -2.4
v -0.7 4.3 -2.4
v -0.4 4.3 -2.4
v -0.2 4.3 -2.4
v 0.2 4.3 -2.4
v 0.4 4.3 -2.4
v 0.7 4.3 -2.4
v 0.9 4.3 -2.4
v 1.2 4.3 -2.4
v -1.2 4.3 -2.5
v -0.9 4.3 -2.5
v 0.9 4.3 -2.5
v 1.2 4.3 -2.5
v -0.6 4.4 2
v 0.6 4.4 2
v -0.6 4.4 1.9
v 0.6 4.4 1.9
v -0.8 4.4 -2.1
v 0.8 4.4 -2.1
v -0.7 4.4 -2.2
v -0.4 4.4 -2.2
v -0.2 4.4 -2.2
v 0.2 4.4 -2.2
v 0.4 4.4 -2.2
v 0.7 4.4 -2.2
v -0.8 4.4 -2.4
v -0.7 4.4 -2.4
v -0.4 4.4 -2.4
v -0.2 4.4 -2.4
v 0.2 4.4 -2.4
v 0.4 4.4 -2.4
v 0.7 4.4 -2.4
v 0.8 4.4 -2.4
v -0.9 4.5 2
v -0.6 4.5 2
v 0.6 4.5 2
v 0.9 4.5 2
v -0.9 4.5 1.9
v -0.6 4.5 1.9
v 0.6 4.5 1.9
v 0.9 4.5 1.9
v 1.1 4.5 1.9
v 0.9 4.5 1.8
v 1.1 4.5 1.8
v 1.2 4.5 1.8
v 1.3 4.5 1.8
v -1.5 4.5 1.7
v -1.4 4.5 1.7
v 0.9 4.5 1.7
v 1.1 4.5 1.7
v 1.2 4.5 1.7
v 1.3 4.5 1.7
v 1.4 4.5 1.7
v 1.5 4.5 1.7
v -1.6 4.5 1.6
v -1.5 4.5 1.6
v -1.4 4.5 1.6
v 1.4 4.5 1.6
v 1.5 4.5 1.6
v 1.6 4.5 1.6
v -1.7 4.5 1.5
v -1.6 4.5 1.5
v -1.5 4.5 1.5
v 1.5 4.5 1.5
v 1.6 4.5 1.5
v 1.7 4.5 1.5
v -1.8 4.5 1.4
v -1.7 4.5 1.4
v -1.6 4.5 1.4
v 1.6 4.5 1.4
v 1.7 4.5 1.4
v 1.8 4.5 1.4
v -1.8 4.5 1.3
v -1.7 4.5 1.3
v -1.8 4.5 1.2
v -1.7 4.5 1.2
v 1.7 4.5 1.2
v 1.8 4.5 1.2
v -2.1 4.5 1.1
v -1.9 4.5 1.1
v 1.9 4.5 1.1
v 2.1 4.5 1.1
v -2.3 4.5 1
v -2.1 4.5 1
v -2 4.5 1
v -1.9 4.5 1
v 1.9 4.5 1
v 2.1 4.5 1
v 2.3 4.5 1
v -2.4 4.5 0.9
v -2.3 4.5 0.9
v -2.1 4.5 0.9
v -2 4.5 0.9
v -1.9 4.5 0.9
v 1.9 4.5 0.9
v 2 4.5 0.9
v 2.3 4.5 0.9
v 2.4 4.5 0.9
v -2.5 4.5 0.8
v -2.4 4.5 0.8
v -2.1 4.5 0.8
v -2 4.5 0.8
v 2 4.5 0.8
v 2.1 4.5 0.8
v 2.4 4.5 0.8
v 2.5 4.5 0.8
v -2.6 4.5 0.7
v -2.5 4.5 0.7
v -2.1 4.5 0.7
v 2.5 4.5 0.7
v 2.6 4.5 0.7
v -2.2 4.5 0.6
v -2.1 4.5 0.6
v 2.1 4.5 0.6
v 2.2 4.5 0.6
v -2.7 4.5 0.5
v -2.6 4.5 0.5
v -2.3 4.5 0.5
v -2.2 4.5 0.5
v 2.2 4.5 0.5
v 2.3 4.5 0.5
v 2.6 4.5 0.5
v 2.7 4.5 0.5
v -2.4 4.5 0.3
v -2.3 4.5 0.3
v 2.3 4.5 0.3
v 2.4 4.5 0.3
v -2.8 4.5 0.2
v -2.7 4.5 0.2
v 2.7 4.5 0.2
v 2.8 4.5 0.2
v -2.5 4.5 -0.2
v -2.4 4.5 -0.2
v 2.4 4.5 -0.2
v 2.5 4.5 -0.2
v -2.5 4.5 -0.7
v -2.4 4.5 -0.7
v 2.4 4.5 -0.7
v 2.5 4.5 -0.7
v -2.8 4.5 -0.8
v -2.7 4.5 -0.8
v 2.7 4.5 -0.8
v 2.8 4.5 -0.8
v -2.7 4.5 -0.9
v -2.6 4.5 -0.9
v -2.6 4.5 -1
v -2.5 4.5 -1
v -2.7 4.5 -1.1
v -2.6 4.5 -1.1
v -2.5 4.5 -1.1
v -2.4 4.5 -1.1
v 2.6 4.5 -1.1
v 2.7 4.5 -1.1
v -2.5 4.5 -1.2
v -2.4 4.5 -1.2
v -2.6 4.5 -1.3
v -2.5 4.5 -1.3
v -2.4 4.5 -1.3
v -2.6 4.5 -1.4
v -2.5 4.5 -1.4
v -2.4 4.5 -1.4
v -2.3 4.5 -1.4
v 2.3 4.5 -1.4
v 2.4 4.5 -1.4
v 2.5 4.5 -1.4
v 2.6 4.5 -1.4
v -2.5 4.5 -1.6
v -2.4 4.5 -1.6
v -2.3 4.5 -1.6
v -2.2 4.5 -1.6
v 2.2 4.5 -1.6
v 2.3 4.5 -1.6
v 2.4 4.5 -1.6
v 2.5 4.5 -1.6
v -2.4 4.5 -1.7
v -2.3 4.5 -1.7
v -2.2 4.5 -1.7
v -2.1 4.5 -1.7
v 2.1 4.5 -1.7
v 2.2 4.5 -1.7
v 2.3 4.5 -1.7
v 2.4 4.5 -1.7
v -2.3 4.5 -1.8
v -2.2 4.5 -1.8
v -2.1 4.5 -1.8
v -2 4.5 -1.8
v 2 4.5 -1.8
v 2.1 4.5 -1.8
v 2.2 4.5 -1.8
v 2.3 4.5 -1.8
v -2.2 4.5 -1.9
v -2.1 4.5 -1.9
v -2 4.5 -1.9
v -1.9 4.5 -1.9
v -0.5 4.5 -1.9
v 0.5 4.5 -1.9
v 1.9 4.5 -1.9
v 2 4.5 -1.9
v 2.1 4.5 -1.9
v 2.2 4.5 -1.9
v -2.1 4.5 -2
v -2 4.5 -2
v -1.9 4.5 -2
v -1.8 4.5 -2
v -0.7 4.5 -2
v -0.5 4.5 -2
v 0.5 4.5 -2
v 0.7 4.5 -2
v 1.8 4.5 -2
v 1.9 4.5 -2
v 2 4.5 -2
v 2.1 4.5 -2
v -2 4.5 -2.1
v -1.8 4.5 -2.1
v -0.7 4.5 -2.1
v 0.7 4.5 -2.1
v 1.8 4.5 -2.1
v 2 4.5 -2.1
v -0.9 4.5 -2.2
v -0.8 4.5 -2.2
v 0.8 4.5 -2.2
v 0.9 4.5 -2.2
v -0.9 4.5 -2.4
v 0.9 4.5 -2.4
v -0.9 4.5 -2.5
v -0.8 4.5 -2.5
v 0.8 4.5 -2.5
v 0.9 4.5 -2.5
v -1.4 4.7 1.7
v -1.3 4.7 1.7
v 1 4.7 1.7
v 1.1 4.7 1.7
v 1.2 4.7 1.7
v 1.3 4.7 1.7
v 1.4 4.7 1.7
v -1.4 4.7 1.6
v -1.3 4.7 1.6
v 1 4.7 1.6
v 1.1 4.7 1.6
v 1.2 4.7 1.6
v 1.3 4.7 1.6
v 1.4 4.7 1.6
v -1.7 4.7 1.4
v -1.6 4.7 1.4
v 1.6 4.7 1.4
v 1.7 4.7 1.4
v -1.7 4.7 1.3
v -1.6 4.7 1.3
v 1.6 4.7 1.3
v 1.7 4.7 1.3
v -1.9 4.7 1.1
v -1.8 4.7 1.1
v 1.8 4.7 1.1
v 1.9 4.7 1.1
v -1.9 4.7 1
v -1.8 4.7 1
v 1.8 4.7 1
v 1.9 4.7 1
v -2.1 4.7 0.8
v -2 4.7 0.8
v 2 4.7 0.8
v 2.1 4.7 0.8
v -2.1 4.7 0.7
v -2 4.7 0.7
v 2 4.7 0.7
v 2.1 4.7 0.7
v -2.3 4.7 0.5
v -2.2 4.7 0.5
v 2.2 4.7 0.5
v 2.3 4.7 0.5
v -2.3 4.7 0.4
v -2.2 4.7 0.4
v 2.2 4.7 0.4
v 2.3 4.7 0.4
v -2.4 4.7 0.3
v -2.3 4.7 0.3
v 2.3 4.7 0.3
v 2.4 4.7 0.3
v -2.4 4.7 -0.1
v -2.3 4.7 -0.1
v 2.3 4.7 -0.1
v 2.4 4.7 -0.1
v -2.5 4.7 -0.2
v -2.4 4.7 -0.2
v 2.4 4.7 -0.2
v 2.5 4.7 -0.2
v -2.5 4.7 -0.7
v -2.4 4.7 -0.7
v 2.4 4.7 -0.7
v 2.5 4.7 -0.7
v -2.4 4.7 -0.8
v -2.3 4.7 -0.8
v 2.3 4.7 -0.8
v 2.4 4.7 -0.8
v -2.4 4.7 -1
v -2.3 4.7 -1
v -2.4 4.7 -1.1
v -2.3 4.7 -1.1
v -2.4 4.7 -1.2
v -2.3 4.7 -1.2
v -2.4 4.7 -1.3
v -2.3 4.7 -1.3
v -2.4 4.7 -1.4
v -2.3 4.7 -1.4
v 2.3 4.7 -1.4
v 2.4 4.7 -1.4
v -2.3 4.7 -1.5
v -2.2 4.7 -1.5
v 2.2 4.7 -1.5
v 2.3 4.7 -1.5
v -2.3 4.7 -1.6
v -2.2 4.7 -1.6
v 2.2 4.7 -1.6
v 2.3 4.7 -1.6
v -1.6 4.7 -2.2
v -1.5 4.7 -2.2
v 1.5 4.7 -2.2
v 1.6 4.7 -2.2
v -1.6 4.7 -2.3
v -1.5 4.7 -2.3
v 1.5 4.7 -2.3
v 1.6 4.7 -2.3
v -1.3 4.7 -2.4
v -1 4.7 -2.4
v 1 4.7 -2.4
v 1.3 4.7 -2.4
v -1.3 4.7 -2.5
v -1 4.7 -2.5
v 1 4.7 -2.5
v 1.3 4.7 -2.5
v -1.5 4.8 1.6
v -1.4 4.8 1.6
v 1.1 4.8 1.6
v 1.2 4.8 1.6
v 1.3 4.8 1.6
v 1.4 4.8 1.6
v 1.5 4.8 1.6
v -1.6 4.8 1.5
v -1.5 4.8 1.5
v -1.4 4.8 1.5
v 1.1 4.8 1.5
v 1.2 4.8 1.5
v 1.3 4.8 1.5
v 1.4 4.8 1.5
v 1.5 4.8 1.5
v 1.6 4.8 1.5
v -1.6 4.8 1.4
v -1.5 4.8 1.4
v -1.4 4.8 1.4
v 1.4 4.8 1.4
v 1.5 4.8 1.4
v -1.7 4.8 1.3
v -1.6 4.8 1.3
v -1.5 4.8 1.3
v 1.6 4.8 1.3
v 1.7 4.8 1.3
v -1.8 4.8 1.2
v -1.7 4.8 1.2
v -1.6 4.8 1.2
v -1.5 4.8 1.2
v 1.5 4.8 1.2
v 1.6 4.8 1.2
v 1.7 4.8 1.2
v 1.8 4.8 1.2
v -1.7 4.8 1.1
v -1.6 4.8 1.1
v 1.6 4.8 1.1
v 1.7 4.8 1.1
v -1.9 4.8 1
v -1.8 4.8 1
v -1.7 4.8 1
v 1.7 4.8 1
v 1.8 4.8 1
v 1.9 4.8 1
v -2 4.8 0.9
v -1.9 4.8 0.9
v -1.8 4.8 0.9
v -1.7 4.8 0.9
v 1.7 4.8 0.9
v 1.8 4.8 0.9
v 1.9 4.8 0.9
v 2 4.8 0.9
v -1.9 4.8 0.8
v -1.8 4.8 0.8
v 1.8 4.8 0.8
v 1.9 4.8 0.8
v -2.1 4.8 0.7
v -2 4.8 0.7
v 2 4.8 0.7
v 2.1 4.8 0.7
v -2.2 4.8 0.6
v -2.1 4.8 0.6
v -2 4.8 0.6
v -1.9 4.8 0.6
v 1.9 4.8 0.6
v 2 4.8 0.6
v 2.1 4.8 0.6
v 2.2 4.8 0.6
v -2.2 4.8 0.5
v -2.1 4.8 0.5
v -2 4.8 0.5
v 2 4.8 0.5
v 2.1 4.8 0.5
v -2.3 4.8 0.4
v -2.2 4.8 0.4
v 2.2 4.8 0.4
v 2.3 4.8 0.4
v -2.2 4.8 0.3
v -2.1 4.8 0.3
v 2.1 4.8 0.3
v 2.2 4.8 0.3
v -2.4 4.8 -0.1
v -2.3 4.8 -0.1
v 2.3 4.8 -0.1
v 2.4 4.8 -0.1
v -2.3 4.8 -0.2
v -2.2 4.8 -0.2
v 2.2 4.8 -0.2
v 2.3 4.8 -0.2
v -2.3 4.8 -0.7
v -2.2 4.8 -0.7
v 2.2 4.8 -0.7
v 2.3 4.8 -0.7
v -2.4 4.8 -0.8
v -2.3 4.8 -0.8
v 2.3 4.8 -0.8
v 2.4 4.8 -0.8
v -2.3 4.8 -1
v -2.2 4.8 -1
v -2.3 4.8 -1.1
v -2.2 4.8 -1.1
v -2.3 4.8 -1.2
v -2.2 4.8 -1.2
v -2.3 4.8 -1.3
v -2.2 4.8 -1.3
v 2.1 4.8 -1.4
v 2.2 4.8 -1.4
v 2.2 4.8 -1.5
v 2.3 4.8 -1.5
v 2 4.8 -1.6
v 2.1 4.8 -1.6
v 1.9 4.8 -1.7
v 2 4.8 -1.7
v 2.1 4.8 -1.7
v 2.2 4.8 -1.7
v 1.8 4.8 -1.8
v 1.9 4.8 -1.8
v 2 4.8 -1.8
v 2.1 4.8 -1.8
v 1.7 4.8 -1.9
v 1.8 4.8 -1.9
v 1.9 4.8 -1.9
v 2 4.8 -1.9
v -0.8 4.8 -2
v -0.7 4.8 -2
v 0.7 4.8 -2
v 0.8 4.8 -2
v 1.6 4.8 -2
v 1.7 4.8 -2
v 1.8 4.8 -2
v 1.9 4.8 -2
v -0.8 4.8 -2.1
v -0.7 4.8 -2.1
v 0.7 4.8 -2.1
v 0.8 4.8 -2.1
v 1.4 4.8 -2.1
v 1.6 4.8 -2.1
v 1.7 4.8 -2.1
v 1.8 4.8 -2.1
v 1.3 4.8 -2.2
v 1.4 4.8 -2.2
v 1.5 4.8 -2.2
v 1.7 4.8 -2.2
v 1 4.8 -2.3
v 1.3 4.8 -2.3
v 1.4 4.8 -2.3
v 1.5 4.8 -2.3
v 1 4.8 -2.4
v 1.4 4.8 -2.4
v -2.2 4.9 -1
v -2.1 4.9 -1
v -2.2 4.9 -1.1
v -2.1 4.9 -1.1
v -2.2 4.9 -1.2
v -2.1 4.9 -1.2
v -2.2 4.9 -1.3
v -2.1 4.9 -1.3
v 0.8 4.9 -2.1
v 0.9 4.9 -2.1
v 0.9 4.9 -2.3
v 1 4.9 -2.3
v 0.8 4.9 -2.4
v 1 4.9 -2.4
v -1.1 5.1 1.9
v 0.9 5.1 1.9
v -1.3 5.1 1.8
v -1.1 5.1 1.8
v -1.3 5.1 1.7
v -0.8 5.1 1.7
v 0.8 5.1 1.7
v 0.9 5.1 1.7
v 1 5.1 1.7
v -1.4 5.1 1.6
v -1.3 5.1 1.6
v -0.8 5.1 1.6
v 0.8 5.1 1.6
v 1 5.1 1.6
v 1.1 5.1 1.6
v -1.4 5.1 1.5
v -0.8 5.1 1.5
v 0.8 5.1 1.5
v 1.1 5.1 1.5
v 1.4 5.1 1.5
v -1.5 5.1 1.4
v -1.4 5.1 1.4
v -0.8 5.1 1.4
v 0.8 5.1 1.4
v 1.4 5.1 1.4
v 1.5 5.1 1.4
v -1.6 5.1 1.2
v -1.5 5.1 1.2
v -0.3 5.1 1.2
v 0.3 5.1 1.2
v 1.5 5.1 1.2
v 1.6 5.1 1.2
v -1.7 5.1 1.1
v -1.6 5.1 1.1
v -0.4 5.1 1.1
v -0.3 5.1 1.1
v 0.3 5.1 1.1
v 0.4 5.1 1.1
v 1.5 5.1 1.1
v 1.6 5.1 1.1
v 1.7 5.1 1.1
v -0.7 5.1 1
v -0.4 5.1 1
v 0.4 5.1 1
v 0.7 5.1 1
v 1.3 5.1 1
v 1.4 5.1 1
v 1.6 5.1 1
v 1.7 5.1 1
v -1.8 5.1 0.9
v -1.7 5.1 0.9
v -0.9 5.1 0.9
v -0.7 5.1 0.9
v 0.7 5.1 0.9
v 0.9 5.1 0.9
v 1.4 5.1 0.9
v 1.5 5.1 0.9
v 1.7 5.1 0.9
v 1.8 5.1 0.9
v -1.9 5.1 0.8
v -1.8 5.1 0.8
v 1.5 5.1 0.8
v 1.6 5.1 0.8
v 1.8 5.1 0.8
v 1.9 5.1 0.8
v -1.8 5.1 0.7
v -1.6 5.1 0.7
v -1 5.1 0.7
v -0.9 5.1 0.7
v 0.9 5.1 0.7
v 1 5.1 0.7
v 1.2 5.1 0.7
v 1.3 5.1 0.7
v -2 5.1 0.6
v -1.9 5.1 0.6
v -1.8 5.1 0.6
v -1.7 5.1 0.6
v -1.2 5.1 0.6
v -1.1 5.1 0.6
v -1 5.1 0.6
v 1 5.1 0.6
v 1.1 5.1 0.6
v 1.2 5.1 0.6
v 1.9 5.1 0.6
v 2 5.1 0.6
v -2.1 5.1 0.5
v -2 5.1 0.5
v -1.4 5.1 0.5
v -1.2 5.1 0.5
v 1.2 5.1 0.5
v 1.3 5.1 0.5
v 1.4 5.1 0.5
v 2 5.1 0.5
v 2.1 5.1 0.5
v -1.7 5.1 0.4
v -1.6 5.1 0.4
v -1.5 5.1 0.4
v -1.4 5.1 0.4
v 1.4 5.1 0.4
v -2.2 5.1 0.3
v -2.1 5.1 0.3
v -1.8 5.1 0.3
v -1.7 5.1 0.3
v -1.5 5.1 0.3
v -1.4 5.1 0.3
v 1.4 5.1 0.3
v 1.5 5.1 0.3
v 2.1 5.1 0.3
v 2.2 5.1 0.3
v -1.5 5.1 0.2
v 1.5 5.1 0.2
v -1.5 5.1 -0.1
v -1.4 5.1 -0.1
v 1.4 5.1 -0.1
v 1.5 5.1 -0.1
v -2.3 5.1 -0.2
v -2.2 5.1 -0.2
v 2.2 5.1 -0.2
v 2.3 5.1 -0.2
v -1.4 5.1 -0.3
v -1.2 5.1 -0.3
v 1.2 5.1 -0.3
v 1.4 5.1 -0.3
v -1.4 5.1 -0.4
v -1.2 5.1 -0.4
v 1.2 5.1 -0.4
v 1.4 5.1 -0.4
v -1.5 5.1 -0.6
v -1.4 5.1 -0.6
v 1.4 5.1 -0.6
v 1.5 5.1 -0.6
v -2.3 5.1 -0.7
v -2.2 5.1 -0.7
v -0.0999999 5.1 -0.7
v 0.1 5.1 -0.7
v 2.2 5.1 -0.7
v 2.3 5.1 -0.7
v -0.0999999 5.1 -0.9
v 0.1 5.1 -0.9
v -2.2 5.1 -1
v -2.1 5.1 -1
v -1.7 5.1 -1
v -1.5 5.1 -1
v -1.4 5.1 -1
v 1.4 5.1 -1
v 1.5 5.1 -1
v -1.4 5.1 -1.2
v -1.2 5.1 -1.2
v 1.2 5.1 -1.2
v 1.4 5.1 -1.2
v -2.3 5.1 -1.3
v -2.1 5.1 -1.3
v -1.2 5.1 -1.3
v -0.9 5.1 -1.3
v 0.9 5.1 -1.3
v 1.2 5.1 -1.3
v 2.1 5.1 -1.4
v 2.2 5.1 -1.4
v -2.3 5.1 -1.5
v -2.2 5.1 -1.5
v -0.9 5.1 -1.5
v -0.7 5.1 -1.5
v 0.7 5.1 -1.5
v 0.9 5.1 -1.5
v -0.7 5.1 -1.6
v -0.6 5.1 -1.6
v 0.6 5.1 -1.6
v 0.7 5.1 -1.6
v 2 5.1 -1.6
v 2.1 5.1 -1.6
v -2.2 5.1 -1.7
v -2.1 5.1 -1.7
v 1.9 5.1 -1.7
v 2 5.1 -1.7
v -2.1 5.1 -1.8
v -2 5.1 -1.8
v -0.6 5.1 -1.8
v -0.5 5.1 -1.8
v 0.5 5.1 -1.8
v 0.6 5.1 -1.8
v 1.8 5.1 -1.8
v 1.9 5.1 -1.8
v -2 5.1 -1.9
v -1.9 5.1 -1.9
v -0.5 5.1 -1.9
v 0.5 5.1 -1.9
v 1.7 5.1 -1.9
v 1.8 5.1 -1.9
v -1.9 5.1 -2
v -1.8 5.1 -2
v -0.8 5.1 -2
v -0.5 5.1 -2
v 0.5 5.1 -2
v 0.8 5.1 -2
v 1.6 5.1 -2
v 1.7 5.1 -2
v -1.8 5.1 -2.1
v -1.7 5.1 -2.1
v 0.8 5.1 -2.1
v 0.9 5.1 -2.1
v 1.6 5.1 -2.1
v -1.7 5.1 -2.2
v -1.5 5.1 -2.2
v 1.4 5.1 -2.2
v 1.6 5.1 -2.2
v -1.5 5.1 -2.3
v -1.4 5.1 -2.3
v 0.9 5.1 -2.3
v 1.4 5.1 -2.3
v -1.4 5.1 -2.4
v -0.8 5.1 -2.4
v -0.3 5.2 1.2
v -0.2 5.2 1.2
v 0.2 5.2 1.2
v 0.3 5.2 1.2
v -0.3 5.2 1.1
v -0.2 5.2 1.1
v 0.2 5.2 1.1
v 0.3 5.2 1.1
v -0.9 5.2 0.9
v -0.8 5.2 0.9
v 0.8 5.2 0.9
v 0.9 5.2 0.9
v -0.9 5.2 0.8
v -0.8 5.2 0.8
v 0.8 5.2 0.8
v 0.9 5.2 0.8
v -1.4 5.2 0.5
v -1.3 5.2 0.5
v 1.3 5.2 0.5
v 1.4 5.2 0.5
v -1.4 5.2 0.4
v -1.3 5.2 0.4
v 1.3 5.2 0.4
v 1.4 5.2 0.4
v -1.4 5.2 -0.2
v -1.3 5.2 -0.2
v 1.3 5.2 -0.2
v 1.4 5.2 -0.2
v -1.4 5.2 -0.3
v -1.3 5.2 -0.3
v 1.3 5.2 -0.3
v 1.4 5.2 -0.3
v -1.4 5.2 -0.4
v -1.3 5.2 -0.4
v 1.3 5.2 -0.4
v 1.4 5.2 -0.4
v -1.4 5.2 -0.5
v -1.3 5.2 -0.5
v 1.3 5.2 -0.5
v 1.4 5.2 -0.5
v -1.4 5.2 -1.1
v -1.3 5.2 -1.1
v 1.3 5.2 -1.1
v 1.4 5.2 -1.1
v -1.4 5.2 -1.2
v -1.3 5.2 -1.2
v 1.3 5.2 -1.2
v 1.4 5.2 -1.2
v -0.9 5.2 -1.4
v -0.8 5.2 -1.4
v 0.8 5.2 -1.4
v 0.9 5.2 -1.4
v -0.9 5.2 -1.5
v -0.8 5.2 -1.5
v 0.8 5.2 -1.5
v 0.9 5.2 -1.5
v -0.6 5.2 -1.7
v -0.5 5.2 -1.7
v 0.5 5.2 -1.7
v 0.6 5.2 -1.7
v -0.6 5.2 -1.8
v -0.5 5.2 -1.8
v 0.5 5.2 -1.8
v 0.6 5.2 -1.8
v 1.8 5.2 -1.8
v 1.9 5.2 -1.8
v -0.4 5.2 -1.9
v -0.3 5.2 -1.9
v -0.0999999 5.2 -1.9
v 0.1 5.2 -1.9
v 0.3 5.2 -1.9
v 0.4 5.2 -1.9
v 1.7 5.2 -1.9
v 1.8 5.2 -1.9
v 1.9 5.2 -1.9
v -0.4 5.2 -2
v -0.3 5.2 -2
v -0.0999999 5.2 -2
v 0.1 5.2 -2
v 0.3 5.2 -2
v 0.4 5.2 -2
v 1.6 5.2 -2
v 1.7 5.2 -2
v 1.8 5.2 -2
v 1.6 5.2 -2.1
v 1.7 5.2 -2.1
v -0.2 5.3 1.2
v 0.2 5.3 1.2
v -0.4 5.3 1.1
v -0.3 5.3 1.1
v -0.2 5.3 1.1
v 0.2 5.3 1.1
v 0.3 5.3 1.1
v 0.4 5.3 1.1
v -0.7 5.3 1
v -0.5 5.3 1
v -0.4 5.3 1
v -0.3 5.3 1
v 0.3 5.3 1
v 0.4 5.3 1
v 0.5 5.3 1
v 0.7 5.3 1
v -0.7 5.3 0.9
v -0.6 5.3 0.9
v -0.5 5.3 0.9
v -0.4 5.3 0.9
v 0.4 5.3 0.9
v 0.5 5.3 0.9
v 0.6 5.3 0.9
v 0.7 5.3 0.9
v -1 5.3 0.7
v -0.9 5.3 0.7
v 0.9 5.3 0.7
v 1 5.3 0.7
v -1.2 5.3 0.6
v -1 5.3 0.6
v 1 5.3 0.6
v 1.1 5.3 0.6
v 1.2 5.3 0.6
v -1.2 5.3 0.5
v -1 5.3 0.5
v -0.9 5.3 0.5
v -0.0999999 5.3 0.5
v 0.1 5.3 0.5
v 0.9 5.3 0.5
v 1 5.3 0.5
v 1.1 5.3 0.5
v 1.2 5.3 0.5
v -1.5 5.3 0.3
v -1.4 5.3 0.3
v -0.0999999 5.3 0.3
v 0.1 5.3 0.3
v 1.4 5.3 0.3
v 1.5 5.3 0.3
v -1.5 5.3 0.2
v -1.4 5.3 0.2
v 1.4 5.3 0.2
v 1.5 5.3 0.2
v -1.4 5.3 0.0999999
v -0.6 5.3 0.0999999
v -0.4 5.3 0.0999999
v 0.4 5.3 0.0999999
v 0.6 5.3 0.0999999
v 1.4 5.3 0.0999999
v -1.5 5.3 -0.1
v -1.4 5.3 -0.1
v -0.6 5.3 -0.1
v -0.4 5.3 -0.1
v 0.4 5.3 -0.1
v 0.6 5.3 -0.1
v 1.4 5.3 -0.1
v 1.5 5.3 -0.1
v -1.2 5.3 -0.3
v -0.9 5.3 -0.3
v 0.9 5.3 -0.3
v 1.2 5.3 -0.3
v -1.2 5.3 -0.4
v -0.9 5.3 -0.4
v 0.9 5.3 -0.4
v 1.2 5.3 -0.4
v -0.0999999 5.3 -0.5
v 0.1 5.3 -0.5
v -1.5 5.3 -0.6
v -1.4 5.3 -0.6
v 1.4 5.3 -0.6
v 1.5 5.3 -0.6
v -0.0999999 5.3 -0.7
v 0.1 5.3 -0.7
v -1.5 5.3 -0.8
v -1.4 5.3 -0.8
v -0.0999999 5.3 -0.9
v 0.1 5.3 -0.9
v -1.5 5.3 -1
v -1.4 5.3 -1
v 1.4 5.3 -1
v 1.5 5.3 -1
v -1.2 5.3 -1.2
v -0.9 5.3 -1.2
v 0.9 5.3 -1.2
v 1.2 5.3 -1.2
v -1.2 5.3 -1.3
v -0.9 5.3 -1.3
v -0.0999999 5.3 -1.3
v 0.1 5.3 -1.3
v 0.9 5.3 -1.3
v 1.2 5.3 -1.3
v -0.7 5.3 -1.5
v -0.5 5.3 -1.5
v 0.5 5.3 -1.5
v 0.7 5.3 -1.5
v -0.7 5.3 -1.6
v -0.6 5.3 -1.6
v 0.6 5.3 -1.6
v 0.7 5.3 -1.6
v -0.6 5.3 -1.7
v -0.5 5.3 -1.7
v 0.5 5.3 -1.7
v 0.6 5.3 -1.7
v -0.5 5.3 -1.8
v -0.4 5.3 -1.8
v 0.4 5.3 -1.8
v 0.5 5.3 -1.8
v -0.5 5.3 -1.9
v -0.4 5.3 -1.9
v -0.3 5.3 -1.9
v -0.0999999 5.3 -1.9
v 0.1 5.3 -1.9
v 0.3 5.3 -1.9
v 0.4 5.3 -1.9
v 0.5 5.3 -1.9
v -0.3 5.3 -2
v -0.0999999 5.3 -2
v 0.1 5.3 -2
v 0.3 5.3 -2
v -0.3 5.4 1.1
v 0.3 5.4 1.1
v -0.4 5.4 1
v -0.3 5.4 1
v -0.2 5.4 1
v 0.2 5.4 1
v 0.3 5.4 1
v 0.4 5.4 1
v -0.8 5.4 0.9
v -0.6 5.4 0.9
v -0.4 5.4 0.9
v -0.3 5.4 0.9
v -0.2 5.4 0.9
v 0.2 5.4 0.9
v 0.3 5.4 0.9
v 0.4 5.4 0.9
v 0.6 5.4 0.9
v 0.8 5.4 0.9
v -0.9 5.4 0.8
v -0.8 5.4 0.8
v -0.6 5.4 0.8
v -0.4 5.4 0.8
v -0.3 5.4 0.8
v 0.3 5.4 0.8
v 0.4 5.4 0.8
v 0.6 5.4 0.8
v 0.8 5.4 0.8
v 0.9 5.4 0.8
v -0.9 5.4 0.6
v -0.8 5.4 0.6
v -0.0999999 5.4 0.6
v 0.1 5.4 0.6
v 0.8 5.4 0.6
v 0.9 5.4 0.6
v -1.3 5.4 0.5
v -1.1 5.4 0.5
v -0.0999999 5.4 0.5
v 0.1 5.4 0.5
v 1.1 5.4 0.5
v 1.3 5.4 0.5
v -1.4 5.4 0.4
v -1.3 5.4 0.4
v -1.1 5.4 0.4
v -0.2 5.4 0.4
v -0.0999999 5.4 0.4
v 0.1 5.4 0.4
v 0.2 5.4 0.4
v 1.1 5.4 0.4
v 1.3 5.4 0.4
v 1.4 5.4 0.4
v -1.3 5.4 0.3
v -0.0999999 5.4 0.3
v 0.1 5.4 0.3
v 1.3 5.4 0.3
v -1.4 5.4 0.2
v -1.3 5.4 0.2
v -0.4 5.4 0.2
v -0.3 5.4 0.2
v -0.2 5.4 0.2
v -0.0999999 5.4 0.2
v 0.1 5.4 0.2
v 0.2 5.4 0.2
v 0.3 5.4 0.2
v 0.4 5.4 0.2
v 1.3 5.4 0.2
v 1.4 5.4 0.2
v -0.4 5.4 0.0999999
v 0.4 5.4 0.0999999
v -1.4 5.4 -2.38419e-07
v -1.3 5.4 -2.38419e-07
v -0.7 5.4 -2.38419e-07
v -0.6 5.4 -2.38419e-07
v -0.4 5.4 -2.38419e-07
v -0.3 5.4 -2.38419e-07
v 0.3 5.4 -2.38419e-07
v 0.4 5.4 -2.38419e-07
v 0.6 5.4 -2.38419e-07
v 0.7 5.4 -2.38419e-07
v 1.3 5.4 -2.38419e-07
v 1.4 5.4 -2.38419e-07
v -0.6 5.4 -0.1
v 0.6 5.4 -0.1
v -1.4 5.4 -0.2
v -1.3 5.4 -0.2
v -1.1 5.4 -0.2
v -0.9 5.4 -0.2
v -0.8 5.4 -0.2
v -0.7 5.4 -0.2
v -0.6 5.4 -0.2
v 0.6 5.4 -0.2
v 0.7 5.4 -0.2
v 0.8 5.4 -0.2
v 0.9 5.4 -0.2
v 1.1 5.4 -0.2
v 1.3 5.4 -0.2
v 1.4 5.4 -0.2
v -1.3 5.4 -0.3
v -1.1 5.4 -0.3
v -0.9 5.4 -0.3
v 0.9 5.4 -0.3
v 1.1 5.4 -0.3
v 1.3 5.4 -0.3
v -1.3 5.4 -0.4
v -1.1 5.4 -0.4
v -0.9 5.4 -0.4
v -0.8 5.4 -0.4
v 0.8 5.4 -0.4
v 0.9 5.4 -0.4
v 1.1 5.4 -0.4
v 1.3 5.4 -0.4
v -1.4 5.4 -0.5
v -1.3 5.4 -0.5
v -1.1 5.4 -0.5
v 1.1 5.4 -0.5
v 1.3 5.4 -0.5
v 1.4 5.4 -0.5
v -0.2 5.4 -0.6
v -0.0999999 5.4 -0.6
v 0.1 5.4 -0.6
v 0.2 5.4 -0.6
v -1.4 5.4 -0.7
v -1.3 5.4 -0.7
v 1.3 5.4 -0.7
v 1.4 5.4 -0.7
v -1.4 5.4 -0.9
v -1.3 5.4 -0.9
v 1.3 5.4 -0.9
v 1.4 5.4 -0.9
v -0.2 5.4 -1
v -0.0999999 5.4 -1
v 0.1 5.4 -1
v 0.2 5.4 -1
v -1.4 5.4 -1.1
v -1.3 5.4 -1.1
v -1.1 5.4 -1.1
v 1.1 5.4 -1.1
v 1.3 5.4 -1.1
v 1.4 5.4 -1.1
v -1.3 5.4 -1.2
v -1.1 5.4 -1.2
v -0.9 5.4 -1.2
v -0.8 5.4 -1.2
v -0.2 5.4 -1.2
v -0.0999999 5.4 -1.2
v 0.1 5.4 -1.2
v 0.2 5.4 -1.2
v 0.8 5.4 -1.2
v 0.9 5.4 -1.2
v 1.1 5.4 -1.2
v 1.3 5.4 -1.2
v -0.0999999 5.4 -1.3
v 0.1 5.4 -1.3
v -0.9 5.4 -1.4
v -0.8 5.4 -1.4
v -0.6 5.4 -1.4
v -0.4 5.4 -1.4
v -0.3 5.4 -1.4
v -0.2 5.4 -1.4
v -0.0999999 5.4 -1.4
v 0.1 5.4 -1.4
v 0.2 5.4 -1.4
v 0.3 5.4 -1.4
v 0.4 5.4 -1.4
v 0.6 5.4 -1.4
v 0.8 5.4 -1.4
v 0.9 5.4 -1.4
v -0.8 5.4 -1.5
v -0.6 5.4 -1.5
v -0.5 5.4 -1.5
v -0.4 5.4 -1.5
v -0.3 5.4 -1.5
v -0.0999999 5.4 -1.5
v 0.1 5.4 -1.5
v 0.3 5.4 -1.5
v 0.4 5.4 -1.5
v 0.5 5.4 -1.5
v 0.6 5.4 -1.5
v 0.8 5.4 -1.5
v -0.4 5.4 -1.7
v -0.3 5.4 -1.7
v -0.0999999 5.4 -1.7
v 0.1 5.4 -1.7
v 0.3 5.4 -1.7
v 0.4 5.4 -1.7
v -0.5 5.4 -1.8
v -0.4 5.4 -1.8
v -0.3 5.4 -1.8
v -0.0999999 5.4 -1.8
v 0.1 5.4 -1.8
v 0.3 5.4 -1.8
v 0.4 5.4 -1.8
v 0.5 5.4 -1.8
v -0.4 5.4 -1.9
v 0.4 5.4 -1.9
v -0.2 5.5 1
v 0.2 5.5 1
v -0.3 5.5 0.9
v -0.2 5.5 0.9
v 0.2 5.5 0.9
v 0.3 5.5 0.9
v -0.3 5.5 0.8
v -0.2 5.5 0.8
v 0.2 5.5 0.8
v 0.3 5.5 0.8
v -0.2 5.5 0.7
v 0.2 5.5 0.7
v -0.2 5.5 0.6
v -0.0999999 5.5 0.6
v 0.1 5.5 0.6
v 0.2 5.5 0.6
v -0.3 5.5 -1.4
v -0.2 5.5 -1.4
v -0.0999999 5.5 -1.4
v 0.1 5.5 -1.4
v 0.2 5.5 -1.4
v 0.3 5.5 -1.4
v -0.4 5.5 -1.5
v -0.3 5.5 -1.5
v -0.0999999 5.5 -1.5
v 0.1 5.5 -1.5
v 0.3 5.5 -1.5
v 0.4 5.5 -1.5
v -0.4 5.5 -1.7
v -0.3 5.5 -1.7
v -0.0999999 5.5 -1.7
v 0.1 5.5 -1.7
v 0.3 5.5 -1.7
v 0.4 5.5 -1.7
v -0.3 5.5 -1.8
v -0.0999999 5.5 -1.8
v 0.1 5.5 -1.8
v 0.3 5.5 -1.8
v -0.0999999 6.3 0.3
v 0.1 6.3 0.3
v -0.3 6.3 0.2
v -0.2 6.3 0.2
v -0.0999999 6.3 0.2
v 0.1 6.3 0.2
v 0.2 6.3 0.2
v 0.3 6.3 0.2
v -0.3 6.3 0.0999999
v 0.3 6.3 0.0999999
v -0.4 6.3 -2.38419e-07
v -0.3 6.3 -2.38419e-07
v 0.3 6.3 -2.38419e-07
v 0.4 6.3 -2.38419e-07
v -0.6 6.3 -0.1
v -0.4 6.3 -0.1
v 0.4 6.3 -0.1
v 0.6 6.3 -0.1
v -0.7 6.3 -0.3
v -0.6 6.3 -0.3
v 0.6 6.3 -0.3
v 0.7 6.3 -0.3
v -0.7 6.3 -0.4
v -0.6 6.3 -0.4
v -0.4 6.3 -0.4
v -0.3 6.3 -0.4
v 0.3 6.3 -0.4
v 0.4 6.3 -0.4
v 0.6 6.3 -0.4
v 0.7 6.3 -0.4
v -0.6 6.3 -0.5
v -0.4 6.3 -0.5
v -0.3 6.3 -0.5
v -0.0999999 6.3 -0.5
v 0.1 6.3 -0.5
v 0.3 6.3 -0.5
v 0.4 6.3 -0.5
v 0.6 6.3 -0.5
v -0.6 6.3 -0.6
v -0.5 6.3 -0.6
v -0.2 6.3 -0.6
v -0.0999999 6.3 -0.6
v 0.1 6.3 -0.6
v 0.2 6.3 -0.6
v 0.5 6.3 -0.6
v 0.6 6.3 -0.6
v -0.5 6.3 -0.7
v -0.2 6.3 -0.7
v 0.2 6.3 -0.7
v 0.5 6.3 -0.7
v -0.8 6.4 0.9
v -0.7 6.4 0.9
v -0.4 6.4 0.9
v -0.3 6.4 0.9
v 0.3 6.4 0.9
v 0.4 6.4 0.9
v 0.7 6.4 0.9
v 0.8 6.4 0.9
v -1 6.4 0.8
v -0.9 6.4 0.8
v -0.8 6.4 0.8
v -0.7 6.4 0.8
v -0.4 6.4 0.8
v -0.3 6.4 0.8
v 0.3 6.4 0.8
v 0.4 6.4 0.8
v 0.7 6.4 0.8
v 0.8 6.4 0.8
v 0.9 6.4 0.8
v 1 6.4 0.8
v -1.2 6.4 0.7
v -1.1 6.4 0.7
v -1 6.4 0.7
v -0.9 6.4 0.7
v -0.2 6.4 0.7
v -0.0999999 6.4 0.7
v 0.1 6.4 0.7
v 0.2 6.4 0.7
v 0.9 6.4 0.7
v 1 6.4 0.7
v 1.1 6.4 0.7
v 1.2 6.4 0.7
v -1.2 6.4 0.6
v -1.1 6.4 0.6
v -0.2 6.4 0.6
v -0.0999999 6.4 0.6
v 0.1 6.4 0.6
v 0.2 6.4 0.6
v 1.1 6.4 0.6
v 1.2 6.4 0.6
v -1.4 6.4 0.5
v -1.3 6.4 0.5
v 1.3 6.4 0.5
v 1.4 6.4 0.5
v -1.4 6.4 0.4
v -1.3 6.4 0.4
v -0.2 6.4 0.4
v -0.0999999 6.4 0.4
v 0.1 6.4 0.4
v 0.2 6.4 0.4
v 1.3 6.4 0.4
v 1.4 6.4 0.4
v -0.2 6.4 0.3
v -0.0999999 6.4 0.3
v 0.1 6.4 0.3
v 0.2 6.4 0.3
v -1.5 6.4 0.0999999
v -1.4 6.4 0.0999999
v -0.5 6.4 0.0999999
v -0.4 6.4 0.0999999
v 0.4 6.4 0.0999999
v 0.5 6.4 0.0999999
v 1.4 6.4 0.0999999
v 1.5 6.4 0.0999999
v -1.5 6.4 -2.38419e-07
v -1.4 6.4 -2.38419e-07
v -0.5 6.4 -2.38419e-07
v -0.4 6.4 -2.38419e-07
v 0.4 6.4 -2.38419e-07
v 0.5 6.4 -2.38419e-07
v 1.4 6.4 -2.38419e-07
v 1.5 6.4 -2.38419e-07
v -0.7 6.4 -0.2
v -0.6 6.4 -0.2
v 0.6 6.4 -0.2
v 0.7 6.4 -0.2
v -1.5 6.4 -0.3
v -1.4 6.4 -0.3
v -0.7 6.4 -0.3
v -0.6 6.4 -0.3
v 0.6 6.4 -0.3
v 0.7 6.4 -0.3
v 1.4 6.4 -0.3
v 1.5 6.4 -0.3
v -1.5 6.4 -0.4
v -1.4 6.4 -0.4
v -0.7 6.4 -0.4
v -0.6 6.4 -0.4
v 0.6 6.4 -0.4
v 0.7 6.4 -0.4
v 1.4 6.4 -0.4
v 1.5 6.4 -0.4
v -0.7 6.4 -0.5
v -0.6 6.4 -0.5
v 0.6 6.4 -0.5
v 0.7 6.4 -0.5
v -0.6 6.4 -0.6
v -0.5 6.4 -0.6
v 0.5 6.4 -0.6
v 0.6 6.4 -0.6
v -1.5 6.4 -0.7
v -1.4 6.4 -0.7
v -0.6 6.4 -0.7
v -0.5 6.4 -0.7
v 0.5 6.4 -0.7
v 0.6 6.4 -0.7
v 1.4 6.4 -0.7
v 1.5 6.4 -0.7
v -1.5 6.4 -0.8
v -1.4 6.4 -0.8
v 1.4 6.4 -0.8
v 1.5 6.4 -0.8
v -1.4 6.4 -1
v -1.3 6.4 -1
v 1.3 6.4 -1
v 1.4 6.4 -1
v -1.4 6.4 -1.1
v -1.3 6.4 -1.1
v 1.3 6.4 -1.1
v 1.4 6.4 -1.1
v -1.1 6.4 -1.3
v -1 6.4 -1.3
v 1 6.4 -1.3
v 1.1 6.4 -1.3
v -1.1 6.4 -1.4
v -1 6.4 -1.4
v -0.9 6.4 -1.4
v -0.8 6.4 -1.4
v -0.0999999 6.4 -1.4
v 0.1 6.4 -1.4
v 0.8 6.4 -1.4
v 0.9 6.4 -1.4
v 1 6.4 -1.4
v 1.1 6.4 -1.4
v -0.9 6.4 -1.5
v -0.8 6.4 -1.5
v -0.0999999 6.4 -1.5
v 0.1 6.4 -1.5
v 0.8 6.4 -1.5
v 0.9 6.4 -1.5
v -0.7 6.5 0.9
v -0.6 6.5 0.9
v -0.4 6.5 0.9
v 0.4 6.5 0.9
v 0.6 6.5 0.9
v 0.7 6.5 0.9
v -0.9 6.5 0.8
v -0.8 6.5 0.8
v -0.7 6.5 0.8
v -0.6 6.5 0.8
v -0.5 6.5 0.8
v -0.4 6.5 0.8
v -0.3 6.5 0.8
v -0.2 6.5 0.8
v 0.2 6.5 0.8
v 0.3 6.5 0.8
v 0.4 6.5 0.8
v 0.5 6.5 0.8
v 0.6 6.5 0.8
v 0.7 6.5 0.8
v 0.8 6.5 0.8
v 0.9 6.5 0.8
v -1.1 6.5 0.7
v -1 6.5 0.7
v -0.9 6.5 0.7
v -0.8 6.5 0.7
v -0.3 6.5 0.7
v -0.2 6.5 0.7
v 0.2 6.5 0.7
v 0.3 6.5 0.7
v 0.8 6.5 0.7
v 0.9 6.5 0.7
v 1 6.5 0.7
v 1.1 6.5 0.7
v -1.3 6.5 0.6
v -1.2 6.5 0.6
v -1.1 6.5 0.6
v -1 6.5 0.6
v -0.2 6.5 0.6
v -0.0999999 6.5 0.6
v 0.1 6.5 0.6
v 0.2 6.5 0.6
v 1 6.5 0.6
v 1.1 6.5 0.6
v 1.2 6.5 0.6
v 1.3 6.5 0.6
v -1.3 6.5 0.5
v -1.2 6.5 0.5
v 1.2 6.5 0.5
v 1.3 6.5 0.5
v -1.4 6.5 0.4
v -1.3 6.5 0.4
v -0.2 6.5 0.4
v -0.0999999 6.5 0.4
v 0.1 6.5 0.4
v 0.2 6.5 0.4
v 1.3 6.5 0.4
v 1.4 6.5 0.4
v -1.4 6.5 0.3
v -1.3 6.5 0.3
v -0.3 6.5 0.3
v -0.2 6.5 0.3
v 0.2 6.5 0.3
v 0.3 6.5 0.3
v 1.3 6.5 0.3
v -1.4 6.5 0.2
v -1.3 6.5 0.2
v -0.4 6.5 0.2
v -0.3 6.5 0.2
v -0.2 6.5 0.2
v 0.2 6.5 0.2
v 0.3 6.5 0.2
v 0.4 6.5 0.2
v 1.3 6.5 0.2
v 1.4 6.5 0.2
v -1.4 6.5 0.0999999
v -1.3 6.5 0.0999999
v -0.6 6.5 0.0999999
v -0.5 6.5 0.0999999
v -0.4 6.5 0.0999999
v -0.3 6.5 0.0999999
v 0.3 6.5 0.0999999
v 0.4 6.5 0.0999999
v 0.5 6.5 0.0999999
v 0.6 6.5 0.0999999
v 1.3 6.5 0.0999999
v 1.4 6.5 0.0999999
v -1.5 6.5 -2.38419e-07
v -1.4 6.5 -2.38419e-07
v -0.7 6.5 -2.38419e-07
v -0.6 6.5 -2.38419e-07
v -0.5 6.5 -2.38419e-07
v 0.5 6.5 -2.38419e-07
v 0.6 6.5 -2.38419e-07
v 0.7 6.5 -2.38419e-07
v 1.4 6.5 -2.38419e-07
v 1.5 6.5 -2.38419e-07
v -0.7 6.5 -0.1
v -0.6 6.5 -0.1
v 0.6 6.5 -0.1
v 0.7 6.5 -0.1
v -1.5 6.5 -0.3
v -1.4 6.5 -0.3
v 1.4 6.5 -0.3
v 1.5 6.5 -0.3
v -1.5 6.5 -0.4
v -1.4 6.5 -0.4
v 1.4 6.5 -0.4
v 1.5 6.5 -0.4
v -0.7 6.5 -0.5
v -0.6 6.5 -0.5
v 0.6 6.5 -0.5
v 0.7 6.5 -0.5
v -1.5 6.5 -0.7
v -1.4 6.5 -0.7
v -0.7 6.5 -0.7
v -0.6 6.5 -0.7
v -0.5 6.5 -0.7
v -0.4 6.5 -0.7
v 0.4 6.5 -0.7
v 0.5 6.5 -0.7
v 0.6 6.5 -0.7
v 0.7 6.5 -0.7
v 1.4 6.5 -0.7
v 1.5 6.5 -0.7
v -1.4 6.5 -0.8
v -1.3 6.5 -0.8
v -0.5 6.5 -0.8
v -0.4 6.5 -0.8
v 0.4 6.5 -0.8
v 0.5 6.5 -0.8
v 1.3 6.5 -0.8
v 1.4 6.5 -0.8
v -1.4 6.5 -1
v -1.3 6.5 -1
v 1.3 6.5 -1
v 1.4 6.5 -1
v -1.3 6.5 -1.1
v -1.2 6.5 -1.1
v 1.2 6.5 -1.1
v 1.3 6.5 -1.1
v -1.3 6.5 -1.2
v -1.2 6.5 -1.2
v -1.1 6.5 -1.2
v 1.1 6.5 -1.2
v 1.2 6.5 -1.2
v 1.3 6.5 -1.2
v -1.2 6.5 -1.3
v -1.1 6.5 -1.3
v -1 6.5 -1.3
v -0.9 6.5 -1.3
v 0.9 6.5 -1.3
v 1 6.5 -1.3
v 1.1 6.5 -1.3
v 1.2 6.5 -1.3
v -1 6.5 -1.4
v -0.9 6.5 -1.4
v -0.8 6.5 -1.4
v -0.0999999 6.5 -1.4
v 0.1 6.5 -1.4
v 0.8 6.5 -1.4
v 0.9 6.5 -1.4
v 1 6.5 -1.4
v -0.8 6.5 -1.5
v -0.0999999 6.5 -1.5
v 0.1 6.5 -1.5
v 0.8 6.5 -1.5
v -0.8 6.6 0.8
v -0.7 6.6 0.8
v -0.5 6.6 0.8
v -0.3 6.6 0.8
v 0.3 6.6 0.8
v 0.5 6.6 0.8
v 0.7 6.6 0.8
v 0.8 6.6 0.8
v -1 6.6 0.7
v -0.9 6.6 0.7
v -0.8 6.6 0.7
v -0.7 6.6 0.7
v -0.5 6.6 0.7
v -0.4 6.6 0.7
v -0.3 6.6 0.7
v -0.2 6.6 0.7
v 0.2 6.6 0.7
v 0.3 6.6 0.7
v 0.4 6.6 0.7
v 0.5 6.6 0.7
v 0.7 6.6 0.7
v 0.8 6.6 0.7
v 0.9 6.6 0.7
v 1 6.6 0.7
v -1.2 6.6 0.6
v -1 6.6 0.6
v -0.9 6.6 0.6
v -0.7 6.6 0.6
v -0.4 6.6 0.6
v -0.3 6.6 0.6
v -0.2 6.6 0.6
v 0.2 6.6 0.6
v 0.3 6.6 0.6
v 0.4 6.6 0.6
v 0.7 6.6 0.6
v 0.9 6.6 0.6
v 1 6.6 0.6
v 1.1 6.6 0.6
v 1.2 6.6 0.6
v -1.3 6.6 0.5
v -1.2 6.6 0.5
v -1.1 6.6 0.5
v -0.9 6.6 0.5
v 0.9 6.6 0.5
v 1 6.6 0.5
v 1.1 6.6 0.5
v 1.2 6.6 0.5
v 1.3 6.6 0.5
v -1.2 6.6 0.4
v -1.1 6.6 0.4
v -0.4 6.6 0.4
v -0.3 6.6 0.4
v 0.3 6.6 0.4
v 0.4 6.6 0.4
v 1.1 6.6 0.4
v 1.2 6.6 0.4
v -0.5 6.6 0.3
v -0.4 6.6 0.3
v -0.3 6.6 0.3
v -0.2 6.6 0.3
v 0.2 6.6 0.3
v 0.3 6.6 0.3
v 0.4 6.6 0.3
v 0.5 6.6 0.3
v 1.2 6.6 0.3
v 1.3 6.6 0.3
v -1.3 6.6 0.2
v -1.2 6.6 0.2
v -0.7 6.6 0.2
v -0.5 6.6 0.2
v -0.4 6.6 0.2
v -0.3 6.6 0.2
v 0.3 6.6 0.2
v 0.4 6.6 0.2
v 0.5 6.6 0.2
v 0.7 6.6 0.2
v 1.2 6.6 0.2
v -1.4 6.6 0.0999999
v -1.3 6.6 0.0999999
v -1.2 6.6 0.0999999
v -0.7 6.6 0.0999999
v -0.6 6.6 0.0999999
v -0.4 6.6 0.0999999
v 0.4 6.6 0.0999999
v 0.6 6.6 0.0999999
v 0.7 6.6 0.0999999
v 1.2 6.6 0.0999999
v 1.3 6.6 0.0999999
v 1.4 6.6 0.0999999
v -1.4 6.6 -2.38419e-07
v -1.3 6.6 -2.38419e-07
v -0.7 6.6 -2.38419e-07
v -0.6 6.6 -2.38419e-07
v 0.6 6.6 -2.38419e-07
v 0.7 6.6 -2.38419e-07
v 1.3 6.6 -2.38419e-07
v 1.4 6.6 -2.38419e-07
v -1.4 6.6 -0.4
v -1.3 6.6 -0.4
v 1.3 6.6 -0.4
v 1.4 6.6 -0.4
v -1.3 6.6 -0.5
v -0.8 6.6 -0.5
v -0.7 6.6 -0.5
v 0.7 6.6 -0.5
v 0.8 6.6 -0.5
v 1.3 6.6 -0.5
v -1.3 6.6 -0.7
v -1.2 6.6 -0.7
v -0.7 6.6 -0.7
v -0.5 6.6 -0.7
v 0.5 6.6 -0.7
v 0.7 6.6 -0.7
v 1.2 6.6 -0.7
v 1.3 6.6 -0.7
v -1.4 6.6 -0.8
v -1.3 6.6 -0.8
v -0.8 6.6 -0.8
v -0.6 6.6 -0.8
v -0.5 6.6 -0.8
v 0.5 6.6 -0.8
v 0.6 6.6 -0.8
v 0.8 6.6 -0.8
v 1.3 6.6 -0.8
v 1.4 6.6 -0.8
v -0.6 6.6 -0.9
v -0.5 6.6 -0.9
v 0.5 6.6 -0.9
v 0.6 6.6 -0.9
v -1.2 6.6 -1
v -1.1 6.6 -1
v 1.1 6.6 -1
v 1.2 6.6 -1
v -1.3 6.6 -1.1
v -1.2 6.6 -1.1
v -1.1 6.6 -1.1
v -1 6.6 -1.1
v 1 6.6 -1.1
v 1.1 6.6 -1.1
v 1.2 6.6 -1.1
v 1.3 6.6 -1.1
v -1.2 6.6 -1.2
v -1.1 6.6 -1.2
v -1 6.6 -1.2
v -0.8 6.6 -1.2
v 0.8 6.6 -1.2
v 1 6.6 -1.2
v 1.1 6.6 -1.2
v 1.2 6.6 -1.2
v -1.1 6.6 -1.3
v -0.9 6.6 -1.3
v -0.8 6.6 -1.3
v -0.3 6.6 -1.3
v 0.3 6.6 -1.3
v 0.8 6.6 -1.3
v 0.9 6.6 -1.3
v 1.1 6.6 -1.3
v -0.9 6.6 -1.4
v -0.3 6.6 -1.4
v 0.3 6.6 -1.4
v 0.9 6.6 -1.4
v -0.7 6.7 0.7
v -0.4 6.7 0.7
v 0.4 6.7 0.7
v 0.7 6.7 0.7
v -0.9 6.7 0.6
v -0.7 6.7 0.6
v -0.4 6.7 0.6
v -0.3 6.7 0.6
v 0.3 6.7 0.6
v 0.4 6.7 0.6
v 0.7 6.7 0.6
v 0.9 6.7 0.6
v -1.1 6.7 0.5
v -0.9 6.7 0.5
v 0.9 6.7 0.5
v 1.1 6.7 0.5
v -1.2 6.7 0.4
v -1.1 6.7 0.4
v -1 6.7 0.4
v -0.9 6.7 0.4
v -0.4 6.7 0.4
v -0.3 6.7 0.4
v 0.3 6.7 0.4
v 0.4 6.7 0.4
v 1 6.7 0.4
v 1.1 6.7 0.4
v 1.2 6.7 0.4
v -1.1 6.7 0.3
v -1 6.7 0.3
v -0.5 6.7 0.3
v -0.4 6.7 0.3
v 0.4 6.7 0.3
v 0.5 6.7 0.3
v -1.2 6.7 0.2
v -1.1 6.7 0.2
v -1 6.7 0.2
v -0.8 6.7 0.2
v -0.7 6.7 0.2
v -0.5 6.7 0.2
v 0.5 6.7 0.2
v 0.7 6.7 0.2
v 0.8 6.7 0.2
v 0.9 6.7 0.2
v 1 6.7 0.2
v 1.1 6.7 0.2
v 1.2 6.7 0.2
v -0.8 6.7 0.0999999
v -0.7 6.7 0.0999999
v 0.7 6.7 0.0999999
v 0.8 6.7 0.0999999
v -1.3 6.7 -0.5
v -1.2 6.7 -0.5
v 1.2 6.7 -0.5
v 1.3 6.7 -0.5
v -1.2 6.7 -0.6
v -0.8 6.7 -0.6
v 0.8 6.7 -0.6
v 1.2 6.7 -0.6
v -1.3 6.7 -0.7
v -1.2 6.7 -0.7
v 1.2 6.7 -0.7
v 1.3 6.7 -0.7
v -0.8 6.7 -0.8
v -0.6 6.7 -0.8
v 0.6 6.7 -0.8
v 0.8 6.7 -0.8
v -0.6 6.7 -0.9
v -0.5 6.7 -0.9
v 0.5 6.7 -0.9
v 0.6 6.7 -0.9
v -1.2 6.7 -1
v -1.1 6.7 -1
v 1.1 6.7 -1
v 1.2 6.7 -1
v -1.1 6.7 -1.1
v -1 6.7 -1.1
v 1 6.7 -1.1
v 1.1 6.7 -1.1
v -1 6.7 -1.2
v -0.8 6.7 -1.2
v -0.5 6.7 -1.2
v -0.4 6.7 -1.2
v 0.4 6.7 -1.2
v 0.5 6.7 -1.2
v 0.8 6.7 -1.2
v 1 6.7 -1.2
v -0.8 6.7 -1.3
v -0.4 6.7 -1.3
v 0.4 6.7 -1.3
v 0.8 6.7 -1.3
v -1.2 6.8 0.2
v -1.1 6.8 0.2
v -0.9 6.8 0.2
v -0.8 6.8 0.2
v 0.8 6.8 0.2
v 0.9 6.8 0.2
v 1.1 6.8 0.2
v 1.2 6.8 0.2
v -1.2 6.8 0.0999999
v -1.1 6.8 0.0999999
v -0.9 6.8 0.0999999
v -0.8 6.8 0.0999999
v 0.8 6.8 0.0999999
v 0.9 6.8 0.0999999
v 1.1 6.8 0.0999999
v 1.2 6.8 0.0999999
v -1.4 6.8 -2.38419e-07
v -1.3 6.8 -2.38419e-07
v -0.7 6.8 -2.38419e-07
v -0.6 6.8 -2.38419e-07
v 0.6 6.8 -2.38419e-07
v 0.7 6.8 -2.38419e-07
v 1.3 6.8 -2.38419e-07
v 1.4 6.8 -2.38419e-07
v -1.4 6.8 -0.1
v -1.3 6.8 -0.1
v -0.7 6.8 -0.1
v -0.6 6.8 -0.1
v 0.6 6.8 -0.1
v 0.7 6.8 -0.1
v 1.3 6.8 -0.1
v 1.4 6.8 -0.1
v -1.4 6.8 -0.3
v -1.3 6.8 -0.3
v -0.7 6.8 -0.3
v -0.6 6.8 -0.3
v 0.6 6.8 -0.3
v 0.7 6.8 -0.3
v 1.3 6.8 -0.3
v 1.4 6.8 -0.3
v -1.4 6.8 -0.4
v -1.3 6.8 -0.4
v -0.7 6.8 -0.4
v -0.6 6.8 -0.4
v 0.6 6.8 -0.4
v 0.7 6.8 -0.4
v 1.3 6.8 -0.4
v 1.4 6.8 -0.4
v -1.2 6.8 -0.5
v -1.1 6.8 -0.5
v -0.9 6.8 -0.5
v -0.8 6.8 -0.5
v 0.8 6.8 -0.5
v 0.9 6.8 -0.5
v 1.1 6.8 -0.5
v 1.2 6.8 -0.5
v -1.2 6.8 -0.6
v -1.1 6.8 -0.6
v -0.9 6.8 -0.6
v -0.8 6.8 -0.6
v -0.3 6.8 -0.6
v -0.2 6.8 -0.6
v 0.2 6.8 -0.6
v 0.3 6.8 -0.6
v 0.8 6.8 -0.6
v 0.9 6.8 -0.6
v 1.1 6.8 -0.6
v 1.2 6.8 -0.6
v -0.3 6.8 -0.7
v -0.2 6.8 -0.7
v 0.2 6.8 -0.7
v 0.3 6.8 -0.7
v -0.5 6.8 -0.8
v -0.4 6.8 -0.8
v 0.4 6.8 -0.8
v 0.5 6.8 -0.8
v -0.5 6.8 -0.9
v -0.4 6.8 -0.9
v 0.4 6.8 -0.9
v 0.5 6.8 -0.9
v -0.5 6.8 -1.1
v -0.4 6.8 -1.1
v 0.4 6.8 -1.1
v 0.5 6.8 -1.1
v -0.5 6.8 -1.2
v -0.4 6.8 -1.2
v 0.4 6.8 -1.2
v 0.5 6.8 -1.2
v -0.3 6.8 -1.3
v -0.2 6.8 -1.3
v 0.2 6.8 -1.3
v 0.3 6.8 -1.3
v -0.3 6.8 -1.4
v -0.2 6.8 -1.4
v 0.2 6.8 -1.4
v 0.3 6.8 -1.4
v -0.2 6.9 -0.6
v 0.2 6.9 -0.6
v -0.4 6.9 -0.7
v -0.3 6.9 -0.7
v -0.2 6.9 -0.7
v 0.2 6.9 -0.7
v 0.3 6.9 -0.7
v 0.4 6.9 -0.7
v -0.4 6.9 -0.8
v -0.3 6.9 -0.8
v 0.3 6.9 -0.8
v 0.4 6.9 -0.8
v -0.5 6.9 -0.9
v -0.4 6.9 -0.9
v 0.4 6.9 -0.9
v 0.5 6.9 -0.9
v -0.5 6.9 -1.1
v -0.4 6.9 -1.1
v 0.4 6.9 -1.1
v 0.5 6.9 -1.1
v -0.4 6.9 -1.2
v -0.3 6.9 -1.2
v 0.3 6.9 -1.2
v 0.4 6.9 -1.2
v -0.4 6.9 -1.3
v -0.3 6.9 -1.3
v -0.2 6.9 -1.3
v 0.2 6.9 -1.3
v 0.3 6.9 -1.3
v 0.4 6.9 -1.3
v -0.2 6.9 -1.4
v 0.2 6.9 -1.4
v -0.3 7 -0.7
v 0.3 7 -0.7
v -0.4 7 -0.8
v -0.3 7 -0.8
v -0.2 7 -0.8
v 0.2 7 -0.8
v 0.3 7 -0.8
v 0.4 7 -0.8
v -0.3 7 -0.9
v -0.2 7 -0.9
v 0.2 7 -0.9
v 0.3 7 -0.9
v -0.3 7 -1.1
v -0.2 7 -1.1
v 0.2 7 -1.1
v 0.3 7 -1.1
v -0.4 7 -1.2
v -0.3 7 -1.2
v -0.2 7 -1.2
v 0.2 7 -1.2
v 0.3 7 -1.2
v 0.4 7 -1.2
v -0.3 7 -1.3
v 0.3 7 -1.3
v -0.2 7.1 -0.8
v 0.2 7.1 -0.8
v -0.3 7.1 -0.9
v -0.2 7.1 -0.9
v 0.2 7.1 -0.9
v 0.3 7.1 -0.9
v -0.3 7.1 -1.1
v -0.2 7.1 -1.1
v 0.2 7.1 -1.1
v 0.3 7.1 -1.1
v -0.2 7.1 -1.2
v 0.2 7.1 -1.2
v -1.2 7.2 0.2
v -1.1 7.2 0.2
v -0.9 7.2 0.2
v -0.8 7.2 0.2
v 0.8 7.2 0.2
v 0.9 7.2 0.2
v 1.1 7.2 0.2
v 1.2 7.2 0.2
v -1.2 7.2 0.0999999
v -1.1 7.2 0.0999999
v -0.9 7.2 0.0999999
v -0.8 7.2 0.0999999
v 0.8 7.2 0.0999999
v 0.9 7.2 0.0999999
v 1.1 7.2 0.0999999
v 1.2 7.2 0.0999999
v -1.4 7.2 -2.38419e-07
v -1.3 7.2 -2.38419e-07
v -0.7 7.2 -2.38419e-07
v -0.6 7.2 -2.38419e-07
v 0.6 7.2 -2.38419e-07
v 0.7 7.2 -2.38419e-07
v 1.3 7.2 -2.38419e-07
v 1.4 7.2 -2.38419e-07
v -1.4 7.2 -0.1
v -1.3 7.2 -0.1
v -0.7 7.2 -0.1
v -0.6 7.2 -0.1
v 0.6 7.2 -0.1
v 0.7 7.2 -0.1
v 1.3 7.2 -0.1
v 1.4 7.2 -0.1
v -1.4 7.2 -0.3
v -1.3 7.2 -0.3
v -0.7 7.2 -0.3
v -0.6 7.2 -0.3
v 0.6 7.2 -0.3
v 0.7 7.2 -0.3
v 1.3 7.2 -0.3
v 1.4 7.2 -0.3
v -1.4 7.2 -0.4
v -1.3 7.2 -0.4
v -0.7 7.2 -0.4
v -0.6 7.2 -0.4
v 0.6 7.2 -0.4
v 0.7 7.2 -0.4
v 1.3 7.2 -0.4
v 1.4 7.2 -0.4
v -1.2 7.2 -0.5
v -1.1 7.2 -0.5
v -0.9 7.2 -0.5
v -0.8 7.2 -0.5
v 0.8 7.2 -0.5
v 0.9 7.2 -0.5
v 1.1 7.2 -0.5
v 1.2 7.2 -0.5
v -1.2 7.2 -0.6
v -1.1 7.2 -0.6
v -0.9 7.2 -0.6
v -0.8 7.2 -0.6
v 0.8 7.2 -0.6
v 0.9 7.2 -0.6
v 1.1 7.2 -0.6
v 1.2 7.2 -0.6
v -0.9 7.6 0.2
v -0.8 7.6 0.2
v 0.8 7.6 0.2
v 0.9 7.6 0.2
v -0.9 7.6 0.0999999
v -0.8 7.6 0.0999999
v 0.8 7.6 0.0999999
v 0.9 7.6 0.0999999
v -0.7 7.6 -2.38419e-07
v -0.6 7.6 -2.38419e-07
v 0.6 7.6 -2.38419e-07
v 0.7 7.6 -2.38419e-07
v -0.7 7.6 -0.1
v -0.6 7.6 -0.1
v 0.6 7.6 -0.1
v 0.7 7.6 -0.1
v -0.7 7.6 -0.3
v -0.6 7.6 -0.3
v 0.6 7.6 -0.3
v 0.7 7.6 -0.3
v -0.7 7.6 -0.4
v -0.6 7.6 -0.4
v 0.6 7.6 -0.4
v 0.7 7.6 -0.4
v -0.9 7.6 -0.5
v -0.8 7.6 -0.5
v 0.8 7.6 -0.5
v 0.9 7.6 -0.5
v -0.9 7.6 -0.6
v -0.8 7.6 -0.6
v 0.8 7.6 -0.6
v 0.9 7.6 -0.6
v -1 7.7 0.2
v -0.9 7.7 0.2
v 0.9 7.7 0.2
v 1 7.7 0.2
v -1 7.7 0.0999999
v -0.9 7.7 0.0999999
v -0.8 7.7 0.0999999
v -0.7 7.7 0.0999999
v 0.7 7.7 0.0999999
v 0.8 7.7 0.0999999
v 0.9 7.7 0.0999999
v 1 7.7 0.0999999
v -0.8 7.7 -2.38419e-07
v -0.7 7.7 -2.38419e-07
v 0.7 7.7 -2.38419e-07
v 0.8 7.7 -2.38419e-07
v -0.7 7.7 -0.1
v -0.6 7.7 -0.1
v 0.6 7.7 -0.1
v 0.7 7.7 -0.1
v -0.7 7.7 -0.3
v -0.6 7.7 -0.3
v 0.6 7.7 -0.3
v 0.7 7.7 -0.3
v -0.8 7.7 -0.4
v -0.7 7.7 -0.4
v 0.7 7.7 -0.4
v 0.8 7.7 -0.4
v -1 7.7 -0.5
v -0.9 7.7 -0.5
v -0.8 7.7 -0.5
v -0.7 7.7 -0.5
v 0.7 7.7 -0.5
v 0.8 7.7 -0.5
v 0.9 7.7 -0.5
v 1 7.7 -0.5
v -1 7.7 -0.6
v -0.9 7.7 -0.6
v 0.9 7.7 -0.6
v 1 7.7 -0.6
v -0.9 7.8 0.0999999
v -0.8 7.8 0.0999999
v 0.8 7.8 0.0999999
v 0.9 7.8 0.0999999
v -0.9 7.8 -2.38419e-07
v -0.8 7.8 -2.38419e-07
v -0.7 7.8 -2.38419e-07
v 0.7 7.8 -2.38419e-07
v 0.8 7.8 -2.38419e-07
v 0.9 7.8 -2.38419e-07
v -0.8 7.8 -0.1
v -0.7 7.8 -0.1
v 0.7 7.8 -0.1
v 0.8 7.8 -0.1
v -0.8 7.8 -0.3
v -0.7 7.8 -0.3
v 0.7 7.8 -0.3
v 0.8 7.8 -0.3
v -0.9 7.8 -0.4
v -0.8 7.8 -0.4
v -0.7 7.8 -0.4
v 0.7 7.8 -0.4
v 0.8 7.8 -0.4
v 0.9 7.8 -0.4
v -0.9 7.8 -0.5
v -0.8 7.8 -0.5
v 0.8 7.8 -0.5
v 0.9 7.8 -0.5
v -1.1 7.9 0.2
v -1 7.9 0.2
v 1 7.9 0.2
v 1.1 7.9 0.2
v -1.1 7.9 0.0999999
v -1 7.9 0.0999999
v 1 7.9 0.0999999
v 1.1 7.9 0.0999999
v -0.9 7.9 -2.38419e-07
v -0.8 7.9 -2.38419e-07
v 0.8 7.9 -2.38419e-07
v 0.9 7.9 -2.38419e-07
v -0.9 7.9 -0.1
v -0.8 7.9 -0.1
v 0.8 7.9 -0.1
v 0.9 7.9 -0.1
v -0.9 7.9 -0.3
v -0.8 7.9 -0.3
v 0.8 7.9 -0.3
v 0.9 7.9 -0.3
v -0.9 7.9 -0.4
v -0.8 7.9 -0.4
v 0.8 7.9 -0.4
v 0.9 7.9 -0.4
v -1.4 7.9 -0.5
v -1.3 7.9 -0.5
v -1.1 7.9 -0.5
v -1 7.9 -0.5
v 1 7.9 -0.5
v 1.1 7.9 -0.5
v 1.3 7.9 -0.5
v 1.4 7.9 -0.5
v -1.4 7.9 -0.6
v -1.3 7.9 -0.6
v -1.1 7.9 -0.6
v -1 7.9 -0.6
v 1 7.9 -0.6
v 1.1 7.9 -0.6
v 1.3 7.9 -0.6
v 1.4 7.9 -0.6
v -1.2 8 0.2
v -1.1 8 0.2
v 1.1 8 0.2
v 1.2 8 0.2
v -1.2 8 0.0999999
v -1.1 8 0.0999999
v -1 8 0.0999999
v -0.9 8 0.0999999
v 0.9 8 0.0999999
v 1 8 0.0999999
v 1.1 8 0.0999999
v 1.2 8 0.0999999
v -1 8 -2.38419e-07
v -0.9 8 -2.38419e-07
v 0.9 8 -2.38419e-07
v 1 8 -2.38419e-07
v -0.9 8 -0.1
v -0.8 8 -0.1
v 0.8 8 -0.1
v 0.9 8 -0.1
v 0.8 8 -0.2
v 0.9 8 -0.2
v -0.9 8 -0.3
v -0.8 8 -0.3
v 0.8 8 -0.3
v 0.9 8 -0.3
v -1 8 -0.4
v -0.9 8 -0.4
v 0.9 8 -0.4
v 1 8 -0.4
v -1.3 8 -0.5
v -1.1 8 -0.5
v -1 8 -0.5
v -0.9 8 -0.5
v 0.9 8 -0.5
v 1 8 -0.5
v 1.1 8 -0.5
v 1.3 8 -0.5
v -1.3 8 -0.6
v -1.1 8 -0.6
v 1.1 8 -0.6
v 1.3 8 -0.6
v -1.4 8.1 0.3
v -1.3 8.1 0.3
v 1.3 8.1 0.3
v 1.4 8.1 0.3
v -1.4 8.1 0.2
v -1.3 8.1 0.2
v 1.3 8.1 0.2
v 1.4 8.1 0.2
v -1.2 8.1 0.0999999
v -1 8.1 0.0999999
v 1 8.1 0.0999999
v 1.2 8.1 0.0999999
v -1.2 8.1 -2.38419e-07
v -1.1 8.1 -2.38419e-07
v -1 8.1 -2.38419e-07
v -0.9 8.1 -2.38419e-07
v 0.9 8.1 -2.38419e-07
v 1 8.1 -2.38419e-07
v 1.1 8.1 -2.38419e-07
v 1.2 8.1 -2.38419e-07
v -1.1 8.1 -0.1
v -1 8.1 -0.1
v 1 8.1 -0.1
v 1.1 8.1 -0.1
v -1.9 8.1 -0.2
v -1.8 8.1 -0.2
v 0.9 8.1 -0.2
v 1 8.1 -0.2
v 1.8 8.1 -0.2
v 1.9 8.1 -0.2
v -1.9 8.1 -0.3
v -1.8 8.1 -0.3
v -1.1 8.1 -0.3
v -1 8.1 -0.3
v 1 8.1 -0.3
v 1.1 8.1 -0.3
v 1.8 8.1 -0.3
v 1.9 8.1 -0.3
v -1.7 8.1 -0.4
v -1.6 8.1 -0.4
v -1.4 8.1 -0.4
v -1.3 8.1 -0.4
v -1.1 8.1 -0.4
v -1 8.1 -0.4
v -0.9 8.1 -0.4
v 0.9 8.1 -0.4
v 1 8.1 -0.4
v 1.1 8.1 -0.4
v 1.3 8.1 -0.4
v 1.4 8.1 -0.4
v 1.6 8.1 -0.4
v 1.7 8.1 -0.4
v -1.7 8.1 -0.5
v -1.6 8.1 -0.5
v -1.4 8.1 -0.5
v -1.3 8.1 -0.5
v -1 8.1 -0.5
v 1 8.1 -0.5
v 1.3 8.1 -0.5
v 1.4 8.1 -0.5
v 1.6 8.1 -0.5
v 1.7 8.1 -0.5
v -1.3 8.2 0.2
v -1.2 8.2 0.2
v 1.2 8.2 0.2
v 1.3 8.2 0.2
v -1.3 8.2 0.0999999
v -1.2 8.2 0.0999999
v 1.2 8.2 0.0999999
v 1.3 8.2 0.0999999
v -1.2 8.2 -2.38419e-07
v -1.1 8.2 -2.38419e-07
v 1.1 8.2 -2.38419e-07
v 1.2 8.2 -2.38419e-07
v -1.1 8.2 -0.1
v -1 8.2 -0.1
v 1 8.2 -0.1
v 1.1 8.2 -0.1
v 1 8.2 -0.2
v 1.1 8.2 -0.2
v -1.8 8.2 -0.3
v -1.7 8.2 -0.3
v -1.3 8.2 -0.3
v -1.2 8.2 -0.3
v -1.1 8.2 -0.3
v -1 8.2 -0.3
v 1 8.2 -0.3
v 1.1 8.2 -0.3
v 1.2 8.2 -0.3
v 1.3 8.2 -0.3
v 1.7 8.2 -0.3
v 1.8 8.2 -0.3
v -1.8 8.2 -0.4
v -1.7 8.2 -0.4
v -1.6 8.2 -0.4
v -1.4 8.2 -0.4
v -1.3 8.2 -0.4
v -1.1 8.2 -0.4
v 1.1 8.2 -0.4
v 1.3 8.2 -0.4
v 1.4 8.2 -0.4
v 1.6 8.2 -0.4
v 1.7 8.2 -0.4
v 1.8 8.2 -0.4
v -1.6 8.2 -0.5
v -1.4 8.2 -0.5
v 1.4 8.2 -0.5
v 1.6 8.2 -0.5
v -1.3 8.3 0.0999999
v -1.2 8.3 0.0999999
v 1.2 8.3 0.0999999
v 1.3 8.3 0.0999999
v -1.4 8.3 -0.2
v -1.3 8.3 -0.2
v 1.3 8.3 -0.2
v 1.4 8.3 -0.2
v -1.7 8.3 -0.3
v -1.4 8.3 -0.3
v -1.3 8.3 -0.3
v -1.2 8.3 -0.3
v 1.2 8.3 -0.3
v 1.3 8.3 -0.3
v 1.4 8.3 -0.3
v 1.7 8.3 -0.3
v -1.7 8.3 -0.4
v -1.4 8.3 -0.4
v -1.3 8.3 -0.4
v 1.3 8.3 -0.4
v 1.4 8.3 -0.4
v 1.7 8.3 -0.4
v -2.1 8.4 0.3
v -2 8.4 0.3
v -1.4 8.4 0.3
v -1.3 8.4 0.3
v 1.3 8.4 0.3
v 1.4 8.4 0.3
v 2 8.4 0.3
v 2.1 8.4 0.3
v -2.1 8.4 0.2
v -2 8.4 0.2
v -1.4 8.4 0.2
v -1.3 8.4 0.2
v 1.3 8.4 0.2
v 1.4 8.4 0.2
v 2 8.4 0.2
v 2.1 8.4 0.2
v -2.1 8.4 -2.38419e-07
v -2 8.4 -2.38419e-07
v -1.4 8.4 -2.38419e-07
v -1.3 8.4 -2.38419e-07
v 1.3 8.4 -2.38419e-07
v 1.4 8.4 -2.38419e-07
v 2 8.4 -2.38419e-07
v 2.1 8.4 -2.38419e-07
v -2.1 8.4 -0.1
v -2 8.4 -0.1
v 2 8.4 -0.1
v 2.1 8.4 -0.1
v -1.9 8.4 -0.2
v -1.8 8.4 -0.2
v -1.6 8.4 -0.2
v -1.4 8.4 -0.2
v -1.3 8.4 -0.2
v 1.3 8.4 -0.2
v 1.4 8.4 -0.2
v 1.6 8.4 -0.2
v 1.8 8.4 -0.2
v 1.9 8.4 -0.2
v -1.9 8.4 -0.3
v -1.8 8.4 -0.3
v -1.6 8.4 -0.3
v -1.4 8.4 -0.3
v 1.4 8.4 -0.3
v 1.6 8.4 -0.3
v 1.8 8.4 -0.3
v 1.9 8.4 -0.3
v -2.1 8.5 0.0999999
v -2 8.5 0.0999999
v -1.4 8.5 0.0999999
v -1.3 8.5 0.0999999
v 1.3 8.5 0.0999999
v 1.4 8.5 0.0999999
v 2 8.5 0.0999999
v 2.1 8.5 0.0999999
v -2.1 8.5 -2.38419e-07
v -2 8.5 -2.38419e-07
v -1.4 8.5 -2.38419e-07
v -1.3 8.5 -2.38419e-07
v 1.3 8.5 -2.38419e-07
v 1.4 8.5 -2.38419e-07
v 2 8.5 -2.38419e-07
v 2.1 8.5 -2.38419e-07
v -2 8.5 -0.1
v -1.9 8.5 -0.1
v -1.5 8.5 -0.1
v -1.4 8.5 -0.1
v 1.4 8.5 -0.1
v 1.5 8.5 -0.1
v 1.9 8.5 -0.1
v 2 8.5 -0.1
v -2 8.5 -0.2
v -1.9 8.5 -0.2
v -1.8 8.5 -0.2
v -1.6 8.5 -0.2
v -1.5 8.5 -0.2
v -1.4 8.5 -0.2
v 1.4 8.5 -0.2
v 1.5 8.5 -0.2
v 1.6 8.5 -0.2
v 1.8 8.5 -0.2
v 1.9 8.5 -0.2
v 2 8.5 -0.2
v -1.8 8.5 -0.3
v -1.6 8.5 -0.3
v 1.6 8.5 -0.3
v 1.8 8.5 -0.3
v -1.9 8.8 0.6
v -1.8 8.8 0.6
v -1.6 8.8 0.6
v -1.5 8.8 0.6
v 1.5 8.8 0.6
v 1.6 8.8 0.6
v 1.8 8.8 0.6
v 1.9 8.8 0.6
v -1.9 8.8 0.5
v -1.8 8.8 0.5
v -1.6 8.8 0.5
v -1.5 8.8 0.5
v 1.5 8.8 0.5
v 1.6 8.8 0.5
v 1.8 8.8 0.5
v 1.9 8.8 0.5
v -2.1 8.8 0.4
v -2 8.8 0.4
v -1.4 8.8 0.4
v -1.3 8.8 0.4
v 1.3 8.8 0.4
v 1.4 8.8 0.4
v 2 8.8 0.4
v 2.1 8.8 0.4
v -2.1 8.8 0.3
v -2 8.8 0.3
v -1.4 8.8 0.3
v -1.3 8.8 0.3
v 1.3 8.8 0.3
v 1.4 8.8 0.3
v 2 8.8 0.3
v 2.1 8.8 0.3
v -2.1 8.8 0.0999999
v -2 8.8 0.0999999
v -1.4 8.8 0.0999999
v -1.3 8.8 0.0999999
v 1.3 8.8 0.0999999
v 1.4 8.8 0.0999999
v 2 8.8 0.0999999
v 2.1 8.8 0.0999999
v -2.1 8.8 -2.38419e-07
v -2 8.8 -2.38419e-07
v -1.4 8.8 -2.38419e-07
v -1.3 8.8 -2.38419e-07
v 1.3 8.8 -2.38419e-07
v 1.4 8.8 -2.38419e-07
v 2 8.8 -2.38419e-07
v 2.1 8.8 -2.38419e-07
v -1.9 8.8 -0.1
v -1.8 8.8 -0.1
v -1.6 8.8 -0.1
v -1.5 8.8 -0.1
v 1.5 8.8 -0.1
v 1.6 8.8 -0.1
v 1.8 8.8 -0.1
v 1.9 8.8 -0.1
v -1.9 8.8 -0.2
v -1.8 8.8 -0.2
v -1.6 8.8 -0.2
v -1.5 8.8 -0.2
v 1.5 8.8 -0.2
v 1.6 8.8 -0.2
v 1.8 8.8 -0.2
v 1.9 8.8 -0.2
v -1.9 9.2 0.6
v -1.8 9.2 0.6
v -1.6 9.2 0.6
v -1.5 9.2 0.6
v 1.5 9.2 0.6
v 1.6 9.2 0.6
v 1.8 9.2 0.6
v 1.9 9.2 0.6
v -1.9 9.2 0.5
v -1.8 9.2 0.5
v -1.6 9.2 0.5
v -1.5 9.2 0.5
v 1.5 9.2 0.5
v 1.6 9.2 0.5
v 1.8 9.2 0.5
v 1.9 9.2 0.5
v -2.1 9.2 0.4
v -2 9.2 0.4
v -1.4 9.2 0.4
v -1.3 9.2 0.4
v 1.3 9.2 0.4
v 1.4 9.2 0.4
v 2 9.2 0.4
v 2.1 9.2 0.4
v -2.1 9.2 0.3
v -2 9.2 0.3
v -1.4 9.2 0.3
v -1.3 9.2 0.3
v 1.3 9.2 0.3
v 1.4 9.2 0.3
v 2 9.2 0.3
v 2.1 9.2 0.3
v -2.1 9.2 0.0999999
v -2 9.2 0.0999999
v -1.4 9.2 0.0999999
v -1.3 9.2 0.0999999
v 1.3 9.2 0.0999999
v 1.4 9.2 0.0999999
v 2 9.2 0.0999999
v 2.1 9.2 0.0999999
v -2.1 9.2 -2.38419e-07
v -2 9.2 -2.38419e-07
v -1.4 9.2 -2.38419e-07
v -1.3 9.2 -2.38419e-07
v 1.3 9.2 -2.38419e-07
v 1.4 9.2 -2.38419e-07
v 2 9.2 -2.38419e-07
v 2.1 9.2 -2.38419e-07
v -1.9 9.2 -0.1
v -1.8 9.2 -0.1
v -1.6 9.2 -0.1
v -1.5 9.2 -0.1
v 1.5 9.2 -0.1
v 1.6 9.2 -0.1
v 1.8 9.2 -0.1
v 1.9 9.2 -0.1
v -1.9 9.2 -0.2
v -1.8 9.2 -0.2
v -1.6 9.2 -0.2
v -1.5 9.2 -0.2
v 1.5 9.2 -0.2
v 1.6 9.2 -0.2
v 1.8 9.2 -0.2
v 1.9 9.2 -0.2
v -1.8 9.3 0.6
v -1.7 9.3 0.6
v -1.6 9.3 0.6
v 1.6 9.3 0.6
v 1.7 9.3 0.6
v 1.8 9.3 0.6
v -2 9.3 0.5
v -1.9 9.3 0.5
v -1.8 9.3 0.5
v -1.7 9.3 0.5
v -1.6 9.3 0.5
v -1.5 9.3 0.5
v -1.4 9.3 0.5
v 1.4 9.3 0.5
v 1.5 9.3 0.5
v 1.6 9.3 0.5
v 1.7 9.3 0.5
v 1.8 9.3 0.5
v 1.9 9.3 0.5
v 2 9.3 0.5
v -2 9.3 0.4
v -1.9 9.3 0.4
v -1.5 9.3 0.4
v -1.4 9.3 0.4
v 1.4 9.3 0.4
v 1.5 9.3 0.4
v 1.9 9.3 0.4
v 2 9.3 0.4
v -2.1 9.3 0.3
v -2 9.3 0.3
v -1.4 9.3 0.3
v -1.3 9.3 0.3
v 1.3 9.3 0.3
v 1.4 9.3 0.3
v 2 9.3 0.3
v 2.1 9.3 0.3
v -2 9.3 0.2
v 2 9.3 0.2
v -2.1 9.3 0.0999999
v -2 9.3 0.0999999
v -1.4 9.3 0.0999999
v -1.3 9.3 0.0999999
v 1.3 9.3 0.0999999
v 1.4 9.3 0.0999999
v 2 9.3 0.0999999
v 2.1 9.3 0.0999999
v -2 9.3 -2.38419e-07
v -1.9 9.3 -2.38419e-07
v -1.5 9.3 -2.38419e-07
v -1.4 9.3 -2.38419e-07
v 1.4 9.3 -2.38419e-07
v 1.5 9.3 -2.38419e-07
v 1.9 9.3 -2.38419e-07
v 2 9.3 -2.38419e-07
v -2 9.3 -0.1
v -1.9 9.3 -0.1
v -1.8 9.3 -0.1
v -1.6 9.3 -0.1
v -1.5 9.3 -0.1
v -1.4 9.3 -0.1
v 1.4 9.3 -0.1
v 1.5 9.3 -0.1
v 1.6 9.3 -0.1
v 1.8 9.3 -0.1
v 1.9 9.3 -0.1
v 2 9.3 -0.1
v -1.8 9.3 -0.2
v -1.6 9.3 -0.2
v 1.6 9.3 -0.2
v 1.8 9.3 -0.2
v -1.9 9.4 0.5
v -1.8 9.4 0.5
v -1.6 9.4 0.5
v -1.5 9.4 0.5
v 1.5 9.4 0.5
v 1.6 9.4 0.5
v 1.9 9.4 0.5
v -2 9.4 0.4
v -1.9 9.4 0.4
v -1.8 9.4 0.4
v -1.7 9.4 0.4
v -1.6 9.4 0.4
v -1.5 9.4 0.4
v -1.4 9.4 0.4
v 1.4 9.4 0.4
v 1.5 9.4 0.4
v 1.6 9.4 0.4
v 1.8 9.4 0.4
v 1.9 9.4 0.4
v 2 9.4 0.4
v -1.9 9.4 0.3
v -1.8 9.4 0.3
v -1.6 9.4 0.3
v -1.5 9.4 0.3
v 1.5 9.4 0.3
v 1.6 9.4 0.3
v 1.8 9.4 0.3
v 1.9 9.4 0.3
v -2 9.4 0.2
v -1.9 9.4 0.2
v 1.5 9.4 0.2
v 1.9 9.4 0.2
v 2 9.4 0.2
v -1.9 9.4 0.0999999
v -1.8 9.4 0.0999999
v -1.6 9.4 0.0999999
v -1.5 9.4 0.0999999
v 1.5 9.4 0.0999999
v 1.6 9.4 0.0999999
v 1.8 9.4 0.0999999
v 1.9 9.4 0.0999999
v -2 9.4 -2.38419e-07
v -1.9 9.4 -2.38419e-07
v -1.8 9.4 -2.38419e-07
v -1.6 9.4 -2.38419e-07
v -1.5 9.4 -2.38419e-07
v -1.4 9.4 -2.38419e-07
v 1.4 9.4 -2.38419e-07
v 1.5 9.4 -2.38419e-07
v 1.6 9.4 -2.38419e-07
v 1.8 9.4 -2.38419e-07
v 1.9 9.4 -2.38419e-07
v 2 9.4 -2.38419e-07
v -1.9 9.4 -0.1
v -1.5 9.4 -0.1
v 1.5 9.4 -0.1
v 1.9 9.4 -0.1
v -1.8 9.5 0.4
v -1.7 9.5 0.4
v -1.6 9.5 0.4
v 1.6 9.5 0.4
v 1.8 9.5 0.4
v -1.9 9.5 0.3
v -1.8 9.5 0.3
v -1.7 9.5 0.3
v -1.6 9.5 0.3
v -1.5 9.5 0.3
v 1.5 9.5 0.3
v 1.6 9.5 0.3
v 1.8 9.5 0.3
v 1.9 9.5 0.3
v 1.5 9.5 0.2
v 1.6 9.5 0.2
v -1.9 9.5 0.0999999
v -1.8 9.5 0.0999999
v -1.6 9.5 0.0999999
v -1.5 9.5 0.0999999
v 1.5 9.5 0.0999999
v 1.6 9.5 0.0999999
v 1.8 9.5 0.0999999
v 1.9 9.5 0.0999999
v -1.8 9.5 -2.38419e-07
v -1.6 9.5 -2.38419e-07
v 1.6 9.5 -2.38419e-07
v 1.8 9.5 -2.38419e-07

# faces
f 3/5/1 2/5/1 1/5/1
f 4/5/1 2/5/1 3/5/1
f 7/6/1 6/6/1 5/6/1
f 8/6/1 6/6/1 7/6/1
f 11/6/1 6/6/1 8/6/1
f 12/6/1 6/6/1 11/6/1
f 13/6/1 10/6/1 9/6/1
f 15/6/1 13/6/1 9/6/1
f 15/6/1 14/6/1 13/6/1
f 16/6/1 14/6/1 15/6/1
f 17/6/1 14/6/1 16/6/1
f 18/6/1 14/6/1 17/6/1
f 22/6/1 20/6/1 19/6/1
f 23/6/1 20/6/1 22/6/1
f 24/6/1 20/6/1 23/6/1
f 25/6/1 20/6/1 24/6/1
f 27/6/1 25/6/1 24/6/1
f 27/6/1 26/6/1 25/6/1
f 28/6/1 26/6/1 27/6/1
f 29/6/1 23/6/1 22/6/1
f 29/6/1 22/6/1 21/6/1
f 30/6/1 23/6/1 29/6/1
f 31/6/1 23/6/1 30/6/1
f 32/6/1 27/6/1 24/6/1
f 33/6/1 27/6/1 32/6/1
f 34/3/1 28/3/1 27/3/1
f 34/6/1 27/6/1 33/6/1
f 35/3/1 28/3/1 34/3/1
f 36/6/1 33/6/1 32/6/1
f 36/6/1 31/6/1 30/6/1
f 36/6/1 32/6/1 31/6/1
f 37/6/1 33/6/1 36/6/1
f 42/6/1 41/6/1 40/6/1
f 43/6/1 41/6/1 42/6/1
f 44/6/1 39/6/1 38/6/1
f 45/6/1 39/6/1 44/6/1
f 49/5/1 47/5/1 46/5/1
f 50/5/1 47/5/1 49/5/1
f 51/5/1 47/5/1 50/5/1
f 54/5/1 53/5/1 52/5/1
f 55/5/1 49/5/1 48/5/1
f 55/5/1 50/5/1 49/5/1
f 56/5/1 50/5/1 55/5/1
f 58/5/1 55/5/1 54/5/1
f 58/5/1 57/5/1 56/5/1
f 58/5/1 56/5/1 55/5/1
f 59/5/1 57/5/1 58/5/1
f 60/5/1 57/5/1 59/5/1
f 61/5/1 57/5/1 60/5/1
f 62/5/1 57/5/1 61/5/1
f 63/5/1 47/5/1 51/5/1
f 64/5/1 54/5/1 52/5/1
f 64/5/1 58/5/1 54/5/1
f 65/5/1 58/5/1 64/5/1
f 66/5/1 60/5/1 59/5/1
f 67/5/1 60/5/1 66/5/1
f 68/5/1 63/5/1 62/5/1
f 68/5/1 62/5/1 61/5/1
f 69/5/1 47/5/1 63/5/1
f 69/5/1 63/5/1 68/5/1
f 70/5/1 58/5/1 65/5/1
f 71/5/1 58/5/1 70/5/1
f 72/5/1 58/5/1 71/5/1
f 73/5/1 58/5/1 72/5/1
f 74/5/1 58/5/1 73/5/1
f 76/5/1 75/5/1 74/5/1
f 76/5/1 74/5/1 73/5/1
f 77/5/1 75/5/1 76/5/1
f 78/5/1 75/5/1 77/5/1
f 79/5/1 60/5/1 67/5/1
f 80/5/1 78/5/1 77/5/1
f 80/5/1 79/5/1 78/5/1
f 80/5/1 60/5/1 79/5/1
f 84/5/1 80/5/1 77/5/1
f 84/5/1 81/5/1 80/5/1
f 85/5/1 81/5/1 84/5/1
f 89/6/1 83/6/1 82/6/1
f 90/6/1 83/6/1 89/6/1
f 91/6/1 83/6/1 90/6/1
f 92/6/1 87/6/1 86/6/1
f 93/6/1 87/6/1 92/6/1
f 94/6/1 87/6/1 93/6/1
f 97/6/1 94/6/1 93/6/1
f 98/3/1 95/3/1 94/3/1
f 98/6/1 94/6/1 97/6/1
f 99/7/1 96/7/1 95/7/1
f 99/3/1 95/3/1 98/3/1
f 100/7/1 96/7/1 99/7/1
f 101/6/1 98/6/1 97/6/1
f 102/1/1 99/1/1 98/1/1
f 102/6/1 98/6/1 101/6/1
f 103/6/1 89/6/1 88/6/1
f 103/6/1 90/6/1 89/6/1
f 104/6/1 90/6/1 103/6/1
f 105/6/1 90/6/1 104/6/1
f 109/3/1 102/3/1 101/3/1
f 110/1/1 99/1/1 102/1/1
f 110/3/1 102/3/1 109/3/1
f 111/2/1 100/2/1 99/2/1
f 111/1/1 99/1/1 110/1/1
f 112/2/1 100/2/1 111/2/1
f 113/6/1 105/6/1 104/6/1
f 113/6/1 106/6/1 105/6/1
f 114/6/1 106/6/1 113/6/1
f 117/6/1 109/6/1 108/6/1
f 117/6/1 108/6/1 107/6/1
f 118/3/1 110/3/1 109/3/1
f 118/6/1 109/6/1 117/6/1
f 119/3/1 110/3/1 118/3/1
f 120/5/1 116/5/1 115/5/1
f 121/5/1 116/5/1 120/5/1
f 130/5/1 127/5/1 126/5/1
f 131/5/1 127/5/1 130/5/1
f 132/5/1 129/5/1 128/5/1
f 133/5/1 129/5/1 132/5/1
f 134/5/1 123/5/1 122/5/1
f 135/5/1 123/5/1 134/5/1
f 136/5/1 125/5/1 124/5/1
f 137/5/1 125/5/1 136/5/1
f 138/5/1 127/5/1 131/5/1
f 139/5/1 132/5/1 128/5/1
f 140/5/1 123/5/1 135/5/1
f 141/5/1 136/5/1 124/5/1
f 142/5/1 139/5/1 138/5/1
f 142/5/1 138/5/1 131/5/1
f 143/5/1 139/5/1 142/5/1
f 144/5/1 139/5/1 143/5/1
f 145/5/1 132/5/1 139/5/1
f 145/5/1 139/5/1 144/5/1
f 146/5/1 141/5/1 140/5/1
f 146/5/1 140/5/1 135/5/1
f 147/5/1 141/5/1 146/5/1
f 148/5/1 141/5/1 147/5/1
f 149/5/1 136/5/1 141/5/1
f 149/5/1 141/5/1 148/5/1
f 150/5/1 144/5/1 143/5/1
f 151/5/1 144/5/1 150/5/1
f 152/5/1 150/5/1 143/5/1
f 153/5/1 150/5/1 152/5/1
f 154/2/1 151/2/1 150/2/1
f 154/5/1 150/5/1 153/5/1
f 155/3/1 153/3/1 152/3/1
f 155/5/1 152/5/1 143/5/1
f 156/2/1 154/2/1 153/2/1
f 156/3/1 153/3/1 155/3/1
f 157/2/1 151/2/1 154/2/1
f 157/2/1 154/2/1 156/2/1
f 158/5/1 155/5/1 143/5/1
f 159/2/1 156/2/1 155/2/1
f 159/5/1 155/5/1 158/5/1
f 160/1/1 157/1/1 156/1/1
f 160/2/1 156/2/1 159/2/1
f 161/1/1 157/1/1 160/1/1
f 162/1/1 157/1/1 161/1/1
f 163/3/1 160/3/1 159/3/1
f 163/1/1 161/1/1 160/1/1
f 164/7/1 162/7/1 161/7/1
f 164/1/1 161/1/1 163/1/1
f 165/2/1 159/2/1 158/2/1
f 165/3/1 163/3/1 159/3/1
f 165/3/1 164/3/1 163/3/1
f 166/3/1 164/3/1 165/3/1
f 168/5/1 158/5/1 143/5/1
f 169/2/1 165/2/1 158/2/1
f 169/1/1 166/1/1 165/1/1
f 170/3/1 164/3/1 166/3/1
f 170/1/1 166/1/1 169/1/1
f 173/5/1 168/5/1 167/5/1
f 174/5/1 158/5/1 168/5/1
f 174/5/1 168/5/1 173/5/1
f 176/5/1 148/5/1 147/5/1
f 177/5/1 148/5/1 176/5/1
f 180/5/1 172/5/1 171/5/1
f 181/5/1 172/5/1 180/5/1
f 182/5/1 172/5/1 181/5/1
f 183/7/1 162/7/1 164/7/1
f 183/3/1 164/3/1 170/3/1
f 184/7/1 162/7/1 183/7/1
f 185/5/1 178/5/1 177/5/1
f 185/5/1 176/5/1 175/5/1
f 185/5/1 177/5/1 176/5/1
f 186/5/1 178/5/1 185/5/1
f 187/5/1 158/5/1 174/5/1
f 188/2/1 169/2/1 158/2/1
f 188/5/1 158/5/1 187/5/1
f 189/7/1 170/7/1 169/7/1
f 189/2/1 169/2/1 188/2/1
f 190/3/1 184/3/1 183/3/1
f 190/7/1 170/7/1 189/7/1
f 190/3/1 183/3/1 170/3/1
f 191/3/1 184/3/1 190/3/1
f 192/5/1 178/5/1 186/5/1
f 193/5/1 181/5/1 180/5/1
f 193/5/1 180/5/1 179/5/1
f 194/5/1 185/5/1 175/5/1
f 195/5/1 185/5/1 194/5/1
f 196/5/1 193/5/1 192/5/1
f 196/5/1 192/5/1 186/5/1
f 197/5/1 181/5/1 193/5/1
f 197/5/1 193/5/1 196/5/1
f 200/5/1 187/5/1 174/5/1
f 201/5/1 187/5/1 200/5/1
f 202/5/1 185/5/1 195/5/1
f 203/5/1 185/5/1 202/5/1
f 204/5/1 185/5/1 203/5/1
f 206/5/1 199/5/1 198/5/1
f 208/5/1 205/5/1 204/5/1
f 208/5/1 204/5/1 203/5/1
f 210/5/1 209/5/1 208/5/1
f 212/5/1 211/5/1 210/5/1
f 214/5/1 207/5/1 206/5/1
f 214/5/1 206/5/1 198/5/1
f 215/5/1 207/5/1 214/5/1
f 216/5/1 207/5/1 215/5/1
f 218/5/1 213/5/1 212/5/1
f 218/5/1 212/5/1 210/5/1
f 218/5/1 208/5/1 203/5/1
f 218/5/1 210/5/1 208/5/1
f 219/5/1 213/5/1 218/5/1
f 220/5/1 217/5/1 216/5/1
f 220/5/1 216/5/1 215/5/1
f 221/5/1 217/5/1 220/5/1
f 226/5/1 218/5/1 203/5/1
f 227/5/1 218/5/1 226/5/1
f 228/1/1 223/1/1 222/1/1
f 229/3/1 224/3/1 223/3/1
f 229/1/1 223/1/1 228/1/1
f 230/2/1 225/2/1 224/2/1
f 230/3/1 224/3/1 229/3/1
f 231/2/1 225/2/1 230/2/1
f 233/2/1 231/2/1 230/2/1
f 234/2/1 231/2/1 233/2/1
f 235/6/1 232/6/1 231/6/1
f 235/2/1 231/2/1 234/2/1
f 236/5/1 226/5/1 203/5/1
f 240/7/1 235/7/1 234/7/1
f 241/6/1 232/6/1 235/6/1
f 241/7/1 235/7/1 240/7/1
f 242/6/1 232/6/1 241/6/1
f 243/5/1 236/5/1 203/5/1
f 243/5/1 237/5/1 236/5/1
f 244/5/1 237/5/1 243/5/1
f 249/3/1 239/3/1 238/3/1
f 250/2/1 240/2/1 239/2/1
f 250/3/1 239/3/1 249/3/1
f 251/7/1 241/7/1 240/7/1
f 251/2/1 240/2/1 250/2/1
f 252/7/1 241/7/1 251/7/1
f 253/6/1 248/6/1 247/6/1
f 254/6/1 248/6/1 253/6/1
f 255/6/1 246/6/1 245/6/1
f 256/6/1 246/6/1 255/6/1
f 257/6/1 253/6/1 247/6/1
f 258/6/1 253/6/1 257/6/1
f 259/3/1 254/3/1 253/3/1
f 259/6/1 253/6/1 258/6/1
f 260/5/1 256/5/1 255/5/1
f 261/5/1 256/5/1 260/5/1
f 262/5/1 258/5/1 257/5/1
f 263/3/1 259/3/1 258/3/1
f 263/5/1 258/5/1 262/5/1
f 264/3/1 254/3/1 259/3/1
f 264/3/1 259/3/1 263/3/1
f 271/6/1 266/6/1 265/6/1
f 272/6/1 266/6/1 271/6/1
f 273/5/1 268/5/1 267/5/1
f 274/5/1 268/5/1 273/5/1
f 277/6/1 270/6/1 269/6/1
f 278/6/1 270/6/1 277/6/1
f 282/5/1 273/5/1 267/5/1
f 283/5/1 282/5/1 281/5/1
f 284/5/1 273/5/1 282/5/1
f 284/5/1 282/5/1 283/5/1
f 285/6/1 275/6/1 274/6/1
f 286/6/1 275/6/1 285/6/1
f 289/6/1 277/6/1 276/6/1
f 290/6/1 277/6/1 289/6/1
f 291/6/1 280/6/1 279/6/1
f 292/6/1 280/6/1 291/6/1
f 296/5/1 283/5/1 281/5/1
f 297/6/1 289/6/1 288/6/1
f 298/6/1 289/6/1 297/6/1
f 299/6/1 297/6/1 288/6/1
f 299/7/1 298/7/1 297/7/1
f 300/7/1 298/7/1 299/7/1
f 301/6/1 299/6/1 288/6/1
f 302/2/1 300/2/1 299/2/1
f 302/6/1 299/6/1 301/6/1
f 303/2/1 302/2/1 301/2/1
f 304/2/1 300/2/1 302/2/1
f 304/2/1 302/2/1 303/2/1
f 305/2/1 300/2/1 304/2/1
f 306/1/1 304/1/1 303/1/1
f 307/7/1 305/7/1 304/7/1
f 307/1/1 304/1/1 306/1/1
f 308/7/1 307/7/1 306/7/1
f 309/7/1 305/7/1 307/7/1
f 309/7/1 307/7/1 308/7/1
f 310/7/1 305/7/1 309/7/1
f 312/6/1 287/6/1 286/6/1
f 313/6/1 287/6/1 312/6/1
f 314/6/1 287/6/1 313/6/1
f 315/7/1 309/7/1 308/7/1
f 316/6/1 310/6/1 309/6/1
f 316/7/1 309/7/1 315/7/1
f 318/5/1 293/5/1 292/5/1
f 319/6/1 294/6/1 293/6/1
f 319/5/1 293/5/1 318/5/1
f 320/5/1 296/5/1 295/5/1
f 320/5/1 283/5/1 296/5/1
f 321/6/1 312/6/1 311/6/1
f 321/6/1 313/6/1 312/6/1
f 322/6/1 313/6/1 321/6/1
f 323/6/1 313/6/1 322/6/1
f 324/6/1 318/6/1 317/6/1
f 324/6/1 319/6/1 318/6/1
f 325/6/1 294/6/1 319/6/1
f 325/6/1 319/6/1 324/6/1
f 326/5/1 320/5/1 295/5/1
f 327/5/1 320/5/1 326/5/1
f 328/5/1 320/5/1 327/5/1
f 329/5/1 320/5/1 328/5/1
f 330/6/1 316/6/1 315/6/1
f 336/6/1 316/6/1 330/6/1
f 337/6/1 310/6/1 316/6/1
f 337/6/1 316/6/1 336/6/1
f 338/5/1 328/5/1 327/5/1
f 339/5/1 328/5/1 338/5/1
f 340/6/1 332/6/1 331/6/1
f 341/2/1 333/2/1 332/2/1
f 341/6/1 332/6/1 340/6/1
f 342/7/1 335/7/1 334/7/1
f 342/7/1 334/7/1 333/7/1
f 343/3/1 336/3/1 335/3/1
f 343/7/1 335/7/1 342/7/1
f 344/6/1 324/6/1 317/6/1
f 346/1/1 341/1/1 340/1/1
f 347/2/1 333/2/1 341/2/1
f 347/1/1 341/1/1 346/1/1
f 348/7/1 342/7/1 333/7/1
f 348/2/1 333/2/1 347/2/1
f 349/6/1 343/6/1 342/6/1
f 349/7/1 342/7/1 348/7/1
f 350/3/1 336/3/1 343/3/1
f 350/6/1 343/6/1 349/6/1
f 351/3/1 336/3/1 350/3/1
f 352/6/1 344/6/1 317/6/1
f 352/6/1 345/6/1 344/6/1
f 353/6/1 345/6/1 352/6/1
f 354/6/1 345/6/1 353/6/1
f 355/5/1 354/5/1 353/5/1
f 361/6/1 358/6/1 357/6/1
f 362/7/1 359/7/1 358/7/1
f 362/6/1 358/6/1 361/6/1
f 363/1/1 360/1/1 359/1/1
f 363/7/1 359/7/1 362/7/1
f 364/1/1 360/1/1 363/1/1
f 367/6/1 366/6/1 365/6/1
f 368/6/1 366/6/1 367/6/1
f 369/5/1 355/5/1 353/5/1
f 370/6/1 356/6/1 355/6/1
f 370/5/1 355/5/1 369/5/1
f 372/6/1 366/6/1 368/6/1
f 373/6/1 356/6/1 370/6/1
f 374/6/1 356/6/1 373/6/1
f 382/6/1 372/6/1 371/6/1
f 383/6/1 366/6/1 372/6/1
f 383/6/1 372/6/1 382/6/1
f 384/6/1 379/6/1 378/6/1
f 385/6/1 376/6/1 375/6/1
f 385/6/1 377/6/1 376/6/1
f 386/6/1 377/6/1 385/6/1
f 387/6/1 379/6/1 384/6/1
f 388/2/1 380/2/1 379/2/1
f 388/6/1 379/6/1 387/6/1
f 389/5/1 386/5/1 385/5/1
f 390/5/1 386/5/1 389/5/1
f 391/2/1 388/2/1 387/2/1
f 392/7/1 381/7/1 380/7/1
f 392/2/1 388/2/1 391/2/1
f 392/2/1 380/2/1 388/2/1
f 393/7/1 381/7/1 392/7/1
f 398/6/1 395/6/1 394/6/1
f 399/6/1 395/6/1 398/6/1
f 404/6/1 397/6/1 396/6/1
f 405/6/1 397/6/1 404/6/1
f 406/1/1 399/1/1 398/1/1
f 407/6/1 400/6/1 399/6/1
f 407/1/1 399/1/1 406/1/1
f 408/6/1 400/6/1 407/6/1
f 409/6/1 400/6/1 408/6/1
f 411/6/1 402/6/1 401/6/1
f 412/6/1 402/6/1 411/6/1
f 414/6/1 404/6/1 403/6/1
f 415/6/1 404/6/1 414/6/1
f 416/6/1 414/6/1 413/6/1
f 417/6/1 414/6/1 416/6/1
f 418/7/1 417/7/1 416/7/1
f 419/7/1 417/7/1 418/7/1
f 420/7/1 417/7/1 419/7/1
f 421/2/1 420/2/1 419/2/1
f 422/2/1 420/2/1 421/2/1
f 423/2/1 420/2/1 422/2/1
f 424/7/1 423/7/1 422/7/1
f 425/7/1 423/7/1 424/7/1
f 426/6/1 425/6/1 424/6/1
f 429/6/1 411/6/1 410/6/1
f 430/6/1 411/6/1 429/6/1
f 431/6/1 428/6/1 427/6/1
f 432/6/1 428/6/1 431/6/1
f 433/6/1 429/6/1 410/6/1
f 434/6/1 429/6/1 433/6/1
f 438/6/1 425/6/1 426/6/1
f 439/6/1 438/6/1 437/6/1
f 440/6/1 425/6/1 438/6/1
f 440/6/1 438/6/1 439/6/1
f 446/3/1 440/3/1 439/3/1
f 447/3/1 440/3/1 446/3/1
f 448/3/1 440/3/1 447/3/1
f 449/6/1 436/6/1 435/6/1
f 450/6/1 436/6/1 449/6/1
f 454/6/1 442/6/1 441/6/1
f 455/2/1 443/2/1 442/2/1
f 455/6/1 442/6/1 454/6/1
f 456/6/1 445/6/1 444/6/1
f 456/6/1 446/6/1 445/6/1
f 457/3/1 447/3/1 446/3/1
f 457/6/1 446/6/1 456/6/1
f 458/3/1 447/3/1 457/3/1
f 459/6/1 452/6/1 451/6/1
f 460/6/1 452/6/1 459/6/1
f 462/6/1 454/6/1 453/6/1
f 463/2/1 443/2/1 455/2/1
f 463/7/1 444/7/1 443/7/1
f 464/6/1 456/6/1 444/6/1
f 464/7/1 444/7/1 463/7/1
f 465/7/1 455/7/1 454/7/1
f 465/2/1 463/2/1 455/2/1
f 466/6/1 464/6/1 463/6/1
f 466/2/1 463/2/1 465/2/1
f 467/6/1 456/6/1 464/6/1
f 467/6/1 464/6/1 466/6/1
f 468/1/1 466/1/1 465/1/1
f 468/2/1 467/2/1 466/2/1
f 469/6/1 456/6/1 467/6/1
f 469/2/1 467/2/1 468/2/1
f 470/6/1 456/6/1 469/6/1
f 471/6/1 462/6/1 461/6/1
f 472/6/1 454/6/1 462/6/1
f 472/6/1 462/6/1 471/6/1
f 472/7/1 465/7/1 454/7/1
f 473/1/1 468/1/1 465/1/1
f 473/7/1 465/7/1 472/7/1
f 474/6/1 469/6/1 468/6/1
f 474/1/1 468/1/1 473/1/1
f 475/2/1 470/2/1 469/2/1
f 475/6/1 469/6/1 474/6/1
f 476/2/1 475/2/1 474/2/1
f 477/2/1 470/2/1 475/2/1
f 477/2/1 475/2/1 476/2/1
f 478/2/1 470/2/1 477/2/1
f 483/5/1 482/5/1 481/5/1
f 484/5/1 482/5/1 483/5/1
f 489/6/1 480/6/1 479/6/1
f 490/6/1 480/6/1 489/6/1
f 491/6/1 486/6/1 485/6/1
f 492/6/1 486/6/1 491/6/1
f 493/6/1 488/6/1 487/6/1
f 494/6/1 488/6/1 493/6/1
f 495/5/1 492/5/1 491/5/1
f 496/5/1 492/5/1 495/5/1
f 499/5/1 494/5/1 493/5/1
f 500/5/1 494/5/1 499/5/1
f 501/6/1 498/6/1 497/6/1
f 502/6/1 498/6/1 501/6/1
f 507/7/1 504/7/1 503/7/1
f 508/7/1 504/7/1 507/7/1
f 509/7/1 504/7/1 508/7/1
f 511/7/1 506/7/1 505/7/1
f 512/7/1 506/7/1 511/7/1
f 513/7/1 509/7/1 508/7/1
f 514/7/1 509/7/1 513/7/1
f 517/1/1 514/1/1 513/1/1
f 517/1/1 515/1/1 514/1/1
f 518/6/1 516/6/1 515/6/1
f 518/1/1 515/1/1 517/1/1
f 519/6/1 516/6/1 518/6/1
f 524/7/1 511/7/1 510/7/1
f 525/7/1 511/7/1 524/7/1
f 526/1/1 519/1/1 518/1/1
f 526/1/1 520/1/1 519/1/1
f 527/1/1 520/1/1 526/1/1
f 529/2/1 528/2/1 527/2/1
f 530/2/1 528/2/1 529/2/1
f 531/7/1 524/7/1 523/7/1
f 532/7/1 524/7/1 531/7/1
f 533/7/1 524/7/1 532/7/1
f 534/2/1 533/2/1 532/2/1
f 535/2/1 533/2/1 534/2/1
f 536/6/1 535/6/1 534/6/1
f 537/6/1 535/6/1 536/6/1
f 539/6/1 530/6/1 529/6/1
f 540/6/1 539/6/1 538/6/1
f 541/6/1 530/6/1 539/6/1
f 541/6/1 539/6/1 540/6/1
f 542/6/1 522/6/1 521/6/1
f 543/6/1 522/6/1 542/6/1
f 547/6/1 545/6/1 544/6/1
f 548/6/1 545/6/1 547/6/1
f 549/6/1 535/6/1 537/6/1
f 551/6/1 550/6/1 549/6/1
f 551/6/1 549/6/1 537/6/1
f 552/6/1 550/6/1 551/6/1
f 553/6/1 550/6/1 552/6/1
f 556/6/1 552/6/1 551/6/1
f 557/6/1 552/6/1 556/6/1
f 558/6/1 547/6/1 546/6/1
f 562/6/1 555/6/1 554/6/1
f 563/3/1 556/3/1 555/3/1
f 563/3/1 557/3/1 556/3/1
f 563/6/1 555/6/1 562/6/1
f 564/3/1 557/3/1 563/3/1
f 565/6/1 558/6/1 546/6/1
f 565/6/1 559/6/1 558/6/1
f 566/6/1 559/6/1 565/6/1
f 567/6/1 561/6/1 560/6/1
f 567/6/1 562/6/1 561/6/1
f 567/6/1 563/6/1 562/6/1
f 568/6/1 563/6/1 567/6/1
f 569/6/1 563/6/1 568/6/1
f 570/6/1 568/6/1 567/6/1
f 570/3/1 569/3/1 568/3/1
f 571/3/1 569/3/1 570/3/1
f 574/6/1 570/6/1 567/6/1
f 574/6/1 571/6/1 570/6/1
f 575/6/1 571/6/1 574/6/1
f 576/6/1 573/6/1 572/6/1
f 577/6/1 573/6/1 576/6/1
f 582/6/1 571/6/1 575/6/1
f 583/6/1 571/6/1 582/6/1
f 584/2/1 579/2/1 578/2/1
f 585/2/1 579/2/1 584/2/1
f 586/6/1 581/6/1 580/6/1
f 587/6/1 581/6/1 586/6/1
f 588/5/1 585/5/1 584/5/1
f 589/5/1 585/5/1 588/5/1
f 597/5/1 587/5/1 586/5/1
f 598/5/1 587/5/1 597/5/1
f 599/5/1 593/5/1 592/5/1
f 600/2/1 594/2/1 593/2/1
f 600/5/1 593/5/1 599/5/1
f 601/3/1 595/3/1 594/3/1
f 601/2/1 594/2/1 600/2/1
f 602/7/1 596/7/1 595/7/1
f 602/3/1 595/3/1 601/3/1
f 603/5/1 591/5/1 590/5/1
f 604/5/1 591/5/1 603/5/1
f 605/5/1 591/5/1 604/5/1
f 606/5/1 599/5/1 592/5/1
f 607/5/1 599/5/1 606/5/1
f 608/3/1 600/3/1 599/3/1
f 608/5/1 599/5/1 607/5/1
f 609/2/1 601/2/1 600/2/1
f 609/3/1 600/3/1 608/3/1
f 610/1/1 602/1/1 601/1/1
f 610/2/1 601/2/1 609/2/1
f 611/7/1 596/7/1 602/7/1
f 611/1/1 602/1/1 610/1/1
f 612/7/1 596/7/1 611/7/1
f 613/5/1 606/5/1 605/5/1
f 613/5/1 605/5/1 604/5/1
f 613/5/1 607/5/1 606/5/1
f 614/5/1 607/5/1 613/5/1
f 619/6/1 616/6/1 615/6/1
f 620/6/1 616/6/1 619/6/1
f 621/3/1 620/3/1 619/3/1
f 622/3/1 620/3/1 621/3/1
f 627/7/1 618/7/1 617/7/1
f 628/7/1 618/7/1 627/7/1
f 629/2/1 623/2/1 622/2/1
f 630/2/1 623/2/1 629/2/1
f 631/7/1 627/7/1 626/7/1
f 632/7/1 627/7/1 631/7/1
f 633/6/1 632/6/1 631/6/1
f 634/6/1 632/6/1 633/6/1
f 635/1/1 634/1/1 633/1/1
f 636/1/1 634/1/1 635/1/1
f 637/2/1 636/2/1 635/2/1
f 638/2/1 636/2/1 637/2/1
f 639/2/1 636/2/1 638/2/1
f 640/6/1 625/6/1 624/6/1
f 641/6/1 625/6/1 640/6/1
f 644/6/1 643/6/1 642/6/1
f 645/6/1 643/6/1 644/6/1
f 646/6/1 639/6/1 638/6/1
f 647/6/1 639/6/1 646/6/1
f 650/6/1 649/6/1 648/6/1
f 651/6/1 649/6/1 650/6/1
f 652/6/1 644/6/1 642/6/1
f 653/6/1 644/6/1 652/6/1
f 655/3/1 651/3/1 650/3/1
f 656/3/1 651/3/1 655/3/1
f 659/6/1 655/6/1 654/6/1
f 660/6/1 655/6/1 659/6/1
f 661/6/1 659/6/1 654/6/1
f 662/3/1 660/3/1 659/3/1
f 662/6/1 659/6/1 661/6/1
f 663/3/1 660/3/1 662/3/1
f 664/6/1 662/6/1 661/6/1
f 664/6/1 663/6/1 662/6/1
f 665/6/1 658/6/1 657/6/1
f 666/6/1 658/6/1 665/6/1
f 667/6/1 665/6/1 657/6/1
f 668/6/1 665/6/1 667/6/1
f 669/6/1 663/6/1 664/6/1
f 670/6/1 663/6/1 669/6/1
f 671/6/1 665/6/1 668/6/1
f 672/6/1 665/6/1 671/6/1
f 677/6/1 669/6/1 664/6/1
f 678/6/1 669/6/1 677/6/1
f 679/6/1 674/6/1 673/6/1
f 680/6/1 674/6/1 679/6/1
f 681/2/1 680/2/1 679/2/1
f 682/6/1 676/6/1 675/6/1
f 683/6/1 676/6/1 682/6/1
f 684/2/1 681/2/1 679/2/1
f 685/2/1 681/2/1 684/2/1
f 690/5/1 683/5/1 682/5/1
f 691/5/1 683/5/1 690/5/1
f 692/6/1 687/6/1 686/6/1
f 693/6/1 687/6/1 692/6/1
f 694/6/1 687/6/1 693/6/1
f 701/6/1 689/6/1 688/6/1
f 702/6/1 689/6/1 701/6/1
f 703/6/1 689/6/1 702/6/1
f 704/6/1 694/6/1 693/6/1
f 704/6/1 695/6/1 694/6/1
f 705/6/1 695/6/1 704/6/1
f 708/6/1 697/6/1 696/6/1
f 709/2/1 698/2/1 697/2/1
f 709/6/1 697/6/1 708/6/1
f 710/3/1 699/3/1 698/3/1
f 710/2/1 698/2/1 709/2/1
f 711/1/1 700/1/1 699/1/1
f 711/3/1 699/3/1 710/3/1
f 712/6/1 702/6/1 701/6/1
f 712/1/1 700/1/1 711/1/1
f 712/6/1 701/6/1 700/6/1
f 713/5/1 707/5/1 706/5/1
f 714/5/1 707/5/1 713/5/1
f 715/6/1 702/6/1 712/6/1
f 716/6/1 702/6/1 715/6/1
f 721/6/1 718/6/1 717/6/1
f 722/6/1 718/6/1 721/6/1
f 723/6/1 720/6/1 719/6/1
f 724/6/1 720/6/1 723/6/1
f 728/7/1 726/7/1 725/7/1
f 729/6/1 727/6/1 726/6/1
f 729/7/1 726/7/1 728/7/1
f 730/6/1 727/6/1 729/6/1
f 731/6/1 730/6/1 729/6/1
f 732/3/1 729/3/1 728/3/1
f 733/6/1 731/6/1 729/6/1
f 733/3/1 729/3/1 732/3/1
f 734/6/1 731/6/1 733/6/1
f 735/2/1 733/2/1 732/2/1
f 736/6/1 734/6/1 733/6/1
f 736/2/1 733/2/1 735/2/1
f 737/6/1 734/6/1 736/6/1
f 738/6/1 736/6/1 735/6/1
f 738/6/1 737/6/1 736/6/1
f 739/6/1 737/6/1 738/6/1
f 741/6/1 738/6/1 735/6/1
f 742/6/1 738/6/1 741/6/1
f 745/6/1 741/6/1 740/6/1
f 746/6/1 741/6/1 745/6/1
f 749/6/1 748/6/1 747/6/1
f 750/6/1 748/6/1 749/6/1
f 751/5/1 744/5/1 743/5/1
f 752/5/1 744/5/1 751/5/1
f 754/6/1 753/6/1 752/6/1
f 755/6/1 753/6/1 754/6/1
f 760/6/1 759/6/1 758/6/1
f 761/6/1 759/6/1 760/6/1
f 764/6/1 757/6/1 756/6/1
f 765/6/1 757/6/1 764/6/1
f 766/6/1 763/6/1 762/6/1
f 767/6/1 763/6/1 766/6/1
f 772/5/1 767/5/1 766/5/1
f 773/5/1 767/5/1 772/5/1
f 774/6/1 769/6/1 768/6/1
f 775/6/1 769/6/1 774/6/1
f 778/6/1 771/6/1 770/6/1
f 779/3/1 775/3/1 774/3/1
f 780/6/1 776/6/1 775/6/1
f 780/3/1 775/3/1 779/3/1
f 781/6/1 776/6/1 780/6/1
f 789/6/1 783/6/1 782/6/1
f 790/6/1 783/6/1 789/6/1
f 791/2/1 786/2/1 785/2/1
f 791/6/1 785/6/1 784/6/1
f 792/3/1 787/3/1 786/3/1
f 792/2/1 786/2/1 791/2/1
f 793/7/1 788/7/1 787/7/1
f 793/3/1 787/3/1 792/3/1
f 794/7/1 788/7/1 793/7/1
f 795/3/1 790/3/1 789/3/1
f 796/6/1 783/6/1 790/6/1
f 796/3/1 790/3/1 795/3/1
f 797/6/1 796/6/1 795/6/1
f 798/6/1 783/6/1 796/6/1
f 798/6/1 796/6/1 797/6/1
f 799/6/1 791/6/1 784/6/1
f 800/6/1 791/6/1 799/6/1
f 801/6/1 778/6/1 777/6/1
f 802/6/1 771/6/1 778/6/1
f 802/6/1 778/6/1 801/6/1
f 806/2/1 804/2/1 803/2/1
f 807/6/1 805/6/1 804/6/1
f 807/2/1 804/2/1 806/2/1
f 808/6/1 805/6/1 807/6/1
f 809/2/1 808/2/1 807/2/1
f 811/2/1 809/2/1 807/2/1
f 812/6/1 810/6/1 809/6/1
f 812/2/1 809/2/1 811/2/1
f 813/6/1 810/6/1 812/6/1
f 814/6/1 810/6/1 813/6/1
f 820/6/1 814/6/1 813/6/1
f 820/6/1 815/6/1 814/6/1
f 821/6/1 815/6/1 820/6/1
f 822/6/1 819/6/1 818/6/1
f 823/6/1 819/6/1 822/6/1
f 824/2/1 823/2/1 822/2/1
f 825/2/1 823/2/1 824/2/1
f 826/6/1 817/6/1 816/6/1
f 827/6/1 817/6/1 826/6/1
f 830/6/1 829/6/1 828/6/1
f 831/6/1 829/6/1 830/6/1
f 832/6/1 825/6/1 824/6/1
f 833/6/1 825/6/1 832/6/1
f 836/6/1 835/6/1 834/6/1
f 837/6/1 835/6/1 836/6/1
f 842/5/1 839/5/1 838/5/1
f 843/5/1 839/5/1 842/5/1
f 846/6/1 845/6/1 844/6/1
f 847/6/1 845/6/1 846/6/1
f 849/6/1 848/6/1 847/6/1
f 850/6/1 848/6/1 849/6/1
f 855/6/1 841/6/1 840/6/1
f 856/6/1 841/6/1 855/6/1
f 857/5/1 852/5/1 851/5/1
f 858/5/1 852/5/1 857/5/1
f 859/6/1 854/6/1 853/6/1
f 860/6/1 854/6/1 859/6/1
f 861/3/1 858/3/1 857/3/1
f 862/3/1 858/3/1 861/3/1
f 868/5/1 860/5/1 859/5/1
f 869/5/1 860/5/1 868/5/1
f 870/3/1 864/3/1 863/3/1
f 871/6/1 865/6/1 864/6/1
f 871/3/1 864/3/1 870/3/1
f 872/6/1 865/6/1 871/6/1
f 873/6/1 872/6/1 871/6/1
f 874/6/1 872/6/1 873/6/1
f 877/6/1 876/6/1 875/6/1
f 882/6/1 877/6/1 875/6/1
f 883/6/1 882/6/1 875/6/1
f 884/6/1 882/6/1 883/6/1
f 885/6/1 881/6/1 880/6/1
f 885/6/1 879/6/1 878/6/1
f 885/6/1 880/6/1 879/6/1
f 886/6/1 881/6/1 885/6/1
f 887/6/1 867/6/1 866/6/1
f 888/6/1 867/6/1 887/6/1
f 892/6/1 890/6/1 889/6/1
f 893/6/1 890/6/1 892/6/1
f 895/6/1 892/6/1 891/6/1
f 895/6/1 894/6/1 893/6/1
f 895/6/1 893/6/1 892/6/1
f 896/6/1 894/6/1 895/6/1
f 897/6/1 894/6/1 896/6/1
f 898/6/1 894/6/1 897/6/1
f 900/6/1 897/6/1 896/6/1
f 901/6/1 897/6/1 900/6/1
f 902/6/1 897/6/1 901/6/1
f 904/6/1 900/6/1 899/6/1
f 904/6/1 901/6/1 900/6/1
f 905/6/1 901/6/1 904/6/1
f 907/6/1 904/6/1 903/6/1
f 907/6/1 906/6/1 905/6/1
f 907/6/1 905/6/1 904/6/1
f 908/6/1 906/6/1 907/6/1
f 909/6/1 906/6/1 908/6/1
f 910/6/1 906/6/1 909/6/1
f 912/6/1 909/6/1 908/6/1
f 913/6/1 909/6/1 912/6/1
f 915/6/1 912/6/1 911/6/1
f 915/6/1 914/6/1 913/6/1
f 915/6/1 913/6/1 912/6/1
f 916/6/1 914/6/1 915/6/1
f 917/5/1 916/5/1 915/5/1
f 918/6/1 914/6/1 916/6/1
f 918/5/1 916/5/1 917/5/1
f 919/6/1 914/6/1 918/6/1
f 920/6/1 914/6/1 919/6/1
f 921/6/1 919/6/1 918/6/1
f 922/6/1 919/6/1 921/6/1
f 925/6/1 924/6/1 923/6/1
f 926/6/1 924/6/1 925/6/1
f 929/6/1 928/6/1 927/6/1
f 929/6/1 927/6/1 926/6/1
f 930/6/1 928/6/1 929/6/1
f 933/6/1 932/6/1 931/6/1
f 934/6/1 932/6/1 933/6/1
f 935/7/1 934/7/1 933/7/1
f 936/7/1 934/7/1 935/7/1
f 937/2/1 936/2/1 935/2/1
f 938/2/1 936/2/1 937/2/1
f 939/1/1 938/1/1 937/1/1
f 940/1/1 938/1/1 939/1/1
f 941/3/1 940/3/1 939/3/1
f 942/3/1 940/3/1 941/3/1
f 943/6/1 942/6/1 941/6/1
f 944/6/1 942/6/1 943/6/1
f 947/6/1 946/6/1 945/6/1
f 948/6/1 946/6/1 947/6/1
f 953/6/1 950/6/1 949/6/1
f 954/6/1 950/6/1 953/6/1
f 956/6/1 955/6/1 954/6/1
f 957/6/1 955/6/1 956/6/1
f 958/6/1 952/6/1 951/6/1
f 959/6/1 952/6/1 958/6/1
f 962/6/1 961/6/1 960/6/1
f 963/6/1 961/6/1 962/6/1
f 968/5/1 963/5/1 962/5/1
f 969/5/1 963/5/1 968/5/1
f 970/2/1 965/2/1 964/2/1
f 971/2/1 965/2/1 970/2/1
f 973/6/1 971/6/1 970/6/1
f 973/6/1 972/6/1 971/6/1
f 974/6/1 972/6/1 973/6/1
f 977/6/1 976/6/1 975/6/1
f 978/6/1 976/6/1 977/6/1
f 979/6/1 967/6/1 966/6/1
f 980/6/1 967/6/1 979/6/1
f 985/4/1 982/4/1 981/4/1
f 986/6/1 983/6/1 982/6/1
f 986/4/1 982/4/1 985/4/1
f 987/6/1 983/6/1 986/6/1
f 988/6/1 983/6/1 987/6/1
f 990/4/1 985/4/1 984/4/1
f 990/4/1 986/4/1 985/4/1
f 991/4/1 986/4/1 990/4/1
f 992/4/1 986/4/1 991/4/1
f 993/6/1 989/6/1 988/6/1
f 993/6/1 988/6/1 987/6/1
f 994/6/1 989/6/1 993/6/1
f 995/5/1 991/5/1 990/5/1
f 998/6/1 989/6/1 994/6/1
f 1000/5/1 995/5/1 990/5/1
f 1001/6/1 996/6/1 995/6/1
f 1001/5/1 995/5/1 1000/5/1
f 1002/6/1 996/6/1 1001/6/1
f 1004/6/1 998/6/1 997/6/1
f 1005/6/1 989/6/1 998/6/1
f 1005/6/1 998/6/1 1004/6/1
f 1006/6/1 989/6/1 1005/6/1
f 1007/6/1 1000/6/1 999/6/1
f 1007/6/1 1001/6/1 1000/6/1
f 1008/6/1 1001/6/1 1007/6/1
f 1009/6/1 1005/6/1 1004/6/1
f 1009/6/1 1004/6/1 1003/6/1
f 1010/6/1 1005/6/1 1009/6/1
f 1011/6/1 1007/6/1 999/6/1
f 1012/6/1 1007/6/1 1011/6/1
f 1013/4/1 1012/4/1 1011/4/1
f 1016/6/1 1005/6/1 1010/6/1
f 1017/4/1 1014/4/1 1013/4/1
f 1017/4/1 1013/4/1 1011/4/1
f 1018/4/1 1014/4/1 1017/4/1
f 1019/4/1 1014/4/1 1018/4/1
f 1020/6/1 1016/6/1 1015/6/1
f 1021/6/1 1005/6/1 1016/6/1
f 1021/6/1 1016/6/1 1020/6/1
f 1022/5/1 1018/5/1 1017/5/1
f 1023/5/1 1022/5/1 1017/5/1
f 1026/6/1 1005/6/1 1021/6/1
f 1027/5/1 1024/5/1 1023/5/1
f 1027/5/1 1023/5/1 1017/5/1
f 1028/5/1 1024/5/1 1027/5/1
f 1029/5/1 1024/5/1 1028/5/1
f 1031/6/1 1026/6/1 1025/6/1
f 1032/6/1 1005/6/1 1026/6/1
f 1032/6/1 1026/6/1 1031/6/1
f 1033/6/1 1005/6/1 1032/6/1
f 1034/5/1 1030/5/1 1029/5/1
f 1034/5/1 1029/5/1 1028/5/1
f 1035/6/1 1031/6/1 1030/6/1
f 1035/5/1 1030/5/1 1034/5/1
f 1035/6/1 1032/6/1 1031/6/1
f 1036/6/1 1032/6/1 1035/6/1
f 1039/6/1 1038/6/1 1037/6/1
f 1040/6/1 1038/6/1 1039/6/1
f 1044/6/1 1043/6/1 1042/6/1
f 1045/5/1 1042/5/1 1041/5/1
f 1046/6/1 1044/6/1 1042/6/1
f 1046/5/1 1042/5/1 1045/5/1
f 1047/6/1 1044/6/1 1046/6/1
f 1048/2/1 1046/2/1 1045/2/1
f 1049/6/1 1047/6/1 1046/6/1
f 1049/2/1 1046/2/1 1048/2/1
f 1050/6/1 1047/6/1 1049/6/1
f 1051/7/1 1049/7/1 1048/7/1
f 1052/6/1 1050/6/1 1049/6/1
f 1052/7/1 1049/7/1 1051/7/1
f 1053/6/1 1050/6/1 1052/6/1
f 1054/1/1 1052/1/1 1051/1/1
f 1055/6/1 1053/6/1 1052/6/1
f 1055/1/1 1052/1/1 1054/1/1
f 1056/6/1 1053/6/1 1055/6/1
f 1057/3/1 1055/3/1 1054/3/1
f 1058/6/1 1056/6/1 1055/6/1
f 1058/3/1 1055/3/1 1057/3/1
f 1059/5/1 1058/5/1 1057/5/1
f 1059/6/1 1056/6/1 1058/6/1
f 1060/6/1 1056/6/1 1059/6/1
f 1061/5/1 1059/5/1 1057/5/1
f 1062/5/1 1059/5/1 1061/5/1
f 1065/5/1 1064/5/1 1063/5/1
f 1067/5/1 1065/5/1 1063/5/1
f 1068/6/1 1066/6/1 1065/6/1
f 1068/5/1 1065/5/1 1067/5/1
f 1069/6/1 1066/6/1 1068/6/1
f 1071/6/1 1070/6/1 1069/6/1
f 1072/6/1 1070/6/1 1071/6/1
f 1073/2/1 1072/2/1 1071/2/1
f 1075/2/1 1073/2/1 1071/2/1
f 1076/6/1 1074/6/1 1073/6/1
f 1076/2/1 1073/2/1 1075/2/1
f 1077/6/1 1074/6/1 1076/6/1
f 1083/5/1 1079/5/1 1078/5/1
f 1083/6/1 1080/6/1 1079/6/1
f 1084/6/1 1080/6/1 1083/6/1
f 1085/5/1 1083/5/1 1078/5/1
f 1086/2/1 1084/2/1 1083/2/1
f 1086/5/1 1083/5/1 1085/5/1
f 1087/2/1 1084/2/1 1086/2/1
f 1088/2/1 1087/2/1 1086/2/1
f 1089/2/1 1087/2/1 1088/2/1
f 1092/6/1 1091/6/1 1090/6/1
f 1093/6/1 1091/6/1 1092/6/1
f 1094/6/1 1082/6/1 1081/6/1
f 1095/6/1 1082/6/1 1094/6/1
f 1099/6/1 1097/6/1 1096/6/1
f 1100/6/1 1097/6/1 1099/6/1
f 1104/6/1 1099/6/1 1098/6/1
f 1104/6/1 1100/6/1 1099/6/1
f 1104/6/1 1101/6/1 1100/6/1
f 1105/6/1 1101/6/1 1104/6/1
f 1106/4/1 1103/4/1 1102/4/1
f 1107/4/1 1103/4/1 1106/4/1
f 1108/6/1 1101/6/1 1105/6/1
f 1109/6/1 1101/6/1 1108/6/1
f 1110/6/1 1101/6/1 1109/6/1
f 1115/6/1 1114/6/1 1113/6/1
f 1116/6/1 1114/6/1 1115/6/1
f 1117/3/1 1112/3/1 1111/3/1
f 1118/3/1 1112/3/1 1117/3/1
f 1123/3/1 1122/3/1 1121/3/1
f 1124/3/1 1123/3/1 1121/3/1
f 1125/3/1 1123/3/1 1124/3/1
f 1126/6/1 1120/6/1 1119/6/1
f 1127/6/1 1120/6/1 1126/6/1
f 1132/1/1 1129/1/1 1128/1/1
f 1133/1/1 1129/1/1 1132/1/1
f 1134/6/1 1131/6/1 1130/6/1
f 1135/6/1 1131/6/1 1134/6/1
f 1140/2/1 1137/2/1 1136/2/1
f 1141/2/1 1137/2/1 1140/2/1
f 1145/6/1 1139/6/1 1138/6/1
f 1146/6/1 1139/6/1 1145/6/1
f 1147/6/1 1144/6/1 1143/6/1
f 1147/6/1 1143/6/1 1142/6/1
f 1148/6/1 1144/6/1 1147/6/1
f 1151/6/1 1150/6/1 1149/6/1
f 1152/6/1 1150/6/1 1151/6/1
f 1154/6/1 1153/6/1 1152/6/1
f 1155/6/1 1153/6/1 1154/6/1
f 1158/6/1 1157/6/1 1156/6/1
f 1159/6/1 1157/6/1 1158/6/1
f 1162/6/1 1161/6/1 1160/6/1
f 1163/6/1 1161/6/1 1162/6/1
f 1166/6/1 1165/6/1 1164/6/1
f 1167/6/1 1165/6/1 1166/6/1
f 1170/2/1 1169/2/1 1168/2/1
f 1171/6/1 1165/6/1 1167/6/1
f 1172/6/1 1165/6/1 1171/6/1
f 1173/2/1 1170/2/1 1168/2/1
f 1174/2/1 1170/2/1 1173/2/1
f 1177/3/1 1174/3/1 1173/3/1
f 1178/3/1 1174/3/1 1177/3/1
f 1181/6/1 1176/6/1 1175/6/1
f 1182/6/1 1176/6/1 1181/6/1
f 1183/6/1 1180/6/1 1179/6/1
f 1184/6/1 1180/6/1 1183/6/1
f 1185/6/1 1180/6/1 1184/6/1
f 1186/2/1 1184/2/1 1183/2/1
f 1187/6/1 1185/6/1 1184/6/1
f 1187/2/1 1184/2/1 1186/2/1
f 1188/6/1 1185/6/1 1187/6/1
f 1189/6/1 1185/6/1 1188/6/1
f 1192/6/1 1189/6/1 1188/6/1
f 1194/6/1 1192/6/1 1188/6/1
f 1194/6/1 1193/6/1 1192/6/1
f 1195/6/1 1193/6/1 1194/6/1
f 1198/2/1 1197/2/1 1196/2/1
f 1199/2/1 1197/2/1 1198/2/1
f 1200/3/1 1199/3/1 1198/3/1
f 1201/3/1 1199/3/1 1200/3/1
f 1202/6/1 1191/6/1 1190/6/1
f 1203/6/1 1191/6/1 1202/6/1
f 1207/6/1 1205/6/1 1204/6/1
f 1208/6/1 1205/6/1 1207/6/1
f 1209/6/1 1205/6/1 1208/6/1
f 1210/6/1 1205/6/1 1209/6/1
f 1213/6/1 1207/6/1 1206/6/1
f 1213/6/1 1208/6/1 1207/6/1
f 1214/6/1 1208/6/1 1213/6/1
f 1215/6/1 1210/6/1 1209/6/1
f 1215/6/1 1211/6/1 1210/6/1
f 1216/6/1 1211/6/1 1215/6/1
f 1217/4/1 1213/4/1 1212/4/1
f 1218/4/1 1213/4/1 1217/4/1
f 1222/6/1 1211/6/1 1216/6/1
f 1223/3/1 1220/3/1 1219/3/1
f 1224/3/1 1220/3/1 1223/3/1
f 1225/6/1 1222/6/1 1221/6/1
f 1226/6/1 1211/6/1 1222/6/1
f 1226/6/1 1222/6/1 1225/6/1
f 1227/6/1 1211/6/1 1226/6/1
f 1232/6/1 1229/6/1 1228/6/1
f 1233/6/1 1229/6/1 1232/6/1
f 1234/1/1 1231/1/1 1230/1/1
f 1235/1/1 1231/1/1 1234/1/1
f 1240/3/1 1237/3/1 1236/3/1
f 1241/3/1 1237/3/1 1240/3/1
f 1242/6/1 1239/6/1 1238/6/1
f 1243/6/1 1239/6/1 1242/6/1
f 1248/3/1 1245/3/1 1244/3/1
f 1249/3/1 1245/3/1 1248/3/1
f 1250/6/1 1247/6/1 1246/6/1
f 1251/6/1 1247/6/1 1250/6/1
f 1256/5/1 1253/5/1 1252/5/1
f 1257/5/1 1253/5/1 1256/5/1
f 1258/6/1 1255/6/1 1254/6/1
f 1259/6/1 1255/6/1 1258/6/1
f 1262/6/1 1261/6/1 1260/6/1
f 1263/6/1 1261/6/1 1262/6/1
f 1266/6/1 1265/6/1 1264/6/1
f 1267/6/1 1265/6/1 1266/6/1
f 1268/2/1 1267/2/1 1266/2/1
f 1269/2/1 1268/2/1 1266/2/1
f 1270/2/1 1268/2/1 1269/2/1
f 1271/6/1 1270/6/1 1269/6/1
f 1272/6/1 1270/6/1 1271/6/1
f 1273/1/1 1272/1/1 1271/1/1
f 1274/1/1 1272/1/1 1273/1/1
f 1275/3/1 1274/3/1 1273/3/1
f 1276/3/1 1275/3/1 1273/3/1
f 1277/3/1 1275/3/1 1276/3/1
f 1278/7/1 1277/7/1 1276/7/1
f 1279/7/1 1277/7/1 1278/7/1
f 1280/6/1 1279/6/1 1278/6/1
f 1281/6/1 1279/6/1 1280/6/1
f 1284/6/1 1283/6/1 1282/6/1
f 1285/6/1 1283/6/1 1284/6/1
f 1290/6/1 1287/6/1 1286/6/1
f 1291/6/1 1287/6/1 1290/6/1
f 1292/6/1 1289/6/1 1288/6/1
f 1293/6/1 1289/6/1 1292/6/1
f 1296/6/1 1295/6/1 1294/6/1
f 1297/6/1 1295/6/1 1296/6/1
f 1300/2/1 1299/2/1 1298/2/1
f 1301/2/1 1299/2/1 1300/2/1
f 1303/6/1 1295/6/1 1297/6/1
f 1304/6/1 1301/6/1 1300/6/1
f 1305/6/1 1303/6/1 1302/6/1
f 1306/6/1 1295/6/1 1303/6/1
f 1306/6/1 1303/6/1 1305/6/1
f 1307/6/1 1304/6/1 1300/6/1
f 1308/6/1 1304/6/1 1307/6/1
f 1313/6/1 1310/6/1 1309/6/1
f 1314/6/1 1313/6/1 1309/6/1
f 1315/6/1 1313/6/1 1314/6/1
f 1316/2/1 1315/2/1 1314/2/1
f 1317/2/1 1315/2/1 1316/2/1
f 1320/2/1 1318/2/1 1317/2/1
f 1321/6/1 1319/6/1 1318/6/1
f 1321/2/1 1318/2/1 1320/2/1
f 1322/6/1 1321/6/1 1320/6/1
f 1323/6/1 1319/6/1 1321/6/1
f 1323/6/1 1321/6/1 1322/6/1
f 1324/6/1 1319/6/1 1323/6/1
f 1325/6/1 1319/6/1 1324/6/1
f 1329/3/1 1328/3/1 1327/3/1
f 1329/3/1 1327/3/1 1326/3/1
f 1330/3/1 1329/3/1 1326/3/1
f 1331/3/1 1329/3/1 1330/3/1
f 1332/6/1 1312/6/1 1311/6/1
f 1333/6/1 1312/6/1 1332/6/1
f 1338/6/1 1335/6/1 1334/6/1
f 1339/6/1 1335/6/1 1338/6/1
f 1342/6/1 1337/6/1 1336/6/1
f 1343/6/1 1337/6/1 1342/6/1
f 1344/6/1 1341/6/1 1340/6/1
f 1345/6/1 1341/6/1 1344/6/1
f 1348/6/1 1347/6/1 1346/6/1
f 1349/6/1 1347/6/1 1348/6/1
f 1352/6/1 1351/6/1 1350/6/1
f 1353/6/1 1351/6/1 1352/6/1
f 1356/6/1 1355/6/1 1354/6/1
f 1357/6/1 1355/6/1 1356/6/1
f 1360/6/1 1359/6/1 1358/6/1
f 1361/6/1 1359/6/1 1360/6/1
f 1363/6/1 1362/6/1 1361/6/1
f 1364/6/1 1362/6/1 1363/6/1
f 1367/6/1 1366/6/1 1365/6/1
f 1368/6/1 1366/6/1 1367/6/1
f 1371/5/1 1370/5/1 1369/5/1
f 1372/5/1 1370/5/1 1371/5/1
f 1375/6/1 1374/6/1 1373/6/1
f 1376/6/1 1374/6/1 1375/6/1
f 1381/5/1 1380/5/1 1379/5/1
f 1382/6/1 1378/6/1 1377/6/1
f 1383/6/1 1378/6/1 1382/6/1
f 1386/5/1 1381/5/1 1379/5/1
f 1387/5/1 1381/5/1 1386/5/1
f 1390/6/1 1385/6/1 1384/6/1
f 1391/6/1 1385/6/1 1390/6/1
f 1392/1/1 1389/1/1 1388/1/1
f 1395/1/1 1392/1/1 1388/1/1
f 1396/1/1 1392/1/1 1395/1/1
f 1398/2/1 1397/2/1 1396/2/1
f 1399/2/1 1397/2/1 1398/2/1
f 1400/1/1 1399/1/1 1398/1/1
f 1402/6/1 1394/6/1 1393/6/1
f 1403/6/1 1394/6/1 1402/6/1
f 1404/1/1 1400/1/1 1398/1/1
f 1405/7/1 1401/7/1 1400/7/1
f 1405/1/1 1400/1/1 1404/1/1
f 1406/7/1 1401/7/1 1405/7/1
f 1409/5/1 1408/5/1 1407/5/1
f 1410/5/1 1408/5/1 1409/5/1
f 1411/3/1 1410/3/1 1409/3/1
f 1412/3/1 1410/3/1 1411/3/1
f 1417/6/1 1414/6/1 1413/6/1
f 1418/6/1 1414/6/1 1417/6/1
f 1419/6/1 1416/6/1 1415/6/1
f 1420/6/1 1416/6/1 1419/6/1
f 1425/6/1 1422/6/1 1421/6/1
f 1426/6/1 1422/6/1 1425/6/1
f 1427/6/1 1424/6/1 1423/6/1
f 1428/6/1 1424/6/1 1427/6/1
f 1431/6/1 1430/6/1 1429/6/1
f 1432/6/1 1430/6/1 1431/6/1
f 1435/6/1 1434/6/1 1433/6/1
f 1436/6/1 1434/6/1 1435/6/1
f 1438/6/1 1437/6/1 1436/6/1
f 1439/6/1 1437/6/1 1438/6/1
f 1442/6/1 1441/6/1 1440/6/1
f 1443/6/1 1442/6/1 1440/6/1
f 1444/6/1 1442/6/1 1443/6/1
f 1445/2/1 1444/2/1 1443/2/1
f 1446/2/1 1445/2/1 1443/2/1
f 1447/2/1 1446/2/1 1443/2/1
f 1448/2/1 1447/2/1 1443/2/1
f 1449/2/1 1448/2/1 1443/2/1
f 1450/2/1 1448/2/1 1449/2/1
f 1451/6/1 1450/6/1 1449/6/1
f 1452/6/1 1450/6/1 1451/6/1
f 1458/6/1 1454/6/1 1453/6/1
f 1459/5/1 1456/5/1 1455/5/1
f 1460/5/1 1456/5/1 1459/5/1
f 1461/6/1 1458/6/1 1457/6/1
f 1461/6/1 1454/6/1 1458/6/1
f 1462/6/1 1454/6/1 1461/6/1
f 1463/6/1 1461/6/1 1457/6/1
f 1464/6/1 1461/6/1 1463/6/1
f 1467/5/1 1466/5/1 1465/5/1
f 1468/5/1 1466/5/1 1467/5/1
f 1470/5/1 1469/5/1 1468/5/1
f 1471/5/1 1469/5/1 1470/5/1
f 1472/1/1 1471/1/1 1470/1/1
f 1473/1/1 1471/1/1 1472/1/1
f 1474/3/1 1473/3/1 1472/3/1
f 1475/3/1 1473/3/1 1474/3/1
f 1476/2/1 1475/2/1 1474/2/1
f 1477/2/1 1475/2/1 1476/2/1
f 1478/1/1 1477/1/1 1476/1/1
f 1479/1/1 1478/1/1 1476/1/1
f 1480/1/1 1478/1/1 1479/1/1
f 1485/6/1 1484/6/1 1483/6/1
f 1486/6/1 1484/6/1 1485/6/1
f 1487/7/1 1482/7/1 1481/7/1
f 1488/7/1 1482/7/1 1487/7/1
f 1490/6/1 1489/6/1 1488/6/1
f 1491/6/1 1489/6/1 1490/6/1
f 1494/7/1 1491/7/1 1490/7/1
f 1495/7/1 1491/7/1 1494/7/1
f 1499/7/1 1497/7/1 1496/7/1
f 1500/6/1 1498/6/1 1497/6/1
f 1500/7/1 1497/7/1 1499/7/1
f 1501/6/1 1498/6/1 1500/6/1
f 1502/6/1 1500/6/1 1499/6/1
f 1502/6/1 1501/6/1 1500/6/1
f 1503/6/1 1501/6/1 1502/6/1
f 1509/6/1 1493/6/1 1492/6/1
f 1510/6/1 1493/6/1 1509/6/1
f 1511/3/1 1508/3/1 1507/3/1
f 1512/3/1 1508/3/1 1511/3/1
f 1513/3/1 1505/3/1 1504/3/1
f 1514/6/1 1506/6/1 1505/6/1
f 1514/3/1 1505/3/1 1513/3/1
f 1515/6/1 1506/6/1 1514/6/1
f 1516/3/1 1511/3/1 1507/3/1
f 1517/6/1 1512/6/1 1511/6/1
f 1517/3/1 1511/3/1 1516/3/1
f 1518/6/1 1512/6/1 1517/6/1
f 1522/6/1 1520/6/1 1519/6/1
f 1523/6/1 1520/6/1 1522/6/1
f 1526/6/1 1522/6/1 1521/6/1
f 1526/6/1 1524/6/1 1523/6/1
f 1526/6/1 1523/6/1 1522/6/1
f 1527/6/1 1524/6/1 1526/6/1
f 1530/5/1 1526/5/1 1525/5/1
f 1531/6/1 1528/6/1 1527/6/1
f 1531/6/1 1527/6/1 1526/6/1
f 1531/5/1 1526/5/1 1530/5/1
f 1532/6/1 1528/6/1 1531/6/1
f 1533/6/1 1528/6/1 1532/6/1
f 1535/5/1 1530/5/1 1529/5/1
f 1535/5/1 1531/5/1 1530/5/1
f 1535/5/1 1532/5/1 1531/5/1
f 1536/5/1 1532/5/1 1535/5/1
f 1537/6/1 1534/6/1 1533/6/1
f 1537/5/1 1532/5/1 1536/5/1
f 1537/6/1 1533/6/1 1532/6/1
f 1538/6/1 1534/6/1 1537/6/1
f 1539/6/1 1534/6/1 1538/6/1
f 1540/6/1 1534/6/1 1539/6/1
f 1541/5/1 1537/5/1 1536/5/1
f 1542/5/1 1537/5/1 1541/5/1
f 1543/6/1 1539/6/1 1538/6/1
f 1544/6/1 1539/6/1 1543/6/1
f 1547/6/1 1546/6/1 1545/6/1
f 1548/6/1 1546/6/1 1547/6/1
f 1549/6/1 1546/6/1 1548/6/1
f 1551/6/1 1550/6/1 1549/6/1
f 1551/6/1 1549/6/1 1548/6/1
f 1552/6/1 1550/6/1 1551/6/1
f 1553/6/1 1550/6/1 1552/6/1
f 1554/6/1 1550/6/1 1553/6/1
f 1557/6/1 1556/6/1 1555/6/1
f 1558/6/1 1556/6/1 1557/6/1
f 1561/5/1 1560/5/1 1559/5/1
f 1562/5/1 1561/5/1 1559/5/1
f 1563/5/1 1561/5/1 1562/5/1
f 1564/1/1 1563/1/1 1562/1/1
f 1565/1/1 1563/1/1 1564/1/1
f 1566/3/1 1565/3/1 1564/3/1
f 1567/3/1 1565/3/1 1566/3/1
f 1568/7/1 1567/7/1 1566/7/1
f 1569/7/1 1567/7/1 1568/7/1
f 1570/2/1 1569/2/1 1568/2/1
f 1571/2/1 1570/2/1 1568/2/1
f 1572/2/1 1570/2/1 1571/2/1
f 1575/6/1 1574/6/1 1573/6/1
f 1576/6/1 1574/6/1 1575/6/1
f 1579/5/1 1572/5/1 1571/5/1
f 1580/5/1 1572/5/1 1579/5/1
f 1584/6/1 1582/6/1 1581/6/1
f 1585/6/1 1582/6/1 1584/6/1
f 1586/6/1 1578/6/1 1577/6/1
f 1587/6/1 1578/6/1 1586/6/1
f 1590/5/1 1589/5/1 1588/5/1
f 1591/5/1 1589/5/1 1590/5/1
f 1592/1/1 1591/1/1 1590/1/1
f 1593/1/1 1592/1/1 1590/1/1
f 1594/1/1 1592/1/1 1593/1/1
f 1595/6/1 1584/6/1 1583/6/1
f 1596/6/1 1584/6/1 1595/6/1
f 1597/5/1 1594/5/1 1593/5/1
f 1598/5/1 1594/5/1 1597/5/1
f 1599/2/1 1598/2/1 1597/2/1
f 1600/2/1 1598/2/1 1599/2/1
f 1601/5/1 1600/5/1 1599/5/1
f 1602/5/1 1600/5/1 1601/5/1
f 1603/7/1 1602/7/1 1601/7/1
f 1604/7/1 1602/7/1 1603/7/1
f 1607/7/1 1606/7/1 1605/7/1
f 1608/7/1 1606/7/1 1607/7/1
f 1613/7/1 1612/7/1 1611/7/1
f 1614/7/1 1613/7/1 1611/7/1
f 1615/7/1 1613/7/1 1614/7/1
f 1619/5/1 1618/5/1 1617/5/1
f 1620/6/1 1617/6/1 1616/6/1
f 1621/5/1 1619/5/1 1617/5/1
f 1621/6/1 1617/6/1 1620/6/1
f 1622/5/1 1619/5/1 1621/5/1
f 1632/6/1 1610/6/1 1609/6/1
f 1633/6/1 1610/6/1 1632/6/1
f 1634/5/1 1624/5/1 1623/5/1
f 1634/5/1 1625/5/1 1624/5/1
f 1635/5/1 1625/5/1 1634/5/1
f 1636/6/1 1627/6/1 1626/6/1
f 1637/6/1 1627/6/1 1636/6/1
f 1638/6/1 1629/6/1 1628/6/1
f 1639/6/1 1629/6/1 1638/6/1
f 1640/6/1 1631/6/1 1630/6/1
f 1641/6/1 1631/6/1 1640/6/1
f 1642/6/1 1631/6/1 1641/6/1
f 1643/5/1 1625/5/1 1635/5/1
f 1644/5/1 1625/5/1 1643/5/1
f 1647/6/1 1636/6/1 1626/6/1
f 1648/6/1 1629/6/1 1639/6/1
f 1650/6/1 1641/6/1 1640/6/1
f 1651/3/1 1644/3/1 1643/3/1
f 1651/3/1 1645/3/1 1644/3/1
f 1652/4/1 1646/4/1 1645/4/1
f 1652/3/1 1645/3/1 1651/3/1
f 1653/6/1 1647/6/1 1646/6/1
f 1653/4/1 1646/4/1 1652/4/1
f 1654/6/1 1647/6/1 1653/6/1
f 1655/6/1 1636/6/1 1647/6/1
f 1655/6/1 1647/6/1 1654/6/1
f 1656/6/1 1649/6/1 1648/6/1
f 1656/6/1 1650/6/1 1649/6/1
f 1656/6/1 1648/6/1 1639/6/1
f 1657/6/1 1650/6/1 1656/6/1
f 1658/6/1 1650/6/1 1657/6/1
f 1659/6/1 1641/6/1 1650/6/1
f 1659/6/1 1650/6/1 1658/6/1
f 1660/3/1 1653/3/1 1652/3/1
f 1661/4/1 1654/4/1 1653/4/1
f 1661/3/1 1653/3/1 1660/3/1
f 1662/4/1 1654/4/1 1661/4/1
f 1663/4/1 1661/4/1 1660/4/1
f 1664/6/1 1662/6/1 1661/6/1
f 1664/4/1 1661/4/1 1663/4/1
f 1665/6/1 1662/6/1 1664/6/1
f 1669/6/1 1667/6/1 1666/6/1
f 1670/6/1 1667/6/1 1669/6/1
f 1671/6/1 1667/6/1 1670/6/1
f 1672/6/1 1667/6/1 1671/6/1
f 1673/6/1 1658/6/1 1657/6/1
f 1674/6/1 1669/6/1 1668/6/1
f 1674/6/1 1670/6/1 1669/6/1
f 1675/6/1 1670/6/1 1674/6/1
f 1676/6/1 1672/6/1 1671/6/1
f 1676/6/1 1673/6/1 1672/6/1
f 1677/6/1 1673/6/1 1676/6/1
f 1678/5/1 1665/5/1 1664/5/1
f 1678/5/1 1664/5/1 1663/5/1
f 1679/6/1 1674/6/1 1668/6/1
f 1682/5/1 1678/5/1 1663/5/1
f 1682/5/1 1679/5/1 1678/5/1
f 1683/5/1 1679/5/1 1682/5/1
f 1684/6/1 1674/6/1 1679/6/1
f 1684/5/1 1679/5/1 1683/5/1
f 1685/6/1 1674/6/1 1684/6/1
f 1686/6/1 1673/6/1 1677/6/1
f 1687/6/1 1658/6/1 1673/6/1
f 1687/6/1 1673/6/1 1686/6/1
f 1688/6/1 1658/6/1 1687/6/1
f 1691/1/1 1681/1/1 1680/1/1
f 1692/5/1 1683/5/1 1682/5/1
f 1692/5/1 1682/5/1 1681/5/1
f 1692/1/1 1681/1/1 1691/1/1
f 1693/5/1 1683/5/1 1692/5/1
f 1694/5/1 1683/5/1 1693/5/1
f 1695/5/1 1683/5/1 1694/5/1
f 1696/6/1 1689/6/1 1688/6/1
f 1696/6/1 1688/6/1 1687/6/1
f 1697/6/1 1689/6/1 1696/6/1
f 1698/6/1 1689/6/1 1697/6/1
f 1700/1/1 1691/1/1 1690/1/1
f 1700/2/1 1692/2/1 1691/2/1
f 1701/6/1 1693/6/1 1692/6/1
f 1701/2/1 1692/2/1 1700/2/1
f 1702/1/1 1700/1/1 1690/1/1
f 1703/6/1 1701/6/1 1700/6/1
f 1703/1/1 1700/1/1 1702/1/1
f 1704/6/1 1693/6/1 1701/6/1
f 1704/6/1 1701/6/1 1703/6/1
f 1705/5/1 1694/5/1 1693/5/1
f 1710/6/1 1699/6/1 1698/6/1
f 1710/6/1 1698/6/1 1697/6/1
f 1711/6/1 1699/6/1 1710/6/1
f 1712/6/1 1699/6/1 1711/6/1
f 1713/2/1 1704/2/1 1703/2/1
f 1714/6/1 1693/6/1 1704/6/1
f 1714/2/1 1704/2/1 1713/2/1
f 1715/5/1 1706/5/1 1705/5/1
f 1715/6/1 1693/6/1 1714/6/1
f 1715/5/1 1705/5/1 1693/5/1
f 1716/5/1 1706/5/1 1715/5/1
f 1717/5/1 1706/5/1 1716/5/1
f 1718/6/1 1708/6/1 1707/6/1
f 1719/6/1 1708/6/1 1718/6/1
f 1720/6/1 1711/6/1 1710/6/1
f 1720/6/1 1710/6/1 1709/6/1
f 1721/6/1 1711/6/1 1720/6/1
f 1722/6/1 1711/6/1 1721/6/1
f 1723/3/1 1717/3/1 1716/3/1
f 1724/5/1 1719/5/1 1718/5/1
f 1724/3/1 1717/3/1 1723/3/1
f 1724/5/1 1718/5/1 1717/5/1
f 1725/6/1 1721/6/1 1720/6/1
f 1725/5/1 1719/5/1 1724/5/1
f 1725/6/1 1720/6/1 1719/6/1
f 1726/6/1 1721/6/1 1725/6/1
f 1727/5/1 1725/5/1 1724/5/1
f 1728/5/1 1725/5/1 1727/5/1
f 1729/5/1 1725/5/1 1728/5/1
f 1730/5/1 1725/5/1 1729/5/1
f 1732/5/1 1729/5/1 1728/5/1
f 1733/5/1 1729/5/1 1732/5/1
f 1735/4/1 1732/4/1 1731/4/1
f 1735/4/1 1733/4/1 1732/4/1
f 1736/4/1 1733/4/1 1735/4/1
f 1737/6/1 1734/6/1 1733/6/1
f 1737/4/1 1733/4/1 1736/4/1
f 1738/6/1 1734/6/1 1737/6/1
f 1739/4/1 1737/4/1 1736/4/1
f 1740/4/1 1737/4/1 1739/4/1
f 1742/4/1 1739/4/1 1736/4/1
f 1743/6/1 1740/6/1 1739/6/1
f 1743/4/1 1739/4/1 1742/4/1
f 1744/6/1 1740/6/1 1743/6/1
f 1747/4/1 1742/4/1 1741/4/1
f 1748/6/1 1744/6/1 1743/6/1
f 1748/6/1 1745/6/1 1744/6/1
f 1748/4/1 1742/4/1 1747/4/1
f 1748/6/1 1743/6/1 1742/6/1
f 1749/6/1 1745/6/1 1748/6/1
f 1751/5/1 1747/5/1 1746/5/1
f 1752/5/1 1747/5/1 1751/5/1
f 1753/6/1 1750/6/1 1749/6/1
f 1754/6/1 1750/6/1 1753/6/1
f 1757/6/1 1756/6/1 1755/6/1
f 1758/6/1 1756/6/1 1757/6/1
f 1761/6/1 1760/6/1 1759/6/1
f 1762/6/1 1760/6/1 1761/6/1
f 1767/6/1 1766/6/1 1765/6/1
f 1768/6/1 1766/6/1 1767/6/1
f 1769/6/1 1764/6/1 1763/6/1
f 1770/6/1 1764/6/1 1769/6/1
f 1771/6/1 1767/6/1 1765/6/1
f 1772/6/1 1767/6/1 1771/6/1
f 1774/6/1 1773/6/1 1772/6/1
f 1775/6/1 1773/6/1 1774/6/1
f 1776/1/1 1775/1/1 1774/1/1
f 1777/1/1 1776/1/1 1774/1/1
f 1778/1/1 1776/1/1 1777/1/1
f 1779/7/1 1778/7/1 1777/7/1
f 1780/7/1 1778/7/1 1779/7/1
f 1781/3/1 1780/3/1 1779/3/1
f 1782/3/1 1780/3/1 1781/3/1
f 1783/2/1 1782/2/1 1781/2/1
f 1784/2/1 1782/2/1 1783/2/1
f 1785/3/1 1784/3/1 1783/3/1
f 1786/3/1 1784/3/1 1785/3/1
f 1787/7/1 1786/7/1 1785/7/1
f 1788/7/1 1787/7/1 1785/7/1
f 1789/7/1 1787/7/1 1788/7/1
f 1791/7/1 1790/7/1 1789/7/1
f 1792/7/1 1790/7/1 1791/7/1
f 1797/7/1 1794/7/1 1793/7/1
f 1798/7/1 1794/7/1 1797/7/1
f 1799/6/1 1796/6/1 1795/6/1
f 1800/6/1 1796/6/1 1799/6/1
f 1803/6/1 1798/6/1 1797/6/1
f 1805/6/1 1802/6/1 1801/6/1
f 1806/6/1 1802/6/1 1805/6/1
f 1807/6/1 1803/6/1 1797/6/1
f 1808/5/1 1804/5/1 1803/5/1
f 1808/6/1 1803/6/1 1807/6/1
f 1809/5/1 1804/5/1 1808/5/1
f 1818/5/1 1811/5/1 1810/5/1
f 1819/5/1 1818/5/1 1810/5/1
f 1820/5/1 1818/5/1 1819/5/1
f 1824/6/1 1813/6/1 1812/6/1
f 1825/6/1 1813/6/1 1824/6/1
f 1826/6/1 1815/6/1 1814/6/1
f 1827/6/1 1815/6/1 1826/6/1
f 1830/6/1 1817/6/1 1816/6/1
f 1831/6/1 1817/6/1 1830/6/1
f 1832/5/1 1821/5/1 1820/5/1
f 1833/1/1 1822/1/1 1821/1/1
f 1833/5/1 1821/5/1 1832/5/1
f 1834/1/1 1822/1/1 1833/1/1
f 1835/6/1 1824/6/1 1823/6/1
f 1837/6/1 1828/6/1 1827/6/1
f 1838/1/1 1834/1/1 1833/1/1
f 1839/6/1 1824/6/1 1835/6/1
f 1840/6/1 1824/6/1 1839/6/1
f 1841/6/1 1837/6/1 1836/6/1
f 1842/6/1 1828/6/1 1837/6/1
f 1842/6/1 1837/6/1 1841/6/1
f 1843/6/1 1840/6/1 1839/6/1
f 1844/6/1 1840/6/1 1843/6/1
f 1845/6/1 1840/6/1 1844/6/1
f 1846/6/1 1828/6/1 1842/6/1
f 1847/6/1 1828/6/1 1846/6/1
f 1848/1/1 1838/1/1 1833/1/1
f 1848/3/1 1833/3/1 1832/3/1
f 1849/1/1 1838/1/1 1848/1/1
f 1851/3/1 1848/3/1 1832/3/1
f 1852/2/1 1849/2/1 1848/2/1
f 1852/3/1 1848/3/1 1851/3/1
f 1853/5/1 1844/5/1 1843/5/1
f 1854/5/1 1844/5/1 1853/5/1
f 1856/3/1 1851/3/1 1850/3/1
f 1857/1/1 1852/1/1 1851/1/1
f 1857/3/1 1851/3/1 1856/3/1
f 1858/2/1 1849/2/1 1852/2/1
f 1858/1/1 1852/1/1 1857/1/1
f 1859/2/1 1849/2/1 1858/2/1
f 1860/6/1 1830/6/1 1829/6/1
f 1861/6/1 1830/6/1 1860/6/1
f 1862/6/1 1830/6/1 1861/6/1
f 1864/1/1 1857/1/1 1856/1/1
f 1864/3/1 1856/3/1 1855/3/1
f 1865/1/1 1857/1/1 1864/1/1
f 1866/6/1 1863/6/1 1862/6/1
f 1866/6/1 1862/6/1 1861/6/1
f 1867/6/1 1863/6/1 1866/6/1
f 1868/3/1 1864/3/1 1855/3/1
f 1871/6/1 1863/6/1 1867/6/1
f 1872/3/1 1868/3/1 1855/3/1
f 1873/5/1 1869/5/1 1868/5/1
f 1873/3/1 1868/3/1 1872/3/1
f 1874/5/1 1869/5/1 1873/5/1
f 1879/6/1 1871/6/1 1870/6/1
f 1880/6/1 1863/6/1 1871/6/1
f 1880/6/1 1871/6/1 1879/6/1
f 1881/6/1 1863/6/1 1880/6/1
f 1882/3/1 1874/3/1 1873/3/1
f 1882/3/1 1875/3/1 1874/3/1
f 1882/3/1 1876/3/1 1875/3/1
f 1883/6/1 1877/6/1 1876/6/1
f 1883/3/1 1876/3/1 1882/3/1
f 1884/6/1 1877/6/1 1883/6/1
f 1889/6/1 1879/6/1 1878/6/1
f 1889/6/1 1880/6/1 1879/6/1
f 1890/6/1 1880/6/1 1889/6/1
f 1891/6/1 1888/6/1 1887/6/1
f 1891/5/1 1887/5/1 1886/5/1
f 1892/6/1 1888/6/1 1891/6/1
f 1893/3/1 1885/3/1 1884/3/1
f 1894/3/1 1885/3/1 1893/3/1
f 1897/5/1 1891/5/1 1886/5/1
f 1898/5/1 1895/5/1 1894/5/1
f 1898/4/1 1894/4/1 1893/4/1
f 1899/5/1 1895/5/1 1898/5/1
f 1900/5/1 1897/5/1 1896/5/1
f 1900/5/1 1891/5/1 1897/5/1
f 1901/5/1 1891/5/1 1900/5/1
f 1902/4/1 1899/4/1 1898/4/1
f 1902/4/1 1898/4/1 1893/4/1
f 1903/4/1 1899/4/1 1902/4/1
f 1904/5/1 1900/5/1 1896/5/1
f 1905/6/1 1901/6/1 1900/6/1
f 1905/5/1 1900/5/1 1904/5/1
f 1906/4/1 1902/4/1 1893/4/1
f 1909/6/1 1901/6/1 1905/6/1
f 1910/6/1 1909/6/1 1908/6/1
f 1911/4/1 1907/4/1 1906/4/1
f 1911/4/1 1906/4/1 1893/4/1
f 1912/4/1 1907/4/1 1911/4/1
f 1913/4/1 1907/4/1 1912/4/1
f 1914/6/1 1909/6/1 1910/6/1
f 1915/6/1 1901/6/1 1909/6/1
f 1915/6/1 1909/6/1 1914/6/1
f 1916/5/1 1912/5/1 1911/5/1
f 1917/5/1 1912/5/1 1916/5/1
f 1918/6/1 1901/6/1 1915/6/1
f 1919/6/1 1901/6/1 1918/6/1
f 1924/2/1 1921/2/1 1920/2/1
f 1925/2/1 1921/2/1 1924/2/1
f 1926/6/1 1923/6/1 1922/6/1
f 1927/6/1 1923/6/1 1926/6/1
f 1930/6/1 1929/6/1 1928/6/1
f 1931/6/1 1929/6/1 1930/6/1
f 1934/6/1 1933/6/1 1932/6/1
f 1935/6/1 1933/6/1 1934/6/1
f 1938/6/1 1937/6/1 1936/6/1
f 1939/6/1 1937/6/1 1938/6/1
f 1942/5/1 1941/5/1 1940/5/1
f 1943/5/1 1941/5/1 1942/5/1
f 1944/5/1 1942/5/1 1940/5/1
f 1945/5/1 1942/5/1 1944/5/1
f 1946/2/1 1945/2/1 1944/2/1
f 1947/2/1 1945/2/1 1946/2/1
f 1950/6/1 1949/6/1 1948/6/1
f 1951/6/1 1949/6/1 1950/6/1
f 1956/6/1 1953/6/1 1952/6/1
f 1957/6/1 1953/6/1 1956/6/1
f 1958/6/1 1955/6/1 1954/6/1
f 1959/6/1 1955/6/1 1958/6/1
f 1966/5/1 1961/5/1 1960/5/1
f 1967/5/1 1961/5/1 1966/5/1
f 1968/6/1 1963/6/1 1962/6/1
f 1969/6/1 1963/6/1 1968/6/1
f 1970/6/1 1965/6/1 1964/6/1
f 1971/6/1 1965/6/1 1970/6/1
f 1974/6/1 1973/6/1 1972/6/1
f 1975/6/1 1973/6/1 1974/6/1
f 1980/6/1 1977/6/1 1976/6/1
f 1981/6/1 1977/6/1 1980/6/1
f 1982/6/1 1979/6/1 1978/6/1
f 1983/6/1 1979/6/1 1982/6/1
f 1987/6/1 1986/6/1 1985/6/1
f 1988/6/1 1986/6/1 1987/6/1
f 1989/5/1 1988/5/1 1987/5/1
f 1990/5/1 1988/5/1 1989/5/1
f 1994/6/1 1984/6/1 1983/6/1
f 1995/6/1 1984/6/1 1994/6/1
f 1996/5/1 1992/5/1 1991/5/1
f 1997/5/1 1992/5/1 1996/5/1
f 2003/6/1 1994/6/1 1993/6/1
f 2004/6/1 1994/6/1 2003/6/1
f 2005/1/1 1999/1/1 1998/1/1
f 2006/6/1 2000/6/1 1999/6/1
f 2006/1/1 1999/1/1 2005/1/1
f 2007/6/1 2000/6/1 2006/6/1
f 2010/6/1 2002/6/1 2001/6/1
f 2011/6/1 2002/6/1 2010/6/1
f 2012/3/1 2007/3/1 2006/3/1
f 2013/3/1 2007/3/1 2012/3/1
f 2014/6/1 2009/6/1 2008/6/1
f 2015/6/1 2009/6/1 2014/6/1
f 2020/1/1 2017/1/1 2016/1/1
f 2021/1/1 2017/1/1 2020/1/1
f 2022/6/1 2019/6/1 2018/6/1
f 2023/6/1 2019/6/1 2022/6/1
f 2028/1/1 2025/1/1 2024/1/1
f 2029/1/1 2025/1/1 2028/1/1
f 2030/3/1 2029/3/1 2028/3/1
f 2031/3/1 2029/3/1 2030/3/1
f 2032/6/1 2027/6/1 2026/6/1
f 2033/6/1 2027/6/1 2032/6/1
f 2036/5/1 2035/5/1 2034/5/1
f 2037/5/1 2035/5/1 2036/5/1
f 2040/6/1 2039/6/1 2038/6/1
f 2041/6/1 2040/6/1 2038/6/1
f 2042/6/1 2040/6/1 2041/6/1
f 2043/3/1 2042/3/1 2041/3/1
f 2044/3/1 2042/3/1 2043/3/1
f 2045/1/1 2044/1/1 2043/1/1
f 2046/1/1 2044/1/1 2045/1/1
f 2047/2/1 2046/2/1 2045/2/1
f 2048/2/1 2046/2/1 2047/2/1
f 2050/6/1 2048/6/1 2047/6/1
f 2051/6/1 2050/6/1 2049/6/1
f 2052/6/1 2048/6/1 2050/6/1
f 2052/6/1 2050/6/1 2051/6/1
f 2055/2/1 2054/2/1 2053/2/1
f 2056/2/1 2055/2/1 2053/2/1
f 2057/2/1 2055/2/1 2056/2/1
f 2058/6/1 2057/6/1 2056/6/1
f 2059/6/1 2057/6/1 2058/6/1
f 2064/6/1 2063/6/1 2062/6/1
f 2065/6/1 2063/6/1 2064/6/1
f 2066/6/1 2061/6/1 2060/6/1
f 2067/6/1 2061/6/1 2066/6/1
f 2070/6/1 2069/6/1 2068/6/1
f 2071/6/1 2069/6/1 2070/6/1
f 2080/5/1 2073/5/1 2072/5/1
f 2081/5/1 2073/5/1 2080/5/1
f 2082/4/1 2081/4/1 2080/4/1
f 2083/6/1 2075/6/1 2074/6/1
f 2084/6/1 2075/6/1 2083/6/1
f 2085/6/1 2077/6/1 2076/6/1
f 2086/6/1 2077/6/1 2085/6/1
f 2087/4/1 2082/4/1 2080/4/1
f 2088/4/1 2082/4/1 2087/4/1
f 2089/6/1 2088/6/1 2087/6/1
f 2090/6/1 2088/6/1 2089/6/1
f 2091/6/1 2079/6/1 2078/6/1
f 2092/6/1 2079/6/1 2091/6/1
f 2096/6/1 2093/6/1 2092/6/1
f 2097/6/1 2093/6/1 2096/6/1
f 2098/6/1 2095/6/1 2094/6/1
f 2099/6/1 2095/6/1 2098/6/1
f 2104/6/1 2101/6/1 2100/6/1
f 2105/6/1 2101/6/1 2104/6/1
f 2106/5/1 2103/5/1 2102/5/1
f 2107/5/1 2103/5/1 2106/5/1
f 2114/6/1 2109/6/1 2108/6/1
f 2115/6/1 2109/6/1 2114/6/1
f 2116/5/1 2111/5/1 2110/5/1
f 2117/5/1 2111/5/1 2116/5/1
f 2118/6/1 2113/6/1 2112/6/1
f 2119/6/1 2113/6/1 2118/6/1
f 2124/3/1 2121/3/1 2120/3/1
f 2125/3/1 2124/3/1 2120/3/1
f 2126/3/1 2124/3/1 2125/3/1
f 2127/6/1 2123/6/1 2122/6/1
f 2128/6/1 2123/6/1 2127/6/1
f 2133/1/1 2130/1/1 2129/1/1
f 2134/1/1 2130/1/1 2133/1/1
f 2135/4/1 2134/4/1 2133/4/1
f 2136/4/1 2134/4/1 2135/4/1
f 2137/6/1 2132/6/1 2131/6/1
f 2138/6/1 2132/6/1 2137/6/1
f 2141/6/1 2140/6/1 2139/6/1
f 2142/6/1 2140/6/1 2141/6/1
f 2145/1/1 2144/1/1 2143/1/1
f 2146/1/1 2144/1/1 2145/1/1
f 2149/6/1 2148/6/1 2147/6/1
f 2150/6/1 2148/6/1 2149/6/1
f 2153/5/1 2152/5/1 2151/5/1
f 2154/5/1 2153/5/1 2151/5/1
f 2155/5/1 2153/5/1 2154/5/1
f 2158/5/1 2157/5/1 2156/5/1
f 2159/5/1 2157/5/1 2158/5/1
f 2164/6/1 2161/6/1 2160/6/1
f 2165/6/1 2161/6/1 2164/6/1
f 2166/6/1 2163/6/1 2162/6/1
f 2167/6/1 2166/6/1 2162/6/1
f 2168/6/1 2166/6/1 2167/6/1
f 2173/6/1 2170/6/1 2169/6/1
f 2174/6/1 2170/6/1 2173/6/1
f 2175/5/1 2172/5/1 2171/5/1
f 2176/5/1 2172/5/1 2175/5/1
f 2179/6/1 2178/6/1 2177/6/1
f 2180/6/1 2178/6/1 2179/6/1
f 2183/5/1 2182/5/1 2181/5/1
f 2184/5/1 2182/5/1 2183/5/1
f 2187/1/1 2186/1/1 2185/1/1
f 2188/1/1 2186/1/1 2187/1/1
f 2191/3/1 2190/3/1 2189/3/1
f 2192/3/1 2190/3/1 2191/3/1
f 2195/3/1 2194/3/1 2193/3/1
f 2196/3/1 2194/3/1 2195/3/1
f 2197/5/1 2196/5/1 2195/5/1
f 2198/5/1 2197/5/1 2195/5/1
f 2199/5/1 2198/5/1 2195/5/1
f 2200/5/1 2198/5/1 2199/5/1
f 2205/5/1 2202/5/1 2201/5/1
f 2206/5/1 2202/5/1 2205/5/1
f 2207/6/1 2204/6/1 2203/6/1
f 2208/6/1 2204/6/1 2207/6/1
f 2213/5/1 2210/5/1 2209/5/1
f 2214/5/1 2210/5/1 2213/5/1
f 2215/6/1 2212/6/1 2211/6/1
f 2216/6/1 2212/6/1 2215/6/1
f 2217/5/1 2210/5/1 2214/5/1
f 2222/6/1 2215/6/1 2211/6/1
f 2223/5/1 2217/5/1 2214/5/1
f 2223/5/1 2218/5/1 2217/5/1
f 2224/5/1 2218/5/1 2223/5/1
f 2225/6/1 2220/6/1 2219/6/1
f 2226/6/1 2220/6/1 2225/6/1
f 2227/6/1 2222/6/1 2221/6/1
f 2228/6/1 2215/6/1 2222/6/1
f 2228/6/1 2222/6/1 2227/6/1
f 2229/5/1 2218/5/1 2224/5/1
f 2230/5/1 2218/5/1 2229/5/1
f 2231/4/1 2230/4/1 2229/4/1
f 2232/4/1 2230/4/1 2231/4/1
f 2233/6/1 2232/6/1 2231/6/1
f 2234/6/1 2232/6/1 2233/6/1
f 2235/5/1 2234/5/1 2233/5/1
f 2236/5/1 2234/5/1 2235/5/1
f 2241/6/1 2238/6/1 2237/6/1
f 2242/6/1 2238/6/1 2241/6/1
f 2243/5/1 2240/5/1 2239/5/1
f 2244/5/1 2240/5/1 2243/5/1
f 2249/6/1 2246/6/1 2245/6/1
f 2250/6/1 2246/6/1 2249/6/1
f 2251/6/1 2248/6/1 2247/6/1
f 2252/6/1 2248/6/1 2251/6/1
f 2257/6/1 2254/6/1 2253/6/1
f 2258/6/1 2254/6/1 2257/6/1
f 2259/6/1 2256/6/1 2255/6/1
f 2260/6/1 2256/6/1 2259/6/1
f 2263/5/1 2262/5/1 2261/5/1
f 2264/5/1 2262/5/1 2263/5/1
f 2267/5/1 2266/5/1 2265/5/1
f 2268/5/1 2267/5/1 2265/5/1
f 2269/5/1 2267/5/1 2268/5/1
f 2272/2/1 2269/2/1 2268/2/1
f 2273/2/1 2269/2/1 2272/2/1
f 2274/3/1 2271/3/1 2270/3/1
f 2275/3/1 2271/3/1 2274/3/1
f 2278/3/1 2277/3/1 2276/3/1
f 2279/3/1 2278/3/1 2276/3/1
f 2280/3/1 2279/3/1 2276/3/1
f 2281/3/1 2279/3/1 2280/3/1
f 2286/5/1 2283/5/1 2282/5/1
f 2287/5/1 2283/5/1 2286/5/1
f 2292/6/1 2285/6/1 2284/6/1
f 2293/6/1 2285/6/1 2292/6/1
f 2294/5/1 2288/5/1 2287/5/1
f 2295/5/1 2294/5/1 2287/5/1
f 2296/5/1 2294/5/1 2295/5/1
f 2297/6/1 2296/6/1 2295/6/1
f 2298/6/1 2296/6/1 2297/6/1
f 2299/6/1 2290/6/1 2289/6/1
f 2300/6/1 2290/6/1 2299/6/1
f 2301/5/1 2298/5/1 2297/5/1
f 2302/5/1 2301/5/1 2297/5/1
f 2303/5/1 2301/5/1 2302/5/1
f 2304/6/1 2292/6/1 2291/6/1
f 2305/6/1 2292/6/1 2304/6/1
f 2306/5/1 2302/5/1 2297/5/1
f 2307/5/1 2302/5/1 2306/5/1
f 2312/6/1 2309/6/1 2308/6/1
f 2313/6/1 2309/6/1 2312/6/1
f 2314/4/1 2311/4/1 2310/4/1
f 2315/4/1 2311/4/1 2314/4/1
f 2320/6/1 2317/6/1 2316/6/1
f 2321/6/1 2317/6/1 2320/6/1
f 2322/6/1 2319/6/1 2318/6/1
f 2323/6/1 2319/6/1 2322/6/1
f 2326/6/1 2325/6/1 2324/6/1
f 2327/6/1 2325/6/1 2326/6/1
f 2330/5/1 2329/5/1 2328/5/1
f 2331/5/1 2329/5/1 2330/5/1
f 2336/6/1 2333/6/1 2332/6/1
f 2337/6/1 2333/6/1 2336/6/1
f 2338/6/1 2335/6/1 2334/6/1
f 2339/6/1 2335/6/1 2338/6/1
f 2342/5/1 2341/5/1 2340/5/1
f 2343/5/1 2341/5/1 2342/5/1
f 2346/4/1 2345/4/1 2344/4/1
f 2347/4/1 2345/4/1 2346/4/1
f 2350/6/1 2349/6/1 2348/6/1
f 2351/6/1 2349/6/1 2350/6/1
f 2354/6/1 2353/6/1 2352/6/1
f 2355/6/1 2353/6/1 2354/6/1
f 2356/6/1 2354/6/1 2352/6/1
f 2357/6/1 2354/6/1 2356/6/1
f 2364/6/1 2359/6/1 2358/6/1
f 2365/6/1 2364/6/1 2358/6/1
f 2366/6/1 2365/6/1 2358/6/1
f 2367/6/1 2365/6/1 2366/6/1
f 2368/6/1 2361/6/1 2360/6/1
f 2369/6/1 2361/6/1 2368/6/1
f 2370/5/1 2367/5/1 2366/5/1
f 2371/5/1 2367/5/1 2370/5/1
f 2372/7/1 2369/7/1 2368/7/1
f 2373/7/1 2369/7/1 2372/7/1
f 2374/6/1 2363/6/1 2362/6/1
f 2375/6/1 2363/6/1 2374/6/1
f 2379/6/1 2377/6/1 2376/6/1
f 2381/6/1 2379/6/1 2378/6/1
f 2382/6/1 2377/6/1 2379/6/1
f 2382/6/1 2379/6/1 2381/6/1
f 2383/6/1 2377/6/1 2382/6/1
f 2384/6/1 2381/6/1 2380/6/1
f 2384/6/1 2382/6/1 2381/6/1
f 2385/6/1 2382/6/1 2384/6/1
f 2388/6/1 2387/6/1 2386/6/1
f 2390/6/1 2388/6/1 2386/6/1
f 2390/6/1 2389/6/1 2388/6/1
f 2391/6/1 2389/6/1 2390/6/1
f 2392/6/1 2389/6/1 2391/6/1
f 2393/6/1 2389/6/1 2392/6/1
f 2394/6/1 2392/6/1 2391/6/1
f 2395/6/1 2392/6/1 2394/6/1
f 2398/6/1 2397/6/1 2396/6/1
f 2399/6/1 2397/6/1 2398/6/1
f 2404/4/1 2403/4/1 2402/4/1
f 2405/6/1 2401/6/1 2400/6/1
f 2406/6/1 2401/6/1 2405/6/1
f 2407/4/1 2404/4/1 2402/4/1
f 2408/4/1 2404/4/1 2407/4/1
f 2414/4/1 2409/4/1 2408/4/1
f 2415/4/1 2409/4/1 2414/4/1
f 2416/6/1 2411/6/1 2410/6/1
f 2417/6/1 2411/6/1 2416/6/1
f 2420/6/1 2413/6/1 2412/6/1
f 2421/6/1 2413/6/1 2420/6/1
f 2422/6/1 2419/6/1 2418/6/1
f 2423/6/1 2419/6/1 2422/6/1
f 2424/6/1 2411/6/1 2417/6/1
f 2425/6/1 2424/6/1 2417/6/1
f 2426/6/1 2424/6/1 2425/6/1
f 2427/7/1 2426/7/1 2425/7/1
f 2428/7/1 2426/7/1 2427/7/1
f 2429/7/1 2426/7/1 2428/7/1
f 2434/6/1 2431/6/1 2430/6/1
f 2437/6/1 2433/6/1 2432/6/1
f 2438/6/1 2435/6/1 2434/6/1
f 2438/6/1 2434/6/1 2430/6/1
f 2439/6/1 2435/6/1 2438/6/1
f 2440/6/1 2435/6/1 2439/6/1
f 2441/6/1 2437/6/1 2436/6/1
f 2442/6/1 2433/6/1 2437/6/1
f 2442/6/1 2437/6/1 2441/6/1
f 2443/6/1 2433/6/1 2442/6/1
f 2444/6/1 2440/6/1 2439/6/1
f 2444/6/1 2441/6/1 2440/6/1
f 2444/6/1 2442/6/1 2441/6/1
f 2445/6/1 2442/6/1 2444/6/1
f 2448/6/1 2447/6/1 2446/6/1
f 2449/6/1 2447/6/1 2448/6/1
f 2452/4/1 2451/4/1 2450/4/1
f 2453/4/1 2451/4/1 2452/4/1
f 2458/6/1 2455/6/1 2454/6/1
f 2459/6/1 2455/6/1 2458/6/1
f 2460/4/1 2457/4/1 2456/4/1
f 2461/4/1 2457/4/1 2460/4/1
f 2470/4/1 2463/4/1 2462/4/1
f 2471/4/1 2463/4/1 2470/4/1
f 2472/6/1 2467/6/1 2466/6/1
f 2473/6/1 2467/6/1 2472/6/1
f 2474/6/1 2469/6/1 2468/6/1
f 2475/6/1 2469/6/1 2474/6/1
f 2478/4/1 2465/4/1 2464/4/1
f 2479/4/1 2465/4/1 2478/4/1
f 2480/7/1 2479/7/1 2478/7/1
f 2481/7/1 2479/7/1 2480/7/1
f 2482/6/1 2477/6/1 2476/6/1
f 2483/6/1 2477/6/1 2482/6/1
f 2484/7/1 2479/7/1 2481/7/1
f 2485/7/1 2479/7/1 2484/7/1
f 2490/6/1 2487/6/1 2486/6/1
f 2491/6/1 2487/6/1 2490/6/1
f 2492/6/1 2489/6/1 2488/6/1
f 2493/6/1 2489/6/1 2492/6/1
f 2498/6/1 2495/6/1 2494/6/1
f 2499/6/1 2495/6/1 2498/6/1
f 2502/6/1 2497/6/1 2496/6/1
f 2503/6/1 2497/6/1 2502/6/1
f 2504/6/1 2501/6/1 2500/6/1
f 2505/6/1 2501/6/1 2504/6/1
f 2508/6/1 2507/6/1 2506/6/1
f 2509/6/1 2507/6/1 2508/6/1
f 2512/4/1 2511/4/1 2510/4/1
f 2513/4/1 2511/4/1 2512/4/1
f 2516/4/1 2515/4/1 2514/4/1
f 2517/4/1 2515/4/1 2516/4/1
f 2520/6/1 2519/6/1 2518/6/1
f 2521/6/1 2519/6/1 2520/6/1
f 2524/6/1 2523/6/1 2522/6/1
f 2525/6/1 2523/6/1 2524/6/1
f 2530/6/1 2527/6/1 2526/6/1
f 2531/6/1 2527/6/1 2530/6/1
f 2532/6/1 2529/6/1 2528/6/1
f 2533/6/1 2529/6/1 2532/6/1
f 2538/6/1 2535/6/1 2534/6/1
f 2539/6/1 2535/6/1 2538/6/1
f 2540/6/1 2537/6/1 2536/6/1
f 2541/6/1 2537/6/1 2540/6/1
f 2544/4/1 2543/4/1 2542/4/1
f 2545/4/1 2543/4/1 2544/4/1
f 2546/7/1 2545/7/1 2544/7/1
f 2547/7/1 2545/7/1 2546/7/1
f 2548/7/1 2545/7/1 2547/7/1
f 2553/2/1 2550/2/1 2549/2/1
f 2554/2/1 2550/2/1 2553/2/1
f 2555/6/1 2552/6/1 2551/6/1
f 2556/6/1 2552/6/1 2555/6/1
f 2557/7/1 2556/7/1 2555/7/1
f 2558/7/1 2556/7/1 2557/7/1
f 2559/7/1 2556/7/1 2558/7/1
f 2560/6/1 2559/6/1 2558/6/1
f 2561/6/1 2559/6/1 2560/6/1
f 2562/6/1 2559/6/1 2561/6/1
f 2565/6/1 2564/6/1 2563/6/1
f 2566/6/1 2564/6/1 2565/6/1
f 2569/2/1 2568/2/1 2567/2/1
f 2570/2/1 2569/2/1 2567/2/1
f 2571/2/1 2569/2/1 2570/2/1
f 2579/6/1 2573/6/1 2572/6/1
f 2580/6/1 2573/6/1 2579/6/1
f 2582/6/1 2575/6/1 2574/6/1
f 2583/6/1 2575/6/1 2582/6/1
f 2585/4/1 2577/4/1 2576/4/1
f 2586/4/1 2577/4/1 2585/4/1
f 2587/4/1 2577/4/1 2586/4/1
f 2588/6/1 2581/6/1 2580/6/1
f 2588/6/1 2579/6/1 2578/6/1
f 2588/6/1 2580/6/1 2579/6/1
f 2589/6/1 2581/6/1 2588/6/1
f 2590/6/1 2581/6/1 2589/6/1
f 2591/6/1 2581/6/1 2590/6/1
f 2596/4/1 2586/4/1 2585/4/1
f 2596/4/1 2585/4/1 2584/4/1
f 2597/6/1 2593/6/1 2592/6/1
f 2598/6/1 2593/6/1 2597/6/1
f 2599/6/1 2595/6/1 2594/6/1
f 2600/6/1 2595/6/1 2599/6/1
f 2601/6/1 2590/6/1 2589/6/1
f 2602/6/1 2590/6/1 2601/6/1
f 2603/4/1 2586/4/1 2596/4/1
f 2604/4/1 2586/4/1 2603/4/1
f 2605/6/1 2604/6/1 2603/6/1
f 2605/4/1 2586/4/1 2604/4/1
f 2606/4/1 2586/4/1 2605/4/1
f 2607/6/1 2588/6/1 2578/6/1
f 2609/6/1 2606/6/1 2605/6/1
f 2609/6/1 2605/6/1 2603/6/1
f 2610/6/1 2606/6/1 2609/6/1
f 2612/6/1 2610/6/1 2609/6/1
f 2612/6/1 2611/6/1 2610/6/1
f 2613/6/1 2588/6/1 2607/6/1
f 2614/6/1 2588/6/1 2613/6/1
f 2615/4/1 2609/4/1 2608/4/1
f 2616/6/1 2612/6/1 2609/6/1
f 2616/4/1 2609/4/1 2615/4/1
f 2617/6/1 2612/6/1 2616/6/1
f 2618/6/1 2612/6/1 2617/6/1
f 2621/6/1 2617/6/1 2616/6/1
f 2622/6/1 2617/6/1 2621/6/1
f 2623/6/1 2620/6/1 2619/6/1
f 2624/6/1 2620/6/1 2623/6/1
f 2627/6/1 2626/6/1 2625/6/1
f 2628/6/1 2626/6/1 2627/6/1
f 2638/6/1 2634/6/1 2633/6/1
f 2639/6/1 2637/6/1 2636/6/1
f 2639/4/1 2636/4/1 2635/4/1
f 2640/6/1 2637/6/1 2639/6/1
f 2641/6/1 2632/6/1 2631/6/1
f 2642/6/1 2632/6/1 2641/6/1
f 2643/6/1 2638/6/1 2633/6/1
f 2644/6/1 2638/6/1 2643/6/1
f 2645/4/1 2640/4/1 2639/4/1
f 2645/4/1 2639/4/1 2635/4/1
f 2646/4/1 2640/4/1 2645/4/1
f 2647/6/1 2641/6/1 2631/6/1
f 2648/6/1 2641/6/1 2647/6/1
f 2649/6/1 2638/6/1 2644/6/1
f 2650/6/1 2638/6/1 2649/6/1
f 2651/4/1 2640/4/1 2646/4/1
f 2651/6/1 2646/6/1 2645/6/1
f 2652/4/1 2640/4/1 2651/4/1
f 2653/6/1 2647/6/1 2631/6/1
f 2654/6/1 2647/6/1 2653/6/1
f 2655/6/1 2652/6/1 2651/6/1
f 2655/6/1 2651/6/1 2645/6/1
f 2656/6/1 2652/6/1 2655/6/1
f 2657/4/1 2656/4/1 2655/4/1
f 2658/4/1 2656/4/1 2657/4/1
f 2659/4/1 2630/4/1 2629/4/1
f 2660/4/1 2630/4/1 2659/4/1
f 2661/4/1 2656/4/1 2658/4/1
f 2661/5/1 2658/5/1 2657/5/1
f 2662/4/1 2656/4/1 2661/4/1
f 2663/6/1 2660/6/1 2659/6/1
f 2664/6/1 2660/6/1 2663/6/1
f 2665/6/1 2660/6/1 2664/6/1
f 2666/7/1 2665/7/1 2664/7/1
f 2667/6/1 2653/6/1 2631/6/1
f 2668/6/1 2653/6/1 2667/6/1
f 2669/5/1 2661/5/1 2657/5/1
f 2672/7/1 2666/7/1 2664/7/1
f 2673/7/1 2666/7/1 2672/7/1
f 2674/5/1 2670/5/1 2669/5/1
f 2674/5/1 2669/5/1 2657/5/1
f 2675/5/1 2670/5/1 2674/5/1
f 2676/5/1 2670/5/1 2675/5/1
f 2677/6/1 2673/6/1 2672/6/1
f 2677/6/1 2672/6/1 2671/6/1
f 2678/6/1 2673/6/1 2677/6/1
f 2679/6/1 2673/6/1 2678/6/1
f 2680/4/1 2676/4/1 2675/4/1
f 2681/6/1 2678/6/1 2677/6/1
f 2681/4/1 2676/4/1 2680/4/1
f 2681/6/1 2677/6/1 2676/6/1
f 2682/6/1 2678/6/1 2681/6/1
f 2685/6/1 2684/6/1 2683/6/1
f 2686/6/1 2684/6/1 2685/6/1
f 2691/5/1 2688/5/1 2687/5/1
f 2692/5/1 2688/5/1 2691/5/1
f 2693/7/1 2690/7/1 2689/7/1
f 2697/7/1 2690/7/1 2693/7/1
f 2698/7/1 2690/7/1 2697/7/1
f 2699/5/1 2695/5/1 2694/5/1
f 2700/5/1 2695/5/1 2699/5/1
f 2703/6/1 2697/6/1 2696/6/1
f 2704/6/1 2697/6/1 2703/6/1
f 2705/6/1 2702/6/1 2701/6/1
f 2706/6/1 2702/6/1 2705/6/1
f 2713/4/1 2708/4/1 2707/4/1
f 2714/4/1 2708/4/1 2713/4/1
f 2715/6/1 2712/6/1 2711/6/1
f 2716/6/1 2714/6/1 2713/6/1
f 2717/6/1 2710/6/1 2709/6/1
f 2718/6/1 2710/6/1 2717/6/1
f 2719/4/1 2718/4/1 2717/4/1
f 2720/4/1 2718/4/1 2719/4/1
f 2721/6/1 2716/6/1 2713/6/1
f 2722/6/1 2716/6/1 2721/6/1
f 2723/6/1 2720/6/1 2719/6/1
f 2724/6/1 2720/6/1 2723/6/1
f 2725/4/1 2722/4/1 2721/4/1
f 2726/4/1 2722/4/1 2725/4/1
f 2727/7/1 2724/7/1 2723/7/1
f 2728/7/1 2724/7/1 2727/7/1
f 2729/6/1 2715/6/1 2711/6/1
f 2730/6/1 2715/6/1 2729/6/1
f 2731/5/1 2726/5/1 2725/5/1
f 2732/5/1 2726/5/1 2731/5/1
f 2735/7/1 2734/7/1 2733/7/1
f 2738/7/1 2735/7/1 2733/7/1
f 2739/7/1 2735/7/1 2738/7/1
f 2740/5/1 2737/5/1 2736/5/1
f 2741/5/1 2737/5/1 2740/5/1
f 2748/7/1 2743/7/1 2742/7/1
f 2749/7/1 2743/7/1 2748/7/1
f 2750/6/1 2745/6/1 2744/6/1
f 2751/6/1 2745/6/1 2750/6/1
f 2752/6/1 2747/6/1 2746/6/1
f 2753/6/1 2747/6/1 2752/6/1
f 2756/6/1 2755/6/1 2754/6/1
f 2757/6/1 2755/6/1 2756/6/1
f 2760/7/1 2759/7/1 2758/7/1
f 2761/7/1 2759/7/1 2760/7/1
f 2766/6/1 2763/6/1 2762/6/1
f 2767/6/1 2763/6/1 2766/6/1
f 2768/7/1 2765/7/1 2764/7/1
f 2769/7/1 2765/7/1 2768/7/1
f 2774/6/1 2771/6/1 2770/6/1
f 2775/6/1 2771/6/1 2774/6/1
f 2776/6/1 2773/6/1 2772/6/1
f 2777/6/1 2773/6/1 2776/6/1
f 2780/5/1 2779/5/1 2778/5/1
f 2781/5/1 2779/5/1 2780/5/1
f 2784/6/1 2783/6/1 2782/6/1
f 2785/6/1 2783/6/1 2784/6/1
f 2786/6/1 2784/6/1 2782/6/1
f 2787/6/1 2784/6/1 2786/6/1
f 2788/7/1 2787/7/1 2786/7/1
f 2789/7/1 2787/7/1 2788/7/1
f 2790/7/1 2787/7/1 2789/7/1
f 2792/7/1 2791/7/1 2790/7/1
f 2797/7/1 2793/7/1 2792/7/1
f 2798/7/1 2793/7/1 2797/7/1
f 2799/7/1 2795/7/1 2794/7/1
f 2800/6/1 2796/6/1 2795/6/1
f 2800/7/1 2795/7/1 2799/7/1
f 2801/6/1 2796/6/1 2800/6/1
f 2804/7/1 2792/7/1 2790/7/1
f 2804/7/1 2797/7/1 2792/7/1
f 2805/7/1 2797/7/1 2804/7/1
f 2806/7/1 2797/7/1 2805/7/1
f 2808/6/1 2801/6/1 2800/6/1
f 2808/6/1 2802/6/1 2801/6/1
f 2809/6/1 2802/6/1 2808/6/1
f 2810/7/1 2804/7/1 2803/7/1
f 2811/7/1 2804/7/1 2810/7/1
f 2812/7/1 2807/7/1 2806/7/1
f 2812/7/1 2806/7/1 2805/7/1
f 2813/7/1 2807/7/1 2812/7/1
f 2817/6/1 2816/6/1 2815/6/1
f 2818/6/1 2816/6/1 2817/6/1
f 2819/7/1 2813/7/1 2812/7/1
f 2819/7/1 2814/7/1 2813/7/1
f 2819/7/1 2812/7/1 2811/7/1
f 2820/7/1 2814/7/1 2819/7/1
f 2821/7/1 2814/7/1 2820/7/1
f 2822/7/1 2814/7/1 2821/7/1
f 2824/7/1 2821/7/1 2820/7/1
f 2825/7/1 2821/7/1 2824/7/1
f 2827/7/1 2824/7/1 2823/7/1
f 2827/7/1 2826/7/1 2825/7/1
f 2827/7/1 2825/7/1 2824/7/1
f 2828/7/1 2826/7/1 2827/7/1
f 2829/7/1 2826/7/1 2828/7/1
f 2830/7/1 2826/7/1 2829/7/1
f 2832/7/1 2829/7/1 2828/7/1
f 2833/7/1 2829/7/1 2832/7/1
f 2835/7/1 2832/7/1 2831/7/1
f 2835/7/1 2834/7/1 2833/7/1
f 2835/7/1 2833/7/1 2832/7/1
f 2836/7/1 2834/7/1 2835/7/1
f 2837/7/1 2834/7/1 2836/7/1
f 2838/7/1 2834/7/1 2837/7/1
f 2839/7/1 2837/7/1 2836/7/1
f 2840/7/1 2837/7/1 2839/7/1
f 2843/6/1 2842/6/1 2841/6/1
f 2844/6/1 2842/6/1 2843/6/1
f 2847/6/1 2846/6/1 2845/6/1
f 2848/6/1 2846/6/1 2847/6/1
f 2851/6/1 2850/6/1 2849/6/1
f 2852/6/1 2850/6/1 2851/6/1
f 2853/7/1 2852/7/1 2851/7/1
f 2854/7/1 2852/7/1 2853/7/1
f 2858/7/1 2856/7/1 2855/7/1
f 2859/7/1 2856/7/1 2858/7/1
f 2863/7/1 2858/7/1 2857/7/1
f 2863/7/1 2859/7/1 2858/7/1
f 2864/7/1 2859/7/1 2863/7/1
f 2865/6/1 2860/6/1 2859/6/1
f 2869/7/1 2862/7/1 2861/7/1
f 2870/7/1 2862/7/1 2869/7/1
f 2871/7/1 2859/7/1 2864/7/1
f 2872/6/1 2866/6/1 2865/6/1
f 2872/7/1 2859/7/1 2871/7/1
f 2872/6/1 2865/6/1 2859/6/1
f 2873/6/1 2866/6/1 2872/6/1
f 2874/6/1 2866/6/1 2873/6/1
f 2875/6/1 2868/6/1 2867/6/1
f 2876/7/1 2869/7/1 2868/7/1
f 2876/6/1 2868/6/1 2875/6/1
f 2877/7/1 2869/7/1 2876/7/1
f 2880/7/1 2873/7/1 2872/7/1
f 2881/7/1 2878/7/1 2877/7/1
f 2881/7/1 2877/7/1 2876/7/1
f 2882/7/1 2878/7/1 2881/7/1
f 2883/7/1 2880/7/1 2879/7/1
f 2884/7/1 2873/7/1 2880/7/1
f 2884/7/1 2880/7/1 2883/7/1
f 2885/7/1 2881/7/1 2876/7/1
f 2888/7/1 2873/7/1 2884/7/1
f 2889/7/1 2886/7/1 2885/7/1
f 2889/7/1 2885/7/1 2876/7/1
f 2890/7/1 2886/7/1 2889/7/1
f 2891/7/1 2888/7/1 2887/7/1
f 2892/7/1 2873/7/1 2888/7/1
f 2892/7/1 2888/7/1 2891/7/1
f 2893/7/1 2889/7/1 2876/7/1
f 2896/7/1 2873/7/1 2892/7/1
f 2897/7/1 2894/7/1 2893/7/1
f 2897/7/1 2893/7/1 2876/7/1
f 2898/7/1 2894/7/1 2897/7/1
f 2899/7/1 2894/7/1 2898/7/1
f 2900/7/1 2896/7/1 2895/7/1
f 2901/7/1 2873/7/1 2896/7/1
f 2901/7/1 2896/7/1 2900/7/1
f 2902/7/1 2873/7/1 2901/7/1
f 2903/6/1 2899/6/1 2898/6/1
f 2904/7/1 2900/7/1 2899/7/1
f 2904/6/1 2899/6/1 2903/6/1
f 2905/6/1 2901/6/1 2900/6/1
f 2905/7/1 2900/7/1 2904/7/1
f 2906/6/1 2901/6/1 2905/6/1
f 2910/6/1 2908/6/1 2907/6/1
f 2910/6/1 2909/6/1 2908/6/1
f 2911/6/1 2909/6/1 2910/6/1
f 2913/6/1 2910/6/1 2907/6/1
f 2914/6/1 2910/6/1 2913/6/1
f 2916/6/1 2913/6/1 2912/6/1
f 2916/6/1 2915/6/1 2914/6/1
f 2916/6/1 2914/6/1 2913/6/1
f 2917/6/1 2915/6/1 2916/6/1
f 2918/6/1 2916/6/1 2912/6/1
f 2919/6/1 2916/6/1 2918/6/1
f 2924/6/1 2921/6/1 2920/6/1
f 2925/6/1 2921/6/1 2924/6/1
f 2926/6/1 2923/6/1 2922/6/1
f 2927/6/1 2923/6/1 2926/6/1
f 2928/6/1 2924/6/1 2920/6/1
f 2929/6/1 2924/6/1 2928/6/1
f 2934/7/1 2931/7/1 2930/7/1
f 2935/7/1 2931/7/1 2934/7/1
f 2936/6/1 2933/6/1 2932/6/1
f 2937/6/1 2933/6/1 2936/6/1
f 2942/6/1 2939/6/1 2938/6/1
f 2943/6/1 2939/6/1 2942/6/1
f 2944/6/1 2941/6/1 2940/6/1
f 2945/6/1 2941/6/1 2944/6/1
f 2950/6/1 2947/6/1 2946/6/1
f 2951/6/1 2947/6/1 2950/6/1
f 2954/6/1 2949/6/1 2948/6/1
f 2955/6/1 2949/6/1 2954/6/1
f 2956/4/1 2953/4/1 2952/4/1
f 2956/4/1 2952/4/1 2951/4/1
f 2957/4/1 2953/4/1 2956/4/1
f 2958/4/1 2953/4/1 2957/4/1
f 2959/6/1 2954/6/1 2953/6/1
f 2959/4/1 2953/4/1 2958/4/1
f 2960/6/1 2954/6/1 2959/6/1
f 2961/3/1 2958/3/1 2957/3/1
f 2962/4/1 2959/4/1 2958/4/1
f 2962/3/1 2958/3/1 2961/3/1
f 2963/4/1 2959/4/1 2962/4/1
f 2966/6/1 2965/6/1 2964/6/1
f 2967/6/1 2965/6/1 2966/6/1
f 2970/6/1 2969/6/1 2968/6/1
f 2971/6/1 2969/6/1 2970/6/1
f 2974/6/1 2973/6/1 2972/6/1
f 2975/6/1 2973/6/1 2974/6/1
f 2978/6/1 2977/6/1 2976/6/1
f 2980/6/1 2978/6/1 2976/6/1
f 2980/6/1 2979/6/1 2978/6/1
f 2981/6/1 2979/6/1 2980/6/1
f 2986/1/1 2983/1/1 2982/1/1
f 2987/1/1 2983/1/1 2986/1/1
f 2988/6/1 2985/6/1 2984/6/1
f 2989/6/1 2985/6/1 2988/6/1
f 2994/1/1 2991/1/1 2990/1/1
f 2995/1/1 2991/1/1 2994/1/1
f 2996/3/1 2995/3/1 2994/3/1
f 2997/3/1 2995/3/1 2996/3/1
f 2998/6/1 2993/6/1 2992/6/1
f 2999/6/1 2993/6/1 2998/6/1
f 3004/6/1 3001/6/1 3000/6/1
f 3005/6/1 3001/6/1 3004/6/1
f 3006/6/1 3003/6/1 3002/6/1
f 3007/6/1 3003/6/1 3006/6/1
f 3012/4/1 3009/4/1 3008/4/1
f 3013/4/1 3009/4/1 3012/4/1
f 3016/6/1 3011/6/1 3010/6/1
f 3017/3/1 3014/3/1 3013/3/1
f 3017/3/1 3013/3/1 3012/3/1
f 3018/3/1 3014/3/1 3017/3/1
f 3019/3/1 3014/3/1 3018/3/1
f 3021/4/1 3016/4/1 3015/4/1
f 3022/6/1 3011/6/1 3016/6/1
f 3022/4/1 3016/4/1 3021/4/1
f 3023/6/1 3011/6/1 3022/6/1
f 3024/3/1 3020/3/1 3019/3/1
f 3024/3/1 3019/3/1 3018/3/1
f 3025/4/1 3021/4/1 3020/4/1
f 3025/3/1 3020/3/1 3024/3/1
f 3025/4/1 3022/4/1 3021/4/1
f 3026/4/1 3022/4/1 3025/4/1
f 3029/6/1 3028/6/1 3027/6/1
f 3030/6/1 3028/6/1 3029/6/1
f 3035/1/1 3032/1/1 3031/1/1
f 3036/1/1 3035/1/1 3031/1/1
f 3037/1/1 3035/1/1 3036/1/1
f 3038/6/1 3034/6/1 3033/6/1
f 3039/6/1 3034/6/1 3038/6/1
f 3044/3/1 3041/3/1 3040/3/1
f 3045/3/1 3041/3/1 3044/3/1
f 3049/4/1 3043/4/1 3042/4/1
f 3050/4/1 3043/4/1 3049/4/1
f 3051/3/1 3047/3/1 3046/3/1
f 3052/4/1 3048/4/1 3047/4/1
f 3052/3/1 3047/3/1 3051/3/1
f 3053/4/1 3048/4/1 3052/4/1
f 3058/1/1 3055/1/1 3054/1/1
f 3059/1/1 3055/1/1 3058/1/1
f 3060/6/1 3057/6/1 3056/6/1
f 3061/6/1 3057/6/1 3060/6/1
f 3066/4/1 3063/4/1 3062/4/1
f 3067/4/1 3063/4/1 3066/4/1
f 3068/4/1 3065/4/1 3064/4/1
f 3069/4/1 3065/4/1 3068/4/1
f 3072/6/1 3071/6/1 3070/6/1
f 3073/6/1 3071/6/1 3072/6/1
f 3076/1/1 3075/1/1 3074/1/1
f 3078/1/1 3076/1/1 3074/1/1
f 3079/4/1 3077/4/1 3076/4/1
f 3079/1/1 3076/1/1 3078/1/1
f 3080/4/1 3077/4/1 3079/4/1
f 3082/4/1 3081/4/1 3080/4/1
f 3082/4/1 3080/4/1 3079/4/1
f 3083/4/1 3081/4/1 3082/4/1
f 3086/6/1 3085/6/1 3084/6/1
f 3087/6/1 3085/6/1 3086/6/1
f 3090/6/1 3089/6/1 3088/6/1
f 3091/6/1 3089/6/1 3090/6/1
f 3094/2/1 3093/2/1 3092/2/1
f 3095/2/1 3094/2/1 3092/2/1
f 3096/2/1 3094/2/1 3095/2/1
f 3102/1/1 3098/1/1 3097/1/1
f 3102/1/1 3099/1/1 3098/1/1
f 3103/1/1 3099/1/1 3102/1/1
f 3105/4/1 3101/4/1 3100/4/1
f 3106/4/1 3101/4/1 3105/4/1
f 3107/1/1 3102/1/1 3097/1/1
f 3108/6/1 3103/6/1 3102/6/1
f 3108/1/1 3102/1/1 3107/1/1
f 3109/4/1 3104/4/1 3103/4/1
f 3109/6/1 3103/6/1 3108/6/1
f 3110/4/1 3104/4/1 3109/4/1
f 3111/4/1 3104/4/1 3110/4/1
f 3113/6/1 3109/6/1 3108/6/1
f 3113/6/1 3110/6/1 3109/6/1
f 3114/6/1 3110/6/1 3113/6/1
f 3115/6/1 3110/6/1 3114/6/1
f 3117/6/1 3113/6/1 3112/6/1
f 3117/6/1 3114/6/1 3113/6/1
f 3118/6/1 3114/6/1 3117/6/1
f 3120/3/1 3117/3/1 3116/3/1
f 3121/6/1 3119/6/1 3118/6/1
f 3121/3/1 3117/3/1 3120/3/1
f 3121/6/1 3118/6/1 3117/6/1
f 3122/6/1 3121/6/1 3120/6/1
f 3123/6/1 3119/6/1 3121/6/1
f 3123/6/1 3121/6/1 3122/6/1
f 3124/6/1 3119/6/1 3123/6/1
f 3125/6/1 3119/6/1 3124/6/1
f 3127/6/1 3124/6/1 3123/6/1
f 3128/6/1 3124/6/1 3127/6/1
f 3130/6/1 3127/6/1 3126/6/1
f 3130/6/1 3129/6/1 3128/6/1
f 3130/6/1 3128/6/1 3127/6/1
f 3131/6/1 3129/6/1 3130/6/1
f 3132/6/1 3129/6/1 3131/6/1
f 3133/6/1 3129/6/1 3132/6/1
f 3134/6/1 3132/6/1 3131/6/1
f 3135/6/1 3132/6/1 3134/6/1
f 3138/6/1 3137/6/1 3136/6/1
f 3139/6/1 3137/6/1 3138/6/1
f 3145/2/1 3141/2/1 3140/2/1
f 3146/4/1 3142/4/1 3141/4/1
f 3146/2/1 3141/2/1 3145/2/1
f 3147/4/1 3142/4/1 3146/4/1
f 3148/6/1 3144/6/1 3143/6/1
f 3149/6/1 3144/6/1 3148/6/1
f 3152/1/1 3146/1/1 3145/1/1
f 3155/6/1 3151/6/1 3150/6/1
f 3156/6/1 3151/6/1 3155/6/1
f 3158/1/1 3152/1/1 3145/1/1
f 3159/6/1 3153/6/1 3152/6/1
f 3159/1/1 3152/1/1 3158/1/1
f 3160/6/1 3153/6/1 3159/6/1
f 3162/6/1 3155/6/1 3154/6/1
f 3163/6/1 3155/6/1 3162/6/1
f 3164/6/1 3155/6/1 3163/6/1
f 3165/1/1 3158/1/1 3157/1/1
f 3166/3/1 3159/3/1 3158/3/1
f 3166/1/1 3158/1/1 3165/1/1
f 3167/3/1 3159/3/1 3166/3/1
f 3168/6/1 3163/6/1 3162/6/1
f 3168/6/1 3162/6/1 3161/6/1
f 3169/6/1 3163/6/1 3168/6/1
f 3170/3/1 3166/3/1 3165/3/1
f 3171/3/1 3170/3/1 3165/3/1
f 3174/6/1 3163/6/1 3169/6/1
f 3175/3/1 3171/3/1 3165/3/1
f 3176/4/1 3172/4/1 3171/4/1
f 3176/3/1 3171/3/1 3175/3/1
f 3177/4/1 3176/4/1 3175/4/1
f 3177/4/1 3172/4/1 3176/4/1
f 3178/4/1 3172/4/1 3177/4/1
f 3179/6/1 3174/6/1 3173/6/1
f 3180/6/1 3163/6/1 3174/6/1
f 3180/6/1 3174/6/1 3179/6/1
f 3181/4/1 3177/4/1 3175/4/1
f 3184/6/1 3163/6/1 3180/6/1
f 3185/4/1 3181/4/1 3175/4/1
f 3186/6/1 3182/6/1 3181/6/1
f 3186/4/1 3181/4/1 3185/4/1
f 3187/6/1 3182/6/1 3186/6/1
f 3188/6/1 3184/6/1 3183/6/1
f 3189/6/1 3163/6/1 3184/6/1
f 3189/6/1 3184/6/1 3188/6/1
f 3190/6/1 3163/6/1 3189/6/1
f 3191/6/1 3187/6/1 3186/6/1
f 3191/6/1 3188/6/1 3187/6/1
f 3191/6/1 3189/6/1 3188/6/1
f 3192/6/1 3189/6/1 3191/6/1
f 3195/4/1 3194/4/1 3193/4/1
f 3196/4/1 3194/4/1 3195/4/1
f 3199/2/1 3198/2/1 3197/2/1
f 3200/2/1 3198/2/1 3199/2/1
f 3201/1/1 3200/1/1 3199/1/1
f 3202/1/1 3200/1/1 3201/1/1
f 3207/1/1 3206/1/1 3205/1/1
f 3208/1/1 3206/1/1 3207/1/1
f 3209/4/1 3208/4/1 3207/4/1
f 3210/4/1 3208/4/1 3209/4/1
f 3211/6/1 3204/6/1 3203/6/1
f 3212/6/1 3204/6/1 3211/6/1
f 3217/2/1 3214/2/1 3213/2/1
f 3218/2/1 3214/2/1 3217/2/1
f 3219/1/1 3218/1/1 3217/1/1
f 3220/1/1 3218/1/1 3219/1/1
f 3221/6/1 3216/6/1 3215/6/1
f 3222/6/1 3216/6/1 3221/6/1
f 3227/1/1 3224/1/1 3223/1/1
f 3228/1/1 3224/1/1 3227/1/1
f 3232/6/1 3226/6/1 3225/6/1
f 3233/6/1 3226/6/1 3232/6/1
f 3234/1/1 3230/1/1 3229/1/1
f 3235/6/1 3231/6/1 3230/6/1
f 3235/1/1 3230/1/1 3234/1/1
f 3236/6/1 3231/6/1 3235/6/1
f 3239/6/1 3238/6/1 3237/6/1
f 3240/6/1 3238/6/1 3239/6/1
f 3243/6/1 3242/6/1 3241/6/1
f 3244/6/1 3242/6/1 3243/6/1
f 3247/5/1 3246/5/1 3245/5/1
f 3248/5/1 3246/5/1 3247/5/1
f 3253/6/1 3250/6/1 3249/6/1
f 3254/6/1 3250/6/1 3253/6/1
f 3255/1/1 3252/1/1 3251/1/1
f 3256/1/1 3252/1/1 3255/1/1
f 3261/1/1 3258/1/1 3257/1/1
f 3262/1/1 3261/1/1 3257/1/1
f 3263/1/1 3261/1/1 3262/1/1
f 3264/6/1 3260/6/1 3259/6/1
f 3265/6/1 3260/6/1 3264/6/1
f 3270/2/1 3267/2/1 3266/2/1
f 3271/2/1 3267/2/1 3270/2/1
f 3272/6/1 3269/6/1 3268/6/1
f 3273/6/1 3269/6/1 3272/6/1
f 3278/3/1 3275/3/1 3274/3/1
f 3279/3/1 3275/3/1 3278/3/1
f 3280/6/1 3277/6/1 3276/6/1
f 3281/6/1 3277/6/1 3280/6/1
f 3284/6/1 3283/6/1 3282/6/1
f 3285/6/1 3283/6/1 3284/6/1
f 3288/6/1 3287/6/1 3286/6/1
f 3289/6/1 3287/6/1 3288/6/1
f 3292/6/1 3291/6/1 3290/6/1
f 3293/6/1 3291/6/1 3292/6/1
f 3296/6/1 3295/6/1 3294/6/1
f 3297/6/1 3295/6/1 3296/6/1
f 3300/6/1 3299/6/1 3298/6/1
f 3301/6/1 3299/6/1 3300/6/1
f 3304/6/1 3303/6/1 3302/6/1
f 3305/6/1 3303/6/1 3304/6/1
f 3306/6/2 3307/6/2 3308/6/2
f 3308/6/2 3307/6/2 3309/6/2
f 3310/6/2 3311/6/2 3312/6/2
f 3312/6/2 3311/6/2 3313/6/2
f 3314/6/2 3315/6/2 3316/6/2
f 3316/6/2 3315/6/2 3317/6/2
f 3318/6/2 3319/6/2 3320/6/2
f 3320/6/2 3319/6/2 3321/6/2
f 3322/6/2 3323/6/2 3324/6/2
f 3324/6/2 3323/6/2 3325/6/2
f 3326/3/2 3327/3/2 3328/3/2
f 3328/3/2 3327/3/2 3329/3/2
f 3330/6/2 3331/6/2 3334/6/2
f 3334/6/2 3331/6/2 3335/6/2
f 3332/5/2 3333/5/2 3336/5/2
f 3336/5/2 3333/5/2 3337/5/2
f 3338/4/2 3339/4/2 3342/4/2
f 3342/4/2 3339/4/2 3343/4/2
f 3340/6/2 3341/6/2 3344/6/2
f 3344/6/2 3341/6/2 3345/6/2
f 3346/5/2 3347/5/2 3350/5/2
f 3350/5/2 3347/5/2 3351/5/2
f 3348/6/2 3349/6/2 3352/6/2
f 3352/6/2 3349/6/2 3353/6/2
f 3354/6/2 3355/6/2 3358/6/2
f 3358/6/2 3355/6/2 3359/6/2
f 3356/6/2 3357/6/2 3360/6/2
f 3360/6/2 3357/6/2 3361/6/2
f 3362/3/2 3363/3/2 3364/3/2
f 3364/3/2 3363/3/2 3365/3/2
f 3366/5/2 3367/5/2 3368/5/2
f 3368/5/2 3367/5/2 3369/5/2
f 3372/4/2 3373/4/2 3374/4/2
f 3372/4/2 3374/4/2 3375/4/2
f 3375/4/2 3374/4/2 3376/4/2
f 3370/6/2 3371/6/2 3377/6/2
f 3377/6/2 3371/6/2 3378/6/2
f 3379/4/2 3380/4/2 3383/4/2
f 3383/4/2 3380/4/2 3384/4/2
f 3381/6/2 3382/6/2 3385/6/2
f 3385/6/2 3382/6/2 3386/6/2
f 3387/6/2 3388/6/2 3391/6/2
f 3391/6/2 3388/6/2 3392/6/2
f 3389/6/2 3390/6/2 3395/6/2
f 3395/6/2 3390/6/2 3396/6/2
f 3393/6/2 3394/6/2 3397/6/2
f 3397/6/2 3394/6/2 3398/6/2
f 3399/2/2 3400/2/2 3401/2/2
f 3401/2/2 3400/2/2 3402/2/2
f 3404/4/2 3405/4/2 3408/4/2
f 3403/4/2 3404/4/2 3408/4/2
f 3408/4/2 3405/4/2 3409/4/2
f 3406/6/2 3407/6/2 3410/6/2
f 3410/6/2 3407/6/2 3411/6/2
f 3403/4/2 3408/4/2 3414/4/2
f 3412/6/2 3413/6/2 3417/6/2
f 3417/6/2 3413/6/2 3418/6/2
f 3403/4/2 3414/4/2 3420/4/2
f 3414/6/2 3415/6/2 3421/6/2
f 3420/4/2 3414/4/2 3421/4/2
f 3421/6/2 3415/6/2 3422/6/2
f 3416/6/2 3417/6/2 3424/6/2
f 3424/6/2 3417/6/2 3425/6/2
f 3425/6/2 3417/6/2 3426/6/2
f 3419/6/2 3420/6/2 3427/6/2
f 3420/6/2 3421/6/2 3427/6/2
f 3427/6/2 3421/6/2 3428/6/2
f 3424/6/2 3425/6/2 3429/6/2
f 3423/6/2 3424/6/2 3429/6/2
f 3429/6/2 3425/6/2 3430/6/2
f 3419/6/2 3427/6/2 3431/6/2
f 3431/6/2 3427/6/2 3432/6/2
f 3431/4/2 3432/4/2 3433/4/2
f 3430/6/2 3425/6/2 3436/6/2
f 3433/4/2 3434/4/2 3437/4/2
f 3431/4/2 3433/4/2 3437/4/2
f 3437/4/2 3434/4/2 3438/4/2
f 3435/6/2 3436/6/2 3439/6/2
f 3436/6/2 3425/6/2 3440/6/2
f 3439/6/2 3436/6/2 3440/6/2
f 3431/4/2 3437/4/2 3441/4/2
f 3440/6/2 3425/6/2 3444/6/2
f 3431/4/2 3441/4/2 3445/4/2
f 3441/6/2 3442/6/2 3446/6/2
f 3445/4/2 3441/4/2 3446/4/2
f 3446/6/2 3442/6/2 3447/6/2
f 3443/6/2 3444/6/2 3448/6/2
f 3444/6/2 3425/6/2 3449/6/2
f 3448/6/2 3444/6/2 3449/6/2
f 3449/6/2 3425/6/2 3450/6/2
f 3446/6/2 3447/6/2 3451/6/2
f 3447/6/2 3448/6/2 3451/6/2
f 3448/6/2 3449/6/2 3451/6/2
f 3451/6/2 3449/6/2 3452/6/2
f 3453/6/2 3454/6/2 3455/6/2
f 3455/6/2 3454/6/2 3456/6/2
f 3457/6/2 3458/6/2 3459/6/2
f 3459/6/2 3458/6/2 3460/6/2
f 3461/3/2 3462/3/2 3463/3/2
f 3463/3/2 3462/3/2 3464/3/2
f 3463/6/2 3464/6/2 3465/6/2
f 3465/6/2 3464/6/2 3466/6/2
f 3467/6/2 3468/6/2 3472/6/2
f 3468/4/2 3469/4/2 3472/4/2
f 3472/4/2 3469/4/2 3473/4/2
f 3470/4/2 3471/4/2 3475/4/2
f 3475/4/2 3471/4/2 3476/4/2
f 3467/6/2 3472/6/2 3477/6/2
f 3472/6/2 3473/6/2 3477/6/2
f 3477/6/2 3473/6/2 3478/6/2
f 3473/4/2 3474/4/2 3479/4/2
f 3478/6/2 3473/6/2 3479/6/2
f 3479/4/2 3474/4/2 3480/4/2
f 3480/4/2 3474/4/2 3481/4/2
f 3478/6/2 3479/6/2 3483/6/2
f 3479/6/2 3480/6/2 3483/6/2
f 3483/6/2 3480/6/2 3484/6/2
f 3484/6/2 3480/6/2 3485/6/2
f 3482/6/2 3483/6/2 3487/6/2
f 3483/6/2 3484/6/2 3487/6/2
f 3487/6/2 3484/6/2 3488/6/2
f 3486/6/2 3487/6/2 3490/6/2
f 3488/6/2 3489/6/2 3490/6/2
f 3487/6/2 3488/6/2 3490/6/2
f 3490/6/2 3489/6/2 3491/6/2
f 3491/6/2 3489/6/2 3492/6/2
f 3492/6/2 3489/6/2 3493/6/2
f 3491/6/2 3492/6/2 3495/6/2
f 3495/6/2 3492/6/2 3496/6/2
f 3494/6/2 3495/6/2 3498/6/2
f 3496/6/2 3497/6/2 3498/6/2
f 3495/6/2 3496/6/2 3498/6/2
f 3498/6/2 3497/6/2 3499/6/2
f 3499/6/2 3497/6/2 3500/6/2
f 3500/6/2 3497/6/2 3501/6/2
f 3499/6/2 3500/6/2 3502/6/2
f 3502/6/2 3500/6/2 3503/6/2
f 3504/6/2 3505/6/2 3506/6/2
f 3506/6/2 3505/6/2 3507/6/2
f 3508/4/2 3509/4/2 3510/4/2
f 3508/4/2 3510/4/2 3512/4/2
f 3510/4/2 3511/4/2 3512/4/2
f 3512/4/2 3511/4/2 3513/4/2
f 3513/4/2 3511/4/2 3514/4/2
f 3514/4/2 3515/4/2 3516/4/2
f 3513/4/2 3514/4/2 3516/4/2
f 3516/4/2 3515/4/2 3517/4/2
f 3518/4/2 3519/4/2 3522/4/2
f 3522/4/2 3519/4/2 3523/4/2
f 3520/6/2 3521/6/2 3524/6/2
f 3524/6/2 3521/6/2 3525/6/2
f 3526/4/2 3527/4/2 3530/4/2
f 3530/4/2 3527/4/2 3531/4/2
f 3528/4/2 3529/4/2 3532/4/2
f 3532/4/2 3529/4/2 3533/4/2
f 3534/6/2 3535/6/2 3536/6/2
f 3536/6/2 3535/6/2 3537/6/2
f 3538/5/2 3539/5/2 3542/5/2
f 3542/5/2 3539/5/2 3543/5/2
f 3542/4/2 3543/4/2 3544/4/2
f 3544/4/2 3543/4/2 3545/4/2
f 3540/6/2 3541/6/2 3546/6/2
f 3546/6/2 3541/6/2 3547/6/2
f 3548/4/2 3549/4/2 3552/4/2
f 3552/4/2 3549/4/2 3553/4/2
f 3550/4/2 3551/4/2 3556/4/2
f 3556/4/2 3551/4/2 3557/4/2
f 3554/4/2 3555/4/2 3558/4/2
f 3558/4/2 3555/4/2 3559/4/2
f 3560/6/2 3561/6/2 3562/6/2
f 3562/6/2 3561/6/2 3563/6/2
f 3564/6/2 3565/6/2 3566/6/2
f 3566/6/2 3565/6/2 3567/6/2
f 3568/6/2 3569/6/2 3570/6/2
f 3568/6/2 3570/6/2 3572/6/2
f 3570/6/2 3571/6/2 3572/6/2
f 3572/6/2 3571/6/2 3573/6/2
f 3574/6/2 3575/6/2 3578/6/2
f 3578/6/2 3575/6/2 3579/6/2
f 3578/4/2 3579/4/2 3580/4/2
f 3580/4/2 3579/4/2 3581/4/2
f 3576/6/2 3577/6/2 3582/6/2
f 3582/6/2 3577/6/2 3583/6/2
f 3584/3/2 3585/3/2 3588/3/2
f 3588/3/2 3585/3/2 3589/3/2
f 3586/6/2 3587/6/2 3590/6/2
f 3590/6/2 3587/6/2 3591/6/2
f 3592/6/2 3593/6/2 3596/6/2
f 3596/6/2 3593/6/2 3597/6/2
f 3594/6/2 3595/6/2 3598/6/2
f 3598/6/2 3595/6/2 3599/6/2
f 3600/4/2 3601/4/2 3604/4/2
f 3602/6/2 3603/6/2 3607/6/2
f 3604/4/2 3605/4/2 3608/4/2
f 3600/4/2 3604/4/2 3608/4/2
f 3608/4/2 3605/4/2 3609/4/2
f 3609/4/2 3605/4/2 3610/4/2
f 3606/4/2 3607/4/2 3611/4/2
f 3607/6/2 3603/6/2 3612/6/2
f 3611/4/2 3607/4/2 3612/4/2
f 3612/6/2 3603/6/2 3613/6/2
f 3609/4/2 3610/4/2 3614/4/2
f 3610/4/2 3611/4/2 3614/4/2
f 3611/4/2 3612/4/2 3614/4/2
f 3614/4/2 3612/4/2 3615/4/2
f 3616/6/2 3617/6/2 3619/6/2
f 3617/6/2 3618/6/2 3619/6/2
f 3619/6/2 3618/6/2 3620/6/2
f 3616/6/2 3619/6/2 3622/6/2
f 3622/6/2 3619/6/2 3623/6/2
f 3621/6/2 3622/6/2 3625/6/2
f 3623/6/2 3624/6/2 3625/6/2
f 3622/6/2 3623/6/2 3625/6/2
f 3625/6/2 3624/6/2 3626/6/2
f 3627/6/2 3628/6/2 3631/6/2
f 3631/6/2 3628/6/2 3632/6/2
f 3629/6/2 3630/6/2 3633/6/2
f 3633/6/2 3630/6/2 3634/6/2
f 3627/6/2 3631/6/2 3635/6/2
f 3635/6/2 3631/6/2 3636/6/2
f 3637/7/2 3638/7/2 3641/7/2
f 3641/7/2 3638/7/2 3642/7/2
f 3639/6/2 3640/6/2 3643/6/2
f 3643/6/2 3640/6/2 3644/6/2
f 3645/6/2 3646/6/2 3649/6/2
f 3649/6/2 3646/6/2 3650/6/2
f 3647/6/2 3648/6/2 3651/6/2
f 3651/6/2 3648/6/2 3652/6/2
f 3653/6/2 3654/6/2 3657/6/2
f 3657/6/2 3654/6/2 3658/6/2
f 3655/6/2 3656/6/2 3661/6/2
f 3661/6/2 3656/6/2 3662/6/2
f 3659/4/2 3660/4/2 3663/4/2
f 3658/4/2 3659/4/2 3663/4/2
f 3663/4/2 3660/4/2 3664/4/2
f 3660/6/2 3661/6/2 3665/6/2
f 3664/4/2 3660/4/2 3665/4/2
f 3665/6/2 3661/6/2 3666/6/2
f 3664/4/2 3665/4/2 3667/4/2
f 3667/4/2 3665/4/2 3668/4/2
f 3669/6/2 3670/6/2 3671/6/2
f 3671/6/2 3670/6/2 3672/6/2
f 3673/6/2 3674/6/2 3675/6/2
f 3675/6/2 3674/6/2 3676/6/2
f 3677/6/2 3678/6/2 3679/6/2
f 3679/6/2 3678/6/2 3680/6/2
f 3679/7/2 3680/7/2 3681/7/2
f 3681/7/2 3680/7/2 3682/7/2
f 3683/7/2 3684/7/2 3686/7/2
f 3686/7/2 3684/7/2 3687/7/2
f 3685/7/2 3686/7/2 3691/7/2
f 3686/7/2 3687/7/2 3691/7/2
f 3691/7/2 3687/7/2 3692/7/2
f 3687/6/2 3688/6/2 3693/6/2
f 3689/7/2 3690/7/2 3697/7/2
f 3697/7/2 3690/7/2 3698/7/2
f 3692/7/2 3687/7/2 3699/7/2
f 3693/6/2 3694/6/2 3700/6/2
f 3699/7/2 3687/7/2 3700/7/2
f 3687/6/2 3693/6/2 3700/6/2
f 3700/6/2 3694/6/2 3701/6/2
f 3701/6/2 3694/6/2 3702/6/2
f 3695/6/2 3696/6/2 3703/6/2
f 3696/7/2 3697/7/2 3704/7/2
f 3703/6/2 3696/6/2 3704/6/2
f 3704/7/2 3697/7/2 3705/7/2
f 3700/7/2 3701/7/2 3708/7/2
f 3705/7/2 3706/7/2 3709/7/2
f 3704/7/2 3705/7/2 3709/7/2
f 3709/7/2 3706/7/2 3710/7/2
f 3707/7/2 3708/7/2 3711/7/2
f 3708/7/2 3701/7/2 3712/7/2
f 3711/7/2 3708/7/2 3712/7/2
f 3704/7/2 3709/7/2 3713/7/2
f 3712/7/2 3701/7/2 3716/7/2
f 3713/7/2 3714/7/2 3717/7/2
f 3704/7/2 3713/7/2 3717/7/2
f 3717/7/2 3714/7/2 3718/7/2
f 3715/7/2 3716/7/2 3719/7/2
f 3716/7/2 3701/7/2 3720/7/2
f 3719/7/2 3716/7/2 3720/7/2
f 3704/7/2 3717/7/2 3721/7/2
f 3720/7/2 3701/7/2 3724/7/2
f 3721/7/2 3722/7/2 3725/7/2
f 3704/7/2 3721/7/2 3725/7/2
f 3725/7/2 3722/7/2 3726/7/2
f 3726/7/2 3722/7/2 3727/7/2
f 3723/7/2 3724/7/2 3728/7/2
f 3724/7/2 3701/7/2 3729/7/2
f 3728/7/2 3724/7/2 3729/7/2
f 3729/7/2 3701/7/2 3730/7/2
f 3726/6/2 3727/6/2 3731/6/2
f 3727/7/2 3728/7/2 3732/7/2
f 3731/6/2 3727/6/2 3732/6/2
f 3728/6/2 3729/6/2 3733/6/2
f 3732/7/2 3728/7/2 3733/7/2
f 3733/6/2 3729/6/2 3734/6/2
f 3735/5/2 3736/5/2 3737/5/2
f 3737/5/2 3736/5/2 3738/5/2
f 3739/6/2 3740/6/2 3741/6/2
f 3741/6/2 3740/6/2 3742/6/2
f 3739/6/2 3741/6/2 3743/6/2
f 3743/6/2 3741/6/2 3744/6/2
f 3743/7/2 3744/7/2 3745/7/2
f 3745/7/2 3744/7/2 3746/7/2
f 3746/7/2 3744/7/2 3747/7/2
f 3747/7/2 3748/7/2 3749/7/2
f 3749/7/2 3750/7/2 3754/7/2
f 3754/7/2 3750/7/2 3755/7/2
f 3751/7/2 3752/7/2 3756/7/2
f 3752/6/2 3753/6/2 3757/6/2
f 3756/7/2 3752/7/2 3757/7/2
f 3757/6/2 3753/6/2 3758/6/2
f 3747/7/2 3749/7/2 3761/7/2
f 3749/7/2 3754/7/2 3761/7/2
f 3761/7/2 3754/7/2 3762/7/2
f 3762/7/2 3754/7/2 3763/7/2
f 3757/6/2 3758/6/2 3765/6/2
f 3758/6/2 3759/6/2 3765/6/2
f 3765/6/2 3759/6/2 3766/6/2
f 3760/7/2 3761/7/2 3767/7/2
f 3767/7/2 3761/7/2 3768/7/2
f 3763/7/2 3764/7/2 3769/7/2
f 3762/7/2 3763/7/2 3769/7/2
f 3769/7/2 3764/7/2 3770/7/2
f 3772/6/2 3773/6/2 3774/6/2
f 3774/6/2 3773/6/2 3775/6/2
f 3769/7/2 3770/7/2 3776/7/2
f 3770/7/2 3771/7/2 3776/7/2
f 3768/7/2 3769/7/2 3776/7/2
f 3776/7/2 3771/7/2 3777/7/2
f 3777/7/2 3771/7/2 3778/7/2
f 3778/7/2 3771/7/2 3779/7/2
f 3777/7/2 3778/7/2 3781/7/2
f 3781/7/2 3778/7/2 3782/7/2
f 3780/7/2 3781/7/2 3784/7/2
f 3782/7/2 3783/7/2 3784/7/2
f 3781/7/2 3782/7/2 3784/7/2
f 3784/7/2 3783/7/2 3785/7/2
f 3785/7/2 3783/7/2 3786/7/2
f 3786/7/2 3783/7/2 3787/7/2
f 3785/7/2 3786/7/2 3789/7/2
f 3789/7/2 3786/7/2 3790/7/2
f 3788/7/2 3789/7/2 3792/7/2
f 3790/7/2 3791/7/2 3792/7/2
f 3789/7/2 3790/7/2 3792/7/2
f 3792/7/2 3791/7/2 3793/7/2
f 3793/7/2 3791/7/2 3794/7/2
f 3794/7/2 3791/7/2 3795/7/2
f 3793/7/2 3794/7/2 3796/7/2
f 3796/7/2 3794/7/2 3797/7/2
f 3798/6/2 3799/6/2 3800/6/2
f 3800/6/2 3799/6/2 3801/6/2
f 3802/7/2 3803/7/2 3804/7/2
f 3804/7/2 3803/7/2 3805/7/2
f 3806/6/2 3807/6/2 3810/6/2
f 3810/6/2 3807/6/2 3811/6/2
f 3808/7/2 3809/7/2 3812/7/2
f 3812/7/2 3809/7/2 3813/7/2
f 3814/6/2 3815/6/2 3818/6/2
f 3818/6/2 3815/6/2 3819/6/2
f 3816/6/2 3817/6/2 3820/6/2
f 3820/6/2 3817/6/2 3821/6/2
f 3822/4/2 3823/4/2 3828/4/2
f 3828/4/2 3823/4/2 3829/4/2
f 3826/6/2 3827/6/2 3830/6/2
f 3828/6/2 3829/6/2 3831/6/2
f 3824/6/2 3825/6/2 3832/6/2
f 3832/6/2 3825/6/2 3833/6/2
f 3832/4/2 3833/4/2 3834/4/2
f 3834/4/2 3833/4/2 3835/4/2
f 3828/6/2 3831/6/2 3836/6/2
f 3836/6/2 3831/6/2 3837/6/2
f 3834/6/2 3835/6/2 3838/6/2
f 3838/6/2 3835/6/2 3839/6/2
f 3836/4/2 3837/4/2 3840/4/2
f 3840/4/2 3837/4/2 3841/4/2
f 3838/7/2 3839/7/2 3842/7/2
f 3842/7/2 3839/7/2 3843/7/2
f 3826/6/2 3830/6/2 3844/6/2
f 3844/6/2 3830/6/2 3845/6/2
f 3840/5/2 3841/5/2 3846/5/2
f 3846/5/2 3841/5/2 3847/5/2
f 3848/7/2 3849/7/2 3850/7/2
f 3848/7/2 3850/7/2 3853/7/2
f 3853/7/2 3850/7/2 3854/7/2
f 3851/5/2 3852/5/2 3855/5/2
f 3855/5/2 3852/5/2 3856/5/2
f 3857/7/2 3858/7/2 3863/7/2
f 3863/7/2 3858/7/2 3864/7/2
f 3859/6/2 3860/6/2 3865/6/2
f 3865/6/2 3860/6/2 3866/6/2
f 3861/6/2 3862/6/2 3867/6/2
f 3867/6/2 3862/6/2 3868/6/2
f 3869/6/2 3870/6/2 3871/6/2
f 3871/6/2 3870/6/2 3872/6/2
f 3873/5/2 3874/5/2 3877/5/2
f 3877/5/2 3874/5/2 3878/5/2
f 3875/7/2 3876/7/2 3879/7/2
f 3879/7/2 3876/7/2 3883/7/2
f 3883/7/2 3876/7/2 3884/7/2
f 3880/5/2 3881/5/2 3885/5/2
f 3885/5/2 3881/5/2 3886/5/2
f 3882/6/2 3883/6/2 3889/6/2
f 3889/6/2 3883/6/2 3890/6/2
f 3887/6/2 3888/6/2 3891/6/2
f 3891/6/2 3888/6/2 3892/6/2
f 3893/6/2 3894/6/2 3895/6/2
f 3895/6/2 3894/6/2 3896/6/2
f 3901/6/2 3902/6/2 3906/6/2
f 3904/6/2 3905/6/2 3907/6/2
f 3903/4/2 3904/4/2 3907/4/2
f 3907/6/2 3905/6/2 3908/6/2
f 3899/6/2 3900/6/2 3909/6/2
f 3909/6/2 3900/6/2 3910/6/2
f 3901/6/2 3906/6/2 3911/6/2
f 3911/6/2 3906/6/2 3912/6/2
f 3907/4/2 3908/4/2 3913/4/2
f 3903/4/2 3907/4/2 3913/4/2
f 3913/4/2 3908/4/2 3914/4/2
f 3899/6/2 3909/6/2 3915/6/2
f 3915/6/2 3909/6/2 3916/6/2
f 3912/6/2 3906/6/2 3917/6/2
f 3917/6/2 3906/6/2 3918/6/2
f 3914/4/2 3908/4/2 3919/4/2
f 3913/6/2 3914/6/2 3919/6/2
f 3919/4/2 3908/4/2 3920/4/2
f 3899/6/2 3915/6/2 3921/6/2
f 3921/6/2 3915/6/2 3922/6/2
f 3919/6/2 3920/6/2 3923/6/2
f 3913/6/2 3919/6/2 3923/6/2
f 3923/6/2 3920/6/2 3924/6/2
f 3923/4/2 3924/4/2 3925/4/2
f 3925/4/2 3924/4/2 3926/4/2
f 3897/4/2 3898/4/2 3927/4/2
f 3927/4/2 3898/4/2 3928/4/2
f 3926/4/2 3924/4/2 3929/4/2
f 3925/5/2 3926/5/2 3929/5/2
f 3929/4/2 3924/4/2 3930/4/2
f 3927/6/2 3928/6/2 3931/6/2
f 3931/6/2 3928/6/2 3932/6/2
f 3932/6/2 3928/6/2 3933/6/2
f 3932/7/2 3933/7/2 3934/7/2
f 3899/6/2 3921/6/2 3935/6/2
f 3935/6/2 3921/6/2 3936/6/2
f 3925/5/2 3929/5/2 3937/5/2
f 3932/7/2 3934/7/2 3940/7/2
f 3940/7/2 3934/7/2 3941/7/2
f 3937/5/2 3938/5/2 3942/5/2
f 3925/5/2 3937/5/2 3942/5/2
f 3942/5/2 3938/5/2 3943/5/2
f 3943/5/2 3938/5/2 3944/5/2
f 3940/6/2 3941/6/2 3945/6/2
f 3939/6/2 3940/6/2 3945/6/2
f 3945/6/2 3941/6/2 3946/6/2
f 3946/6/2 3941/6/2 3947/6/2
f 3943/4/2 3944/4/2 3948/4/2
f 3945/6/2 3946/6/2 3949/6/2
f 3948/4/2 3944/4/2 3949/4/2
f 3944/6/2 3945/6/2 3949/6/2
f 3949/6/2 3946/6/2 3950/6/2
f 3951/5/2 3952/5/2 3955/5/2
f 3955/5/2 3952/5/2 3956/5/2
f 3953/6/2 3954/6/2 3957/6/2
f 3957/6/2 3954/6/2 3958/6/2
f 3958/6/2 3954/6/2 3959/6/2
f 3958/7/2 3959/7/2 3960/7/2
f 3960/7/2 3959/7/2 3961/7/2
f 3961/7/2 3959/7/2 3962/7/2
f 3961/6/2 3962/6/2 3963/6/2
f 3963/6/2 3962/6/2 3964/6/2
f 3965/6/2 3966/6/2 3968/6/2
f 3966/7/2 3967/7/2 3969/7/2
f 3968/6/2 3966/6/2 3969/6/2
f 3969/7/2 3967/7/2 3970/7/2
f 3971/5/2 3972/5/2 3973/5/2
f 3973/5/2 3972/5/2 3974/5/2
f 3975/6/2 3976/6/2 3982/6/2
f 3982/6/2 3976/6/2 3983/6/2
f 3977/6/2 3978/6/2 3985/6/2
f 3985/6/2 3978/6/2 3986/6/2
f 3979/4/2 3980/4/2 3988/4/2
f 3988/4/2 3980/4/2 3989/4/2
f 3989/4/2 3980/4/2 3990/4/2
f 3983/6/2 3984/6/2 3991/6/2
f 3981/6/2 3982/6/2 3991/6/2
f 3982/6/2 3983/6/2 3991/6/2
f 3991/6/2 3984/6/2 3992/6/2
f 3992/6/2 3984/6/2 3993/6/2
f 3993/6/2 3984/6/2 3994/6/2
f 3988/4/2 3989/4/2 3999/4/2
f 3987/4/2 3988/4/2 3999/4/2
f 3995/6/2 3996/6/2 4000/6/2
f 4000/6/2 3996/6/2 4001/6/2
f 3997/6/2 3998/6/2 4002/6/2
f 4002/6/2 3998/6/2 4003/6/2
f 3992/6/2 3993/6/2 4004/6/2
f 4004/6/2 3993/6/2 4005/6/2
f 3999/4/2 3989/4/2 4006/4/2
f 4006/4/2 3989/4/2 4007/4/2
f 4006/6/2 4007/6/2 4008/6/2
f 4007/4/2 3989/4/2 4008/4/2
f 4008/4/2 3989/4/2 4009/4/2
f 3981/6/2 3991/6/2 4010/6/2
f 4008/6/2 4009/6/2 4012/6/2
f 4006/6/2 4008/6/2 4012/6/2
f 4012/6/2 4009/6/2 4013/6/2
f 4012/6/2 4013/6/2 4015/6/2
f 4013/6/2 4014/6/2 4015/6/2
f 4010/6/2 3991/6/2 4016/6/2
f 4016/6/2 3991/6/2 4017/6/2
f 4011/4/2 4012/4/2 4018/4/2
f 4012/6/2 4015/6/2 4019/6/2
f 4018/4/2 4012/4/2 4019/4/2
f 4019/6/2 4015/6/2 4020/6/2
f 4020/6/2 4015/6/2 4021/6/2
f 4019/6/2 4020/6/2 4024/6/2
f 4024/6/2 4020/6/2 4025/6/2
f 4022/6/2 4023/6/2 4026/6/2
f 4026/6/2 4023/6/2 4027/6/2
f 4028/4/2 4029/4/2 4030/4/2
f 4030/4/2 4029/4/2 4031/4/2
f 4030/7/2 4031/7/2 4032/7/2
f 4032/7/2 4031/7/2 4033/7/2
f 4033/7/2 4031/7/2 4034/7/2
f 4035/6/2 4036/6/2 4037/6/2
f 4037/6/2 4036/6/2 4038/6/2
f 4039/4/2 4040/4/2 4041/4/2
f 4041/4/2 4040/4/2 4042/4/2
f 4043/4/2 4044/4/2 4045/4/2
f 4045/4/2 4044/4/2 4046/4/2
f 4047/6/2 4048/6/2 4049/6/2
f 4049/6/2 4048/6/2 4050/6/2
f 4051/6/2 4052/6/2 4053/6/2
f 4053/6/2 4052/6/2 4054/6/2
f 4055/6/2 4056/6/2 4059/6/2
f 4059/6/2 4056/6/2 4060/6/2
f 4057/6/2 4058/6/2 4061/6/2
f 4061/6/2 4058/6/2 4062/6/2
f 4063/6/2 4064/6/2 4067/6/2
f 4067/6/2 4064/6/2 4068/6/2
f 4065/6/2 4066/6/2 4069/6/2
f 4069/6/2 4066/6/2 4070/6/2
f 4071/6/2 4072/6/2 4073/6/2
f 4073/6/2 4072/6/2 4074/6/2
f 4075/4/2 4076/4/2 4077/4/2
f 4077/4/2 4076/4/2 4078/4/2
f 4079/6/2 4080/6/2 4083/6/2
f 4083/6/2 4080/6/2 4084/6/2
f 4081/4/2 4082/4/2 4085/4/2
f 4085/4/2 4082/4/2 4086/4/2
f 4087/4/2 4088/4/2 4095/4/2
f 4095/4/2 4088/4/2 4096/4/2
f 4091/6/2 4092/6/2 4097/6/2
f 4097/6/2 4092/6/2 4098/6/2
f 4093/6/2 4094/6/2 4099/6/2
f 4099/6/2 4094/6/2 4100/6/2
f 4089/4/2 4090/4/2 4103/4/2
f 4103/4/2 4090/4/2 4104/4/2
f 4103/7/2 4104/7/2 4105/7/2
f 4105/7/2 4104/7/2 4106/7/2
f 4101/6/2 4102/6/2 4107/6/2
f 4107/6/2 4102/6/2 4108/6/2
f 4106/7/2 4104/7/2 4109/7/2
f 4109/7/2 4104/7/2 4110/7/2
f 4111/6/2 4112/6/2 4115/6/2
f 4115/6/2 4112/6/2 4116/6/2
f 4113/6/2 4114/6/2 4117/6/2
f 4117/6/2 4114/6/2 4118/6/2
f 4119/6/2 4120/6/2 4123/6/2
f 4123/6/2 4120/6/2 4124/6/2
f 4121/6/2 4122/6/2 4127/6/2
f 4127/6/2 4122/6/2 4128/6/2
f 4125/6/2 4126/6/2 4129/6/2
f 4129/6/2 4126/6/2 4130/6/2
f 4131/6/2 4132/6/2 4133/6/2
f 4133/6/2 4132/6/2 4134/6/2
f 4137/4/2 4138/4/2 4139/4/2
f 4135/6/2 4136/6/2 4140/6/2
f 4140/6/2 4136/6/2 4141/6/2
f 4137/4/2 4139/4/2 4142/4/2
f 4142/4/2 4139/4/2 4143/4/2
f 4143/4/2 4144/4/2 4149/4/2
f 4149/4/2 4144/4/2 4150/4/2
f 4145/6/2 4146/6/2 4151/6/2
f 4151/6/2 4146/6/2 4152/6/2
f 4147/6/2 4148/6/2 4155/6/2
f 4155/6/2 4148/6/2 4156/6/2
f 4153/6/2 4154/6/2 4157/6/2
f 4157/6/2 4154/6/2 4158/6/2
f 4152/6/2 4146/6/2 4159/6/2
f 4152/6/2 4159/6/2 4160/6/2
f 4160/6/2 4159/6/2 4161/6/2
f 4160/7/2 4161/7/2 4162/7/2
f 4162/7/2 4161/7/2 4163/7/2
f 4163/7/2 4161/7/2 4164/7/2
f 4165/6/2 4166/6/2 4169/6/2
f 4167/6/2 4168/6/2 4172/6/2
f 4169/6/2 4170/6/2 4173/6/2
f 4165/6/2 4169/6/2 4173/6/2
f 4173/6/2 4170/6/2 4174/6/2
f 4174/6/2 4170/6/2 4175/6/2
f 4171/6/2 4172/6/2 4176/6/2
f 4172/6/2 4168/6/2 4177/6/2
f 4176/6/2 4172/6/2 4177/6/2
f 4177/6/2 4168/6/2 4178/6/2
f 4174/6/2 4175/6/2 4179/6/2
f 4175/6/2 4176/6/2 4179/6/2
f 4176/6/2 4177/6/2 4179/6/2
f 4179/6/2 4177/6/2 4180/6/2
f 4181/6/2 4182/6/2 4184/6/2
f 4183/6/2 4184/6/2 4186/6/2
f 4184/6/2 4182/6/2 4187/6/2
f 4186/6/2 4184/6/2 4187/6/2
f 4187/6/2 4182/6/2 4188/6/2
f 4185/6/2 4186/6/2 4189/6/2
f 4186/6/2 4187/6/2 4189/6/2
f 4189/6/2 4187/6/2 4190/6/2
f 4191/6/2 4192/6/2 4193/6/2
f 4191/6/2 4193/6/2 4195/6/2
f 4193/6/2 4194/6/2 4195/6/2
f 4195/6/2 4194/6/2 4196/6/2
f 4196/6/2 4194/6/2 4197/6/2
f 4197/6/2 4194/6/2 4198/6/2
f 4196/6/2 4197/6/2 4199/6/2
f 4199/6/2 4197/6/2 4200/6/2
f 4201/6/2 4202/6/2 4203/6/2
f 4203/6/2 4202/6/2 4204/6/2
f 4201/6/2 4203/6/2 4205/6/2
f 4205/6/2 4203/6/2 4206/6/2
f 4207/6/2 4208/6/2 4213/6/2
f 4207/6/2 4213/6/2 4214/6/2
f 4207/6/2 4214/6/2 4215/6/2
f 4215/6/2 4214/6/2 4216/6/2
f 4209/6/2 4210/6/2 4217/6/2
f 4217/6/2 4210/6/2 4218/6/2
f 4215/5/2 4216/5/2 4219/5/2
f 4219/5/2 4216/5/2 4220/5/2
f 4217/7/2 4218/7/2 4221/7/2
f 4221/7/2 4218/7/2 4222/7/2
f 4211/6/2 4212/6/2 4223/6/2
f 4223/6/2 4212/6/2 4224/6/2
f 4225/5/2 4226/5/2 4227/5/2
f 4227/5/2 4226/5/2 4228/5/2
f 4229/6/2 4230/6/2 4233/6/2
f 4233/6/2 4230/6/2 4234/6/2
f 4231/6/2 4232/6/2 4235/6/2
f 4235/6/2 4232/6/2 4236/6/2
f 4237/5/2 4238/5/2 4239/5/2
f 4239/5/2 4238/5/2 4240/5/2
f 4241/4/2 4242/4/2 4243/4/2
f 4243/4/2 4242/4/2 4244/4/2
f 4245/6/2 4246/6/2 4247/6/2
f 4247/6/2 4246/6/2 4248/6/2
f 4249/5/2 4250/5/2 4251/5/2
f 4251/5/2 4250/5/2 4252/5/2
f 4253/5/2 4254/5/2 4255/5/2
f 4255/5/2 4254/5/2 4256/5/2
f 4255/2/2 4256/2/2 4257/2/2
f 4257/2/2 4256/2/2 4258/2/2
f 4257/5/2 4258/5/2 4261/5/2
f 4261/5/2 4258/5/2 4262/5/2
f 4259/6/2 4260/6/2 4263/6/2
f 4263/6/2 4260/6/2 4264/6/2
f 4265/5/2 4266/5/2 4267/5/2
f 4267/5/2 4266/5/2 4268/5/2
f 4269/5/2 4270/5/2 4273/5/2
f 4273/5/2 4270/5/2 4274/5/2
f 4271/6/2 4272/6/2 4279/6/2
f 4279/6/2 4272/6/2 4280/6/2
f 4274/5/2 4275/5/2 4281/5/2
f 4274/5/2 4281/5/2 4282/5/2
f 4282/5/2 4281/5/2 4283/5/2
f 4282/6/2 4283/6/2 4284/6/2
f 4284/6/2 4283/6/2 4285/6/2
f 4276/6/2 4277/6/2 4286/6/2
f 4286/6/2 4277/6/2 4287/6/2
f 4284/5/2 4285/5/2 4288/5/2
f 4284/5/2 4288/5/2 4289/5/2
f 4289/5/2 4288/5/2 4290/5/2
f 4278/6/2 4279/6/2 4291/6/2
f 4291/6/2 4279/6/2 4292/6/2
f 4284/5/2 4289/5/2 4293/5/2
f 4293/5/2 4289/5/2 4294/5/2
f 4295/6/2 4296/6/2 4299/6/2
f 4299/6/2 4296/6/2 4300/6/2
f 4297/4/2 4298/4/2 4301/4/2
f 4301/4/2 4298/4/2 4302/4/2
f 4303/6/2 4304/6/2 4307/6/2
f 4307/6/2 4304/6/2 4308/6/2
f 4305/6/2 4306/6/2 4309/6/2
f 4309/6/2 4306/6/2 4310/6/2
f 4311/6/2 4312/6/2 4313/6/2
f 4313/6/2 4312/6/2 4314/6/2
f 4315/5/2 4316/5/2 4317/5/2
f 4317/5/2 4316/5/2 4318/5/2
f 4319/6/2 4320/6/2 4321/6/2
f 4321/6/2 4320/6/2 4322/6/2
f 4323/6/2 4324/6/2 4325/6/2
f 4325/6/2 4324/6/2 4326/6/2
f 4327/5/2 4328/5/2 4329/5/2
f 4329/5/2 4328/5/2 4330/5/2
f 4329/2/2 4330/2/2 4331/2/2
f 4329/2/2 4331/2/2 4332/2/2
f 4332/2/2 4331/2/2 4333/2/2
f 4332/1/2 4333/1/2 4334/1/2
f 4334/1/2 4333/1/2 4335/1/2
f 4336/7/2 4337/7/2 4338/7/2
f 4338/7/2 4337/7/2 4339/7/2
f 4338/5/2 4339/5/2 4342/5/2
f 4342/5/2 4339/5/2 4343/5/2
f 4340/6/2 4341/6/2 4346/6/2
f 4346/6/2 4341/6/2 4347/6/2
f 4344/6/2 4345/6/2 4348/6/2
f 4343/6/2 4344/6/2 4348/6/2
f 4343/6/2 4348/6/2 4349/6/2
f 4349/6/2 4348/6/2 4350/6/2
f 4351/5/2 4352/5/2 4355/5/2
f 4355/5/2 4352/5/2 4356/5/2
f 4353/6/2 4354/6/2 4357/6/2
f 4357/6/2 4354/6/2 4358/6/2
f 4356/5/2 4352/5/2 4359/5/2
f 4353/6/2 4357/6/2 4364/6/2
f 4356/5/2 4359/5/2 4365/5/2
f 4359/5/2 4360/5/2 4365/5/2
f 4365/5/2 4360/5/2 4366/5/2
f 4361/6/2 4362/6/2 4367/6/2
f 4367/6/2 4362/6/2 4368/6/2
f 4363/6/2 4364/6/2 4369/6/2
f 4364/6/2 4357/6/2 4370/6/2
f 4369/6/2 4364/6/2 4370/6/2
f 4366/5/2 4360/5/2 4371/5/2
f 4371/5/2 4360/5/2 4372/5/2
f 4371/4/2 4372/4/2 4373/4/2
f 4373/4/2 4372/4/2 4374/4/2
f 4373/6/2 4374/6/2 4375/6/2
f 4375/6/2 4374/6/2 4376/6/2
f 4375/5/2 4376/5/2 4377/5/2
f 4377/5/2 4376/5/2 4378/5/2
f 4379/6/2 4380/6/2 4383/6/2
f 4383/6/2 4380/6/2 4384/6/2
f 4381/5/2 4382/5/2 4385/5/2
f 4385/5/2 4382/5/2 4386/5/2
f 4387/6/2 4388/6/2 4391/6/2
f 4391/6/2 4388/6/2 4392/6/2
f 4389/6/2 4390/6/2 4393/6/2
f 4393/6/2 4390/6/2 4394/6/2
f 4395/6/2 4396/6/2 4399/6/2
f 4399/6/2 4396/6/2 4400/6/2
f 4397/6/2 4398/6/2 4401/6/2
f 4401/6/2 4398/6/2 4402/6/2
f 4403/6/2 4404/6/2 4405/6/2
f 4405/6/2 4404/6/2 4406/6/2
f 4407/5/2 4408/5/2 4409/5/2
f 4409/5/2 4408/5/2 4410/5/2
f 4411/2/2 4412/2/2 4413/2/2
f 4413/2/2 4412/2/2 4414/2/2
f 4417/6/2 4418/6/2 4419/6/2
f 4419/6/2 4418/6/2 4420/6/2
f 4415/5/2 4416/5/2 4421/5/2
f 4421/5/2 4416/5/2 4422/5/2
f 4423/5/2 4424/5/2 4425/5/2
f 4423/5/2 4425/5/2 4426/5/2
f 4426/5/2 4425/5/2 4427/5/2
f 4428/5/2 4429/5/2 4430/5/2
f 4430/5/2 4429/5/2 4431/5/2
f 4432/6/2 4433/6/2 4436/6/2
f 4436/6/2 4433/6/2 4437/6/2
f 4434/6/2 4435/6/2 4438/6/2
f 4438/6/2 4435/6/2 4439/6/2
f 4440/6/2 4441/6/2 4444/6/2
f 4444/6/2 4441/6/2 4445/6/2
f 4442/3/2 4443/3/2 4446/3/2
f 4446/3/2 4443/3/2 4447/3/2
f 4448/6/2 4449/6/2 4450/6/2
f 4450/6/2 4449/6/2 4451/6/2
f 4452/5/2 4453/5/2 4454/5/2
f 4454/5/2 4453/5/2 4455/5/2
f 4456/6/2 4457/6/2 4459/6/2
f 4458/6/2 4459/6/2 4460/6/2
f 4459/6/2 4457/6/2 4461/6/2
f 4460/6/2 4459/6/2 4461/6/2
f 4462/6/2 4463/6/2 4464/6/2
f 4464/6/2 4463/6/2 4465/6/2
f 4468/6/2 4469/6/2 4470/6/2
f 4470/6/2 4469/6/2 4471/6/2
f 4470/2/2 4471/2/2 4472/2/2
f 4472/2/2 4471/2/2 4473/2/2
f 4466/6/2 4467/6/2 4474/6/2
f 4474/6/2 4467/6/2 4475/6/2
f 4476/6/2 4477/6/2 4478/6/2
f 4476/6/2 4478/6/2 4479/6/2
f 4479/6/2 4478/6/2 4480/6/2
f 4481/6/2 4482/6/2 4483/6/2
f 4481/6/2 4483/6/2 4484/6/2
f 4484/6/2 4483/6/2 4485/6/2
f 4488/6/2 4489/6/2 4494/6/2
f 4494/6/2 4489/6/2 4495/6/2
f 4490/6/2 4491/6/2 4496/6/2
f 4496/6/2 4491/6/2 4497/6/2
f 4486/3/2 4487/3/2 4498/3/2
f 4498/3/2 4487/3/2 4499/3/2
f 4492/6/2 4493/6/2 4500/6/2
f 4500/6/2 4493/6/2 4501/6/2
f 4501/6/2 4502/6/2 4505/6/2
f 4505/6/2 4502/6/2 4506/6/2
f 4503/3/2 4504/3/2 4507/3/2
f 4507/3/2 4504/3/2 4508/3/2
f 4509/6/2 4510/6/2 4513/6/2
f 4513/6/2 4510/6/2 4514/6/2
f 4511/1/2 4512/1/2 4515/1/2
f 4515/1/2 4512/1/2 4516/1/2
f 4517/6/2 4518/6/2 4523/6/2
f 4523/6/2 4518/6/2 4524/6/2
f 4519/1/2 4520/1/2 4525/1/2
f 4525/1/2 4520/1/2 4526/1/2
f 4521/6/2 4522/6/2 4527/6/2
f 4527/6/2 4522/6/2 4528/6/2
f 4529/3/2 4530/3/2 4533/3/2
f 4533/3/2 4530/3/2 4534/3/2
f 4533/2/2 4534/2/2 4535/2/2
f 4535/2/2 4534/2/2 4536/2/2
f 4531/6/2 4532/6/2 4537/6/2
f 4537/6/2 4532/6/2 4538/6/2
f 4539/2/2 4540/2/2 4543/2/2
f 4543/2/2 4540/2/2 4544/2/2
f 4543/1/2 4544/1/2 4545/1/2
f 4545/1/2 4544/1/2 4546/1/2
f 4541/6/2 4542/6/2 4547/6/2
f 4547/6/2 4542/6/2 4548/6/2
f 4549/6/2 4550/6/2 4551/6/2
f 4551/6/2 4550/6/2 4552/6/2
f 4553/6/2 4554/6/2 4555/6/2
f 4555/6/2 4554/6/2 4556/6/2
f 4557/5/2 4558/5/2 4559/5/2
f 4559/5/2 4558/5/2 4560/5/2
f 4557/5/2 4559/5/2 4561/5/2
f 4561/5/2 4559/5/2 4562/5/2
f 4563/6/2 4564/6/2 4565/6/2
f 4565/6/2 4564/6/2 4566/6/2
f 4567/6/2 4568/6/2 4571/6/2
f 4571/6/2 4568/6/2 4572/6/2
f 4569/6/2 4570/6/2 4573/6/2
f 4573/6/2 4570/6/2 4574/6/2
f 4575/3/2 4576/3/2 4581/3/2
f 4581/3/2 4576/3/2 4582/3/2
f 4577/6/2 4578/6/2 4583/6/2
f 4583/6/2 4578/6/2 4584/6/2
f 4579/6/2 4580/6/2 4585/6/2
f 4585/6/2 4580/6/2 4586/6/2
f 4587/6/2 4588/6/2 4589/6/2
f 4589/6/2 4588/6/2 4590/6/2
f 4591/1/2 4592/1/2 4595/1/2
f 4595/1/2 4592/1/2 4596/1/2
f 4593/6/2 4594/6/2 4597/6/2
f 4597/6/2 4594/6/2 4598/6/2
f 4600/1/2 4601/1/2 4602/1/2
f 4602/1/2 4601/1/2 4603/1/2
f 4598/6/2 4599/6/2 4607/6/2
f 4607/6/2 4599/6/2 4608/6/2
f 4604/3/2 4605/3/2 4609/3/2
f 4609/3/2 4605/3/2 4610/3/2
f 4606/6/2 4607/6/2 4617/6/2
f 4617/6/2 4607/6/2 4618/6/2
f 4611/2/2 4612/2/2 4619/2/2
f 4612/2/2 4613/2/2 4619/2/2
f 4613/6/2 4614/6/2 4620/6/2
f 4619/2/2 4613/2/2 4620/2/2
f 4620/6/2 4614/6/2 4621/6/2
f 4615/6/2 4616/6/2 4624/6/2
f 4624/6/2 4616/6/2 4625/6/2
f 4620/2/2 4621/2/2 4626/2/2
f 4626/2/2 4621/2/2 4627/2/2
f 4622/6/2 4623/6/2 4628/6/2
f 4628/6/2 4623/6/2 4629/6/2
f 4630/4/2 4631/4/2 4634/4/2
f 4634/4/2 4631/4/2 4635/4/2
f 4632/6/2 4633/6/2 4636/6/2
f 4636/6/2 4633/6/2 4637/6/2
f 4638/1/2 4639/1/2 4642/1/2
f 4642/1/2 4639/1/2 4643/1/2
f 4640/6/2 4641/6/2 4644/6/2
f 4644/6/2 4641/6/2 4645/6/2
f 4646/6/2 4647/6/2 4648/6/2
f 4648/6/2 4647/6/2 4649/6/2
f 4652/6/2 4653/6/2 4654/6/2
f 4654/6/2 4653/6/2 4655/6/2
f 4650/6/2 4651/6/2 4656/6/2
f 4656/6/2 4651/6/2 4657/6/2
f 4652/6/2 4654/6/2 4658/6/2
f 4658/6/2 4654/6/2 4659/6/2
f 4659/6/2 4660/6/2 4661/6/2
f 4661/6/2 4660/6/2 4662/6/2
f 4662/6/2 4663/6/2 4664/6/2
f 4664/6/2 4663/6/2 4665/6/2
f 4666/6/2 4667/6/2 4670/6/2
f 4670/6/2 4667/6/2 4671/6/2
f 4668/6/2 4669/6/2 4672/6/2
f 4672/6/2 4669/6/2 4673/6/2
f 4670/2/2 4671/2/2 4674/2/2
f 4670/2/2 4674/2/2 4677/2/2
f 4677/2/2 4674/2/2 4678/2/2
f 4675/6/2 4676/6/2 4679/6/2
f 4679/6/2 4676/6/2 4680/6/2
f 4681/6/2 4682/6/2 4683/6/2
f 4683/6/2 4682/6/2 4684/6/2
f 4685/3/2 4686/3/2 4693/3/2
f 4693/3/2 4686/3/2 4694/3/2
f 4687/6/2 4688/6/2 4698/6/2
f 4698/6/2 4688/6/2 4699/6/2
f 4689/6/2 4690/6/2 4700/6/2
f 4700/6/2 4690/6/2 4701/6/2
f 4691/6/2 4692/6/2 4704/6/2
f 4704/6/2 4692/6/2 4705/6/2
f 4694/3/2 4695/3/2 4706/3/2
f 4695/5/2 4696/5/2 4707/5/2
f 4706/3/2 4695/3/2 4707/3/2
f 4707/5/2 4696/5/2 4708/5/2
f 4706/5/2 4707/5/2 4709/5/2
f 4707/4/2 4708/4/2 4710/4/2
f 4709/5/2 4707/5/2 4710/5/2
f 4697/6/2 4698/6/2 4711/6/2
f 4701/6/2 4702/6/2 4713/6/2
f 4709/1/2 4710/1/2 4714/1/2
f 4710/4/2 4708/4/2 4715/4/2
f 4714/1/2 4710/1/2 4715/1/2
f 4715/4/2 4708/4/2 4716/4/2
f 4711/6/2 4698/6/2 4717/6/2
f 4717/6/2 4698/6/2 4718/6/2
f 4712/6/2 4713/6/2 4719/6/2
f 4713/6/2 4702/6/2 4720/6/2
f 4719/6/2 4713/6/2 4720/6/2
f 4717/6/2 4718/6/2 4721/6/2
f 4721/6/2 4718/6/2 4722/6/2
f 4722/6/2 4718/6/2 4723/6/2
f 4720/6/2 4702/6/2 4724/6/2
f 4724/6/2 4702/6/2 4725/6/2
f 4714/2/2 4715/2/2 4727/2/2
f 4715/5/2 4716/5/2 4728/5/2
f 4727/2/2 4715/2/2 4728/2/2
f 4721/5/2 4722/5/2 4729/5/2
f 4729/5/2 4722/5/2 4730/5/2
f 4726/2/2 4727/2/2 4732/2/2
f 4727/5/2 4728/5/2 4733/5/2
f 4732/2/2 4727/2/2 4733/2/2
f 4728/5/2 4716/5/2 4734/5/2
f 4733/5/2 4728/5/2 4734/5/2
f 4734/5/2 4716/5/2 4735/5/2
f 4703/6/2 4704/6/2 4736/6/2
f 4736/6/2 4704/6/2 4737/6/2
f 4737/6/2 4704/6/2 4738/6/2
f 4732/6/2 4733/6/2 4740/6/2
f 4731/2/2 4732/2/2 4740/2/2
f 4740/6/2 4733/6/2 4741/6/2
f 4738/6/2 4739/6/2 4742/6/2
f 4737/6/2 4738/6/2 4742/6/2
f 4742/6/2 4739/6/2 4743/6/2
f 4731/2/2 4740/2/2 4744/2/2
f 4743/6/2 4739/6/2 4747/6/2
f 4731/2/2 4744/2/2 4748/2/2
f 4744/5/2 4745/5/2 4749/5/2
f 4748/2/2 4744/2/2 4749/2/2
f 4749/5/2 4745/5/2 4750/5/2
f 4746/6/2 4747/6/2 4755/6/2
f 4747/6/2 4739/6/2 4756/6/2
f 4755/6/2 4747/6/2 4756/6/2
f 4756/6/2 4739/6/2 4757/6/2
f 4749/2/2 4750/2/2 4758/2/2
f 4750/2/2 4751/2/2 4758/2/2
f 4752/6/2 4753/6/2 4759/6/2
f 4758/2/2 4751/2/2 4759/2/2
f 4751/6/2 4752/6/2 4759/6/2
f 4759/6/2 4753/6/2 4760/6/2
f 4754/6/2 4755/6/2 4765/6/2
f 4755/6/2 4756/6/2 4765/6/2
f 4765/6/2 4756/6/2 4766/6/2
f 4760/6/2 4761/6/2 4767/6/2
f 4767/6/2 4761/6/2 4768/6/2
f 4763/6/2 4764/6/2 4769/6/2
f 4762/5/2 4763/5/2 4769/5/2
f 4769/6/2 4764/6/2 4770/6/2
f 4767/4/2 4768/4/2 4771/4/2
f 4762/5/2 4769/5/2 4774/5/2
f 4771/5/2 4772/5/2 4775/5/2
f 4767/4/2 4771/4/2 4775/4/2
f 4775/5/2 4772/5/2 4776/5/2
f 4773/5/2 4774/5/2 4777/5/2
f 4774/5/2 4769/5/2 4777/5/2
f 4777/5/2 4769/5/2 4778/5/2
f 4775/4/2 4776/4/2 4779/4/2
f 4767/4/2 4775/4/2 4779/4/2
f 4779/4/2 4776/4/2 4780/4/2
f 4773/5/2 4777/5/2 4781/5/2
f 4777/6/2 4778/6/2 4782/6/2
f 4781/5/2 4777/5/2 4782/5/2
f 4767/4/2 4779/4/2 4783/4/2
f 4782/6/2 4778/6/2 4786/6/2
f 4785/6/2 4786/6/2 4787/6/2
f 4783/4/2 4784/4/2 4788/4/2
f 4767/4/2 4783/4/2 4788/4/2
f 4788/4/2 4784/4/2 4789/4/2
f 4789/4/2 4784/4/2 4790/4/2
f 4787/6/2 4786/6/2 4791/6/2
f 4786/6/2 4778/6/2 4792/6/2
f 4791/6/2 4786/6/2 4792/6/2
f 4788/3/2 4789/3/2 4793/3/2
f 4793/3/2 4789/3/2 4794/3/2
f 4792/6/2 4778/6/2 4795/6/2
f 4795/6/2 4778/6/2 4796/6/2
f 4797/1/2 4798/1/2 4801/1/2
f 4801/1/2 4798/1/2 4802/1/2
f 4799/6/2 4800/6/2 4803/6/2
f 4803/6/2 4800/6/2 4804/6/2
f 4805/6/2 4806/6/2 4807/6/2
f 4807/6/2 4806/6/2 4808/6/2
f 4809/6/2 4810/6/2 4811/6/2
f 4811/6/2 4810/6/2 4812/6/2
f 4815/6/2 4816/6/2 4817/6/2
f 4817/6/2 4816/6/2 4818/6/2
f 4813/5/2 4814/5/2 4821/5/2
f 4821/5/2 4814/5/2 4822/5/2
f 4823/6/2 4824/6/2 4826/6/2
f 4826/6/2 4824/6/2 4827/6/2
f 4819/6/2 4820/6/2 4828/6/2
f 4828/6/2 4820/6/2 4829/6/2
f 4825/6/2 4826/6/2 4832/6/2
f 4832/6/2 4826/6/2 4833/6/2
f 4830/5/2 4831/5/2 4834/5/2
f 4834/5/2 4831/5/2 4835/5/2
f 4836/5/2 4837/5/2 4838/5/2
f 4838/5/2 4837/5/2 4839/5/2
f 4842/2/2 4843/2/2 4844/2/2
f 4844/2/2 4843/2/2 4845/2/2
f 4844/5/2 4845/5/2 4846/5/2
f 4846/5/2 4845/5/2 4847/5/2
f 4840/6/2 4841/6/2 4852/6/2
f 4852/6/2 4841/6/2 4853/6/2
f 4848/7/2 4849/7/2 4854/7/2
f 4854/7/2 4849/7/2 4855/7/2
f 4850/6/2 4851/6/2 4856/6/2
f 4856/6/2 4851/6/2 4857/6/2
f 4854/3/2 4855/3/2 4858/3/2
f 4858/3/2 4855/3/2 4859/3/2
f 4858/5/2 4859/5/2 4862/5/2
f 4862/5/2 4859/5/2 4863/5/2
f 4860/6/2 4861/6/2 4873/6/2
f 4873/6/2 4861/6/2 4874/6/2
f 4864/2/2 4865/2/2 4875/2/2
f 4865/5/2 4866/5/2 4876/5/2
f 4875/2/2 4865/2/2 4876/2/2
f 4876/5/2 4866/5/2 4877/5/2
f 4867/6/2 4868/6/2 4878/6/2
f 4878/6/2 4868/6/2 4879/6/2
f 4869/6/2 4870/6/2 4880/6/2
f 4880/6/2 4870/6/2 4881/6/2
f 4871/6/2 4872/6/2 4882/6/2
f 4882/6/2 4872/6/2 4883/6/2
f 4876/2/2 4877/2/2 4884/2/2
f 4867/6/2 4878/6/2 4887/6/2
f 4881/6/2 4870/6/2 4888/6/2
f 4871/6/2 4882/6/2 4889/6/2
f 4876/2/2 4884/2/2 4890/2/2
f 4884/2/2 4885/2/2 4890/2/2
f 4885/4/2 4886/4/2 4891/4/2
f 4890/2/2 4885/2/2 4891/2/2
f 4886/6/2 4887/6/2 4892/6/2
f 4891/4/2 4886/4/2 4892/4/2
f 4892/6/2 4887/6/2 4893/6/2
f 4887/6/2 4878/6/2 4894/6/2
f 4893/6/2 4887/6/2 4894/6/2
f 4881/6/2 4888/6/2 4895/6/2
f 4888/6/2 4889/6/2 4895/6/2
f 4895/6/2 4889/6/2 4896/6/2
f 4896/6/2 4889/6/2 4897/6/2
f 4889/6/2 4882/6/2 4898/6/2
f 4897/6/2 4889/6/2 4898/6/2
f 4891/2/2 4892/2/2 4899/2/2
f 4892/4/2 4893/4/2 4899/4/2
f 4899/4/2 4893/4/2 4900/4/2
f 4891/2/2 4899/2/2 4901/2/2
f 4899/6/2 4900/6/2 4902/6/2
f 4901/2/2 4899/2/2 4902/2/2
f 4902/6/2 4900/6/2 4903/6/2
f 4904/6/2 4905/6/2 4907/6/2
f 4907/6/2 4905/6/2 4908/6/2
f 4908/6/2 4905/6/2 4909/6/2
f 4909/6/2 4905/6/2 4910/6/2
f 4896/6/2 4897/6/2 4911/6/2
f 4906/6/2 4907/6/2 4912/6/2
f 4907/6/2 4908/6/2 4912/6/2
f 4912/6/2 4908/6/2 4913/6/2
f 4909/6/2 4910/6/2 4914/6/2
f 4910/6/2 4911/6/2 4914/6/2
f 4914/6/2 4911/6/2 4915/6/2
f 4902/5/2 4903/5/2 4916/5/2
f 4901/5/2 4902/5/2 4916/5/2
f 4906/6/2 4912/6/2 4917/6/2
f 4901/5/2 4916/5/2 4920/5/2
f 4916/5/2 4917/5/2 4920/5/2
f 4920/5/2 4917/5/2 4921/5/2
f 4917/6/2 4912/6/2 4922/6/2
f 4921/5/2 4917/5/2 4922/5/2
f 4922/6/2 4912/6/2 4923/6/2
f 4915/6/2 4911/6/2 4924/6/2
f 4911/6/2 4897/6/2 4925/6/2
f 4924/6/2 4911/6/2 4925/6/2
f 4925/6/2 4897/6/2 4926/6/2
f 4918/6/2 4919/6/2 4929/6/2
f 4920/5/2 4921/5/2 4930/5/2
f 4919/5/2 4920/5/2 4930/5/2
f 4929/6/2 4919/6/2 4930/6/2
f 4930/5/2 4921/5/2 4931/5/2
f 4931/5/2 4921/5/2 4932/5/2
f 4932/5/2 4921/5/2 4933/5/2
f 4926/6/2 4927/6/2 4934/6/2
f 4925/6/2 4926/6/2 4934/6/2
f 4934/6/2 4927/6/2 4935/6/2
f 4935/6/2 4927/6/2 4936/6/2
f 4928/6/2 4929/6/2 4938/6/2
f 4929/6/2 4930/6/2 4938/6/2
f 4930/6/2 4931/6/2 4938/6/2
f 4938/6/2 4931/6/2 4939/6/2
f 4931/5/2 4932/5/2 4940/5/2
f 4936/6/2 4937/6/2 4945/6/2
f 4935/6/2 4936/6/2 4945/6/2
f 4945/6/2 4937/6/2 4946/6/2
f 4946/6/2 4937/6/2 4947/6/2
f 4939/6/2 4931/6/2 4948/6/2
f 4940/5/2 4941/5/2 4949/5/2
f 4948/6/2 4931/6/2 4949/6/2
f 4931/5/2 4940/5/2 4949/5/2
f 4949/5/2 4941/5/2 4950/5/2
f 4950/5/2 4941/5/2 4951/5/2
f 4942/6/2 4943/6/2 4952/6/2
f 4952/6/2 4943/6/2 4953/6/2
f 4945/6/2 4946/6/2 4954/6/2
f 4944/6/2 4945/6/2 4954/6/2
f 4954/6/2 4946/6/2 4955/6/2
f 4955/6/2 4946/6/2 4956/6/2
f 4950/5/2 4951/5/2 4957/5/2
f 4952/5/2 4953/5/2 4957/5/2
f 4951/5/2 4952/5/2 4957/5/2
f 4957/5/2 4953/5/2 4958/5/2
f 4954/6/2 4955/6/2 4959/6/2
f 4958/5/2 4953/5/2 4959/5/2
f 4953/6/2 4954/6/2 4959/6/2
f 4959/6/2 4955/6/2 4960/6/2
f 4958/5/2 4959/5/2 4961/5/2
f 4961/5/2 4959/5/2 4962/5/2
f 4962/5/2 4959/5/2 4963/5/2
f 4963/5/2 4959/5/2 4964/5/2
f 4962/5/2 4963/5/2 4966/5/2
f 4966/5/2 4963/5/2 4967/5/2
f 4965/4/2 4966/4/2 4969/4/2
f 4966/4/2 4967/4/2 4969/4/2
f 4969/4/2 4967/4/2 4970/4/2
f 4967/6/2 4968/6/2 4971/6/2
f 4970/4/2 4967/4/2 4971/4/2
f 4971/6/2 4968/6/2 4972/6/2
f 4970/4/2 4971/4/2 4973/4/2
f 4973/4/2 4971/4/2 4974/4/2
f 4970/4/2 4973/4/2 4976/4/2
f 4973/6/2 4974/6/2 4977/6/2
f 4976/4/2 4973/4/2 4977/4/2
f 4977/6/2 4974/6/2 4978/6/2
f 4975/4/2 4976/4/2 4981/4/2
f 4977/6/2 4978/6/2 4982/6/2
f 4978/6/2 4979/6/2 4982/6/2
f 4981/4/2 4976/4/2 4982/4/2
f 4976/6/2 4977/6/2 4982/6/2
f 4982/6/2 4979/6/2 4983/6/2
f 4980/5/2 4981/5/2 4985/5/2
f 4985/5/2 4981/5/2 4986/5/2
f 4983/6/2 4984/6/2 4987/6/2
f 4987/6/2 4984/6/2 4988/6/2
f 4989/6/2 4990/6/2 4991/6/2
f 4991/6/2 4990/6/2 4992/6/2
f 4993/6/2 4994/6/2 4995/6/2
f 4995/6/2 4994/6/2 4996/6/2
f 4996/6/2 4997/6/2 4998/6/2
f 4998/6/2 4997/6/2 4999/6/2
f 5000/6/2 5001/6/2 5002/6/2
f 5002/6/2 5001/6/2 5003/6/2
f 5004/6/2 5005/6/2 5009/6/2
f 5006/5/2 5007/5/2 5010/5/2
f 5010/5/2 5007/5/2 5011/5/2
f 5008/6/2 5009/6/2 5012/6/2
f 5009/6/2 5005/6/2 5012/6/2
f 5012/6/2 5005/6/2 5013/6/2
f 5008/6/2 5012/6/2 5014/6/2
f 5014/6/2 5012/6/2 5015/6/2
f 5016/5/2 5017/5/2 5018/5/2
f 5018/5/2 5017/5/2 5019/5/2
f 5019/5/2 5020/5/2 5021/5/2
f 5021/5/2 5020/5/2 5022/5/2
f 5025/6/2 5026/6/2 5027/6/2
f 5027/6/2 5026/6/2 5028/6/2
f 5023/5/2 5024/5/2 5029/5/2
f 5029/5/2 5024/5/2 5030/5/2
f 5030/2/2 5031/2/2 5032/2/2
f 5030/2/2 5032/2/2 5033/2/2
f 5033/2/2 5032/2/2 5034/2/2
f 5033/6/2 5034/6/2 5037/6/2
f 5037/6/2 5034/6/2 5038/6/2
f 5035/6/2 5036/6/2 5041/6/2
f 5041/6/2 5036/6/2 5042/6/2
f 5039/6/2 5040/6/2 5045/6/2
f 5045/6/2 5040/6/2 5046/6/2
f 5043/6/2 5044/6/2 5047/6/2
f 5047/6/2 5044/6/2 5048/6/2
f 5045/2/2 5046/2/2 5049/2/2
f 5049/2/2 5046/2/2 5050/2/2
f 5051/1/2 5052/1/2 5056/1/2
f 5052/6/2 5053/6/2 5057/6/2
f 5056/1/2 5052/1/2 5057/1/2
f 5057/6/2 5053/6/2 5058/6/2
f 5054/6/2 5055/6/2 5059/6/2
f 5059/6/2 5055/6/2 5060/6/2
f 5061/6/2 5062/6/2 5064/6/2
f 5064/6/2 5062/6/2 5065/6/2
f 5063/6/2 5064/6/2 5068/6/2
f 5065/6/2 5066/6/2 5068/6/2
f 5064/6/2 5065/6/2 5068/6/2
f 5068/6/2 5066/6/2 5069/6/2
f 5067/5/2 5068/5/2 5072/5/2
f 5069/6/2 5070/6/2 5073/6/2
f 5068/6/2 5069/6/2 5073/6/2
f 5072/5/2 5068/5/2 5073/5/2
f 5073/6/2 5070/6/2 5074/6/2
f 5074/6/2 5070/6/2 5075/6/2
f 5071/5/2 5072/5/2 5077/5/2
f 5072/5/2 5073/5/2 5077/5/2
f 5073/5/2 5074/5/2 5077/5/2
f 5077/5/2 5074/5/2 5078/5/2
f 5075/6/2 5076/6/2 5079/6/2
f 5078/5/2 5074/5/2 5079/5/2
f 5074/6/2 5075/6/2 5079/6/2
f 5079/6/2 5076/6/2 5080/6/2
f 5080/6/2 5076/6/2 5081/6/2
f 5081/6/2 5076/6/2 5082/6/2
f 5078/5/2 5079/5/2 5083/5/2
f 5083/5/2 5079/5/2 5084/5/2
f 5080/6/2 5081/6/2 5085/6/2
f 5085/6/2 5081/6/2 5086/6/2
f 5087/6/2 5088/6/2 5089/6/2
f 5089/6/2 5088/6/2 5090/6/2
f 5090/6/2 5088/6/2 5091/6/2
f 5091/6/2 5092/6/2 5093/6/2
f 5090/6/2 5091/6/2 5093/6/2
f 5093/6/2 5092/6/2 5094/6/2
f 5094/6/2 5092/6/2 5095/6/2
f 5095/6/2 5092/6/2 5096/6/2
f 5097/6/2 5098/6/2 5099/6/2
f 5099/6/2 5098/6/2 5100/6/2
f 5101/6/2 5102/6/2 5103/6/2
f 5103/6/2 5102/6/2 5104/6/2
f 5104/6/2 5105/6/2 5106/6/2
f 5106/6/2 5105/6/2 5107/6/2
f 5108/6/2 5109/6/2 5110/6/2
f 5110/6/2 5109/6/2 5111/6/2
f 5112/5/2 5113/5/2 5114/5/2
f 5114/5/2 5113/5/2 5115/5/2
f 5116/6/2 5117/6/2 5118/6/2
f 5118/6/2 5117/6/2 5119/6/2
f 5120/6/2 5121/6/2 5124/6/2
f 5124/6/2 5121/6/2 5125/6/2
f 5122/5/2 5123/5/2 5128/5/2
f 5128/5/2 5123/5/2 5129/5/2
f 5126/6/2 5127/6/2 5132/6/2
f 5132/6/2 5127/6/2 5133/6/2
f 5130/6/2 5131/6/2 5136/6/2
f 5136/6/2 5131/6/2 5137/6/2
f 5137/6/2 5138/6/2 5139/6/2
f 5139/6/2 5138/6/2 5140/6/2
f 5139/2/2 5140/2/2 5141/2/2
f 5134/6/2 5135/6/2 5143/6/2
f 5143/6/2 5135/6/2 5144/6/2
f 5141/2/2 5142/2/2 5145/2/2
f 5139/2/2 5141/2/2 5145/2/2
f 5145/2/2 5142/2/2 5146/2/2
f 5149/6/2 5150/6/2 5151/6/2
f 5151/6/2 5150/6/2 5152/6/2
f 5147/2/2 5148/2/2 5153/2/2
f 5153/2/2 5148/2/2 5154/2/2
f 5153/1/2 5154/1/2 5157/1/2
f 5157/1/2 5154/1/2 5158/1/2
f 5155/6/2 5156/6/2 5159/6/2
f 5159/6/2 5156/6/2 5160/6/2
f 5161/6/2 5162/6/2 5165/6/2
f 5165/6/2 5162/6/2 5166/6/2
f 5163/6/2 5164/6/2 5167/6/2
f 5167/6/2 5164/6/2 5168/6/2
f 5169/6/2 5170/6/2 5173/6/2
f 5173/6/2 5170/6/2 5174/6/2
f 5171/6/2 5172/6/2 5175/6/2
f 5175/6/2 5172/6/2 5176/6/2
f 5177/6/2 5178/6/2 5179/6/2
f 5179/6/2 5178/6/2 5180/6/2
f 5181/6/2 5182/6/2 5183/6/2
f 5183/6/2 5182/6/2 5184/6/2
f 5185/6/2 5186/6/2 5187/6/2
f 5187/6/2 5186/6/2 5188/6/2
f 5189/6/2 5190/6/2 5191/6/2
f 5191/6/2 5190/6/2 5192/6/2
f 5193/6/2 5194/6/2 5197/6/2
f 5197/6/2 5194/6/2 5198/6/2
f 5195/6/2 5196/6/2 5199/6/2
f 5199/6/2 5196/6/2 5200/6/2
f 5201/6/2 5202/6/2 5203/6/2
f 5203/6/2 5202/6/2 5204/6/2
f 5204/6/2 5202/6/2 5208/6/2
f 5207/6/2 5208/6/2 5209/6/2
f 5208/6/2 5202/6/2 5210/6/2
f 5209/6/2 5208/6/2 5210/6/2
f 5205/6/2 5206/6/2 5211/6/2
f 5211/6/2 5206/6/2 5212/6/2
f 5213/6/2 5214/6/2 5217/6/2
f 5217/6/2 5214/6/2 5218/6/2
f 5218/6/2 5219/6/2 5220/6/2
f 5220/6/2 5219/6/2 5221/6/2
f 5221/6/2 5219/6/2 5222/6/2
f 5222/6/2 5219/6/2 5223/6/2
f 5215/6/2 5216/6/2 5229/6/2
f 5229/6/2 5216/6/2 5230/6/2
f 5227/6/2 5228/6/2 5231/6/2
f 5231/6/2 5228/6/2 5232/6/2
f 5224/5/2 5225/5/2 5234/5/2
f 5225/6/2 5226/6/2 5235/6/2
f 5234/5/2 5225/5/2 5235/5/2
f 5235/6/2 5226/6/2 5236/6/2
f 5232/6/2 5233/6/2 5237/6/2
f 5237/6/2 5233/6/2 5238/6/2
f 5239/6/2 5240/6/2 5243/6/2
f 5243/6/2 5240/6/2 5244/6/2
f 5241/6/2 5242/6/2 5247/6/2
f 5247/6/2 5242/6/2 5248/6/2
f 5245/6/2 5246/6/2 5249/6/2
f 5249/6/2 5246/6/2 5250/6/2
f 5251/6/2 5252/6/2 5253/6/2
f 5253/6/2 5252/6/2 5254/6/2
f 5255/6/2 5256/6/2 5257/6/2
f 5257/6/2 5256/6/2 5258/6/2
f 5259/6/2 5260/6/2 5261/6/2
f 5261/6/2 5260/6/2 5262/6/2
f 5262/6/2 5263/6/2 5264/6/2
f 5264/6/2 5263/6/2 5265/6/2
f 5266/6/2 5267/6/2 5268/6/2
f 5268/6/2 5267/6/2 5269/6/2
f 5270/6/2 5271/6/2 5272/6/2
f 5272/6/2 5271/6/2 5273/6/2
f 5274/6/2 5275/6/2 5276/6/2
f 5276/6/2 5275/6/2 5277/6/2
f 5277/6/2 5275/6/2 5280/6/2
f 5280/6/2 5275/6/2 5281/6/2
f 5278/6/2 5279/6/2 5284/6/2
f 5284/6/2 5279/6/2 5285/6/2
f 5282/6/2 5283/6/2 5288/6/2
f 5288/6/2 5283/6/2 5289/6/2
f 5286/6/2 5287/6/2 5290/6/2
f 5290/6/2 5287/6/2 5291/6/2
f 5291/6/2 5287/6/2 5294/6/2
f 5291/6/2 5294/6/2 5296/6/2
f 5294/6/2 5295/6/2 5296/6/2
f 5296/6/2 5295/6/2 5297/6/2
f 5292/6/2 5293/6/2 5302/6/2
f 5302/6/2 5293/6/2 5303/6/2
f 5300/6/2 5301/6/2 5304/6/2
f 5300/6/2 5304/6/2 5306/6/2
f 5304/6/2 5305/6/2 5306/6/2
f 5306/6/2 5305/6/2 5307/6/2
f 5298/6/2 5299/6/2 5308/6/2
f 5308/6/2 5299/6/2 5309/6/2
f 5307/6/2 5305/6/2 5310/6/2
f 5310/6/2 5305/6/2 5311/6/2
f 5312/6/2 5313/6/2 5315/6/2
f 5315/6/2 5313/6/2 5316/6/2
f 5316/6/2 5313/6/2 5317/6/2
f 5317/6/2 5313/6/2 5318/6/2
f 5314/6/2 5315/6/2 5321/6/2
f 5315/6/2 5316/6/2 5321/6/2
f 5321/6/2 5316/6/2 5322/6/2
f 5317/6/2 5318/6/2 5323/6/2
f 5318/6/2 5319/6/2 5323/6/2
f 5323/6/2 5319/6/2 5324/6/2
f 5320/4/2 5321/4/2 5325/4/2
f 5325/4/2 5321/4/2 5326/4/2
f 5324/6/2 5319/6/2 5330/6/2
f 5327/1/2 5328/1/2 5331/1/2
f 5331/1/2 5328/1/2 5332/1/2
f 5329/6/2 5330/6/2 5333/6/2
f 5330/6/2 5319/6/2 5334/6/2
f 5333/6/2 5330/6/2 5334/6/2
f 5334/6/2 5319/6/2 5335/6/2
f 5336/6/2 5337/6/2 5340/6/2
f 5340/6/2 5337/6/2 5341/6/2
f 5338/1/2 5339/1/2 5342/1/2
f 5342/1/2 5339/1/2 5343/1/2
f 5344/4/2 5345/4/2 5348/4/2
f 5348/4/2 5345/4/2 5349/4/2
f 5346/6/2 5347/6/2 5350/6/2
f 5350/6/2 5347/6/2 5351/6/2
f 5352/3/2 5353/3/2 5356/3/2
f 5356/3/2 5353/3/2 5357/3/2
f 5354/6/2 5355/6/2 5358/6/2
f 5358/6/2 5355/6/2 5359/6/2
f 5360/3/2 5361/3/2 5364/3/2
f 5364/3/2 5361/3/2 5365/3/2
f 5362/6/2 5363/6/2 5366/6/2
f 5366/6/2 5363/6/2 5367/6/2
f 5368/6/2 5369/6/2 5370/6/2
f 5370/6/2 5369/6/2 5371/6/2
f 5372/5/2 5373/5/2 5375/5/2
f 5373/6/2 5374/6/2 5375/6/2
f 5375/6/2 5374/6/2 5376/6/2
f 5372/5/2 5375/5/2 5377/5/2
f 5377/5/2 5375/5/2 5378/5/2
f 5379/5/2 5380/5/2 5381/5/2
f 5379/5/2 5381/5/2 5383/5/2
f 5381/6/2 5382/6/2 5384/6/2
f 5383/5/2 5381/5/2 5384/5/2
f 5384/6/2 5382/6/2 5385/6/2
f 5385/6/2 5386/6/2 5387/6/2
f 5385/6/2 5387/6/2 5389/6/2
f 5387/6/2 5388/6/2 5389/6/2
f 5389/6/2 5388/6/2 5390/6/2
f 5391/5/2 5392/5/2 5396/5/2
f 5392/6/2 5393/6/2 5397/6/2
f 5396/5/2 5392/5/2 5397/5/2
f 5397/6/2 5393/6/2 5398/6/2
f 5398/6/2 5393/6/2 5399/6/2
f 5394/6/2 5395/6/2 5404/6/2
f 5404/6/2 5395/6/2 5405/6/2
f 5402/6/2 5403/6/2 5406/6/2
f 5400/6/2 5401/6/2 5408/6/2
f 5408/6/2 5401/6/2 5409/6/2
f 5406/6/2 5407/6/2 5410/6/2
f 5402/6/2 5406/6/2 5410/6/2
f 5410/6/2 5407/6/2 5411/6/2
f 5411/6/2 5407/6/2 5412/6/2
f 5412/6/2 5407/6/2 5413/6/2
f 5414/6/2 5415/6/2 5417/6/2
f 5417/6/2 5415/6/2 5418/6/2
f 5416/6/2 5417/6/2 5422/6/2
f 5417/6/2 5418/6/2 5422/6/2
f 5418/6/2 5419/6/2 5422/6/2
f 5422/6/2 5419/6/2 5423/6/2
f 5420/4/2 5421/4/2 5424/4/2
f 5424/4/2 5421/4/2 5425/4/2
f 5423/6/2 5419/6/2 5426/6/2
f 5426/6/2 5419/6/2 5427/6/2
f 5427/6/2 5419/6/2 5428/6/2
f 5429/1/2 5430/1/2 5433/1/2
f 5433/1/2 5430/1/2 5434/1/2
f 5431/6/2 5432/6/2 5435/6/2
f 5435/6/2 5432/6/2 5436/6/2
f 5433/5/2 5434/5/2 5437/5/2
f 5437/5/2 5434/5/2 5438/5/2
f 5441/4/2 5442/4/2 5443/4/2
f 5441/4/2 5443/4/2 5444/4/2
f 5444/4/2 5443/4/2 5445/4/2
f 5439/6/2 5440/6/2 5446/6/2
f 5446/6/2 5440/6/2 5447/6/2
f 5448/5/2 5449/5/2 5452/5/2
f 5452/5/2 5449/5/2 5453/5/2
f 5450/6/2 5451/6/2 5454/6/2
f 5454/6/2 5451/6/2 5455/6/2
f 5456/2/2 5457/2/2 5460/2/2
f 5460/2/2 5457/2/2 5461/2/2
f 5458/6/2 5459/6/2 5465/6/2
f 5465/6/2 5459/6/2 5466/6/2
f 5463/6/2 5464/6/2 5467/6/2
f 5462/6/2 5463/6/2 5467/6/2
f 5467/6/2 5464/6/2 5468/6/2
f 5469/6/2 5470/6/2 5471/6/2
f 5471/6/2 5470/6/2 5472/6/2
f 5472/6/2 5473/6/2 5474/6/2
f 5474/6/2 5473/6/2 5475/6/2
f 5476/6/2 5477/6/2 5478/6/2
f 5478/6/2 5477/6/2 5479/6/2
f 5480/6/2 5481/6/2 5482/6/2
f 5482/6/2 5481/6/2 5483/6/2
f 5484/6/2 5485/6/2 5488/6/2
f 5488/6/2 5485/6/2 5489/6/2
f 5489/6/2 5490/6/2 5491/6/2
f 5491/6/2 5490/6/2 5492/6/2
f 5486/6/2 5487/6/2 5493/6/2
f 5493/6/2 5487/6/2 5494/6/2
f 5495/6/2 5496/6/2 5497/6/2
f 5497/6/2 5496/6/2 5498/6/2
f 5497/5/2 5498/5/2 5503/5/2
f 5503/5/2 5498/5/2 5504/5/2
f 5499/6/2 5500/6/2 5505/6/2
f 5499/6/2 5505/6/2 5507/6/2
f 5505/6/2 5506/6/2 5507/6/2
f 5507/6/2 5506/6/2 5508/6/2
f 5501/6/2 5502/6/2 5513/6/2
f 5513/6/2 5502/6/2 5514/6/2
f 5509/6/2 5510/6/2 5515/6/2
f 5515/6/2 5510/6/2 5516/6/2
f 5511/6/2 5512/6/2 5517/6/2
f 5517/6/2 5512/6/2 5518/6/2
f 5519/4/2 5520/4/2 5523/4/2
f 5520/6/2 5521/6/2 5524/6/2
f 5523/4/2 5520/4/2 5524/4/2
f 5524/6/2 5521/6/2 5525/6/2
f 5525/6/2 5521/6/2 5526/6/2
f 5522/4/2 5523/4/2 5528/4/2
f 5523/4/2 5524/4/2 5528/4/2
f 5528/4/2 5524/4/2 5529/4/2
f 5529/4/2 5524/4/2 5530/4/2
f 5526/6/2 5527/6/2 5531/6/2
f 5525/6/2 5526/6/2 5531/6/2
f 5531/6/2 5527/6/2 5532/6/2
f 5528/5/2 5529/5/2 5533/5/2
f 5532/6/2 5527/6/2 5536/6/2
f 5528/5/2 5533/5/2 5538/5/2
f 5533/6/2 5534/6/2 5539/6/2
f 5538/5/2 5533/5/2 5539/5/2
f 5539/6/2 5534/6/2 5540/6/2
f 5535/6/2 5536/6/2 5542/6/2
f 5536/6/2 5527/6/2 5543/6/2
f 5542/6/2 5536/6/2 5543/6/2
f 5543/6/2 5527/6/2 5544/6/2
f 5537/6/2 5538/6/2 5545/6/2
f 5538/6/2 5539/6/2 5545/6/2
f 5545/6/2 5539/6/2 5546/6/2
f 5542/6/2 5543/6/2 5547/6/2
f 5541/6/2 5542/6/2 5547/6/2
f 5547/6/2 5543/6/2 5548/6/2
f 5537/6/2 5545/6/2 5549/6/2
f 5549/6/2 5545/6/2 5550/6/2
f 5549/4/2 5550/4/2 5551/4/2
f 5548/6/2 5543/6/2 5554/6/2
f 5551/4/2 5552/4/2 5555/4/2
f 5549/4/2 5551/4/2 5555/4/2
f 5555/4/2 5552/4/2 5556/4/2
f 5556/4/2 5552/4/2 5557/4/2
f 5553/6/2 5554/6/2 5558/6/2
f 5554/6/2 5543/6/2 5559/6/2
f 5558/6/2 5554/6/2 5559/6/2
f 5555/5/2 5556/5/2 5560/5/2
f 5555/5/2 5560/5/2 5561/5/2
f 5559/6/2 5543/6/2 5564/6/2
f 5561/5/2 5562/5/2 5565/5/2
f 5555/5/2 5561/5/2 5565/5/2
f 5565/5/2 5562/5/2 5566/5/2
f 5566/5/2 5562/5/2 5567/5/2
f 5563/6/2 5564/6/2 5569/6/2
f 5564/6/2 5543/6/2 5570/6/2
f 5569/6/2 5564/6/2 5570/6/2
f 5570/6/2 5543/6/2 5571/6/2
f 5567/5/2 5568/5/2 5572/5/2
f 5566/5/2 5567/5/2 5572/5/2
f 5568/6/2 5569/6/2 5573/6/2
f 5572/5/2 5568/5/2 5573/5/2
f 5569/6/2 5570/6/2 5573/6/2
f 5573/6/2 5570/6/2 5574/6/2
f 5575/6/2 5576/6/2 5577/6/2
f 5577/6/2 5576/6/2 5578/6/2
f 5578/6/2 5576/6/2 5579/6/2
f 5578/6/2 5579/6/2 5581/6/2
f 5579/6/2 5580/6/2 5581/6/2
f 5581/6/2 5580/6/2 5582/6/2
f 5582/6/2 5580/6/2 5583/6/2
f 5582/6/2 5583/6/2 5589/6/2
f 5583/6/2 5584/6/2 5589/6/2
f 5589/6/2 5584/6/2 5590/6/2
f 5585/6/2 5586/6/2 5591/6/2
f 5591/6/2 5586/6/2 5592/6/2
f 5593/6/2 5594/6/2 5595/6/2
f 5595/6/2 5594/6/2 5596/6/2
f 5587/6/2 5588/6/2 5597/6/2
f 5597/6/2 5588/6/2 5598/6/2
f 5599/6/2 5600/6/2 5601/6/2
f 5601/6/2 5600/6/2 5602/6/2
f 5603/5/2 5604/5/2 5607/5/2
f 5607/5/2 5604/5/2 5608/5/2
f 5609/6/2 5610/6/2 5611/6/2
f 5611/6/2 5610/6/2 5612/6/2
f 5612/6/2 5613/6/2 5614/6/2
f 5614/6/2 5613/6/2 5615/6/2
f 5605/6/2 5606/6/2 5620/6/2
f 5620/6/2 5606/6/2 5621/6/2
f 5616/5/2 5617/5/2 5622/5/2
f 5618/6/2 5619/6/2 5623/6/2
f 5623/6/2 5619/6/2 5624/6/2
f 5616/5/2 5622/5/2 5625/5/2
f 5625/5/2 5622/5/2 5626/5/2
f 5623/5/2 5624/5/2 5631/5/2
f 5631/5/2 5624/5/2 5632/5/2
f 5627/6/2 5628/6/2 5633/6/2
f 5633/6/2 5628/6/2 5634/6/2
f 5634/6/2 5628/6/2 5635/6/2
f 5635/6/2 5628/6/2 5636/6/2
f 5629/6/2 5630/6/2 5641/6/2
f 5641/6/2 5630/6/2 5642/6/2
f 5637/6/2 5638/6/2 5643/6/2
f 5643/6/2 5638/6/2 5644/6/2
f 5639/6/2 5640/6/2 5645/6/2
f 5645/6/2 5640/6/2 5646/6/2
f 5647/6/2 5648/6/2 5650/6/2
f 5650/6/2 5648/6/2 5651/6/2
f 5649/6/2 5650/6/2 5653/6/2
f 5651/6/2 5652/6/2 5653/6/2
f 5650/6/2 5651/6/2 5653/6/2
f 5653/6/2 5652/6/2 5654/6/2
f 5654/6/2 5652/6/2 5655/6/2
f 5655/6/2 5652/6/2 5656/6/2
f 5654/6/2 5655/6/2 5658/6/2
f 5658/6/2 5655/6/2 5659/6/2
f 5659/6/2 5655/6/2 5660/6/2
f 5657/6/2 5658/6/2 5662/6/2
f 5658/6/2 5659/6/2 5662/6/2
f 5662/6/2 5659/6/2 5663/6/2
f 5661/6/2 5662/6/2 5665/6/2
f 5663/6/2 5664/6/2 5665/6/2
f 5662/6/2 5663/6/2 5665/6/2
f 5665/6/2 5664/6/2 5666/6/2
f 5666/6/2 5664/6/2 5667/6/2
f 5667/6/2 5664/6/2 5668/6/2
f 5666/6/2 5667/6/2 5670/6/2
f 5670/6/2 5667/6/2 5671/6/2
f 5669/6/2 5670/6/2 5673/6/2
f 5671/6/2 5672/6/2 5673/6/2
f 5670/6/2 5671/6/2 5673/6/2
f 5673/6/2 5672/6/2 5674/6/2
f 5673/5/2 5674/5/2 5675/5/2
f 5674/6/2 5672/6/2 5676/6/2
f 5675/5/2 5674/5/2 5676/5/2
f 5676/6/2 5672/6/2 5677/6/2
f 5677/6/2 5672/6/2 5678/6/2
f 5676/6/2 5677/6/2 5679/6/2
f 5679/6/2 5677/6/2 5680/6/2
f 5681/6/2 5682/6/2 5685/6/2
f 5685/6/2 5682/6/2 5686/6/2
f 5683/6/2 5684/6/2 5687/6/2
f 5687/6/2 5684/6/2 5688/6/2
f 5689/6/2 5690/6/2 5691/6/2
f 5691/6/2 5690/6/2 5692/6/2
f 5689/6/2 5691/6/2 5694/6/2
f 5694/6/2 5691/6/2 5695/6/2
f 5693/6/2 5694/6/2 5698/6/2
f 5698/6/2 5694/6/2 5699/6/2
f 5700/6/2 5701/6/2 5702/6/2
f 5702/6/2 5701/6/2 5703/6/2
f 5696/5/2 5697/5/2 5704/5/2
f 5704/5/2 5697/5/2 5705/5/2
f 5705/6/2 5706/6/2 5707/6/2
f 5707/6/2 5706/6/2 5708/6/2
f 5711/6/2 5712/6/2 5713/6/2
f 5713/6/2 5712/6/2 5714/6/2
f 5709/6/2 5710/6/2 5717/6/2
f 5717/6/2 5710/6/2 5718/6/2
f 5715/6/2 5716/6/2 5719/6/2
f 5719/6/2 5716/6/2 5720/6/2
f 5719/5/2 5720/5/2 5725/5/2
f 5725/5/2 5720/5/2 5726/5/2
f 5721/6/2 5722/6/2 5727/6/2
f 5723/6/2 5724/6/2 5730/6/2
f 5727/6/2 5728/6/2 5731/6/2
f 5721/6/2 5727/6/2 5731/6/2
f 5731/6/2 5728/6/2 5732/6/2
f 5729/6/2 5730/6/2 5737/6/2
f 5730/6/2 5724/6/2 5738/6/2
f 5737/6/2 5730/6/2 5738/6/2
f 5733/6/2 5734/6/2 5739/6/2
f 5739/6/2 5734/6/2 5740/6/2
f 5735/6/2 5736/6/2 5741/6/2
f 5741/6/2 5736/6/2 5742/6/2
f 5743/6/2 5744/6/2 5747/6/2
f 5747/6/2 5744/6/2 5748/6/2
f 5745/6/2 5746/6/2 5753/6/2
f 5753/6/2 5746/6/2 5754/6/2
f 5748/6/2 5749/6/2 5755/6/2
f 5755/6/2 5749/6/2 5756/6/2
f 5750/6/2 5751/6/2 5757/6/2
f 5757/6/2 5751/6/2 5758/6/2
f 5759/6/2 5760/6/2 5761/6/2
f 5761/6/2 5760/6/2 5762/6/2
f 5752/6/2 5753/6/2 5763/6/2
f 5763/6/2 5753/6/2 5764/6/2
f 5759/6/2 5761/6/2 5767/6/2
f 5767/6/2 5761/6/2 5768/6/2
f 5765/6/2 5766/6/2 5770/6/2
f 5770/6/2 5766/6/2 5771/6/2
f 5772/6/2 5773/6/2 5774/6/2
f 5774/6/2 5773/6/2 5775/6/2
f 5772/6/2 5774/6/2 5776/6/2
f 5776/6/2 5774/6/2 5777/6/2
f 5769/6/2 5770/6/2 5778/6/2
f 5778/6/2 5770/6/2 5779/6/2
f 5777/6/2 5774/6/2 5780/6/2
f 5780/6/2 5774/6/2 5781/6/2
f 5769/6/2 5778/6/2 5786/6/2
f 5786/6/2 5778/6/2 5787/6/2
f 5782/6/2 5783/6/2 5788/6/2
f 5788/6/2 5783/6/2 5789/6/2
f 5784/6/2 5785/6/2 5790/6/2
f 5790/6/2 5785/6/2 5791/6/2
f 5788/5/2 5789/5/2 5792/5/2
f 5792/5/2 5789/5/2 5793/5/2
f 5790/5/2 5791/5/2 5798/5/2
f 5798/5/2 5791/5/2 5799/5/2
f 5794/6/2 5795/6/2 5800/6/2
f 5800/6/2 5795/6/2 5801/6/2
f 5801/6/2 5795/6/2 5802/6/2
f 5796/6/2 5797/6/2 5805/6/2
f 5805/6/2 5797/6/2 5806/6/2
f 5806/6/2 5797/6/2 5807/6/2
f 5802/6/2 5803/6/2 5808/6/2
f 5801/6/2 5802/6/2 5808/6/2
f 5808/6/2 5803/6/2 5809/6/2
f 5805/6/2 5806/6/2 5812/6/2
f 5804/6/2 5805/6/2 5812/6/2
f 5812/6/2 5806/6/2 5813/6/2
f 5810/5/2 5811/5/2 5814/5/2
f 5814/5/2 5811/5/2 5815/5/2
f 5816/6/2 5817/6/2 5820/6/2
f 5820/6/2 5817/6/2 5821/6/2
f 5818/6/2 5819/6/2 5823/6/2
f 5823/6/2 5819/6/2 5824/6/2
f 5821/6/2 5817/6/2 5825/6/2
f 5821/6/2 5825/6/2 5827/6/2
f 5825/6/2 5826/6/2 5827/6/2
f 5827/6/2 5826/6/2 5828/6/2
f 5828/6/2 5826/6/2 5829/6/2
f 5822/6/2 5823/6/2 5834/6/2
f 5834/6/2 5823/6/2 5835/6/2
f 5828/6/2 5829/6/2 5836/6/2
f 5829/6/2 5830/6/2 5836/6/2
f 5836/6/2 5830/6/2 5837/6/2
f 5837/6/2 5838/6/2 5840/6/2
f 5839/6/2 5840/6/2 5841/6/2
f 5840/6/2 5838/6/2 5842/6/2
f 5841/6/2 5840/6/2 5842/6/2
f 5831/6/2 5832/6/2 5843/6/2
f 5843/6/2 5832/6/2 5844/6/2
f 5845/6/2 5846/6/2 5848/6/2
f 5848/6/2 5846/6/2 5849/6/2
f 5833/6/2 5834/6/2 5850/6/2
f 5850/6/2 5851/6/2 5852/6/2
f 5833/6/2 5850/6/2 5852/6/2
f 5852/6/2 5851/6/2 5853/6/2
f 5833/6/2 5852/6/2 5855/6/2
f 5847/6/2 5848/6/2 5856/6/2
f 5854/6/2 5855/6/2 5859/6/2
f 5859/6/2 5855/6/2 5860/6/2
f 5855/6/2 5852/6/2 5861/6/2
f 5860/6/2 5855/6/2 5861/6/2
f 5856/6/2 5857/6/2 5862/6/2
f 5847/6/2 5856/6/2 5862/6/2
f 5862/6/2 5857/6/2 5863/6/2
f 5859/6/2 5860/6/2 5866/6/2
f 5858/6/2 5859/6/2 5866/6/2
f 5866/6/2 5860/6/2 5867/6/2
f 5864/6/2 5865/6/2 5868/6/2
f 5868/6/2 5865/6/2 5869/6/2
f 5867/6/2 5860/6/2 5874/6/2
f 5874/6/2 5860/6/2 5875/6/2
f 5870/6/2 5871/6/2 5876/6/2
f 5876/6/2 5871/6/2 5877/6/2
f 5872/6/2 5873/6/2 5878/6/2
f 5878/6/2 5873/6/2 5879/6/2
f 5876/5/2 5877/5/2 5880/5/2
f 5880/5/2 5877/5/2 5881/5/2
f 5878/5/2 5879/5/2 5886/5/2
f 5886/5/2 5879/5/2 5887/5/2
f 5882/5/2 5883/5/2 5888/5/2
f 5888/5/2 5883/5/2 5889/5/2
f 5889/5/2 5883/5/2 5890/5/2
f 5884/5/2 5885/5/2 5891/5/2
f 5891/5/2 5885/5/2 5892/5/2
f 5892/5/2 5885/5/2 5893/5/2
f 5889/5/2 5890/5/2 5894/5/2
f 5891/5/2 5892/5/2 5894/5/2
f 5890/5/2 5891/5/2 5894/5/2
f 5894/5/2 5892/5/2 5895/5/2
f 5896/6/2 5897/6/2 5900/6/2
f 5898/6/2 5899/6/2 5905/6/2
f 5905/6/2 5899/6/2 5906/6/2
f 5896/6/2 5900/6/2 5907/6/2
f 5900/6/2 5901/6/2 5907/6/2
f 5907/6/2 5901/6/2 5908/6/2
f 5908/6/2 5901/6/2 5909/6/2
f 5909/6/2 5901/6/2 5910/6/2
f 5902/6/2 5903/6/2 5912/6/2
f 5912/6/2 5903/6/2 5913/6/2
f 5904/6/2 5905/6/2 5915/6/2
f 5915/6/2 5905/6/2 5916/6/2
f 5911/6/2 5912/6/2 5919/6/2
f 5919/6/2 5912/6/2 5920/6/2
f 5917/6/2 5918/6/2 5921/6/2
f 5921/6/2 5918/6/2 5922/6/2
f 5911/6/2 5919/6/2 5923/6/2
f 5923/6/2 5919/6/2 5924/6/2
f 5914/6/2 5915/6/2 5928/6/2
f 5927/6/2 5928/6/2 5930/6/2
f 5930/6/2 5928/6/2 5931/6/2
f 5928/6/2 5915/6/2 5932/6/2
f 5931/6/2 5928/6/2 5932/6/2
f 5925/6/2 5926/6/2 5933/6/2
f 5933/6/2 5926/6/2 5934/6/2
f 5930/6/2 5931/6/2 5938/6/2
f 5929/6/2 5930/6/2 5938/6/2
f 5938/6/2 5931/6/2 5939/6/2
f 5939/6/2 5931/6/2 5940/6/2
f 5935/6/2 5936/6/2 5941/6/2
f 5941/6/2 5936/6/2 5942/6/2
f 5938/6/2 5939/6/2 5944/6/2
f 5937/6/2 5938/6/2 5944/6/2
f 5943/6/2 5944/6/2 5945/6/2
f 5944/6/2 5939/6/2 5946/6/2
f 5945/6/2 5944/6/2 5946/6/2
f 5946/6/2 5939/6/2 5947/6/2
f 5947/6/2 5939/6/2 5948/6/2
f 5951/5/2 5952/5/2 5953/5/2
f 5953/5/2 5952/5/2 5954/5/2
f 5949/6/2 5950/6/2 5959/6/2
f 5959/6/2 5950/6/2 5960/6/2
f 5955/6/2 5956/6/2 5961/6/2
f 5961/6/2 5956/6/2 5962/6/2
f 5957/6/2 5958/6/2 5963/6/2
f 5963/6/2 5958/6/2 5964/6/2
f 5961/5/2 5962/5/2 5965/5/2
f 5965/5/2 5962/5/2 5966/5/2
f 5963/5/2 5964/5/2 5969/5/2
f 5969/5/2 5964/5/2 5970/5/2
f 5967/6/2 5968/6/2 5971/6/2
f 5971/6/2 5968/6/2 5972/6/2
f 5973/6/2 5974/6/2 5979/6/2
f 5979/6/2 5974/6/2 5980/6/2
f 5975/5/2 5976/5/2 5981/5/2
f 5981/5/2 5976/5/2 5982/5/2
f 5977/6/2 5978/6/2 5985/6/2
f 5985/6/2 5978/6/2 5986/6/2
f 5975/5/2 5981/5/2 5990/5/2
f 5989/5/2 5990/5/2 5991/5/2
f 5990/5/2 5981/5/2 5992/5/2
f 5991/5/2 5990/5/2 5992/5/2
f 5982/6/2 5983/6/2 5993/6/2
f 5993/6/2 5983/6/2 5994/6/2
f 5984/6/2 5985/6/2 5997/6/2
f 5997/6/2 5985/6/2 5998/6/2
f 5987/6/2 5988/6/2 5999/6/2
f 5999/6/2 5988/6/2 6000/6/2
f 5989/5/2 5991/5/2 6004/5/2
f 5994/6/2 5995/6/2 6006/6/2
f 6006/6/2 5995/6/2 6007/6/2
f 6007/6/2 5995/6/2 6008/6/2
f 6000/5/2 6001/5/2 6010/5/2
f 6001/6/2 6002/6/2 6011/6/2
f 6010/5/2 6001/5/2 6011/5/2
f 6004/5/2 5991/5/2 6012/5/2
f 6003/5/2 6004/5/2 6012/5/2
f 6005/6/2 6006/6/2 6013/6/2
f 6006/6/2 6007/6/2 6013/6/2
f 6013/6/2 6007/6/2 6014/6/2
f 6014/6/2 6007/6/2 6015/6/2
f 6009/6/2 6010/6/2 6016/6/2
f 6010/6/2 6011/6/2 6016/6/2
f 6011/6/2 6002/6/2 6017/6/2
f 6016/6/2 6011/6/2 6017/6/2
f 6003/5/2 6012/5/2 6018/5/2
f 6018/5/2 6012/5/2 6019/5/2
f 6019/5/2 6012/5/2 6020/5/2
f 6020/5/2 6012/5/2 6021/5/2
f 5996/6/2 5997/6/2 6023/6/2
f 6023/6/2 5997/6/2 6024/6/2
f 6019/5/2 6020/5/2 6025/5/2
f 6025/5/2 6020/5/2 6026/5/2
f 6009/6/2 6016/6/2 6027/6/2
f 6022/6/2 6023/6/2 6029/6/2
f 6029/6/2 6023/6/2 6030/6/2
f 6027/6/2 6028/6/2 6031/6/2
f 6009/6/2 6027/6/2 6031/6/2
f 6031/6/2 6028/6/2 6032/6/2
f 6032/6/2 6028/6/2 6033/6/2
f 6032/5/2 6033/5/2 6034/5/2
f 6036/6/2 6037/6/2 6038/6/2
f 6038/6/2 6037/6/2 6039/6/2
f 6040/6/2 6041/6/2 6042/6/2
f 6042/6/2 6041/6/2 6043/6/2
f 6032/5/2 6034/5/2 6044/5/2
f 6034/6/2 6035/6/2 6045/6/2
f 6044/5/2 6034/5/2 6045/5/2
f 6043/6/2 6041/6/2 6047/6/2
f 6045/6/2 6035/6/2 6048/6/2
f 6048/6/2 6035/6/2 6049/6/2
f 6046/6/2 6047/6/2 6055/6/2
f 6047/6/2 6041/6/2 6056/6/2
f 6055/6/2 6047/6/2 6056/6/2
f 6050/6/2 6051/6/2 6057/6/2
f 6051/6/2 6052/6/2 6057/6/2
f 6057/6/2 6052/6/2 6058/6/2
f 6053/6/2 6054/6/2 6059/6/2
f 6059/6/2 6054/6/2 6060/6/2
f 6057/5/2 6058/5/2 6061/5/2
f 6061/5/2 6058/5/2 6062/5/2
f 6059/5/2 6060/5/2 6063/5/2
f 6063/5/2 6060/5/2 6064/5/2
f 6069/5/2 6070/5/2 6073/5/2
f 6073/5/2 6070/5/2 6074/5/2
f 6071/5/2 6072/5/2 6075/5/2
f 6075/5/2 6072/5/2 6076/5/2
f 6065/5/2 6066/5/2 6077/5/2
f 6077/5/2 6066/5/2 6078/5/2
f 6067/5/2 6068/5/2 6079/5/2
f 6079/5/2 6068/5/2 6080/5/2
f 6074/5/2 6070/5/2 6081/5/2
f 6071/5/2 6075/5/2 6082/5/2
f 6078/5/2 6066/5/2 6083/5/2
f 6067/5/2 6079/5/2 6084/5/2
f 6081/5/2 6082/5/2 6085/5/2
f 6074/5/2 6081/5/2 6085/5/2
f 6085/5/2 6082/5/2 6086/5/2
f 6086/5/2 6082/5/2 6087/5/2
f 6082/5/2 6075/5/2 6088/5/2
f 6087/5/2 6082/5/2 6088/5/2
f 6083/5/2 6084/5/2 6089/5/2
f 6078/5/2 6083/5/2 6089/5/2
f 6089/5/2 6084/5/2 6090/5/2
f 6090/5/2 6084/5/2 6091/5/2
f 6084/5/2 6079/5/2 6092/5/2
f 6091/5/2 6084/5/2 6092/5/2
f 6086/5/2 6087/5/2 6094/5/2
f 6093/5/2 6094/5/2 6097/5/2
f 6094/5/2 6087/5/2 6098/5/2
f 6097/5/2 6094/5/2 6098/5/2
f 6090/5/2 6091/5/2 6100/5/2
f 6100/5/2 6091/5/2 6101/5/2
f 6095/5/2 6096/5/2 6104/5/2
f 6104/5/2 6096/5/2 6105/5/2
f 6105/5/2 6096/5/2 6106/5/2
f 6101/5/2 6102/5/2 6107/5/2
f 6099/5/2 6100/5/2 6107/5/2
f 6100/5/2 6101/5/2 6107/5/2
f 6107/5/2 6102/5/2 6108/5/2
f 6098/5/2 6087/5/2 6109/5/2
f 6109/5/2 6087/5/2 6110/5/2
f 6108/5/2 6102/5/2 6111/5/2
f 6104/5/2 6105/5/2 6112/5/2
f 6103/5/2 6104/5/2 6112/5/2
f 6099/5/2 6107/5/2 6113/5/2
f 6113/5/2 6107/5/2 6114/5/2
f 6108/5/2 6111/5/2 6115/5/2
f 6111/5/2 6112/5/2 6115/5/2
f 6112/5/2 6105/5/2 6116/5/2
f 6115/5/2 6112/5/2 6116/5/2
f 6098/5/2 6109/5/2 6119/5/2
f 6119/5/2 6109/5/2 6120/5/2
f 6114/5/2 6107/5/2 6121/5/2
f 6121/5/2 6107/5/2 6122/5/2
f 6122/5/2 6107/5/2 6123/5/2
f 6117/5/2 6118/5/2 6125/5/2
f 6123/5/2 6124/5/2 6127/5/2
f 6122/5/2 6123/5/2 6127/5/2
f 6127/5/2 6128/5/2 6129/5/2
f 6129/5/2 6130/5/2 6131/5/2
f 6125/5/2 6126/5/2 6133/5/2
f 6117/5/2 6125/5/2 6133/5/2
f 6133/5/2 6126/5/2 6134/5/2
f 6134/5/2 6126/5/2 6135/5/2
f 6131/5/2 6132/5/2 6137/5/2
f 6129/5/2 6131/5/2 6137/5/2
f 6122/5/2 6127/5/2 6137/5/2
f 6127/5/2 6129/5/2 6137/5/2
f 6137/5/2 6132/5/2 6138/5/2
f 6135/5/2 6136/5/2 6139/5/2
f 6134/5/2 6135/5/2 6139/5/2
f 6139/5/2 6136/5/2 6140/5/2
f 6122/5/2 6137/5/2 6143/5/2
f 6143/5/2 6137/5/2 6144/5/2
f 6141/6/2 6142/6/2 6145/6/2
f 6145/6/2 6142/6/2 6146/6/2
f 6146/6/2 6142/6/2 6147/6/2
f 6122/5/2 6143/5/2 6149/5/2
f 6147/6/2 6148/6/2 6152/6/2
f 6146/6/2 6147/6/2 6152/6/2
f 6152/6/2 6148/6/2 6153/6/2
f 6153/6/2 6148/6/2 6154/6/2
f 6149/5/2 6150/5/2 6155/5/2
f 6122/5/2 6149/5/2 6155/5/2
f 6155/5/2 6150/5/2 6156/5/2
f 6152/6/2 6153/6/2 6161/6/2
f 6151/6/2 6152/6/2 6161/6/2
f 6161/6/2 6153/6/2 6162/6/2
f 6157/6/2 6158/6/2 6163/6/2
f 6163/6/2 6158/6/2 6164/6/2
f 6159/6/2 6160/6/2 6165/6/2
f 6165/6/2 6160/6/2 6166/6/2
f 6163/5/2 6164/5/2 6167/5/2
f 6167/5/2 6164/5/2 6168/5/2
f 6165/5/2 6166/5/2 6169/5/2
f 6169/5/2 6166/5/2 6170/5/2
f 6173/6/2 6174/6/2 6175/6/2
f 6175/6/2 6174/6/2 6176/6/2
f 6171/6/2 6172/6/2 6177/6/2
f 6177/6/2 6172/6/2 6178/6/2
f 6179/5/2 6180/5/2 6182/5/2
f 6182/5/2 6180/5/2 6183/5/2
f 6183/5/2 6180/5/2 6184/5/2
f 6185/5/2 6186/5/2 6187/5/2
f 6181/5/2 6182/5/2 6188/5/2
f 6182/5/2 6183/5/2 6188/5/2
f 6188/5/2 6183/5/2 6189/5/2
f 6187/5/2 6188/5/2 6191/5/2
f 6189/5/2 6190/5/2 6191/5/2
f 6188/5/2 6189/5/2 6191/5/2
f 6191/5/2 6190/5/2 6192/5/2
f 6192/5/2 6190/5/2 6193/5/2
f 6193/5/2 6190/5/2 6194/5/2
f 6194/5/2 6190/5/2 6195/5/2
f 6184/5/2 6180/5/2 6196/5/2
f 6185/5/2 6187/5/2 6197/5/2
f 6187/5/2 6191/5/2 6197/5/2
f 6197/5/2 6191/5/2 6198/5/2
f 6192/5/2 6193/5/2 6199/5/2
f 6199/5/2 6193/5/2 6200/5/2
f 6195/5/2 6196/5/2 6201/5/2
f 6194/5/2 6195/5/2 6201/5/2
f 6196/5/2 6180/5/2 6202/5/2
f 6201/5/2 6196/5/2 6202/5/2
f 6198/5/2 6191/5/2 6203/5/2
f 6203/5/2 6191/5/2 6204/5/2
f 6204/5/2 6191/5/2 6205/5/2
f 6205/5/2 6191/5/2 6206/5/2
f 6206/5/2 6191/5/2 6207/5/2
f 6207/5/2 6208/5/2 6209/5/2
f 6206/5/2 6207/5/2 6209/5/2
f 6209/5/2 6208/5/2 6210/5/2
f 6210/5/2 6208/5/2 6211/5/2
f 6200/5/2 6193/5/2 6212/5/2
f 6210/5/2 6211/5/2 6213/5/2
f 6211/5/2 6212/5/2 6213/5/2
f 6212/5/2 6193/5/2 6213/5/2
f 6210/5/2 6213/5/2 6217/5/2
f 6213/5/2 6214/5/2 6217/5/2
f 6217/5/2 6214/5/2 6218/5/2
f 6215/6/2 6216/6/2 6222/6/2
f 6222/6/2 6216/6/2 6223/6/2
f 6223/6/2 6216/6/2 6224/6/2
f 6219/6/2 6220/6/2 6225/6/2
f 6225/6/2 6220/6/2 6226/6/2
f 6226/6/2 6220/6/2 6227/6/2
f 6221/6/2 6222/6/2 6229/6/2
f 6222/6/2 6223/6/2 6229/6/2
f 6229/6/2 6223/6/2 6230/6/2
f 6230/6/2 6223/6/2 6231/6/2
f 6227/6/2 6228/6/2 6234/6/2
f 6226/6/2 6227/6/2 6234/6/2
f 6234/6/2 6228/6/2 6235/6/2
f 6235/6/2 6228/6/2 6236/6/2
f 6231/6/2 6232/6/2 6237/6/2
f 6230/6/2 6231/6/2 6237/6/2
f 6237/6/2 6232/6/2 6238/6/2
f 6234/6/2 6235/6/2 6241/6/2
f 6233/6/2 6234/6/2 6241/6/2
f 6241/6/2 6235/6/2 6242/6/2
f 6239/5/2 6240/5/2 6243/5/2
f 6243/5/2 6240/5/2 6244/5/2
f 6245/6/2 6246/6/2 6247/6/2
f 6247/6/2 6246/6/2 6248/6/2
f 6248/6/2 6246/6/2 6251/6/2
f 6251/6/2 6246/6/2 6252/6/2
f 6249/6/2 6250/6/2 6253/6/2
f 6249/6/2 6253/6/2 6255/6/2
f 6253/6/2 6254/6/2 6255/6/2
f 6255/6/2 6254/6/2 6256/6/2
f 6256/6/2 6254/6/2 6257/6/2
f 6257/6/2 6254/6/2 6258/6/2
f 6259/6/2 6260/6/2 6262/6/2
f 6262/6/2 6260/6/2 6263/6/2
f 6263/6/2 6260/6/2 6264/6/2
f 6264/6/2 6260/6/2 6265/6/2
f 6261/6/2 6262/6/2 6267/6/2
f 6262/6/2 6263/6/2 6267/6/2
f 6267/6/2 6263/6/2 6268/6/2
f 6268/6/2 6263/6/2 6269/6/2
f 6264/6/2 6265/6/2 6270/6/2
f 6265/6/2 6266/6/2 6270/6/2
f 6270/6/2 6266/6/2 6271/6/2
f 6271/6/2 6266/6/2 6272/6/2
f 6268/6/2 6269/6/2 6273/6/2
f 6270/6/2 6271/6/2 6273/6/2
f 6269/6/2 6270/6/2 6273/6/2
f 6273/6/2 6271/6/2 6274/6/2
f 6275/5/2 6276/5/2 6277/5/2
f 6277/5/2 6276/5/2 6278/5/2
f 6281/3/3 6280/3/3 6279/3/3
f 6282/3/3 6280/3/3 6281/3/3
f 6283/3/3 6281/3/3 6279/3/3
f 6284/3/3 6281/3/3 6283/3/3
f 6285/1/3 6282/1/3 6281/1/3
f 6285/3/3 6281/3/3 6284/3/3
f 6286/1/3 6282/1/3 6285/1/3
f 6287/5/3 6284/5/3 6283/5/3
f 6288/7/3 6285/7/3 6284/7/3
f 6288/5/3 6284/5/3 6287/5/3
f 6289/3/3 6286/3/3 6285/3/3
f 6289/7/3 6285/7/3 6288/7/3
f 6290/3/3 6286/3/3 6289/3/3
f 6291/2/3 6288/2/3 6287/2/3
f 6291/2/3 6289/2/3 6288/2/3
f 6291/2/3 6290/2/3 6289/2/3
f 6292/2/3 6290/2/3 6291/2/3
f 6293/2/3 6291/2/3 6287/2/3
f 6294/5/3 6292/5/3 6291/5/3
f 6294/2/3 6291/2/3 6293/2/3
f 6295/5/3 6294/5/3 6293/5/3
f 6296/5/3 6292/5/3 6294/5/3
f 6296/5/3 6294/5/3 6295/5/3
f 6299/2/3 6298/2/3 6297/2/3
f 6300/2/3 6298/2/3 6299/2/3
f 6301/5/3 6300/5/3 6299/5/3
f 6302/5/3 6300/5/3 6301/5/3
f 6306/2/3 6304/2/3 6303/2/3
f 6307/6/3 6305/6/3 6304/6/3
f 6307/2/3 6304/2/3 6306/2/3
f 6309/2/3 6306/2/3 6303/2/3
f 6310/6/3 6307/6/3 6306/6/3
f 6310/2/3 6306/2/3 6309/2/3
f 6311/6/3 6305/6/3 6307/6/3
f 6311/6/3 6307/6/3 6310/6/3
f 6312/6/3 6305/6/3 6311/6/3
f 6316/1/3 6310/1/3 6309/1/3
f 6316/1/3 6309/1/3 6308/1/3
f 6317/1/3 6310/1/3 6316/1/3
f 6318/6/3 6311/6/3 6310/6/3
f 6318/1/3 6310/1/3 6317/1/3
f 6319/7/3 6312/7/3 6311/7/3
f 6319/6/3 6311/6/3 6318/6/3
f 6320/3/3 6313/3/3 6312/3/3
f 6320/7/3 6312/7/3 6319/7/3
f 6321/3/3 6317/3/3 6316/3/3
f 6322/3/3 6317/3/3 6321/3/3
f 6323/3/3 6313/3/3 6320/3/3
f 6324/3/3 6313/3/3 6323/3/3
f 6325/6/3 6322/6/3 6321/6/3
f 6326/7/3 6324/7/3 6323/7/3
f 6327/7/3 6324/7/3 6326/7/3
f 6328/6/3 6325/6/3 6321/6/3
f 6329/3/3 6327/3/3 6326/3/3
f 6330/3/3 6327/3/3 6329/3/3
f 6331/6/3 6328/6/3 6321/6/3
f 6332/6/3 6328/6/3 6331/6/3
f 6333/2/3 6330/2/3 6329/2/3
f 6334/2/3 6330/2/3 6333/2/3
f 6335/5/3 6315/5/3 6314/5/3
f 6336/5/3 6315/5/3 6335/5/3
f 6337/2/3 6332/2/3 6331/2/3
f 6338/2/3 6332/2/3 6337/2/3
f 6339/7/3 6334/7/3 6333/7/3
f 6340/7/3 6334/7/3 6339/7/3
f 6341/6/3 6338/6/3 6337/6/3
f 6342/6/3 6338/6/3 6341/6/3
f 6343/6/3 6340/6/3 6339/6/3
f 6344/6/3 6340/6/3 6343/6/3
f 6345/2/3 6336/2/3 6335/2/3
f 6345/5/3 6335/5/3 6314/5/3
f 6346/2/3 6336/2/3 6345/2/3
f 6347/1/3 6344/1/3 6343/1/3
f 6347/1/3 6342/1/3 6341/1/3
f 6347/1/3 6343/1/3 6342/1/3
f 6348/1/3 6344/1/3 6347/1/3
f 6349/1/3 6344/1/3 6348/1/3
f 6350/2/3 6348/2/3 6347/2/3
f 6351/2/3 6348/2/3 6350/2/3
f 6352/3/3 6349/3/3 6348/3/3
f 6352/2/3 6348/2/3 6351/2/3
f 6353/3/3 6349/3/3 6352/3/3
f 6354/3/3 6349/3/3 6353/3/3
f 6355/6/3 6351/6/3 6350/6/3
f 6356/2/3 6354/2/3 6353/2/3
f 6357/2/3 6354/2/3 6356/2/3
f 6358/5/3 6346/5/3 6345/5/3
f 6358/5/3 6345/5/3 6314/5/3
f 6359/5/3 6346/5/3 6358/5/3
f 6360/7/3 6359/7/3 6358/7/3
f 6361/7/3 6359/7/3 6360/7/3
f 6362/5/3 6361/5/3 6360/5/3
f 6363/5/3 6361/5/3 6362/5/3
f 6364/6/3 6355/6/3 6350/6/3
f 6365/6/3 6357/6/3 6356/6/3
f 6366/6/3 6364/6/3 6350/6/3
f 6366/6/3 6365/6/3 6364/6/3
f 6367/6/3 6365/6/3 6366/6/3
f 6368/6/3 6357/6/3 6365/6/3
f 6368/6/3 6365/6/3 6367/6/3
f 6369/6/3 6357/6/3 6368/6/3
f 6370/6/3 6368/6/3 6367/6/3
f 6371/6/3 6368/6/3 6370/6/3
f 6377/5/3 6373/5/3 6372/5/3
f 6378/2/3 6374/2/3 6373/2/3
f 6378/5/3 6373/5/3 6377/5/3
f 6379/2/3 6374/2/3 6378/2/3
f 6380/2/3 6374/2/3 6379/2/3
f 6381/2/3 6374/2/3 6380/2/3
f 6382/5/3 6381/5/3 6380/5/3
f 6383/5/3 6381/5/3 6382/5/3
f 6385/5/3 6376/5/3 6375/5/3
f 6387/5/3 6377/5/3 6372/5/3
f 6388/5/3 6377/5/3 6387/5/3
f 6389/7/3 6383/7/3 6382/7/3
f 6390/1/3 6384/1/3 6383/1/3
f 6390/7/3 6383/7/3 6389/7/3
f 6391/1/3 6384/1/3 6390/1/3
f 6392/5/3 6386/5/3 6385/5/3
f 6392/5/3 6385/5/3 6375/5/3
f 6393/5/3 6386/5/3 6392/5/3
f 6396/3/3 6391/3/3 6390/3/3
f 6397/3/3 6391/3/3 6396/3/3
f 6398/5/3 6386/5/3 6393/5/3
f 6400/3/3 6395/3/3 6394/3/3
f 6401/3/3 6395/3/3 6400/3/3
f 6402/7/3 6397/7/3 6396/7/3
f 6403/7/3 6397/7/3 6402/7/3
f 6404/6/3 6401/6/3 6400/6/3
f 6405/6/3 6401/6/3 6404/6/3
f 6406/5/3 6403/5/3 6402/5/3
f 6407/5/3 6403/5/3 6406/5/3
f 6408/7/3 6407/7/3 6406/7/3
f 6409/7/3 6407/7/3 6408/7/3
f 6410/2/3 6405/2/3 6404/2/3
f 6411/2/3 6405/2/3 6410/2/3
f 6412/2/3 6409/2/3 6408/2/3
f 6413/2/3 6409/2/3 6412/2/3
f 6414/5/3 6399/5/3 6398/5/3
f 6414/5/3 6398/5/3 6393/5/3
f 6415/6/3 6411/6/3 6410/6/3
f 6416/3/3 6413/3/3 6412/3/3
f 6417/3/3 6413/3/3 6416/3/3
f 6418/1/3 6417/1/3 6416/1/3
f 6419/1/3 6417/1/3 6418/1/3
f 6420/5/3 6399/5/3 6414/5/3
f 6421/5/3 6399/5/3 6420/5/3
f 6422/5/3 6399/5/3 6421/5/3
f 6423/6/3 6415/6/3 6410/6/3
f 6424/6/3 6415/6/3 6423/6/3
f 6425/5/3 6419/5/3 6418/5/3
f 6426/5/3 6419/5/3 6425/5/3
f 6427/2/3 6421/2/3 6420/2/3
f 6428/1/3 6426/1/3 6425/1/3
f 6429/1/3 6426/1/3 6428/1/3
f 6430/2/3 6421/2/3 6427/2/3
f 6434/3/3 6429/3/3 6428/3/3
f 6435/3/3 6429/3/3 6434/3/3
f 6436/2/3 6430/2/3 6427/2/3
f 6436/2/3 6431/2/3 6430/2/3
f 6437/2/3 6431/2/3 6436/2/3
f 6438/2/3 6435/2/3 6434/2/3
f 6439/2/3 6435/2/3 6438/2/3
f 6440/5/3 6437/5/3 6436/5/3
f 6441/2/3 6431/2/3 6437/2/3
f 6441/5/3 6437/5/3 6440/5/3
f 6442/7/3 6441/7/3 6440/7/3
f 6442/2/3 6431/2/3 6441/2/3
f 6443/2/3 6431/2/3 6442/2/3
f 6444/7/3 6442/7/3 6440/7/3
f 6445/3/3 6443/3/3 6442/3/3
f 6445/7/3 6442/7/3 6444/7/3
f 6446/3/3 6443/3/3 6445/3/3
f 6447/5/3 6445/5/3 6444/5/3
f 6447/5/3 6446/5/3 6445/5/3
f 6448/5/3 6446/5/3 6447/5/3
f 6450/5/3 6447/5/3 6444/5/3
f 6451/6/3 6433/6/3 6432/6/3
f 6452/6/3 6433/6/3 6451/6/3
f 6453/5/3 6450/5/3 6449/5/3
f 6453/5/3 6447/5/3 6450/5/3
f 6454/5/3 6447/5/3 6453/5/3
f 6458/5/3 6439/5/3 6438/5/3
f 6459/5/3 6458/5/3 6457/5/3
f 6459/5/3 6439/5/3 6458/5/3
f 6460/5/3 6439/5/3 6459/5/3
f 6461/5/3 6453/5/3 6449/5/3
f 6462/5/3 6453/5/3 6461/5/3
f 6463/5/3 6456/5/3 6455/5/3
f 6464/5/3 6459/5/3 6457/5/3
f 6465/5/3 6464/5/3 6463/5/3
f 6465/5/3 6463/5/3 6455/5/3
f 6466/5/3 6459/5/3 6464/5/3
f 6466/5/3 6464/5/3 6465/5/3
f 6471/6/3 6468/6/3 6467/6/3
f 6473/6/3 6470/6/3 6469/6/3
f 6474/6/3 6470/6/3 6473/6/3
f 6475/6/3 6470/6/3 6474/6/3
f 6476/6/3 6470/6/3 6475/6/3
f 6477/6/3 6472/6/3 6471/6/3
f 6477/6/3 6471/6/3 6467/6/3
f 6478/6/3 6472/6/3 6477/6/3
f 6481/2/3 6476/2/3 6475/2/3
f 6482/6/3 6472/6/3 6478/6/3
f 6484/6/3 6480/6/3 6479/6/3
f 6485/6/3 6480/6/3 6484/6/3
f 6486/2/3 6476/2/3 6481/2/3
f 6487/2/3 6476/2/3 6486/2/3
f 6488/6/3 6483/6/3 6482/6/3
f 6488/6/3 6482/6/3 6478/6/3
f 6489/6/3 6483/6/3 6488/6/3
f 6490/1/3 6485/1/3 6484/1/3
f 6491/1/3 6485/1/3 6490/1/3
f 6495/3/3 6491/3/3 6490/3/3
f 6496/3/3 6491/3/3 6495/3/3
f 6497/3/3 6493/3/3 6492/3/3
f 6498/5/3 6494/5/3 6493/5/3
f 6498/3/3 6493/3/3 6497/3/3
f 6499/6/3 6483/6/3 6489/6/3
f 6500/6/3 6483/6/3 6499/6/3
f 6501/5/3 6498/5/3 6497/5/3
f 6502/5/3 6498/5/3 6501/5/3
f 6503/5/3 6498/5/3 6502/5/3
f 6504/5/3 6494/5/3 6498/5/3
f 6504/5/3 6498/5/3 6503/5/3
f 6505/2/3 6504/2/3 6503/2/3
f 6506/2/3 6504/2/3 6505/2/3
f 6507/2/3 6504/2/3 6506/2/3
f 6508/2/3 6504/2/3 6507/2/3
f 6509/5/3 6494/5/3 6504/5/3
f 6509/2/3 6504/2/3 6508/2/3
f 6510/5/3 6494/5/3 6509/5/3
f 6511/3/3 6506/3/3 6505/3/3
f 6512/7/3 6507/7/3 6506/7/3
f 6512/3/3 6506/3/3 6511/3/3
f 6513/5/3 6508/5/3 6507/5/3
f 6513/7/3 6507/7/3 6512/7/3
f 6514/2/3 6509/2/3 6508/2/3
f 6514/5/3 6508/5/3 6513/5/3
f 6514/2/3 6510/2/3 6509/2/3
f 6515/2/3 6510/2/3 6514/2/3
f 6516/3/3 6512/3/3 6511/3/3
f 6516/3/3 6513/3/3 6512/3/3
f 6517/3/3 6513/3/3 6516/3/3
f 6518/5/3 6515/5/3 6514/5/3
f 6518/3/3 6513/3/3 6517/3/3
f 6518/5/3 6514/5/3 6513/5/3
f 6519/5/3 6515/5/3 6518/5/3
f 6520/2/3 6510/2/3 6515/2/3
f 6520/5/3 6515/5/3 6519/5/3
f 6523/1/3 6517/1/3 6516/1/3
f 6524/3/3 6519/3/3 6518/3/3
f 6524/1/3 6517/1/3 6523/1/3
f 6524/3/3 6518/3/3 6517/3/3
f 6525/3/3 6519/3/3 6524/3/3
f 6526/2/3 6510/2/3 6520/2/3
f 6526/2/3 6520/2/3 6519/2/3
f 6527/5/3 6494/5/3 6510/5/3
f 6527/2/3 6510/2/3 6526/2/3
f 6528/1/3 6525/1/3 6524/1/3
f 6528/1/3 6524/1/3 6523/1/3
f 6529/3/3 6519/3/3 6525/3/3
f 6529/1/3 6525/1/3 6528/1/3
f 6530/2/3 6526/2/3 6519/2/3
f 6530/5/3 6527/5/3 6526/5/3
f 6531/5/3 6494/5/3 6527/5/3
f 6531/5/3 6527/5/3 6530/5/3
f 6532/5/3 6494/5/3 6531/5/3
f 6533/6/3 6522/6/3 6521/6/3
f 6534/6/3 6522/6/3 6533/6/3
f 6535/3/3 6529/3/3 6528/3/3
f 6536/3/3 6529/3/3 6535/3/3
f 6537/3/3 6519/3/3 6529/3/3
f 6537/3/3 6529/3/3 6536/3/3
f 6538/2/3 6530/2/3 6519/2/3
f 6538/3/3 6519/3/3 6537/3/3
f 6538/2/3 6531/2/3 6530/2/3
f 6539/2/3 6531/2/3 6538/2/3
f 6540/7/3 6532/7/3 6531/7/3
f 6540/2/3 6531/2/3 6539/2/3
f 6541/5/3 6494/5/3 6532/5/3
f 6541/7/3 6532/7/3 6540/7/3
f 6542/5/3 6494/5/3 6541/5/3
f 6543/5/3 6494/5/3 6542/5/3
f 6544/2/3 6536/2/3 6535/2/3
f 6545/5/3 6537/5/3 6536/5/3
f 6545/2/3 6536/2/3 6544/2/3
f 6546/3/3 6539/3/3 6538/3/3
f 6546/5/3 6537/5/3 6545/5/3
f 6546/3/3 6538/3/3 6537/3/3
f 6547/2/3 6540/2/3 6539/2/3
f 6547/3/3 6539/3/3 6546/3/3
f 6548/3/3 6542/3/3 6541/3/3
f 6548/2/3 6540/2/3 6547/2/3
f 6548/3/3 6541/3/3 6540/3/3
f 6549/3/3 6542/3/3 6548/3/3
f 6550/7/3 6543/7/3 6542/7/3
f 6550/3/3 6542/3/3 6549/3/3
f 6551/5/3 6494/5/3 6543/5/3
f 6551/7/3 6543/7/3 6550/7/3
f 6552/5/3 6494/5/3 6551/5/3
f 6553/2/3 6546/2/3 6545/2/3
f 6553/2/3 6545/2/3 6544/2/3
f 6553/2/3 6547/2/3 6546/2/3
f 6553/2/3 6548/2/3 6547/2/3
f 6554/2/3 6548/2/3 6553/2/3
f 6555/1/3 6549/1/3 6548/1/3
f 6555/2/3 6548/2/3 6554/2/3
f 6556/3/3 6550/3/3 6549/3/3
f 6556/1/3 6549/1/3 6555/1/3
f 6556/3/3 6551/3/3 6550/3/3
f 6557/3/3 6551/3/3 6556/3/3
f 6558/7/3 6552/7/3 6551/7/3
f 6558/3/3 6551/3/3 6557/3/3
f 6559/5/3 6494/5/3 6552/5/3
f 6559/7/3 6552/7/3 6558/7/3
f 6560/5/3 6494/5/3 6559/5/3
f 6561/2/3 6555/2/3 6554/2/3
f 6561/5/3 6554/5/3 6553/5/3
f 6561/2/3 6556/2/3 6555/2/3
f 6562/2/3 6556/2/3 6561/2/3
f 6563/1/3 6557/1/3 6556/1/3
f 6563/2/3 6556/2/3 6562/2/3
f 6564/3/3 6558/3/3 6557/3/3
f 6564/1/3 6557/1/3 6563/1/3
f 6564/3/3 6559/3/3 6558/3/3
f 6565/3/3 6559/3/3 6564/3/3
f 6566/7/3 6560/7/3 6559/7/3
f 6566/3/3 6559/3/3 6565/3/3
f 6567/5/3 6494/5/3 6560/5/3
f 6567/7/3 6560/7/3 6566/7/3
f 6568/5/3 6494/5/3 6567/5/3
f 6569/2/3 6563/2/3 6562/2/3
f 6569/5/3 6562/5/3 6561/5/3
f 6569/2/3 6564/2/3 6563/2/3
f 6570/2/3 6564/2/3 6569/2/3
f 6571/7/3 6565/7/3 6564/7/3
f 6571/2/3 6564/2/3 6570/2/3
f 6572/1/3 6566/1/3 6565/1/3
f 6572/7/3 6565/7/3 6571/7/3
f 6573/3/3 6568/3/3 6567/3/3
f 6573/1/3 6566/1/3 6572/1/3
f 6573/3/3 6567/3/3 6566/3/3
f 6574/3/3 6568/3/3 6573/3/3
f 6575/5/3 6494/5/3 6568/5/3
f 6575/3/3 6568/3/3 6574/3/3
f 6576/5/3 6494/5/3 6575/5/3
f 6577/2/3 6571/2/3 6570/2/3
f 6577/5/3 6570/5/3 6569/5/3
f 6577/2/3 6572/2/3 6571/2/3
f 6578/2/3 6572/2/3 6577/2/3
f 6579/7/3 6573/7/3 6572/7/3
f 6579/2/3 6572/2/3 6578/2/3
f 6580/1/3 6574/1/3 6573/1/3
f 6580/7/3 6573/7/3 6579/7/3
f 6581/3/3 6575/3/3 6574/3/3
f 6581/1/3 6574/1/3 6580/1/3
f 6582/7/3 6576/7/3 6575/7/3
f 6582/3/3 6575/3/3 6581/3/3
f 6583/5/3 6494/5/3 6576/5/3
f 6583/7/3 6576/7/3 6582/7/3
f 6584/5/3 6494/5/3 6583/5/3
f 6587/2/3 6579/2/3 6578/2/3
f 6587/2/3 6580/2/3 6579/2/3
f 6587/5/3 6578/5/3 6577/5/3
f 6588/2/3 6580/2/3 6587/2/3
f 6589/7/3 6581/7/3 6580/7/3
f 6589/2/3 6580/2/3 6588/2/3
f 6590/1/3 6582/1/3 6581/1/3
f 6590/7/3 6581/7/3 6589/7/3
f 6591/3/3 6584/3/3 6583/3/3
f 6591/1/3 6582/1/3 6590/1/3
f 6591/3/3 6583/3/3 6582/3/3
f 6592/3/3 6584/3/3 6591/3/3
f 6595/2/3 6589/2/3 6588/2/3
f 6595/5/3 6588/5/3 6587/5/3
f 6595/2/3 6590/2/3 6589/2/3
f 6595/2/3 6591/2/3 6590/2/3
f 6596/2/3 6591/2/3 6595/2/3
f 6597/1/3 6592/1/3 6591/1/3
f 6597/2/3 6591/2/3 6596/2/3
f 6598/3/3 6584/3/3 6592/3/3
f 6598/1/3 6592/1/3 6597/1/3
f 6599/3/3 6584/3/3 6598/3/3
f 6601/6/3 6586/6/3 6585/6/3
f 6602/6/3 6594/6/3 6593/6/3
f 6603/5/3 6561/5/3 6553/5/3
f 6603/5/3 6569/5/3 6561/5/3
f 6603/5/3 6596/5/3 6595/5/3
f 6603/5/3 6577/5/3 6569/5/3
f 6603/5/3 6587/5/3 6577/5/3
f 6603/5/3 6595/5/3 6587/5/3
f 6604/2/3 6597/2/3 6596/2/3
f 6604/5/3 6596/5/3 6603/5/3
f 6604/2/3 6598/2/3 6597/2/3
f 6605/1/3 6599/1/3 6598/1/3
f 6605/2/3 6598/2/3 6604/2/3
f 6606/1/3 6599/1/3 6605/1/3
f 6607/6/3 6601/6/3 6600/6/3
f 6607/6/3 6586/6/3 6601/6/3
f 6608/6/3 6586/6/3 6607/6/3
f 6612/6/3 6607/6/3 6600/6/3
f 6613/6/3 6602/6/3 6593/6/3
f 6614/6/3 6602/6/3 6613/6/3
f 6615/6/3 6612/6/3 6611/6/3
f 6615/6/3 6607/6/3 6612/6/3
f 6616/6/3 6607/6/3 6615/6/3
f 6618/6/3 6610/6/3 6609/6/3
f 6619/6/3 6618/6/3 6617/6/3
f 6620/6/3 6610/6/3 6618/6/3
f 6620/6/3 6618/6/3 6619/6/3
f 6621/6/3 6615/6/3 6611/6/3
f 6622/6/3 6615/6/3 6621/6/3
f 6625/6/3 6624/6/3 6623/6/3
f 6627/6/3 6625/6/3 6623/6/3
f 6627/6/3 6626/6/3 6625/6/3
f 6628/6/3 6626/6/3 6627/6/3
f 6631/6/3 6626/6/3 6628/6/3
f 6633/6/3 6630/6/3 6629/6/3
f 6634/6/3 6630/6/3 6633/6/3
f 6642/6/3 6632/6/3 6631/6/3
f 6642/6/3 6631/6/3 6628/6/3
f 6643/6/3 6632/6/3 6642/6/3
f 6644/6/3 6635/6/3 6634/6/3
f 6645/6/3 6635/6/3 6644/6/3
f 6646/1/3 6636/1/3 6635/1/3
f 6646/6/3 6635/6/3 6645/6/3
f 6647/1/3 6636/1/3 6646/1/3
f 6648/7/3 6637/7/3 6636/7/3
f 6648/1/3 6636/1/3 6647/1/3
f 6649/7/3 6637/7/3 6648/7/3
f 6650/3/3 6638/3/3 6637/3/3
f 6650/7/3 6637/7/3 6649/7/3
f 6651/2/3 6639/2/3 6638/2/3
f 6651/3/3 6638/3/3 6650/3/3
f 6652/3/3 6640/3/3 6639/3/3
f 6652/2/3 6639/2/3 6651/2/3
f 6653/7/3 6641/7/3 6640/7/3
f 6653/3/3 6640/3/3 6652/3/3
f 6654/7/3 6641/7/3 6653/7/3
f 6655/2/3 6645/2/3 6644/2/3
f 6655/1/3 6647/1/3 6646/1/3
f 6655/1/3 6646/1/3 6645/1/3
f 6656/7/3 6649/7/3 6648/7/3
f 6656/1/3 6647/1/3 6655/1/3
f 6656/7/3 6648/7/3 6647/7/3
f 6657/3/3 6650/3/3 6649/3/3
f 6657/7/3 6649/7/3 6656/7/3
f 6658/2/3 6651/2/3 6650/2/3
f 6658/3/3 6650/3/3 6657/3/3
f 6659/7/3 6652/7/3 6651/7/3
f 6659/2/3 6651/2/3 6658/2/3
f 6660/6/3 6654/6/3 6653/6/3
f 6660/7/3 6652/7/3 6659/7/3
f 6660/6/3 6653/6/3 6652/6/3
f 6661/6/3 6654/6/3 6660/6/3
f 6663/6/3 6632/6/3 6643/6/3
f 6664/6/3 6632/6/3 6663/6/3
f 6665/2/3 6658/2/3 6657/2/3
f 6665/2/3 6657/2/3 6656/2/3
f 6665/2/3 6656/2/3 6655/2/3
f 6665/2/3 6655/2/3 6644/2/3
f 6666/2/3 6658/2/3 6665/2/3
f 6667/2/3 6658/2/3 6666/2/3
f 6668/6/3 6660/6/3 6659/6/3
f 6668/2/3 6658/2/3 6667/2/3
f 6668/6/3 6662/6/3 6661/6/3
f 6668/6/3 6661/6/3 6660/6/3
f 6668/6/3 6659/6/3 6658/6/3
f 6669/6/3 6662/6/3 6668/6/3
f 6671/3/3 6666/3/3 6665/3/3
f 6672/3/3 6666/3/3 6671/3/3
f 6673/7/3 6667/7/3 6666/7/3
f 6673/3/3 6666/3/3 6672/3/3
f 6674/6/3 6670/6/3 6669/6/3
f 6674/7/3 6667/7/3 6673/7/3
f 6674/6/3 6669/6/3 6668/6/3
f 6674/6/3 6668/6/3 6667/6/3
f 6675/6/3 6670/6/3 6674/6/3
f 6679/2/3 6678/2/3 6677/2/3
f 6680/5/3 6677/5/3 6676/5/3
f 6680/2/3 6679/2/3 6677/2/3
f 6681/2/3 6679/2/3 6680/2/3
f 6682/5/3 6680/5/3 6676/5/3
f 6682/5/3 6681/5/3 6680/5/3
f 6683/5/3 6681/5/3 6682/5/3
f 6684/5/3 6682/5/3 6676/5/3
f 6685/2/3 6683/2/3 6682/2/3
f 6685/5/3 6682/5/3 6684/5/3
f 6686/2/3 6683/2/3 6685/2/3
f 6687/2/3 6683/2/3 6686/2/3
f 6688/2/3 6683/2/3 6687/2/3
f 6689/2/3 6683/2/3 6688/2/3
f 6690/2/3 6683/2/3 6689/2/3
f 6692/2/3 6685/2/3 6684/2/3
f 6692/2/3 6686/2/3 6685/2/3
f 6693/5/3 6687/5/3 6686/5/3
f 6693/2/3 6686/2/3 6692/2/3
f 6694/7/3 6688/7/3 6687/7/3
f 6694/5/3 6687/5/3 6693/5/3
f 6695/1/3 6689/1/3 6688/1/3
f 6695/7/3 6688/7/3 6694/7/3
f 6696/2/3 6690/2/3 6689/2/3
f 6696/1/3 6689/1/3 6695/1/3
f 6696/2/3 6691/2/3 6690/2/3
f 6697/2/3 6691/2/3 6696/2/3
f 6698/5/3 6684/5/3 6676/5/3
f 6699/2/3 6692/2/3 6684/2/3
f 6699/5/3 6684/5/3 6698/5/3
f 6700/7/3 6693/7/3 6692/7/3
f 6700/2/3 6692/2/3 6699/2/3
f 6701/3/3 6695/3/3 6694/3/3
f 6701/7/3 6693/7/3 6700/7/3
f 6701/3/3 6694/3/3 6693/3/3
f 6701/3/3 6697/3/3 6696/3/3
f 6701/3/3 6696/3/3 6695/3/3
f 6702/3/3 6697/3/3 6701/3/3
f 6703/3/3 6697/3/3 6702/3/3
f 6704/3/3 6697/3/3 6703/3/3
f 6705/3/3 6697/3/3 6704/3/3
f 6706/5/3 6698/5/3 6676/5/3
f 6707/5/3 6698/5/3 6706/5/3
f 6708/7/3 6699/7/3 6698/7/3
f 6708/5/3 6698/5/3 6707/5/3
f 6709/7/3 6699/7/3 6708/7/3
f 6710/2/3 6700/2/3 6699/2/3
f 6710/7/3 6699/7/3 6709/7/3
f 6711/3/3 6701/3/3 6700/3/3
f 6711/2/3 6700/2/3 6710/2/3
f 6712/1/3 6702/1/3 6701/1/3
f 6712/3/3 6701/3/3 6711/3/3
f 6713/1/3 6702/1/3 6712/1/3
f 6714/7/3 6703/7/3 6702/7/3
f 6714/1/3 6702/1/3 6713/1/3
f 6715/5/3 6704/5/3 6703/5/3
f 6715/7/3 6703/7/3 6714/7/3
f 6716/5/3 6706/5/3 6676/5/3
f 6717/7/3 6707/7/3 6706/7/3
f 6717/5/3 6706/5/3 6716/5/3
f 6718/1/3 6708/1/3 6707/1/3
f 6718/7/3 6707/7/3 6717/7/3
f 6719/3/3 6709/3/3 6708/3/3
f 6719/1/3 6708/1/3 6718/1/3
f 6720/2/3 6710/2/3 6709/2/3
f 6720/2/3 6711/2/3 6710/2/3
f 6721/7/3 6713/7/3 6712/7/3
f 6721/2/3 6711/2/3 6720/2/3
f 6721/7/3 6712/7/3 6711/7/3
f 6722/5/3 6714/5/3 6713/5/3
f 6722/7/3 6713/7/3 6721/7/3
f 6722/5/3 6715/5/3 6714/5/3
f 6723/7/3 6717/7/3 6716/7/3
f 6724/1/3 6718/1/3 6717/1/3
f 6724/7/3 6717/7/3 6723/7/3
f 6725/3/3 6719/3/3 6718/3/3
f 6725/1/3 6718/1/3 6724/1/3
f 6726/3/3 6719/3/3 6725/3/3
f 6727/3/3 6709/3/3 6719/3/3
f 6727/3/3 6719/3/3 6726/3/3
f 6728/2/3 6720/2/3 6709/2/3
f 6728/3/3 6709/3/3 6727/3/3
f 6729/2/3 6724/2/3 6723/2/3
f 6730/3/3 6726/3/3 6725/3/3
f 6730/2/3 6724/2/3 6729/2/3
f 6730/3/3 6725/3/3 6724/3/3
f 6731/5/3 6727/5/3 6726/5/3
f 6731/3/3 6726/3/3 6730/3/3
f 6732/2/3 6728/2/3 6727/2/3
f 6732/5/3 6727/5/3 6731/5/3
f 6733/2/3 6720/2/3 6728/2/3
f 6733/2/3 6728/2/3 6732/2/3
f 6734/5/3 6721/5/3 6720/5/3
f 6734/2/3 6720/2/3 6733/2/3
f 6734/5/3 6722/5/3 6721/5/3
f 6735/2/3 6730/2/3 6729/2/3
f 6736/5/3 6731/5/3 6730/5/3
f 6736/2/3 6730/2/3 6735/2/3
f 6737/2/3 6732/2/3 6731/2/3
f 6737/5/3 6731/5/3 6736/5/3
f 6737/2/3 6733/2/3 6732/2/3
f 6738/2/3 6733/2/3 6737/2/3
f 6739/5/3 6734/5/3 6733/5/3
f 6739/2/3 6733/2/3 6738/2/3
f 6740/6/3 6670/6/3 6675/6/3
f 6741/2/3 6737/2/3 6736/2/3
f 6741/5/3 6736/5/3 6735/5/3
f 6741/2/3 6738/2/3 6737/2/3
f 6742/2/3 6738/2/3 6741/2/3
f 6743/2/3 6738/2/3 6742/2/3
f 6744/5/3 6739/5/3 6738/5/3
f 6744/2/3 6738/2/3 6743/2/3
f 6745/6/3 6670/6/3 6740/6/3
f 6746/6/3 6670/6/3 6745/6/3
f 6747/5/3 6741/5/3 6735/5/3
f 6747/5/3 6742/5/3 6741/5/3
f 6748/2/3 6743/2/3 6742/2/3
f 6748/5/3 6742/5/3 6747/5/3
f 6749/5/3 6744/5/3 6743/5/3
f 6749/2/3 6743/2/3 6748/2/3
f 6750/5/3 6734/5/3 6739/5/3
f 6750/5/3 6744/5/3 6749/5/3
f 6750/5/3 6739/5/3 6744/5/3
f 6750/5/3 6722/5/3 6734/5/3
f 6750/5/3 6704/5/3 6715/5/3
f 6750/5/3 6715/5/3 6722/5/3
f 6751/3/3 6746/3/3 6745/3/3
f 6756/3/3 6746/3/3 6751/3/3
f 6757/3/3 6746/3/3 6756/3/3
f 6760/2/3 6755/2/3 6754/2/3
f 6760/6/3 6753/6/3 6752/6/3
f 6760/6/3 6754/6/3 6753/6/3
f 6760/2/3 6757/2/3 6756/2/3
f 6760/2/3 6756/2/3 6755/2/3
f 6761/2/3 6757/2/3 6760/2/3
f 6762/2/3 6757/2/3 6761/2/3
f 6763/2/3 6757/2/3 6762/2/3
f 6764/6/3 6760/6/3 6752/6/3
f 6764/6/3 6761/6/3 6760/6/3
f 6765/2/3 6762/2/3 6761/2/3
f 6765/6/3 6761/6/3 6764/6/3
f 6766/2/3 6762/2/3 6765/2/3
f 6768/6/3 6759/6/3 6758/6/3
f 6769/6/3 6759/6/3 6768/6/3
f 6769/6/3 6768/6/3 6767/6/3
f 6770/6/3 6759/6/3 6769/6/3
f 6772/6/3 6764/6/3 6752/6/3
f 6773/6/3 6764/6/3 6772/6/3
f 6775/6/3 6769/6/3 6767/6/3
f 6776/6/3 6772/6/3 6771/6/3
f 6777/6/3 6772/6/3 6776/6/3
f 6778/6/3 6775/6/3 6774/6/3
f 6779/6/3 6769/6/3 6775/6/3
f 6779/6/3 6775/6/3 6778/6/3
f 6780/6/3 6778/6/3 6774/6/3
f 6781/6/3 6778/6/3 6780/6/3
f 6784/6/3 6783/6/3 6782/6/3
f 6785/6/3 6783/6/3 6784/6/3
f 6786/6/3 6783/6/3 6785/6/3
f 6790/6/3 6786/6/3 6785/6/3
f 6790/6/3 6787/6/3 6786/6/3
f 6791/6/3 6787/6/3 6790/6/3
f 6794/5/3 6789/5/3 6788/5/3
f 6795/5/3 6789/5/3 6794/5/3
f 6797/5/3 6796/5/3 6795/5/3
f 6797/5/3 6795/5/3 6794/5/3
f 6797/5/3 6794/5/3 6793/5/3
f 6798/5/3 6796/5/3 6797/5/3
f 6799/5/3 6796/5/3 6798/5/3
f 6806/6/3 6792/6/3 6791/6/3
f 6807/6/3 6792/6/3 6806/6/3
f 6808/5/3 6799/5/3 6798/5/3
f 6808/5/3 6800/5/3 6799/5/3
f 6809/5/3 6800/5/3 6808/5/3
f 6810/1/3 6801/1/3 6800/1/3
f 6810/5/3 6800/5/3 6809/5/3
f 6811/1/3 6801/1/3 6810/1/3
f 6812/5/3 6802/5/3 6801/5/3
f 6812/1/3 6801/1/3 6811/1/3
f 6813/5/3 6802/5/3 6812/5/3
f 6814/2/3 6803/2/3 6802/2/3
f 6814/5/3 6802/5/3 6813/5/3
f 6815/5/3 6804/5/3 6803/5/3
f 6815/2/3 6803/2/3 6814/2/3
f 6816/7/3 6805/7/3 6804/7/3
f 6816/5/3 6804/5/3 6815/5/3
f 6817/7/3 6805/7/3 6816/7/3
f 6819/7/3 6818/7/3 6817/7/3
f 6820/7/3 6818/7/3 6819/7/3
f 6828/6/3 6820/6/3 6819/6/3
f 6828/6/3 6821/6/3 6820/6/3
f 6829/6/3 6821/6/3 6828/6/3
f 6830/6/3 6823/6/3 6822/6/3
f 6830/3/3 6824/3/3 6823/3/3
f 6831/3/3 6824/3/3 6830/3/3
f 6832/1/3 6825/1/3 6824/1/3
f 6832/3/3 6824/3/3 6831/3/3
f 6833/2/3 6826/2/3 6825/2/3
f 6833/1/3 6825/1/3 6832/1/3
f 6834/6/3 6827/6/3 6826/6/3
f 6834/2/3 6826/2/3 6833/2/3
f 6835/6/3 6827/6/3 6834/6/3
f 6836/6/3 6821/6/3 6829/6/3
f 6837/6/3 6821/6/3 6836/6/3
f 6838/3/3 6833/3/3 6832/3/3
f 6838/3/3 6832/3/3 6831/3/3
f 6838/6/3 6831/6/3 6830/6/3
f 6838/3/3 6834/3/3 6833/3/3
f 6839/3/3 6834/3/3 6838/3/3
f 6842/6/3 6830/6/3 6822/6/3
f 6842/6/3 6838/6/3 6830/6/3
f 6842/6/3 6839/6/3 6838/6/3
f 6843/3/3 6834/3/3 6839/3/3
f 6843/6/3 6839/6/3 6842/6/3
f 6844/2/3 6835/2/3 6834/2/3
f 6844/3/3 6834/3/3 6843/3/3
f 6845/2/3 6835/2/3 6844/2/3
f 6846/5/3 6841/5/3 6840/5/3
f 6847/5/3 6841/5/3 6846/5/3
f 6848/5/3 6846/5/3 6840/5/3
f 6850/5/3 6848/5/3 6840/5/3
f 6850/5/3 6849/5/3 6848/5/3
f 6851/5/3 6849/5/3 6850/5/3
f 6856/7/3 6851/7/3 6850/7/3
f 6856/5/3 6849/5/3 6851/5/3
f 6857/5/3 6849/5/3 6856/5/3
f 6858/7/3 6856/7/3 6850/7/3
f 6858/7/3 6857/7/3 6856/7/3
f 6859/5/3 6849/5/3 6857/5/3
f 6859/7/3 6857/7/3 6858/7/3
f 6860/5/3 6849/5/3 6859/5/3
f 6863/6/3 6855/6/3 6854/6/3
f 6863/6/3 6854/6/3 6853/6/3
f 6863/6/3 6853/6/3 6852/6/3
f 6864/6/3 6855/6/3 6863/6/3
f 6867/2/3 6862/2/3 6861/2/3
f 6868/2/3 6862/2/3 6867/2/3
f 6869/6/3 6866/6/3 6865/6/3
f 6869/6/3 6868/6/3 6867/6/3
f 6869/6/3 6867/6/3 6866/6/3
f 6870/6/3 6868/6/3 6869/6/3
f 6874/6/3 6869/6/3 6865/6/3
f 6875/6/3 6869/6/3 6874/6/3
f 6877/5/3 6874/5/3 6873/5/3
f 6878/5/3 6874/5/3 6877/5/3
f 6879/5/3 6874/5/3 6878/5/3
f 6881/6/3 6872/6/3 6871/6/3
f 6882/6/3 6872/6/3 6881/6/3
f 6883/5/3 6877/5/3 6876/5/3
f 6883/5/3 6878/5/3 6877/5/3
f 6884/5/3 6878/5/3 6883/5/3
f 6885/5/3 6878/5/3 6884/5/3
f 6886/5/3 6878/5/3 6885/5/3
f 6888/6/3 6881/6/3 6880/6/3
f 6889/6/3 6881/6/3 6888/6/3
f 6890/6/3 6881/6/3 6889/6/3
f 6891/5/3 6885/5/3 6884/5/3
f 6892/5/3 6885/5/3 6891/5/3
f 6893/6/3 6888/6/3 6887/6/3
f 6893/6/3 6889/6/3 6888/6/3
f 6894/6/3 6889/6/3 6893/6/3
f 6897/6/3 6896/6/3 6895/6/3
f 6901/6/3 6897/6/3 6895/6/3
f 6901/6/3 6898/6/3 6897/6/3
f 6902/6/3 6898/6/3 6901/6/3
f 6904/6/3 6900/6/3 6899/6/3
f 6905/6/3 6900/6/3 6904/6/3
f 6907/6/3 6898/6/3 6902/6/3
f 6908/6/3 6898/6/3 6907/6/3
f 6910/6/3 6906/6/3 6905/6/3
f 6910/6/3 6905/6/3 6904/6/3
f 6910/6/3 6904/6/3 6903/6/3
f 6911/6/3 6906/6/3 6910/6/3
f 6912/6/3 6909/6/3 6908/6/3
f 6913/6/3 6909/6/3 6912/6/3
f 6914/6/3 6910/6/3 6903/6/3
f 6915/6/3 6910/6/3 6914/6/3
f 6916/6/3 6906/6/3 6911/6/3
f 6917/6/3 6906/6/3 6916/6/3
f 6930/5/3 6918/5/3 6917/5/3
f 6931/5/3 6918/5/3 6930/5/3
f 6932/1/3 6919/1/3 6918/1/3
f 6932/5/3 6918/5/3 6931/5/3
f 6933/1/3 6919/1/3 6932/1/3
f 6934/3/3 6920/3/3 6919/3/3
f 6934/1/3 6919/1/3 6933/1/3
f 6935/2/3 6921/2/3 6920/2/3
f 6935/3/3 6920/3/3 6934/3/3
f 6936/1/3 6922/1/3 6921/1/3
f 6936/2/3 6921/2/3 6935/2/3
f 6937/1/3 6922/1/3 6936/1/3
f 6938/1/3 6922/1/3 6937/1/3
f 6940/5/3 6924/5/3 6923/5/3
f 6940/1/3 6925/1/3 6924/1/3
f 6941/3/3 6926/3/3 6925/3/3
f 6941/1/3 6925/1/3 6940/1/3
f 6942/7/3 6927/7/3 6926/7/3
f 6942/3/3 6926/3/3 6941/3/3
f 6943/7/3 6927/7/3 6942/7/3
f 6944/2/3 6928/2/3 6927/2/3
f 6944/7/3 6927/7/3 6943/7/3
f 6945/2/3 6928/2/3 6944/2/3
f 6946/5/3 6929/5/3 6928/5/3
f 6946/2/3 6928/2/3 6945/2/3
f 6947/5/3 6929/5/3 6946/5/3
f 6948/5/3 6929/5/3 6947/5/3
f 6949/5/3 6929/5/3 6948/5/3
f 6950/7/3 6939/7/3 6938/7/3
f 6950/7/3 6938/7/3 6937/7/3
f 6951/7/3 6939/7/3 6950/7/3
f 6952/3/3 6943/3/3 6942/3/3
f 6952/5/3 6941/5/3 6940/5/3
f 6952/3/3 6942/3/3 6941/3/3
f 6953/3/3 6943/3/3 6952/3/3
f 6954/7/3 6945/7/3 6944/7/3
f 6954/3/3 6943/3/3 6953/3/3
f 6954/7/3 6944/7/3 6943/7/3
f 6955/7/3 6945/7/3 6954/7/3
f 6956/2/3 6947/2/3 6946/2/3
f 6956/7/3 6945/7/3 6955/7/3
f 6956/2/3 6946/2/3 6945/2/3
f 6957/2/3 6947/2/3 6956/2/3
f 6958/5/3 6948/5/3 6947/5/3
f 6959/5/3 6948/5/3 6958/5/3
f 6960/7/3 6939/7/3 6951/7/3
f 6961/7/3 6939/7/3 6960/7/3
f 6962/5/3 6953/5/3 6952/5/3
f 6962/5/3 6940/5/3 6923/5/3
f 6962/5/3 6952/5/3 6940/5/3
f 6963/3/3 6955/3/3 6954/3/3
f 6963/5/3 6953/5/3 6962/5/3
f 6963/3/3 6954/3/3 6953/3/3
f 6964/7/3 6956/7/3 6955/7/3
f 6964/3/3 6955/3/3 6963/3/3
f 6964/7/3 6957/7/3 6956/7/3
f 6965/7/3 6957/7/3 6964/7/3
f 6966/2/3 6947/2/3 6957/2/3
f 6966/7/3 6957/7/3 6965/7/3
f 6967/5/3 6958/5/3 6947/5/3
f 6967/2/3 6947/2/3 6966/2/3
f 6968/5/3 6958/5/3 6967/5/3
f 6971/6/3 6970/6/3 6969/6/3
f 6972/6/3 6970/6/3 6971/6/3
f 6974/6/3 6970/6/3 6972/6/3
f 6975/6/3 6974/6/3 6973/6/3
f 6976/6/3 6970/6/3 6974/6/3
f 6976/6/3 6974/6/3 6975/6/3
f 6979/6/3 6970/6/3 6976/6/3
f 6980/6/3 6970/6/3 6979/6/3
f 6981/6/3 6978/6/3 6977/6/3
f 6981/6/3 6979/6/3 6978/6/3
f 6984/6/3 6979/6/3 6981/6/3
f 6985/6/3 6979/6/3 6984/6/3
f 6986/5/3 6983/5/3 6982/5/3
f 6990/5/3 6987/5/3 6986/5/3
f 6993/5/3 6989/5/3 6988/5/3
f 6994/5/3 6986/5/3 6982/5/3
f 6994/5/3 6991/5/3 6990/5/3
f 6994/5/3 6990/5/3 6986/5/3
f 6995/5/3 6991/5/3 6994/5/3
f 6997/5/3 6993/5/3 6992/5/3
f 6998/5/3 6989/5/3 6993/5/3
f 6998/5/3 6993/5/3 6997/5/3
f 6999/5/3 6989/5/3 6998/5/3
f 7005/5/3 6997/5/3 6996/5/3
f 7005/5/3 6998/5/3 6997/5/3
f 7006/5/3 6998/5/3 7005/5/3
f 7008/6/3 7001/6/3 7000/6/3
f 7009/6/3 7001/6/3 7008/6/3
f 7010/6/3 7003/6/3 7002/6/3
f 7011/6/3 7005/6/3 7004/6/3
f 7013/6/3 7008/6/3 7007/6/3
f 7014/6/3 7011/6/3 7010/6/3
f 7014/6/3 7010/6/3 7002/6/3
f 7015/6/3 7011/6/3 7014/6/3
f 7016/6/3 7005/6/3 7011/6/3
f 7016/6/3 7011/6/3 7015/6/3
f 7017/6/3 7005/6/3 7016/6/3
f 7018/6/3 7013/6/3 7012/6/3
f 7018/6/3 7008/6/3 7013/6/3
f 7019/6/3 7008/6/3 7018/6/3
f 7020/6/3 7016/6/3 7015/6/3
f 7021/6/3 7016/6/3 7020/6/3
f 7022/6/3 7018/6/3 7012/6/3
f 7023/6/3 7018/6/3 7022/6/3
f 7026/2/3 7025/2/3 7024/2/3
f 7027/2/3 7025/2/3 7026/2/3
f 7029/6/3 7027/6/3 7026/6/3
f 7029/6/3 7028/6/3 7027/6/3
f 7030/6/3 7028/6/3 7029/6/3
f 7033/6/3 7028/6/3 7030/6/3
f 7034/6/3 7028/6/3 7033/6/3
f 7036/5/3 7032/5/3 7031/5/3
f 7037/5/3 7032/5/3 7036/5/3
f 7038/5/3 7036/5/3 7031/5/3
f 7039/5/3 7036/5/3 7038/5/3
f 7040/5/3 7032/5/3 7037/5/3
f 7041/5/3 7032/5/3 7040/5/3
f 7042/5/3 7032/5/3 7041/5/3
f 7043/5/3 7032/5/3 7042/5/3
f 7044/6/3 7035/6/3 7034/6/3
f 7045/6/3 7035/6/3 7044/6/3
f 7048/5/3 7042/5/3 7041/5/3
f 7049/2/3 7043/2/3 7042/2/3
f 7049/5/3 7042/5/3 7048/5/3
f 7050/2/3 7043/2/3 7049/2/3
f 7055/6/3 7047/6/3 7046/6/3
f 7056/5/3 7048/5/3 7041/5/3
f 7057/5/3 7048/5/3 7056/5/3
f 7058/5/3 7048/5/3 7057/5/3
f 7059/3/3 7049/3/3 7048/3/3
f 7059/5/3 7048/5/3 7058/5/3
f 7060/2/3 7050/2/3 7049/2/3
f 7060/3/3 7049/3/3 7059/3/3
f 7061/5/3 7051/5/3 7050/5/3
f 7061/2/3 7050/2/3 7060/2/3
f 7062/5/3 7051/5/3 7061/5/3
f 7063/5/3 7051/5/3 7062/5/3
f 7064/6/3 7053/6/3 7052/6/3
f 7065/2/3 7054/2/3 7053/2/3
f 7065/6/3 7053/6/3 7064/6/3
f 7066/2/3 7054/2/3 7065/2/3
f 7067/2/3 7054/2/3 7066/2/3
f 7068/2/3 7054/2/3 7067/2/3
f 7069/2/3 7054/2/3 7068/2/3
f 7070/6/3 7055/6/3 7054/6/3
f 7070/2/3 7054/2/3 7069/2/3
f 7071/6/3 7055/6/3 7070/6/3
f 7072/6/3 7047/6/3 7055/6/3
f 7072/6/3 7055/6/3 7071/6/3
f 7073/1/3 7063/1/3 7062/1/3
f 7074/1/3 7063/1/3 7073/1/3
f 7078/7/3 7076/7/3 7075/7/3
f 7079/6/3 7077/6/3 7076/6/3
f 7079/7/3 7076/7/3 7078/7/3
f 7080/6/3 7079/6/3 7078/6/3
f 7081/6/3 7077/6/3 7079/6/3
f 7081/6/3 7079/6/3 7080/6/3
f 7085/2/3 7083/2/3 7082/2/3
f 7086/2/3 7083/2/3 7085/2/3
f 7087/3/3 7084/3/3 7083/3/3
f 7087/2/3 7083/2/3 7086/2/3
f 7088/3/3 7084/3/3 7087/3/3
f 7089/6/3 7086/6/3 7085/6/3
f 7090/2/3 7087/2/3 7086/2/3
f 7090/6/3 7086/6/3 7089/6/3
f 7090/2/3 7088/2/3 7087/2/3
f 7091/2/3 7088/2/3 7090/2/3
f 7096/6/3 7093/6/3 7092/6/3
f 7097/6/3 7093/6/3 7096/6/3
f 7099/5/3 7095/5/3 7094/5/3
f 7102/6/3 7093/6/3 7097/6/3
f 7103/6/3 7093/6/3 7102/6/3
f 7104/5/3 7099/5/3 7098/5/3
f 7105/5/3 7095/5/3 7099/5/3
f 7105/5/3 7099/5/3 7104/5/3
f 7109/5/3 7104/5/3 7098/5/3
f 7111/6/3 7101/6/3 7100/6/3
f 7112/6/3 7101/6/3 7111/6/3
f 7113/5/3 7107/5/3 7106/5/3
f 7114/5/3 7109/5/3 7108/5/3
f 7116/6/3 7111/6/3 7110/6/3
f 7117/5/3 7113/5/3 7106/5/3
f 7117/5/3 7114/5/3 7113/5/3
f 7118/5/3 7104/5/3 7109/5/3
f 7118/5/3 7114/5/3 7117/5/3
f 7118/5/3 7109/5/3 7114/5/3
f 7119/6/3 7116/6/3 7115/6/3
f 7120/6/3 7111/6/3 7116/6/3
f 7120/6/3 7116/6/3 7119/6/3
f 7121/6/3 7119/6/3 7115/6/3
f 7122/6/3 7119/6/3 7121/6/3
f 7127/2/3 7124/2/3 7123/2/3
f 7128/2/3 7124/2/3 7127/2/3
f 7130/6/3 7126/6/3 7125/6/3
f 7132/6/3 7131/6/3 7130/6/3
f 7132/6/3 7130/6/3 7125/6/3
f 7133/6/3 7131/6/3 7132/6/3
f 7134/6/3 7129/6/3 7128/6/3
f 7135/6/3 7129/6/3 7134/6/3
f 7143/6/3 7132/6/3 7125/6/3
f 7144/6/3 7132/6/3 7143/6/3
f 7148/6/3 7137/6/3 7136/6/3
f 7148/2/3 7138/2/3 7137/2/3
f 7149/2/3 7138/2/3 7148/2/3
f 7150/6/3 7139/6/3 7138/6/3
f 7150/1/3 7140/1/3 7139/1/3
f 7151/3/3 7141/3/3 7140/3/3
f 7151/1/3 7140/1/3 7150/1/3
f 7152/3/3 7141/3/3 7151/3/3
f 7153/6/3 7144/6/3 7143/6/3
f 7153/6/3 7143/6/3 7142/6/3
f 7154/6/3 7144/6/3 7153/6/3
f 7155/2/3 7146/2/3 7145/2/3
f 7156/6/3 7147/6/3 7146/6/3
f 7156/2/3 7146/2/3 7155/2/3
f 7157/6/3 7147/6/3 7156/6/3
f 7158/6/3 7149/6/3 7148/6/3
f 7158/6/3 7148/6/3 7136/6/3
f 7159/2/3 7138/2/3 7149/2/3
f 7159/6/3 7149/6/3 7158/6/3
f 7160/6/3 7150/6/3 7138/6/3
f 7160/2/3 7138/2/3 7159/2/3
f 7160/6/3 7151/6/3 7150/6/3
f 7161/1/3 7152/1/3 7151/1/3
f 7161/6/3 7151/6/3 7160/6/3
f 7162/3/3 7141/3/3 7152/3/3
f 7162/1/3 7152/1/3 7161/1/3
f 7163/7/3 7142/7/3 7141/7/3
f 7163/3/3 7141/3/3 7162/3/3
f 7164/6/3 7153/6/3 7142/6/3
f 7164/7/3 7142/7/3 7163/7/3
f 7165/6/3 7153/6/3 7164/6/3
f 7166/6/3 7153/6/3 7165/6/3
f 7169/7/3 7168/7/3 7167/7/3
f 7170/7/3 7168/7/3 7169/7/3
f 7172/7/3 7170/7/3 7169/7/3
f 7172/7/3 7171/7/3 7170/7/3
f 7173/7/3 7171/7/3 7172/7/3
f 7174/7/3 7171/7/3 7173/7/3
f 7177/6/3 7176/6/3 7175/6/3
f 7178/6/3 7176/6/3 7177/6/3
f 7182/7/3 7180/7/3 7179/7/3
f 7182/5/3 7181/5/3 7180/5/3
f 7183/5/3 7181/5/3 7182/5/3
f 7184/5/3 7181/5/3 7183/5/3
f 7185/7/3 7182/7/3 7179/7/3
f 7185/7/3 7183/7/3 7182/7/3
f 7186/7/3 7183/7/3 7185/7/3
f 7187/3/3 7186/3/3 7185/3/3
f 7188/3/3 7186/3/3 7187/3/3
f 7189/3/3 7186/3/3 7188/3/3
f 7193/7/3 7188/7/3 7187/7/3
f 7194/1/3 7189/1/3 7188/1/3
f 7194/7/3 7188/7/3 7193/7/3
f 7195/1/3 7189/1/3 7194/1/3
f 7196/5/3 7192/5/3 7191/5/3
f 7196/5/3 7191/5/3 7190/5/3
f 7197/2/3 7193/2/3 7192/2/3
f 7197/5/3 7192/5/3 7196/5/3
f 7197/2/3 7194/2/3 7193/2/3
f 7198/2/3 7194/2/3 7197/2/3
f 7199/5/3 7195/5/3 7194/5/3
f 7199/2/3 7194/2/3 7198/2/3
f 7200/5/3 7195/5/3 7199/5/3
f 7203/5/3 7198/5/3 7197/5/3
f 7203/5/3 7197/5/3 7196/5/3
f 7204/5/3 7198/5/3 7203/5/3
f 7205/6/3 7202/6/3 7201/6/3
f 7209/6/3 7205/6/3 7201/6/3
f 7209/6/3 7206/6/3 7205/6/3
f 7210/6/3 7206/6/3 7209/6/3
f 7211/6/3 7206/6/3 7210/6/3
f 7212/6/3 7208/6/3 7207/6/3
f 7213/6/3 7208/6/3 7212/6/3
f 7216/6/3 7211/6/3 7210/6/3
f 7219/6/3 7215/6/3 7214/6/3
f 7220/6/3 7215/6/3 7219/6/3
f 7221/6/3 7217/6/3 7216/6/3
f 7222/6/3 7217/6/3 7221/6/3
f 7223/6/3 7219/6/3 7218/6/3
f 7224/6/3 7219/6/3 7223/6/3
f 7225/6/3 7216/6/3 7210/6/3
f 7225/6/3 7221/6/3 7216/6/3
f 7226/6/3 7221/6/3 7225/6/3
f 7231/6/3 7228/6/3 7227/6/3
f 7232/6/3 7228/6/3 7231/6/3
f 7233/6/3 7228/6/3 7232/6/3
f 7234/5/3 7230/5/3 7229/5/3
f 7235/5/3 7230/5/3 7234/5/3
f 7236/5/3 7230/5/3 7235/5/3
f 7238/5/3 7237/5/3 7236/5/3
f 7238/5/3 7236/5/3 7235/5/3
f 7239/5/3 7237/5/3 7238/5/3
f 7246/5/3 7234/5/3 7229/5/3
f 7247/2/3 7242/2/3 7241/2/3
f 7247/7/3 7243/7/3 7242/7/3
f 7248/1/3 7244/1/3 7243/1/3
f 7248/7/3 7243/7/3 7247/7/3
f 7249/3/3 7245/3/3 7244/3/3
f 7249/1/3 7244/1/3 7248/1/3
f 7250/5/3 7246/5/3 7245/5/3
f 7250/3/3 7245/3/3 7249/3/3
f 7251/5/3 7246/5/3 7250/5/3
f 7255/5/3 7241/5/3 7240/5/3
f 7256/2/3 7247/2/3 7241/2/3
f 7256/5/3 7241/5/3 7255/5/3
f 7257/5/3 7248/5/3 7247/5/3
f 7257/2/3 7247/2/3 7256/2/3
f 7258/1/3 7249/1/3 7248/1/3
f 7258/5/3 7248/5/3 7257/5/3
f 7259/7/3 7250/7/3 7249/7/3
f 7259/1/3 7249/1/3 7258/1/3
f 7260/3/3 7251/3/3 7250/3/3
f 7260/7/3 7250/7/3 7259/7/3
f 7261/5/3 7246/5/3 7251/5/3
f 7261/3/3 7251/3/3 7260/3/3
f 7262/5/3 7246/5/3 7261/5/3
f 7263/5/3 7246/5/3 7262/5/3
f 7264/5/3 7234/5/3 7246/5/3
f 7264/5/3 7246/5/3 7263/5/3
f 7265/2/3 7253/2/3 7252/2/3
f 7266/2/3 7253/2/3 7265/2/3
f 7267/3/3 7254/3/3 7253/3/3
f 7267/2/3 7253/2/3 7266/2/3
f 7268/3/3 7254/3/3 7267/3/3
f 7271/1/3 7270/1/3 7269/1/3
f 7272/1/3 7270/1/3 7271/1/3
f 7275/6/3 7273/6/3 7272/6/3
f 7276/7/3 7274/7/3 7273/7/3
f 7276/6/3 7273/6/3 7275/6/3
f 7277/7/3 7274/7/3 7276/7/3
f 7278/7/3 7274/7/3 7277/7/3
f 7280/6/3 7279/6/3 7278/6/3
f 7280/6/3 7278/6/3 7277/6/3
f 7281/6/3 7279/6/3 7280/6/3
f 7284/6/3 7283/6/3 7282/6/3
f 7285/6/3 7283/6/3 7284/6/3
f 7286/6/3 7283/6/3 7285/6/3
f 7287/7/3 7285/7/3 7284/7/3
f 7288/7/3 7285/7/3 7287/7/3
f 7289/3/3 7288/3/3 7287/3/3
f 7290/3/3 7288/3/3 7289/3/3
f 7293/7/3 7290/7/3 7289/7/3
f 7294/7/3 7290/7/3 7293/7/3
f 7296/2/3 7292/2/3 7291/2/3
f 7296/2/3 7293/2/3 7292/2/3
f 7297/6/3 7294/6/3 7293/6/3
f 7297/2/3 7293/2/3 7296/2/3
f 7298/6/3 7294/6/3 7297/6/3
f 7299/6/3 7296/6/3 7295/6/3
f 7300/6/3 7296/6/3 7299/6/3
f 7305/6/3 7304/6/3 7303/6/3
f 7306/6/3 7304/6/3 7305/6/3
f 7307/5/3 7302/5/3 7301/5/3
f 7308/5/3 7302/5/3 7307/5/3
f 7313/5/3 7302/5/3 7308/5/3
f 7314/5/3 7310/5/3 7309/5/3
f 7315/5/3 7310/5/3 7314/5/3
f 7316/5/3 7310/5/3 7315/5/3
f 7317/6/3 7312/6/3 7311/6/3
f 7318/6/3 7312/6/3 7317/6/3
f 7319/5/3 7313/5/3 7308/5/3
f 7319/5/3 7314/5/3 7313/5/3
f 7319/5/3 7315/5/3 7314/5/3
f 7320/5/3 7315/5/3 7319/5/3
f 7323/6/3 7322/6/3 7321/6/3
f 7324/6/3 7322/6/3 7323/6/3
f 7330/6/3 7325/6/3 7324/6/3
f 7331/6/3 7325/6/3 7330/6/3
f 7332/6/3 7327/6/3 7326/6/3
f 7333/6/3 7327/6/3 7332/6/3
f 7336/6/3 7329/6/3 7328/6/3
f 7337/6/3 7329/6/3 7336/6/3
f 7338/6/3 7335/6/3 7334/6/3
f 7339/6/3 7335/6/3 7338/6/3
f 7342/6/3 7340/6/3 7339/6/3
f 7343/2/3 7341/2/3 7340/2/3
f 7343/6/3 7340/6/3 7342/6/3
f 7344/2/3 7341/2/3 7343/2/3
f 7345/2/3 7341/2/3 7344/2/3
f 7349/6/3 7347/6/3 7346/6/3
f 7350/2/3 7348/2/3 7347/2/3
f 7350/6/3 7347/6/3 7349/6/3
f 7351/2/3 7348/2/3 7350/2/3
f 7354/2/3 7352/2/3 7351/2/3
f 7355/1/3 7353/1/3 7352/1/3
f 7355/2/3 7352/2/3 7354/2/3
f 7356/1/3 7353/1/3 7355/1/3
f 7360/7/3 7358/7/3 7357/7/3
f 7361/5/3 7359/5/3 7358/5/3
f 7361/7/3 7358/7/3 7360/7/3
f 7362/5/3 7359/5/3 7361/5/3
f 7363/3/3 7361/3/3 7360/3/3
f 7363/3/3 7362/3/3 7361/3/3
f 7364/3/3 7362/3/3 7363/3/3
f 7365/7/3 7364/7/3 7363/7/3
f 7366/3/3 7362/3/3 7364/3/3
f 7366/7/3 7364/7/3 7365/7/3
f 7367/5/3 7359/5/3 7362/5/3
f 7367/3/3 7362/3/3 7366/3/3
f 7368/5/3 7359/5/3 7367/5/3
f 7374/6/3 7370/6/3 7369/6/3
f 7375/2/3 7372/2/3 7371/2/3
f 7375/2/3 7371/2/3 7370/2/3
f 7375/6/3 7370/6/3 7374/6/3
f 7376/2/3 7372/2/3 7375/2/3
f 7377/6/3 7374/6/3 7373/6/3
f 7378/6/3 7374/6/3 7377/6/3
f 7384/6/3 7380/6/3 7379/6/3
f 7385/6/3 7380/6/3 7384/6/3
f 7388/6/3 7384/6/3 7383/6/3
f 7389/6/3 7384/6/3 7388/6/3
f 7390/6/3 7387/6/3 7386/6/3
f 7391/6/3 7387/6/3 7390/6/3
f 7392/6/3 7382/6/3 7381/6/3
f 7393/6/3 7382/6/3 7392/6/3
f 7397/6/3 7395/6/3 7394/6/3
f 7398/6/3 7395/6/3 7397/6/3
f 7399/6/3 7397/6/3 7396/6/3
f 7400/6/3 7397/6/3 7399/6/3
f 7405/7/3 7402/7/3 7401/7/3
f 7406/7/3 7402/7/3 7405/7/3
f 7409/6/3 7404/6/3 7403/6/3
f 7410/6/3 7404/6/3 7409/6/3
f 7411/6/3 7406/6/3 7405/6/3
f 7411/6/3 7407/6/3 7406/6/3
f 7412/3/3 7408/3/3 7407/3/3
f 7412/6/3 7407/6/3 7411/6/3
f 7413/3/3 7408/3/3 7412/3/3
f 7416/6/3 7404/6/3 7410/6/3
f 7417/6/3 7404/6/3 7416/6/3
f 7418/2/3 7413/2/3 7412/2/3
f 7419/2/3 7413/2/3 7418/2/3
f 7420/6/3 7415/6/3 7414/6/3
f 7421/6/3 7415/6/3 7420/6/3
f 7424/6/3 7423/6/3 7422/6/3
f 7425/6/3 7423/6/3 7424/6/3
f 7427/6/3 7426/6/3 7425/6/3
f 7428/6/3 7426/6/3 7427/6/3
f 7429/6/3 7426/6/3 7428/6/3
f 7433/6/3 7431/6/3 7430/6/3
f 7434/2/3 7432/2/3 7431/2/3
f 7434/6/3 7431/6/3 7433/6/3
f 7435/2/3 7432/2/3 7434/2/3
f 7436/2/3 7432/2/3 7435/2/3
f 7439/2/3 7437/2/3 7436/2/3
f 7440/6/3 7438/6/3 7437/6/3
f 7440/2/3 7437/2/3 7439/2/3
f 7441/6/3 7438/6/3 7440/6/3
f 7445/7/3 7443/7/3 7442/7/3
f 7446/6/3 7444/6/3 7443/6/3
f 7446/7/3 7443/7/3 7445/7/3
f 7447/6/3 7444/6/3 7446/6/3
f 7452/6/3 7449/6/3 7448/6/3
f 7452/6/3 7450/6/3 7449/6/3
f 7453/2/3 7451/2/3 7450/2/3
f 7453/6/3 7450/6/3 7452/6/3
f 7454/2/3 7451/2/3 7453/2/3
f 7459/6/3 7456/6/3 7455/6/3
f 7459/6/3 7457/6/3 7456/6/3
f 7460/6/3 7457/6/3 7459/6/3
f 7461/6/3 7459/6/3 7458/6/3
f 7462/6/3 7459/6/3 7461/6/3
f 7466/6/3 7464/6/3 7463/6/3
f 7467/6/3 7464/6/3 7466/6/3
f 7472/6/3 7466/6/3 7465/6/3
f 7473/6/3 7466/6/3 7472/6/3
f 7475/6/3 7469/6/3 7468/6/3
f 7476/6/3 7471/6/3 7470/6/3
f 7477/6/3 7471/6/3 7476/6/3
f 7480/6/3 7475/6/3 7474/6/3
f 7481/6/3 7469/6/3 7475/6/3
f 7481/6/3 7475/6/3 7480/6/3
f 7483/6/3 7479/6/3 7478/6/3
f 7484/6/3 7480/6/3 7474/6/3
f 7485/6/3 7480/6/3 7484/6/3
f 7486/6/3 7483/6/3 7482/6/3
f 7487/6/3 7479/6/3 7483/6/3
f 7487/6/3 7483/6/3 7486/6/3
f 7494/6/3 7489/6/3 7488/6/3
f 7495/6/3 7489/6/3 7494/6/3
f 7496/7/3 7491/7/3 7490/7/3
f 7497/1/3 7492/1/3 7491/1/3
f 7497/7/3 7491/7/3 7496/7/3
f 7498/1/3 7492/1/3 7497/1/3
f 7500/6/3 7494/6/3 7493/6/3
f 7501/6/3 7494/6/3 7500/6/3
f 7504/2/3 7499/2/3 7498/2/3
f 7505/2/3 7499/2/3 7504/2/3
f 7506/7/3 7505/7/3 7504/7/3
f 7507/7/3 7505/7/3 7506/7/3
f 7508/6/3 7503/6/3 7502/6/3
f 7509/6/3 7503/6/3 7508/6/3
f 7518/6/3 7510/6/3 7509/6/3
f 7519/6/3 7510/6/3 7518/6/3
f 7520/6/3 7512/6/3 7511/6/3
f 7521/7/3 7513/7/3 7512/7/3
f 7521/6/3 7512/6/3 7520/6/3
f 7522/2/3 7514/2/3 7513/2/3
f 7522/7/3 7513/7/3 7521/7/3
f 7523/1/3 7515/1/3 7514/1/3
f 7523/2/3 7514/2/3 7522/2/3
f 7524/3/3 7516/3/3 7515/3/3
f 7524/1/3 7515/1/3 7523/1/3
f 7525/6/3 7517/6/3 7516/6/3
f 7525/3/3 7516/3/3 7524/3/3
f 7526/6/3 7517/6/3 7525/6/3
f 7529/6/3 7528/6/3 7527/6/3
f 7530/6/3 7528/6/3 7529/6/3
f 7533/6/3 7532/6/3 7531/6/3
f 7534/6/3 7532/6/3 7533/6/3
f 7537/6/3 7536/6/3 7535/6/3
f 7538/6/3 7536/6/3 7537/6/3
f 7544/6/3 7540/6/3 7539/6/3
f 7545/6/3 7540/6/3 7544/6/3
f 7547/6/3 7542/6/3 7541/6/3
f 7548/6/3 7542/6/3 7547/6/3
f 7551/6/3 7544/6/3 7543/6/3
f 7552/6/3 7544/6/3 7551/6/3
f 7553/6/3 7547/6/3 7546/6/3
f 7554/6/3 7547/6/3 7553/6/3
f 7555/6/3 7550/6/3 7549/6/3
f 7556/6/3 7550/6/3 7555/6/3
f 7558/6/3 7557/6/3 7556/6/3
f 7559/6/3 7557/6/3 7558/6/3
f 7566/6/3 7561/6/3 7560/6/3
f 7567/6/3 7561/6/3 7566/6/3
f 7568/6/3 7561/6/3 7567/6/3
f 7569/6/3 7563/6/3 7562/6/3
f 7570/1/3 7564/1/3 7563/1/3
f 7570/6/3 7563/6/3 7569/6/3
f 7571/1/3 7564/1/3 7570/1/3
f 7572/6/3 7566/6/3 7565/6/3
f 7572/6/3 7567/6/3 7566/6/3
f 7573/6/3 7567/6/3 7572/6/3
f 7580/6/3 7572/6/3 7565/6/3
f 7581/6/3 7572/6/3 7580/6/3
f 7582/6/3 7575/6/3 7574/6/3
f 7584/7/3 7577/7/3 7576/7/3
f 7584/3/3 7578/3/3 7577/3/3
f 7585/2/3 7579/2/3 7578/2/3
f 7585/3/3 7578/3/3 7584/3/3
f 7586/6/3 7580/6/3 7579/6/3
f 7586/2/3 7579/2/3 7585/2/3
f 7587/6/3 7580/6/3 7586/6/3
f 7588/6/3 7583/6/3 7582/6/3
f 7588/6/3 7582/6/3 7574/6/3
f 7589/6/3 7583/6/3 7588/6/3
f 7590/7/3 7584/7/3 7576/7/3
f 7590/7/3 7585/7/3 7584/7/3
f 7591/7/3 7585/7/3 7590/7/3
f 7592/2/3 7586/2/3 7585/2/3
f 7592/7/3 7585/7/3 7591/7/3
f 7593/3/3 7587/3/3 7586/3/3
f 7593/2/3 7586/2/3 7592/2/3
f 7594/6/3 7580/6/3 7587/6/3
f 7594/3/3 7587/3/3 7593/3/3
f 7595/6/3 7580/6/3 7594/6/3
f 7596/6/3 7580/6/3 7595/6/3
f 7597/6/3 7583/6/3 7589/6/3
f 7598/6/3 7583/6/3 7597/6/3
f 7601/6/3 7600/6/3 7599/6/3
f 7602/6/3 7600/6/3 7601/6/3
f 7606/5/3 7604/5/3 7603/5/3
f 7607/3/3 7605/3/3 7604/3/3
f 7607/5/3 7604/5/3 7606/5/3
f 7608/3/3 7605/3/3 7607/3/3
f 7611/4/3 7610/4/3 7609/4/3
f 7613/4/3 7611/4/3 7609/4/3
f 7613/4/3 7612/4/3 7611/4/3
f 7614/4/3 7612/4/3 7613/4/3
f 7615/4/3 7613/4/3 7609/4/3
f 7616/4/3 7613/4/3 7615/4/3
f 7620/2/3 7618/2/3 7617/2/3
f 7621/1/3 7619/1/3 7618/1/3
f 7621/2/3 7618/2/3 7620/2/3
f 7622/1/3 7619/1/3 7621/1/3
f 7625/6/3 7624/6/3 7623/6/3
f 7626/6/3 7624/6/3 7625/6/3
f 7632/6/3 7628/6/3 7627/6/3
f 7633/6/3 7630/6/3 7629/6/3
f 7634/6/3 7630/6/3 7633/6/3
f 7636/6/3 7632/6/3 7631/6/3
f 7636/6/3 7628/6/3 7632/6/3
f 7637/6/3 7628/6/3 7636/6/3
f 7638/6/3 7636/6/3 7631/6/3
f 7639/6/3 7636/6/3 7638/6/3
f 7642/6/3 7635/6/3 7634/6/3
f 7644/6/3 7641/6/3 7640/6/3
f 7645/6/3 7641/6/3 7644/6/3
f 7646/6/3 7643/6/3 7642/6/3
f 7646/6/3 7642/6/3 7634/6/3
f 7647/6/3 7643/6/3 7646/6/3
f 7648/6/3 7643/6/3 7647/6/3
f 7650/6/3 7649/6/3 7648/6/3
f 7650/6/3 7648/6/3 7647/6/3
f 7651/6/3 7649/6/3 7650/6/3
f 7654/5/3 7653/5/3 7652/5/3
f 7655/5/3 7653/5/3 7654/5/3
f 7662/6/3 7657/6/3 7656/6/3
f 7663/6/3 7657/6/3 7662/6/3
f 7666/1/3 7659/1/3 7658/1/3
f 7667/1/3 7659/1/3 7666/1/3
f 7668/6/3 7665/6/3 7664/6/3
f 7669/6/3 7665/6/3 7668/6/3
f 7670/6/3 7661/6/3 7660/6/3
f 7671/6/3 7661/6/3 7670/6/3
f 7672/6/3 7665/6/3 7669/6/3
f 7673/6/3 7665/6/3 7672/6/3
f 7677/5/3 7675/5/3 7674/5/3
f 7678/3/3 7676/3/3 7675/3/3
f 7678/5/3 7675/5/3 7677/5/3
f 7679/3/3 7678/3/3 7677/3/3
f 7680/3/3 7678/3/3 7679/3/3
f 7681/3/3 7676/3/3 7678/3/3
f 7681/3/3 7678/3/3 7680/3/3
f 7685/5/3 7680/5/3 7679/5/3
f 7686/2/3 7681/2/3 7680/2/3
f 7686/5/3 7680/5/3 7685/5/3
f 7687/5/3 7682/5/3 7681/5/3
f 7687/2/3 7681/2/3 7686/2/3
f 7688/5/3 7682/5/3 7687/5/3
f 7689/6/3 7684/6/3 7683/6/3
f 7690/6/3 7684/6/3 7689/6/3
f 7693/3/3 7692/3/3 7691/3/3
f 7694/3/3 7692/3/3 7693/3/3
f 7695/3/3 7692/3/3 7694/3/3
f 7698/4/3 7697/4/3 7696/4/3
f 7699/4/3 7697/4/3 7698/4/3
f 7700/4/3 7697/4/3 7699/4/3
f 7702/4/3 7701/4/3 7700/4/3
f 7702/4/3 7700/4/3 7699/4/3
f 7703/4/3 7701/4/3 7702/4/3
f 7705/4/3 7701/4/3 7703/4/3
f 7707/4/3 7705/4/3 7704/4/3
f 7708/4/3 7701/4/3 7705/4/3
f 7708/4/3 7705/4/3 7707/4/3
f 7709/4/3 7701/4/3 7708/4/3
f 7710/4/3 7707/4/3 7706/4/3
f 7710/4/3 7708/4/3 7707/4/3
f 7711/4/3 7708/4/3 7710/4/3
f 7717/5/3 7713/5/3 7712/5/3
f 7717/5/3 7714/5/3 7713/5/3
f 7718/5/3 7714/5/3 7717/5/3
f 7719/6/3 7716/6/3 7715/6/3
f 7720/6/3 7716/6/3 7719/6/3
f 7723/5/3 7722/5/3 7721/5/3
f 7724/5/3 7722/5/3 7723/5/3
f 7725/5/3 7723/5/3 7721/5/3
f 7726/5/3 7723/5/3 7725/5/3
f 7734/6/3 7730/6/3 7729/6/3
f 7735/6/3 7732/6/3 7731/6/3
f 7736/6/3 7732/6/3 7735/6/3
f 7737/6/3 7728/6/3 7727/6/3
f 7738/6/3 7728/6/3 7737/6/3
f 7741/6/3 7734/6/3 7733/6/3
f 7742/6/3 7730/6/3 7734/6/3
f 7742/6/3 7734/6/3 7741/6/3
f 7743/6/3 7740/6/3 7739/6/3
f 7744/6/3 7740/6/3 7743/6/3
f 7747/5/3 7746/5/3 7745/5/3
f 7748/5/3 7746/5/3 7747/5/3
f 7753/6/3 7750/6/3 7749/6/3
f 7754/6/3 7750/6/3 7753/6/3
f 7757/5/3 7752/5/3 7751/5/3
f 7758/5/3 7752/5/3 7757/5/3
f 7759/5/3 7752/5/3 7758/5/3
f 7761/6/3 7756/6/3 7755/6/3
f 7762/6/3 7756/6/3 7761/6/3
f 7763/5/3 7760/5/3 7759/5/3
f 7763/5/3 7759/5/3 7758/5/3
f 7764/5/3 7760/5/3 7763/5/3
f 7765/5/3 7763/5/3 7758/5/3
f 7766/5/3 7763/5/3 7765/5/3
f 7770/2/3 7769/2/3 7768/2/3
f 7770/6/3 7768/6/3 7767/6/3
f 7771/2/3 7769/2/3 7770/2/3
f 7772/6/3 7770/6/3 7767/6/3
f 7772/6/3 7771/6/3 7770/6/3
f 7773/2/3 7769/2/3 7771/2/3
f 7773/6/3 7771/6/3 7772/6/3
f 7774/2/3 7769/2/3 7773/2/3
f 7779/6/3 7776/6/3 7775/6/3
f 7780/6/3 7776/6/3 7779/6/3
f 7781/2/3 7778/2/3 7777/2/3
f 7782/2/3 7778/2/3 7781/2/3
f 7785/6/3 7784/6/3 7783/6/3
f 7786/6/3 7784/6/3 7785/6/3
f 7787/6/3 7785/6/3 7783/6/3
f 7788/4/3 7786/4/3 7785/4/3
f 7788/6/3 7785/6/3 7787/6/3
f 7789/4/3 7786/4/3 7788/4/3
f 7791/4/3 7790/4/3 7789/4/3
f 7792/4/3 7790/4/3 7791/4/3
f 7795/4/3 7794/4/3 7793/4/3
f 7796/4/3 7794/4/3 7795/4/3
f 7801/4/3 7798/4/3 7797/4/3
f 7802/4/3 7798/4/3 7801/4/3
f 7803/6/3 7800/6/3 7799/6/3
f 7803/4/3 7801/4/3 7800/4/3
f 7804/4/3 7801/4/3 7803/4/3
f 7805/6/3 7803/6/3 7799/6/3
f 7805/6/3 7804/6/3 7803/6/3
f 7806/6/3 7804/6/3 7805/6/3
f 7811/6/3 7808/6/3 7807/6/3
f 7812/6/3 7808/6/3 7811/6/3
f 7813/6/3 7810/6/3 7809/6/3
f 7814/6/3 7810/6/3 7813/6/3
f 7820/6/3 7816/6/3 7815/6/3
f 7821/5/3 7817/5/3 7816/5/3
f 7821/6/3 7816/6/3 7820/6/3
f 7822/5/3 7817/5/3 7821/5/3
f 7825/5/3 7819/5/3 7818/5/3
f 7829/6/3 7824/6/3 7823/6/3
f 7830/6/3 7824/6/3 7829/6/3
f 7832/5/3 7825/5/3 7818/5/3
f 7832/5/3 7826/5/3 7825/5/3
f 7833/5/3 7826/5/3 7832/5/3
f 7834/5/3 7826/5/3 7833/5/3
f 7835/6/3 7828/6/3 7827/6/3
f 7836/6/3 7828/6/3 7835/6/3
f 7837/5/3 7833/5/3 7832/5/3
f 7837/5/3 7832/5/3 7831/5/3
f 7838/5/3 7833/5/3 7837/5/3
f 7843/5/3 7840/5/3 7839/5/3
f 7844/5/3 7840/5/3 7843/5/3
f 7845/5/3 7840/5/3 7844/5/3
f 7847/5/3 7842/5/3 7841/5/3
f 7848/5/3 7842/5/3 7847/5/3
f 7849/5/3 7842/5/3 7848/5/3
f 7852/6/3 7846/6/3 7845/6/3
f 7852/6/3 7845/6/3 7844/6/3
f 7853/6/3 7846/6/3 7852/6/3
f 7854/6/3 7851/6/3 7850/6/3
f 7855/6/3 7851/6/3 7854/6/3
f 7856/6/3 7846/6/3 7853/6/3
f 7857/6/3 7846/6/3 7856/6/3
f 7863/2/3 7858/2/3 7857/2/3
f 7864/2/3 7858/2/3 7863/2/3
f 7865/2/3 7858/2/3 7864/2/3
f 7866/2/3 7858/2/3 7865/2/3
f 7867/2/3 7861/2/3 7860/2/3
f 7868/2/3 7861/2/3 7867/2/3
f 7869/5/3 7862/5/3 7861/5/3
f 7869/2/3 7861/2/3 7868/2/3
f 7870/5/3 7862/5/3 7869/5/3
f 7871/3/3 7864/3/3 7863/3/3
f 7872/1/3 7865/1/3 7864/1/3
f 7872/3/3 7864/3/3 7871/3/3
f 7873/6/3 7866/6/3 7865/6/3
f 7873/1/3 7865/1/3 7872/1/3
f 7874/2/3 7858/2/3 7866/2/3
f 7874/6/3 7866/6/3 7873/6/3
f 7875/6/3 7859/6/3 7858/6/3
f 7875/2/3 7858/2/3 7874/2/3
f 7876/6/3 7859/6/3 7875/6/3
f 7880/2/3 7878/2/3 7877/2/3
f 7881/2/3 7878/2/3 7880/2/3
f 7882/6/3 7879/6/3 7878/6/3
f 7882/2/3 7878/2/3 7881/2/3
f 7883/6/3 7879/6/3 7882/6/3
f 7887/2/3 7885/2/3 7884/2/3
f 7888/3/3 7886/3/3 7885/3/3
f 7888/2/3 7885/2/3 7887/2/3
f 7889/3/3 7886/3/3 7888/3/3
f 7892/5/3 7891/5/3 7890/5/3
f 7896/5/3 7892/5/3 7890/5/3
f 7896/5/3 7893/5/3 7892/5/3
f 7897/5/3 7893/5/3 7896/5/3
f 7899/4/3 7895/4/3 7894/4/3
f 7900/4/3 7895/4/3 7899/4/3
f 7902/5/3 7893/5/3 7897/5/3
f 7903/5/3 7893/5/3 7902/5/3
f 7905/5/3 7899/5/3 7898/5/3
f 7906/4/3 7901/4/3 7900/4/3
f 7906/4/3 7900/4/3 7899/4/3
f 7906/5/3 7899/5/3 7905/5/3
f 7907/4/3 7901/4/3 7906/4/3
f 7908/6/3 7904/6/3 7903/6/3
f 7908/6/3 7903/6/3 7902/6/3
f 7909/6/3 7904/6/3 7908/6/3
f 7910/5/3 7905/5/3 7904/5/3
f 7910/6/3 7904/6/3 7909/6/3
f 7911/5/3 7905/5/3 7910/5/3
f 7912/4/3 7906/4/3 7905/4/3
f 7912/5/3 7905/5/3 7911/5/3
f 7913/5/3 7907/5/3 7906/5/3
f 7913/4/3 7906/4/3 7912/4/3
f 7914/4/3 7909/4/3 7908/4/3
f 7915/4/3 7909/4/3 7914/4/3
f 7916/6/3 7911/6/3 7910/6/3
f 7916/4/3 7909/4/3 7915/4/3
f 7916/6/3 7910/6/3 7909/6/3
f 7917/4/3 7912/4/3 7911/4/3
f 7917/6/3 7911/6/3 7916/6/3
f 7918/5/3 7913/5/3 7912/5/3
f 7918/4/3 7912/4/3 7917/4/3
f 7919/5/3 7907/5/3 7913/5/3
f 7919/5/3 7913/5/3 7918/5/3
f 7920/5/3 7907/5/3 7919/5/3
f 7921/5/3 7907/5/3 7920/5/3
f 7924/5/3 7920/5/3 7919/5/3
f 7925/5/3 7920/5/3 7924/5/3
f 7926/4/3 7923/4/3 7922/4/3
f 7927/4/3 7923/4/3 7926/4/3
f 7930/4/3 7929/4/3 7928/4/3
f 7931/4/3 7929/4/3 7930/4/3
f 7939/5/3 7933/5/3 7932/5/3
f 7940/5/3 7933/5/3 7939/5/3
f 7942/4/3 7935/4/3 7934/4/3
f 7942/4/3 7936/4/3 7935/4/3
f 7943/6/3 7937/6/3 7936/6/3
f 7943/4/3 7936/4/3 7942/4/3
f 7944/6/3 7937/6/3 7943/6/3
f 7945/4/3 7938/4/3 7937/4/3
f 7945/6/3 7937/6/3 7944/6/3
f 7946/5/3 7940/5/3 7939/5/3
f 7946/4/3 7938/4/3 7945/4/3
f 7946/5/3 7941/5/3 7940/5/3
f 7946/5/3 7939/5/3 7938/5/3
f 7947/5/3 7941/5/3 7946/5/3
f 7948/6/3 7944/6/3 7943/6/3
f 7948/6/3 7943/6/3 7942/6/3
f 7949/6/3 7944/6/3 7948/6/3
f 7950/5/3 7945/5/3 7944/5/3
f 7950/6/3 7944/6/3 7949/6/3
f 7950/5/3 7946/5/3 7945/5/3
f 7951/4/3 7947/4/3 7946/4/3
f 7951/5/3 7946/5/3 7950/5/3
f 7952/5/3 7941/5/3 7947/5/3
f 7952/4/3 7947/4/3 7951/4/3
f 7953/5/3 7941/5/3 7952/5/3
f 7955/5/3 7949/5/3 7948/5/3
f 7956/5/3 7952/5/3 7951/5/3
f 7957/4/3 7953/4/3 7952/4/3
f 7957/5/3 7952/5/3 7956/5/3
f 7958/4/3 7953/4/3 7957/4/3
f 7959/4/3 7953/4/3 7958/4/3
f 7960/5/3 7955/5/3 7954/5/3
f 7961/5/3 7949/5/3 7955/5/3
f 7961/5/3 7955/5/3 7960/5/3
f 7962/4/3 7958/4/3 7957/4/3
f 7963/4/3 7958/4/3 7962/4/3
f 7964/5/3 7960/5/3 7954/5/3
f 7965/5/3 7960/5/3 7964/5/3
f 7968/6/3 7967/6/3 7966/6/3
f 7969/6/3 7967/6/3 7968/6/3
f 7972/6/3 7971/6/3 7970/6/3
f 7973/6/3 7971/6/3 7972/6/3
f 7980/6/3 7975/6/3 7974/6/3
f 7981/6/3 7975/6/3 7980/6/3
f 7982/6/3 7977/6/3 7976/6/3
f 7983/5/3 7978/5/3 7977/5/3
f 7983/6/3 7977/6/3 7982/6/3
f 7984/5/3 7978/5/3 7983/5/3
f 7986/6/3 7980/6/3 7979/6/3
f 7990/6/3 7986/6/3 7985/6/3
f 7991/6/3 7986/6/3 7990/6/3
f 7992/6/3 7980/6/3 7986/6/3
f 7992/6/3 7986/6/3 7991/6/3
f 7996/6/3 7988/6/3 7987/6/3
f 7997/6/3 7988/6/3 7996/6/3
f 7998/5/3 7991/5/3 7990/5/3
f 7998/5/3 7990/5/3 7989/5/3
f 7999/5/3 7991/5/3 7998/5/3
f 8000/5/3 7995/5/3 7994/5/3
f 8000/5/3 7994/5/3 7993/5/3
f 8001/5/3 7995/5/3 8000/5/3
f 8006/5/3 8003/5/3 8002/5/3
f 8007/5/3 8003/5/3 8006/5/3
f 8009/5/3 8005/5/3 8004/5/3
f 8010/5/3 8005/5/3 8009/5/3
f 8011/5/3 8008/5/3 8007/5/3
f 8012/5/3 8008/5/3 8011/5/3
f 8016/5/3 8011/5/3 8007/5/3
f 8017/5/3 8011/5/3 8016/5/3
f 8018/5/3 8011/5/3 8017/5/3
f 8019/6/3 8014/6/3 8013/6/3
f 8020/5/3 8015/5/3 8014/5/3
f 8020/6/3 8014/6/3 8019/6/3
f 8021/5/3 8015/5/3 8020/5/3
f 8024/3/3 8023/3/3 8022/3/3
f 8025/3/3 8023/3/3 8024/3/3
f 8028/6/3 8027/6/3 8026/6/3
f 8029/6/3 8027/6/3 8028/6/3
f 8030/6/3 8027/6/3 8029/6/3
f 8036/6/3 8032/6/3 8031/6/3
f 8037/6/3 8032/6/3 8036/6/3
f 8039/5/3 8034/5/3 8033/5/3
f 8040/5/3 8034/5/3 8039/5/3
f 8043/5/3 8036/5/3 8035/5/3
f 8044/6/3 8038/6/3 8037/6/3
f 8044/6/3 8037/6/3 8036/6/3
f 8044/5/3 8036/5/3 8043/5/3
f 8045/6/3 8038/6/3 8044/6/3
f 8046/6/3 8038/6/3 8045/6/3
f 8048/5/3 8041/5/3 8040/5/3
f 8049/6/3 8042/6/3 8041/6/3
f 8049/5/3 8041/5/3 8048/5/3
f 8050/5/3 8043/5/3 8042/5/3
f 8050/5/3 8044/5/3 8043/5/3
f 8051/5/3 8044/5/3 8050/5/3
f 8052/6/3 8047/6/3 8046/6/3
f 8052/6/3 8046/6/3 8045/6/3
f 8053/6/3 8047/6/3 8052/6/3
f 8054/6/3 8047/6/3 8053/6/3
f 8055/5/3 8048/5/3 8040/5/3
f 8056/6/3 8049/6/3 8048/6/3
f 8056/5/3 8048/5/3 8055/5/3
f 8057/6/3 8042/6/3 8049/6/3
f 8057/6/3 8049/6/3 8056/6/3
f 8057/5/3 8050/5/3 8042/5/3
f 8058/5/3 8050/5/3 8057/5/3
f 8059/5/3 8050/5/3 8058/5/3
f 8060/4/3 8054/4/3 8053/4/3
f 8061/4/3 8054/4/3 8060/4/3
f 8062/4/3 8054/4/3 8061/4/3
f 8070/5/3 8062/5/3 8061/5/3
f 8071/4/3 8064/4/3 8063/4/3
f 8071/4/3 8065/4/3 8064/4/3
f 8072/4/3 8065/4/3 8071/4/3
f 8073/6/3 8066/6/3 8065/6/3
f 8073/4/3 8065/4/3 8072/4/3
f 8074/6/3 8066/6/3 8073/6/3
f 8075/4/3 8067/4/3 8066/4/3
f 8075/6/3 8066/6/3 8074/6/3
f 8076/4/3 8067/4/3 8075/4/3
f 8077/5/3 8068/5/3 8067/5/3
f 8078/5/3 8070/5/3 8069/5/3
f 8079/5/3 8062/5/3 8070/5/3
f 8079/5/3 8070/5/3 8078/5/3
f 8080/5/3 8062/5/3 8079/5/3
f 8081/4/3 8074/4/3 8073/4/3
f 8081/4/3 8073/4/3 8072/4/3
f 8082/6/3 8075/6/3 8074/6/3
f 8082/4/3 8074/4/3 8081/4/3
f 8082/6/3 8076/6/3 8075/6/3
f 8083/4/3 8067/4/3 8076/4/3
f 8083/6/3 8076/6/3 8082/6/3
f 8084/5/3 8077/5/3 8067/5/3
f 8084/4/3 8067/4/3 8083/4/3
f 8084/5/3 8078/5/3 8077/5/3
f 8084/5/3 8079/5/3 8078/5/3
f 8085/5/3 8079/5/3 8084/5/3
f 8092/4/3 8087/4/3 8086/4/3
f 8093/4/3 8087/4/3 8092/4/3
f 8094/6/3 8088/6/3 8087/6/3
f 8094/4/3 8087/4/3 8093/4/3
f 8095/6/3 8088/6/3 8094/6/3
f 8096/4/3 8089/4/3 8088/4/3
f 8096/6/3 8088/6/3 8095/6/3
f 8097/5/3 8090/5/3 8089/5/3
f 8098/5/3 8090/5/3 8097/5/3
f 8099/5/3 8090/5/3 8098/5/3
f 8101/4/3 8093/4/3 8092/4/3
f 8101/4/3 8092/4/3 8091/4/3
f 8102/4/3 8093/4/3 8101/4/3
f 8103/6/3 8095/6/3 8094/6/3
f 8103/4/3 8093/4/3 8102/4/3
f 8103/6/3 8094/6/3 8093/6/3
f 8104/4/3 8096/4/3 8095/4/3
f 8104/6/3 8095/6/3 8103/6/3
f 8105/4/3 8089/4/3 8096/4/3
f 8105/4/3 8096/4/3 8104/4/3
f 8105/5/3 8097/5/3 8089/5/3
f 8106/5/3 8097/5/3 8105/5/3
f 8107/5/3 8099/5/3 8098/5/3
f 8107/5/3 8100/5/3 8099/5/3
f 8108/5/3 8100/5/3 8107/5/3
f 8109/5/3 8100/5/3 8108/5/3
f 8110/5/3 8100/5/3 8109/5/3
f 8116/4/3 8110/4/3 8109/4/3
f 8117/5/3 8112/5/3 8111/5/3
f 8117/6/3 8113/6/3 8112/6/3
f 8118/6/3 8113/6/3 8117/6/3
f 8119/5/3 8115/5/3 8114/5/3
f 8119/5/3 8114/5/3 8113/5/3
f 8122/4/3 8110/4/3 8116/4/3
f 8123/4/3 8110/4/3 8122/4/3
f 8125/5/3 8118/5/3 8117/5/3
f 8125/5/3 8117/5/3 8111/5/3
f 8126/6/3 8113/6/3 8118/6/3
f 8126/5/3 8118/5/3 8125/5/3
f 8127/5/3 8120/5/3 8119/5/3
f 8127/6/3 8113/6/3 8126/6/3
f 8127/5/3 8119/5/3 8113/5/3
f 8128/5/3 8120/5/3 8127/5/3
f 8129/5/3 8120/5/3 8128/5/3
f 8130/6/3 8123/6/3 8122/6/3
f 8130/6/3 8122/6/3 8121/6/3
f 8131/6/3 8123/6/3 8130/6/3
f 8132/6/3 8123/6/3 8131/6/3
f 8133/5/3 8125/5/3 8124/5/3
f 8134/5/3 8125/5/3 8133/5/3
f 8135/5/3 8129/5/3 8128/5/3
f 8136/6/3 8131/6/3 8130/6/3
f 8136/5/3 8129/5/3 8135/5/3
f 8136/6/3 8130/6/3 8129/6/3
f 8137/6/3 8131/6/3 8136/6/3
f 8138/6/3 8131/6/3 8137/6/3
f 8139/6/3 8137/6/3 8136/6/3
f 8140/6/3 8137/6/3 8139/6/3
f 8143/6/3 8142/6/3 8141/6/3
f 8144/6/3 8142/6/3 8143/6/3
f 8147/6/3 8146/6/3 8145/6/3
f 8148/6/3 8146/6/3 8147/6/3
f 8154/5/3 8150/5/3 8149/5/3
f 8156/6/3 8152/6/3 8151/6/3
f 8157/5/3 8153/5/3 8152/5/3
f 8157/6/3 8152/6/3 8156/6/3
f 8158/5/3 8153/5/3 8157/5/3
f 8160/5/3 8155/5/3 8154/5/3
f 8160/5/3 8154/5/3 8149/5/3
f 8161/5/3 8155/5/3 8160/5/3
f 8164/5/3 8160/5/3 8159/5/3
f 8165/5/3 8160/5/3 8164/5/3
f 8166/5/3 8163/5/3 8162/5/3
f 8167/5/3 8163/5/3 8166/5/3
f 8174/6/3 8169/6/3 8168/6/3
f 8175/6/3 8169/6/3 8174/6/3
f 8176/5/3 8171/5/3 8170/5/3
f 8177/5/3 8171/5/3 8176/5/3
f 8178/6/3 8173/6/3 8172/6/3
f 8179/6/3 8173/6/3 8178/6/3
f 8183/6/3 8181/6/3 8180/6/3
f 8184/5/3 8182/5/3 8181/5/3
f 8184/6/3 8181/6/3 8183/6/3
f 8185/5/3 8182/5/3 8184/5/3
f 8188/6/3 8187/6/3 8186/6/3
f 8189/6/3 8187/6/3 8188/6/3
f 8194/6/3 8191/6/3 8190/6/3
f 8195/5/3 8192/5/3 8191/5/3
f 8200/6/3 8194/6/3 8193/6/3
f 8201/6/3 8191/6/3 8194/6/3
f 8201/6/3 8194/6/3 8200/6/3
f 8202/5/3 8195/5/3 8191/5/3
f 8202/6/3 8191/6/3 8201/6/3
f 8202/5/3 8196/5/3 8195/5/3
f 8203/5/3 8196/5/3 8202/5/3
f 8204/5/3 8196/5/3 8203/5/3
f 8206/5/3 8198/5/3 8197/5/3
f 8207/5/3 8198/5/3 8206/5/3
f 8208/5/3 8200/5/3 8199/5/3
f 8208/6/3 8201/6/3 8200/6/3
f 8209/6/3 8201/6/3 8208/6/3
f 8210/5/3 8205/5/3 8204/5/3
f 8210/5/3 8204/5/3 8203/5/3
f 8211/5/3 8205/5/3 8210/5/3
f 8212/5/3 8205/5/3 8211/5/3
f 8213/5/3 8208/5/3 8199/5/3
f 8214/5/3 8208/5/3 8213/5/3
f 8215/6/3 8212/6/3 8211/6/3
f 8216/6/3 8212/6/3 8215/6/3
f 8219/6/3 8218/6/3 8217/6/3
f 8220/6/3 8218/6/3 8219/6/3
f 8221/6/3 8218/6/3 8220/6/3
f 8226/4/3 8223/4/3 8222/4/3
f 8227/4/3 8223/4/3 8226/4/3
f 8228/4/3 8225/4/3 8224/4/3
f 8229/4/3 8225/4/3 8228/4/3
f 8232/4/3 8231/4/3 8230/4/3
f 8233/4/3 8231/4/3 8232/4/3
f 8236/4/3 8235/4/3 8234/4/3
f 8237/4/3 8235/4/3 8236/4/3
f 8240/6/3 8239/6/3 8238/6/3
f 8241/6/3 8239/6/3 8240/6/3
f 8242/6/3 8239/6/3 8241/6/3
f 8249/5/3 8244/5/3 8243/5/3
f 8252/6/3 8246/6/3 8245/6/3
f 8253/6/3 8246/6/3 8252/6/3
f 8254/5/3 8248/5/3 8247/5/3
f 8255/5/3 8248/5/3 8254/5/3
f 8256/5/3 8249/5/3 8243/5/3
f 8257/6/3 8250/6/3 8249/6/3
f 8257/5/3 8249/5/3 8256/5/3
f 8258/6/3 8250/6/3 8257/6/3
f 8259/3/3 8252/3/3 8251/3/3
f 8259/3/3 8253/3/3 8252/3/3
f 8260/3/3 8253/3/3 8259/3/3
f 8261/3/3 8253/3/3 8260/3/3
f 8262/3/3 8258/3/3 8257/3/3
f 8262/3/3 8259/3/3 8258/3/3
f 8263/3/3 8259/3/3 8262/3/3
f 8264/1/3 8260/1/3 8259/1/3
f 8264/3/3 8259/3/3 8263/3/3
f 8265/1/3 8260/1/3 8264/1/3
f 8266/1/3 8264/1/3 8263/1/3
f 8267/1/3 8264/1/3 8266/1/3
f 8270/6/3 8269/6/3 8268/6/3
f 8271/6/3 8269/6/3 8270/6/3
f 8275/6/3 8273/6/3 8272/6/3
f 8276/5/3 8274/5/3 8273/5/3
f 8276/6/3 8273/6/3 8275/6/3
f 8277/5/3 8274/5/3 8276/5/3
f 8284/6/3 8279/6/3 8278/6/3
f 8285/6/3 8279/6/3 8284/6/3
f 8286/5/3 8281/5/3 8280/5/3
f 8287/5/3 8281/5/3 8286/5/3
f 8288/6/3 8283/6/3 8282/6/3
f 8289/6/3 8283/6/3 8288/6/3
f 8298/5/3 8291/5/3 8290/5/3
f 8299/5/3 8291/5/3 8298/5/3
f 8300/6/3 8293/6/3 8292/6/3
f 8301/6/3 8293/6/3 8300/6/3
f 8302/6/3 8295/6/3 8294/6/3
f 8303/6/3 8295/6/3 8302/6/3
f 8304/5/3 8297/5/3 8296/5/3
f 8305/5/3 8297/5/3 8304/5/3
f 8309/6/3 8307/6/3 8306/6/3
f 8310/3/3 8308/3/3 8307/3/3
f 8310/6/3 8307/6/3 8309/6/3
f 8311/3/3 8308/3/3 8310/3/3
f 8314/6/3 8313/6/3 8312/6/3
f 8315/6/3 8313/6/3 8314/6/3
f 8321/3/3 8317/3/3 8316/3/3
f 8322/3/3 8317/3/3 8321/3/3
f 8323/3/3 8317/3/3 8322/3/3
f 8324/1/3 8319/1/3 8318/1/3
f 8325/1/3 8319/1/3 8324/1/3
f 8327/1/3 8321/1/3 8320/1/3
f 8328/2/3 8322/2/3 8321/2/3
f 8328/1/3 8321/1/3 8327/1/3
f 8329/3/3 8323/3/3 8322/3/3
f 8329/2/3 8322/2/3 8328/2/3
f 8329/3/3 8326/3/3 8325/3/3
f 8329/3/3 8325/3/3 8324/3/3
f 8329/3/3 8324/3/3 8323/3/3
f 8330/3/3 8326/3/3 8329/3/3
f 8331/3/3 8326/3/3 8330/3/3
f 8332/5/3 8328/5/3 8327/5/3
f 8333/4/3 8329/4/3 8328/4/3
f 8333/5/3 8328/5/3 8332/5/3
f 8333/4/3 8330/4/3 8329/4/3
f 8334/4/3 8330/4/3 8333/4/3
f 8335/4/3 8330/4/3 8334/4/3
f 8336/5/3 8331/5/3 8330/5/3
f 8336/4/3 8330/4/3 8335/4/3
f 8337/5/3 8331/5/3 8336/5/3
f 8338/5/3 8331/5/3 8337/5/3
f 8339/4/3 8334/4/3 8333/4/3
f 8340/4/3 8334/4/3 8339/4/3
f 8341/4/3 8337/4/3 8336/4/3
f 8341/4/3 8336/4/3 8335/4/3
f 8342/4/3 8337/4/3 8341/4/3
f 8348/3/3 8344/3/3 8343/3/3
f 8349/3/3 8344/3/3 8348/3/3
f 8350/3/3 8344/3/3 8349/3/3
f 8351/3/3 8344/3/3 8350/3/3
f 8352/3/3 8344/3/3 8351/3/3
f 8354/5/3 8346/5/3 8345/5/3
f 8355/5/3 8346/5/3 8354/5/3
f 8356/6/3 8348/6/3 8347/6/3
f 8356/6/3 8349/6/3 8348/6/3
f 8357/6/3 8349/6/3 8356/6/3
f 8358/5/3 8353/5/3 8352/5/3
f 8358/5/3 8352/5/3 8351/5/3
f 8359/5/3 8353/5/3 8358/5/3
f 8360/6/3 8355/6/3 8354/6/3
f 8361/5/3 8346/5/3 8355/5/3
f 8361/6/3 8355/6/3 8360/6/3
f 8362/5/3 8346/5/3 8361/5/3
f 8363/6/3 8356/6/3 8347/6/3
f 8364/6/3 8356/6/3 8363/6/3
f 8365/5/3 8353/5/3 8359/5/3
f 8366/5/3 8353/5/3 8365/5/3
f 8374/5/3 8368/5/3 8367/5/3
f 8375/4/3 8369/4/3 8368/4/3
f 8375/5/3 8368/5/3 8374/5/3
f 8376/6/3 8370/6/3 8369/6/3
f 8376/4/3 8369/4/3 8375/4/3
f 8377/6/3 8370/6/3 8376/6/3
f 8378/5/3 8371/5/3 8370/5/3
f 8378/6/3 8370/6/3 8377/6/3
f 8379/5/3 8371/5/3 8378/5/3
f 8380/6/3 8373/6/3 8372/6/3
f 8381/6/3 8373/6/3 8380/6/3
f 8384/6/3 8383/6/3 8382/6/3
f 8385/6/3 8383/6/3 8384/6/3
f 8393/4/3 8387/4/3 8386/4/3
f 8393/4/3 8388/4/3 8387/4/3
f 8393/4/3 8389/4/3 8388/4/3
f 8394/6/3 8390/6/3 8389/6/3
f 8394/4/3 8389/4/3 8393/4/3
f 8395/6/3 8390/6/3 8394/6/3
f 8396/6/3 8392/6/3 8391/6/3
f 8397/6/3 8392/6/3 8396/6/3
f 8403/4/3 8399/4/3 8398/4/3
f 8404/4/3 8399/4/3 8403/4/3
f 8405/4/3 8399/4/3 8404/4/3
f 8406/6/3 8400/6/3 8399/6/3
f 8406/4/3 8399/4/3 8405/4/3
f 8407/6/3 8400/6/3 8406/6/3
f 8408/6/3 8402/6/3 8401/6/3
f 8409/6/3 8402/6/3 8408/6/3
f 8412/6/3 8411/6/3 8410/6/3
f 8413/6/3 8411/6/3 8412/6/3
f 8422/5/3 8417/5/3 8416/5/3
f 8423/4/3 8418/4/3 8417/4/3
f 8423/5/3 8417/5/3 8422/5/3
f 8424/6/3 8419/6/3 8418/6/3
f 8424/4/3 8418/4/3 8423/4/3
f 8424/6/3 8420/6/3 8419/6/3
f 8425/5/3 8421/5/3 8420/5/3
f 8425/6/3 8420/6/3 8424/6/3
f 8426/5/3 8421/5/3 8425/5/3
f 8427/6/3 8415/6/3 8414/6/3
f 8428/6/3 8415/6/3 8427/6/3
f 8436/6/3 8430/6/3 8429/6/3
f 8437/5/3 8431/5/3 8430/5/3
f 8437/6/3 8430/6/3 8436/6/3
f 8438/5/3 8431/5/3 8437/5/3
f 8439/3/3 8433/3/3 8432/3/3
f 8440/3/3 8433/3/3 8439/3/3
f 8443/1/3 8435/1/3 8434/1/3
f 8444/1/3 8435/1/3 8443/1/3
f 8445/3/3 8438/3/3 8437/3/3
f 8445/3/3 8437/3/3 8436/3/3
f 8446/3/3 8438/3/3 8445/3/3
f 8447/1/3 8441/1/3 8440/1/3
f 8447/1/3 8440/1/3 8439/1/3
f 8448/1/3 8441/1/3 8447/1/3
f 8449/1/3 8441/1/3 8448/1/3
f 8450/1/3 8443/1/3 8442/1/3
f 8451/3/3 8444/3/3 8443/3/3
f 8451/1/3 8443/1/3 8450/1/3
f 8452/3/3 8444/3/3 8451/3/3
f 8453/2/3 8450/2/3 8449/2/3
f 8453/2/3 8451/2/3 8450/2/3
f 8453/2/3 8449/2/3 8448/2/3
f 8454/2/3 8451/2/3 8453/2/3
f 8462/1/3 8456/1/3 8455/1/3
f 8463/4/3 8457/4/3 8456/4/3
f 8463/1/3 8456/1/3 8462/1/3
f 8464/4/3 8457/4/3 8463/4/3
f 8465/2/3 8459/2/3 8458/2/3
f 8466/1/3 8460/1/3 8459/1/3
f 8466/2/3 8459/2/3 8465/2/3
f 8467/1/3 8460/1/3 8466/1/3
f 8469/1/3 8462/1/3 8461/1/3
f 8469/2/3 8463/2/3 8462/2/3
f 8470/1/3 8467/1/3 8466/1/3
f 8470/2/3 8463/2/3 8469/2/3
f 8470/1/3 8465/1/3 8464/1/3
f 8470/1/3 8464/1/3 8463/1/3
f 8470/1/3 8466/1/3 8465/1/3
f 8471/1/3 8467/1/3 8470/1/3
f 8472/2/3 8468/2/3 8467/2/3
f 8472/1/3 8467/1/3 8471/1/3
f 8473/2/3 8468/2/3 8472/2/3
f 8474/1/3 8469/1/3 8461/1/3
f 8474/1/3 8470/1/3 8469/1/3
f 8475/1/3 8470/1/3 8474/1/3
f 8476/4/3 8471/4/3 8470/4/3
f 8476/1/3 8470/1/3 8475/1/3
f 8477/4/3 8471/4/3 8476/4/3
f 8478/5/3 8472/5/3 8471/5/3
f 8478/4/3 8471/4/3 8477/4/3
f 8479/3/3 8473/3/3 8472/3/3
f 8479/5/3 8472/5/3 8478/5/3
f 8480/3/3 8473/3/3 8479/3/3
f 8483/4/3 8477/4/3 8476/4/3
f 8483/4/3 8476/4/3 8475/4/3
f 8484/4/3 8477/4/3 8483/4/3
f 8485/5/3 8479/5/3 8478/5/3
f 8486/5/3 8479/5/3 8485/5/3
f 8487/6/3 8482/6/3 8481/6/3
f 8488/6/3 8482/6/3 8487/6/3
f 8491/6/3 8490/6/3 8489/6/3
f 8492/6/3 8490/6/3 8491/6/3
f 8495/5/3 8494/5/3 8493/5/3
f 8496/5/3 8494/5/3 8495/5/3
f 8503/5/3 8498/5/3 8497/5/3
f 8504/5/3 8498/5/3 8503/5/3
f 8505/6/3 8500/6/3 8499/6/3
f 8506/6/3 8500/6/3 8505/6/3
f 8507/6/3 8502/6/3 8501/6/3
f 8508/6/3 8502/6/3 8507/6/3
f 8511/6/3 8510/6/3 8509/6/3
f 8512/6/3 8510/6/3 8511/6/3
f 8516/6/3 8514/6/3 8513/6/3
f 8517/5/3 8515/5/3 8514/5/3
f 8517/6/3 8514/6/3 8516/6/3
f 8518/5/3 8515/5/3 8517/5/3
f 8521/6/3 8520/6/3 8519/6/3
f 8522/6/3 8520/6/3 8521/6/3
f 8525/6/3 8524/6/3 8523/6/3
f 8526/6/3 8524/6/3 8525/6/3
f 8532/6/3 8528/6/3 8527/6/3
f 8533/6/3 8528/6/3 8532/6/3
f 8534/4/3 8529/4/3 8528/4/3
f 8534/6/3 8528/6/3 8533/6/3
f 8535/4/3 8529/4/3 8534/4/3
f 8536/5/3 8530/5/3 8529/5/3
f 8536/4/3 8529/4/3 8535/4/3
f 8537/5/3 8530/5/3 8536/5/3
f 8538/5/3 8530/5/3 8537/5/3
f 8541/3/3 8533/3/3 8532/3/3
f 8541/3/3 8532/3/3 8531/3/3
f 8542/3/3 8533/3/3 8541/3/3
f 8543/3/3 8533/3/3 8542/3/3
f 8544/4/3 8536/4/3 8535/4/3
f 8545/4/3 8536/4/3 8544/4/3
f 8546/2/3 8539/2/3 8538/2/3
f 8546/2/3 8538/2/3 8537/2/3
f 8547/2/3 8539/2/3 8546/2/3
f 8548/2/3 8539/2/3 8547/2/3
f 8549/3/3 8541/3/3 8540/3/3
f 8549/1/3 8542/1/3 8541/1/3
f 8550/1/3 8542/1/3 8549/1/3
f 8551/1/3 8542/1/3 8550/1/3
f 8552/5/3 8548/5/3 8547/5/3
f 8553/3/3 8549/3/3 8540/3/3
f 8554/2/3 8550/2/3 8549/2/3
f 8554/3/3 8549/3/3 8553/3/3
f 8555/1/3 8551/1/3 8550/1/3
f 8555/2/3 8550/2/3 8554/2/3
f 8556/1/3 8551/1/3 8555/1/3
f 8561/5/3 8548/5/3 8552/5/3
f 8562/5/3 8548/5/3 8561/5/3
f 8563/5/3 8555/5/3 8554/5/3
f 8563/5/3 8556/5/3 8555/5/3
f 8564/4/3 8557/4/3 8556/4/3
f 8564/5/3 8556/5/3 8563/5/3
f 8565/4/3 8557/4/3 8564/4/3
f 8567/4/3 8559/4/3 8558/4/3
f 8568/4/3 8559/4/3 8567/4/3
f 8569/4/3 8561/4/3 8560/4/3
f 8570/6/3 8562/6/3 8561/6/3
f 8570/4/3 8561/4/3 8569/4/3
f 8571/6/3 8562/6/3 8570/6/3
f 8576/6/3 8566/6/3 8565/6/3
f 8576/6/3 8565/6/3 8564/6/3
f 8577/4/3 8569/4/3 8568/4/3
f 8577/6/3 8566/6/3 8576/6/3
f 8577/4/3 8568/4/3 8567/4/3
f 8577/4/3 8570/4/3 8569/4/3
f 8577/4/3 8567/4/3 8566/4/3
f 8578/4/3 8570/4/3 8577/4/3
f 8579/5/3 8573/5/3 8572/5/3
f 8583/1/3 8575/1/3 8574/1/3
f 8584/1/3 8575/1/3 8583/1/3
f 8587/5/3 8579/5/3 8572/5/3
f 8587/5/3 8580/5/3 8579/5/3
f 8588/5/3 8580/5/3 8587/5/3
f 8589/3/3 8582/3/3 8581/3/3
f 8590/3/3 8582/3/3 8589/3/3
f 8591/3/3 8586/3/3 8585/3/3
f 8592/3/3 8586/3/3 8591/3/3
f 8593/5/3 8580/5/3 8588/5/3
f 8599/5/3 8593/5/3 8588/5/3
f 8599/5/3 8594/5/3 8593/5/3
f 8600/4/3 8595/4/3 8594/4/3
f 8600/5/3 8594/5/3 8599/5/3
f 8601/4/3 8595/4/3 8600/4/3
f 8602/6/3 8596/6/3 8595/6/3
f 8602/4/3 8595/4/3 8601/4/3
f 8603/4/3 8601/4/3 8600/4/3
f 8603/4/3 8600/4/3 8599/4/3
f 8604/4/3 8601/4/3 8603/4/3
f 8605/4/3 8601/4/3 8604/4/3
f 8606/6/3 8602/6/3 8601/6/3
f 8606/4/3 8601/4/3 8605/4/3
f 8607/6/3 8596/6/3 8602/6/3
f 8607/6/3 8602/6/3 8606/6/3
f 8608/5/3 8598/5/3 8597/5/3
f 8609/5/3 8598/5/3 8608/5/3
f 8617/4/3 8611/4/3 8610/4/3
f 8617/4/3 8612/4/3 8611/4/3
f 8617/4/3 8613/4/3 8612/4/3
f 8618/6/3 8614/6/3 8613/6/3
f 8618/4/3 8613/4/3 8617/4/3
f 8619/6/3 8614/6/3 8618/6/3
f 8620/1/3 8616/1/3 8615/1/3
f 8621/3/3 8619/3/3 8618/3/3
f 8621/3/3 8618/3/3 8617/3/3
f 8622/3/3 8619/3/3 8621/3/3
f 8623/3/3 8619/3/3 8622/3/3
f 8624/1/3 8616/1/3 8620/1/3
f 8625/1/3 8616/1/3 8624/1/3
f 8627/3/3 8622/3/3 8621/3/3
f 8632/3/3 8627/3/3 8626/3/3
f 8633/3/3 8627/3/3 8632/3/3
f 8634/3/3 8622/3/3 8627/3/3
f 8634/3/3 8627/3/3 8633/3/3
f 8635/2/3 8629/2/3 8628/2/3
f 8636/2/3 8629/2/3 8635/2/3
f 8639/2/3 8631/2/3 8630/2/3
f 8640/2/3 8631/2/3 8639/2/3
f 8641/2/3 8633/2/3 8632/2/3
f 8642/2/3 8633/2/3 8641/2/3
f 8643/6/3 8638/6/3 8637/6/3
f 8644/6/3 8638/6/3 8643/6/3
f 8651/1/3 8646/1/3 8645/1/3
f 8652/3/3 8647/3/3 8646/3/3
f 8652/1/3 8646/1/3 8651/1/3
f 8653/3/3 8647/3/3 8652/3/3
f 8654/3/3 8647/3/3 8653/3/3
f 8655/4/3 8648/4/3 8647/4/3
f 8656/4/3 8648/4/3 8655/4/3
f 8657/4/3 8648/4/3 8656/4/3
f 8658/4/3 8648/4/3 8657/4/3
f 8661/2/3 8650/2/3 8649/2/3
f 8662/1/3 8651/1/3 8650/1/3
f 8662/1/3 8652/1/3 8651/1/3
f 8662/2/3 8650/2/3 8661/2/3
f 8663/1/3 8652/1/3 8662/1/3
f 8664/1/3 8652/1/3 8663/1/3
f 8665/1/3 8652/1/3 8664/1/3
f 8666/3/3 8647/3/3 8654/3/3
f 8667/4/3 8655/4/3 8647/4/3
f 8667/3/3 8647/3/3 8666/3/3
f 8668/4/3 8655/4/3 8667/4/3
f 8669/1/3 8658/1/3 8657/1/3
f 8669/1/3 8659/1/3 8658/1/3
f 8670/1/3 8659/1/3 8669/1/3
f 8671/1/3 8659/1/3 8670/1/3
f 8672/5/3 8661/5/3 8660/5/3
f 8673/1/3 8662/1/3 8661/1/3
f 8673/5/3 8661/5/3 8672/5/3
f 8673/1/3 8663/1/3 8662/1/3
f 8674/1/3 8663/1/3 8673/1/3
f 8675/5/3 8664/5/3 8663/5/3
f 8675/1/3 8663/1/3 8674/1/3
f 8676/2/3 8671/2/3 8670/2/3
f 8677/1/3 8674/1/3 8673/1/3
f 8677/1/3 8673/1/3 8672/1/3
f 8678/1/3 8674/1/3 8677/1/3
f 8679/5/3 8664/5/3 8675/5/3
f 8679/5/3 8675/5/3 8674/5/3
f 8684/2/3 8671/2/3 8676/2/3
f 8685/1/3 8674/1/3 8678/1/3
f 8686/5/3 8679/5/3 8674/5/3
f 8686/1/3 8674/1/3 8685/1/3
f 8686/5/3 8680/5/3 8679/5/3
f 8687/5/3 8680/5/3 8686/5/3
f 8688/5/3 8680/5/3 8687/5/3
f 8690/4/3 8682/4/3 8681/4/3
f 8691/4/3 8682/4/3 8690/4/3
f 8692/5/3 8684/5/3 8683/5/3
f 8693/2/3 8671/2/3 8684/2/3
f 8693/5/3 8684/5/3 8692/5/3
f 8694/2/3 8671/2/3 8693/2/3
f 8697/6/3 8689/6/3 8688/6/3
f 8697/6/3 8688/6/3 8687/6/3
f 8698/4/3 8691/4/3 8690/4/3
f 8698/6/3 8689/6/3 8697/6/3
f 8698/4/3 8690/4/3 8689/4/3
f 8699/5/3 8692/5/3 8691/5/3
f 8699/4/3 8691/4/3 8698/4/3
f 8699/5/3 8693/5/3 8692/5/3
f 8700/5/3 8693/5/3 8699/5/3
f 8701/6/3 8696/6/3 8695/6/3
f 8702/6/3 8696/6/3 8701/6/3
f 8705/6/3 8704/6/3 8703/6/3
f 8706/6/3 8704/6/3 8705/6/3
f 8710/6/3 8708/6/3 8707/6/3
f 8711/5/3 8709/5/3 8708/5/3
f 8711/6/3 8708/6/3 8710/6/3
f 8712/5/3 8709/5/3 8711/5/3
f 8715/6/3 8714/6/3 8713/6/3
f 8716/6/3 8714/6/3 8715/6/3
f 8719/5/3 8718/5/3 8717/5/3
f 8720/5/3 8718/5/3 8719/5/3
f 8723/6/3 8722/6/3 8721/6/3
f 8724/6/3 8722/6/3 8723/6/3
f 8733/6/3 8726/6/3 8725/6/3
f 8734/6/3 8726/6/3 8733/6/3
f 8735/6/3 8726/6/3 8734/6/3
f 8736/6/3 8728/6/3 8727/6/3
f 8737/5/3 8729/5/3 8728/5/3
f 8737/6/3 8728/6/3 8736/6/3
f 8738/5/3 8729/5/3 8737/5/3
f 8742/4/3 8731/4/3 8730/4/3
f 8743/5/3 8732/5/3 8731/5/3
f 8743/4/3 8731/4/3 8742/4/3
f 8744/5/3 8732/5/3 8743/5/3
f 8745/5/3 8740/5/3 8739/5/3
f 8746/5/3 8740/5/3 8745/5/3
f 8747/4/3 8742/4/3 8741/4/3
f 8747/3/3 8743/3/3 8742/3/3
f 8748/3/3 8743/3/3 8747/3/3
f 8751/4/3 8747/4/3 8741/4/3
f 8752/4/3 8747/4/3 8751/4/3
f 8753/5/3 8750/5/3 8749/5/3
f 8754/5/3 8750/5/3 8753/5/3
f 8755/3/3 8752/3/3 8751/3/3
f 8757/6/3 8754/6/3 8753/6/3
f 8758/6/3 8754/6/3 8757/6/3
f 8759/3/3 8755/3/3 8751/3/3
f 8760/4/3 8756/4/3 8755/4/3
f 8760/3/3 8755/3/3 8759/3/3
f 8761/4/3 8756/4/3 8760/4/3
f 8772/4/3 8761/4/3 8760/4/3
f 8772/4/3 8762/4/3 8761/4/3
f 8773/4/3 8762/4/3 8772/4/3
f 8779/6/3 8764/6/3 8763/6/3
f 8780/6/3 8764/6/3 8779/6/3
f 8781/5/3 8766/5/3 8765/5/3
f 8782/3/3 8767/3/3 8766/3/3
f 8782/5/3 8766/5/3 8781/5/3
f 8783/3/3 8767/3/3 8782/3/3
f 8786/1/3 8769/1/3 8768/1/3
f 8787/1/3 8769/1/3 8786/1/3
f 8788/2/3 8771/2/3 8770/2/3
f 8789/2/3 8771/2/3 8788/2/3
f 8790/6/3 8775/6/3 8774/6/3
f 8790/6/3 8776/6/3 8775/6/3
f 8791/6/3 8776/6/3 8790/6/3
f 8792/6/3 8778/6/3 8777/6/3
f 8793/6/3 8778/6/3 8792/6/3
f 8794/3/3 8785/3/3 8784/3/3
f 8794/5/3 8784/5/3 8783/5/3
f 8795/3/3 8785/3/3 8794/3/3
f 8796/3/3 8785/3/3 8795/3/3
f 8799/5/3 8794/5/3 8783/5/3
f 8800/5/3 8794/5/3 8799/5/3
f 8801/4/3 8795/4/3 8794/4/3
f 8801/5/3 8794/5/3 8800/5/3
f 8802/6/3 8796/6/3 8795/6/3
f 8802/4/3 8795/4/3 8801/4/3
f 8803/6/3 8796/6/3 8802/6/3
f 8804/1/3 8798/1/3 8797/1/3
f 8805/1/3 8798/1/3 8804/1/3
f 8810/3/3 8807/3/3 8806/3/3
f 8811/3/3 8807/3/3 8810/3/3
f 8812/3/3 8807/3/3 8811/3/3
f 8813/3/3 8807/3/3 8812/3/3
f 8814/2/3 8809/2/3 8808/2/3
f 8815/2/3 8809/2/3 8814/2/3
f 8817/3/3 8810/3/3 8806/3/3
f 8818/5/3 8811/5/3 8810/5/3
f 8818/3/3 8810/3/3 8817/3/3
f 8819/1/3 8812/1/3 8811/1/3
f 8819/5/3 8811/5/3 8818/5/3
f 8820/2/3 8813/2/3 8812/2/3
f 8820/1/3 8812/1/3 8819/1/3
f 8821/2/3 8813/2/3 8820/2/3
f 8831/2/3 8817/2/3 8816/2/3
f 8832/2/3 8817/2/3 8831/2/3
f 8833/6/3 8823/6/3 8822/6/3
f 8834/6/3 8823/6/3 8833/6/3
f 8835/6/3 8825/6/3 8824/6/3
f 8836/6/3 8825/6/3 8835/6/3
f 8840/3/3 8827/3/3 8826/3/3
f 8841/6/3 8828/6/3 8827/6/3
f 8841/3/3 8827/3/3 8840/3/3
f 8842/6/3 8828/6/3 8841/6/3
f 8843/6/3 8830/6/3 8829/6/3
f 8844/6/3 8830/6/3 8843/6/3
f 8848/2/3 8838/2/3 8837/2/3
f 8849/1/3 8839/1/3 8838/1/3
f 8849/2/3 8838/2/3 8848/2/3
f 8850/1/3 8839/1/3 8849/1/3
f 8851/1/3 8839/1/3 8850/1/3
f 8852/6/3 8846/6/3 8845/6/3
f 8853/6/3 8846/6/3 8852/6/3
f 8854/4/3 8848/4/3 8847/4/3
f 8854/2/3 8849/2/3 8848/2/3
f 8855/2/3 8849/2/3 8854/2/3
f 8858/4/3 8854/4/3 8847/4/3
f 8859/4/3 8858/4/3 8847/4/3
f 8861/3/3 8857/3/3 8856/3/3
f 8862/3/3 8857/3/3 8861/3/3
f 8863/4/3 8859/4/3 8847/4/3
f 8864/5/3 8860/5/3 8859/5/3
f 8864/4/3 8859/4/3 8863/4/3
f 8865/5/3 8860/5/3 8864/5/3
f 8870/4/3 8865/4/3 8864/4/3
f 8871/5/3 8867/5/3 8866/5/3
f 8871/4/3 8865/4/3 8870/4/3
f 8871/5/3 8866/5/3 8865/5/3
f 8872/5/3 8867/5/3 8871/5/3
f 8879/5/3 8869/5/3 8868/5/3
f 8880/5/3 8869/5/3 8879/5/3
f 8881/6/3 8874/6/3 8873/6/3
f 8881/6/3 8875/6/3 8874/6/3
f 8882/6/3 8875/6/3 8881/6/3
f 8883/6/3 8877/6/3 8876/6/3
f 8884/5/3 8878/5/3 8877/5/3
f 8884/6/3 8877/6/3 8883/6/3
f 8885/5/3 8878/5/3 8884/5/3
f 8888/6/3 8887/6/3 8886/6/3
f 8889/6/3 8887/6/3 8888/6/3
f 8892/5/3 8891/5/3 8890/5/3
f 8893/5/3 8891/5/3 8892/5/3
f 8900/6/3 8895/6/3 8894/6/3
f 8901/6/3 8895/6/3 8900/6/3
f 8902/6/3 8897/6/3 8896/6/3
f 8903/6/3 8897/6/3 8902/6/3
f 8904/5/3 8899/5/3 8898/5/3
f 8905/5/3 8899/5/3 8904/5/3
f 8908/5/3 8907/5/3 8906/5/3
f 8909/5/3 8907/5/3 8908/5/3
f 8914/6/3 8911/6/3 8910/6/3
f 8915/3/3 8912/3/3 8911/3/3
f 8915/6/3 8911/6/3 8914/6/3
f 8916/6/3 8913/6/3 8912/6/3
f 8916/3/3 8912/3/3 8915/3/3
f 8917/6/3 8913/6/3 8916/6/3
f 8928/6/3 8919/6/3 8918/6/3
f 8929/6/3 8919/6/3 8928/6/3
f 8930/6/3 8921/6/3 8920/6/3
f 8931/6/3 8921/6/3 8930/6/3
f 8932/6/3 8923/6/3 8922/6/3
f 8933/6/3 8923/6/3 8932/6/3
f 8934/6/3 8925/6/3 8924/6/3
f 8935/6/3 8925/6/3 8934/6/3
f 8936/4/3 8927/4/3 8926/4/3
f 8937/4/3 8927/4/3 8936/4/3
f 8942/6/3 8939/6/3 8938/6/3
f 8943/6/3 8939/6/3 8942/6/3
f 8944/4/3 8941/4/3 8940/4/3
f 8946/4/3 8944/4/3 8940/4/3
f 8951/6/3 8946/6/3 8945/6/3
f 8952/4/3 8944/4/3 8946/4/3
f 8952/6/3 8946/6/3 8951/6/3
f 8953/4/3 8944/4/3 8952/4/3
f 8955/6/3 8948/6/3 8947/6/3
f 8956/6/3 8948/6/3 8955/6/3
f 8957/3/3 8950/3/3 8949/3/3
f 8958/3/3 8950/3/3 8957/3/3
f 8959/2/3 8952/2/3 8951/2/3
f 8960/3/3 8954/3/3 8953/3/3
f 8960/2/3 8952/2/3 8959/2/3
f 8960/3/3 8953/3/3 8952/3/3
f 8961/3/3 8954/3/3 8960/3/3
f 8962/3/3 8954/3/3 8961/3/3
f 8971/3/3 8961/3/3 8960/3/3
f 8972/6/3 8962/6/3 8961/6/3
f 8972/3/3 8961/3/3 8971/3/3
f 8973/6/3 8962/6/3 8972/6/3
f 8974/6/3 8964/6/3 8963/6/3
f 8975/6/3 8964/6/3 8974/6/3
f 8976/6/3 8966/6/3 8965/6/3
f 8977/6/3 8966/6/3 8976/6/3
f 8978/6/3 8968/6/3 8967/6/3
f 8979/6/3 8968/6/3 8978/6/3
f 8980/6/3 8970/6/3 8969/6/3
f 8981/6/3 8970/6/3 8980/6/3
f 8987/4/3 8983/4/3 8982/4/3
f 8987/4/3 8984/4/3 8983/4/3
f 8988/4/3 8984/4/3 8987/4/3
f 8989/7/3 8986/7/3 8985/7/3
f 8989/4/3 8984/4/3 8988/4/3
f 8989/7/3 8985/7/3 8984/7/3
f 8990/7/3 8986/7/3 8989/7/3
f 8991/7/3 8986/7/3 8990/7/3
f 9006/2/3 8993/2/3 8992/2/3
f 9007/2/3 8993/2/3 9006/2/3
f 9008/2/3 8993/2/3 9007/2/3
f 9009/1/3 8995/1/3 8994/1/3
f 9010/1/3 8995/1/3 9009/1/3
f 9011/6/3 8997/6/3 8996/6/3
f 9012/6/3 8997/6/3 9011/6/3
f 9013/6/3 8999/6/3 8998/6/3
f 9014/6/3 8999/6/3 9013/6/3
f 9015/6/3 9001/6/3 9000/6/3
f 9016/6/3 9001/6/3 9015/6/3
f 9017/1/3 9004/1/3 9003/1/3
f 9017/1/3 9003/1/3 9002/1/3
f 9018/1/3 9004/1/3 9017/1/3
f 9019/6/3 9006/6/3 9005/6/3
f 9019/6/3 9007/6/3 9006/6/3
f 9020/2/3 9008/2/3 9007/2/3
f 9020/6/3 9007/6/3 9019/6/3
f 9021/2/3 9008/2/3 9020/2/3
f 9024/6/3 9019/6/3 9005/6/3
f 9025/4/3 9020/4/3 9019/4/3
f 9025/6/3 9019/6/3 9024/6/3
f 9026/1/3 9023/1/3 9022/1/3
f 9027/1/3 9023/1/3 9026/1/3
f 9028/4/3 9020/4/3 9025/4/3
f 9029/4/3 9020/4/3 9028/4/3
f 9034/6/3 9031/6/3 9030/6/3
f 9035/6/3 9031/6/3 9034/6/3
f 9036/4/3 9033/4/3 9032/4/3
f 9037/4/3 9033/4/3 9036/4/3
f 9048/6/3 9039/6/3 9038/6/3
f 9049/6/3 9039/6/3 9048/6/3
f 9050/6/3 9041/6/3 9040/6/3
f 9051/6/3 9041/6/3 9050/6/3
f 9052/6/3 9043/6/3 9042/6/3
f 9053/6/3 9043/6/3 9052/6/3
f 9054/6/3 9045/6/3 9044/6/3
f 9055/6/3 9045/6/3 9054/6/3
f 9056/6/3 9047/6/3 9046/6/3
f 9057/6/3 9047/6/3 9056/6/3
f 9060/5/3 9059/5/3 9058/5/3
f 9061/5/3 9059/5/3 9060/5/3
f 9064/5/3 9063/5/3 9062/5/3
f 9065/5/3 9063/5/3 9064/5/3
f 9070/6/3 9067/6/3 9066/6/3
f 9071/6/3 9067/6/3 9070/6/3
f 9072/6/3 9069/6/3 9068/6/3
f 9073/6/3 9069/6/3 9072/6/3
f 9078/5/3 9075/5/3 9074/5/3
f 9079/5/3 9075/5/3 9078/5/3
f 9080/6/3 9077/6/3 9076/6/3
f 9081/6/3 9077/6/3 9080/6/3
f 9088/5/3 9083/5/3 9082/5/3
f 9089/5/3 9083/5/3 9088/5/3
f 9090/5/3 9085/5/3 9084/5/3
f 9091/5/3 9085/5/3 9090/5/3
f 9092/5/3 9085/5/3 9091/5/3
f 9093/5/3 9087/5/3 9086/5/3
f 9094/5/3 9087/5/3 9093/5/3
f 9099/6/3 9096/6/3 9095/6/3
f 9100/6/3 9096/6/3 9099/6/3
f 9101/6/3 9098/6/3 9097/6/3
f 9102/6/3 9098/6/3 9101/6/3
f 9106/6/3 9104/6/3 9103/6/3
f 9107/6/3 9104/6/3 9106/6/3
f 9109/6/3 9106/6/3 9105/6/3
f 9110/6/3 9106/6/3 9109/6/3
f 9110/6/3 9109/6/3 9108/6/3
f 9111/6/3 9106/6/3 9110/6/3
f 9112/6/3 9110/6/3 9108/6/3
f 9113/6/3 9110/6/3 9112/6/3
f 9118/5/3 9113/5/3 9112/5/3
f 9119/5/3 9113/5/3 9118/5/3
f 9125/3/3 9115/3/3 9114/3/3
f 9126/4/3 9116/4/3 9115/4/3
f 9126/3/3 9115/3/3 9125/3/3
f 9127/5/3 9117/5/3 9116/5/3
f 9127/4/3 9116/4/3 9126/4/3
f 9128/5/3 9117/5/3 9127/5/3
f 9129/5/3 9117/5/3 9128/5/3
f 9131/2/3 9119/2/3 9118/2/3
f 9132/3/3 9120/3/3 9119/3/3
f 9132/2/3 9119/2/3 9131/2/3
f 9133/3/3 9120/3/3 9132/3/3
f 9135/4/3 9122/4/3 9121/4/3
f 9136/4/3 9122/4/3 9135/4/3
f 9137/6/3 9124/6/3 9123/6/3
f 9138/6/3 9124/6/3 9137/6/3
f 9145/2/3 9131/2/3 9130/2/3
f 9146/3/3 9132/3/3 9131/3/3
f 9146/3/3 9133/3/3 9132/3/3
f 9146/2/3 9131/2/3 9145/2/3
f 9147/3/3 9133/3/3 9146/3/3
f 9148/4/3 9136/4/3 9135/4/3
f 9148/3/3 9133/3/3 9147/3/3
f 9148/4/3 9134/4/3 9133/4/3
f 9148/4/3 9135/4/3 9134/4/3
f 9149/4/3 9136/4/3 9148/4/3
f 9150/4/3 9136/4/3 9149/4/3
f 9151/3/3 9140/3/3 9139/3/3
f 9152/3/3 9140/3/3 9151/3/3
f 9153/1/3 9142/1/3 9141/1/3
f 9154/1/3 9142/1/3 9153/1/3
f 9155/1/3 9142/1/3 9154/1/3
f 9157/1/3 9144/1/3 9143/1/3
f 9158/3/3 9146/3/3 9145/3/3
f 9158/3/3 9145/3/3 9144/3/3
f 9158/1/3 9144/1/3 9157/1/3
f 9159/3/3 9146/3/3 9158/3/3
f 9160/1/3 9147/1/3 9146/1/3
f 9160/3/3 9146/3/3 9159/3/3
f 9161/5/3 9148/5/3 9147/5/3
f 9161/1/3 9147/1/3 9160/1/3
f 9162/4/3 9149/4/3 9148/4/3
f 9162/5/3 9148/5/3 9161/5/3
f 9163/4/3 9149/4/3 9162/4/3
f 9164/1/3 9152/1/3 9151/1/3
f 9165/3/3 9153/3/3 9152/3/3
f 9165/1/3 9152/1/3 9164/1/3
f 9165/3/3 9154/3/3 9153/3/3
f 9166/3/3 9154/3/3 9165/3/3
f 9167/3/3 9154/3/3 9166/3/3
f 9168/4/3 9155/4/3 9154/4/3
f 9168/3/3 9154/3/3 9167/3/3
f 9169/1/3 9156/1/3 9155/1/3
f 9169/4/3 9155/4/3 9168/4/3
f 9170/4/3 9157/4/3 9156/4/3
f 9170/1/3 9156/1/3 9169/1/3
f 9171/3/3 9159/3/3 9158/3/3
f 9171/4/3 9157/4/3 9170/4/3
f 9171/3/3 9158/3/3 9157/3/3
f 9172/3/3 9159/3/3 9171/3/3
f 9173/5/3 9160/5/3 9159/5/3
f 9173/3/3 9159/3/3 9172/3/3
f 9173/5/3 9161/5/3 9160/5/3
f 9174/5/3 9161/5/3 9173/5/3
f 9175/4/3 9162/4/3 9161/4/3
f 9175/5/3 9161/5/3 9174/5/3
f 9176/4/3 9162/4/3 9175/4/3
f 9177/6/3 9166/6/3 9165/6/3
f 9177/6/3 9165/6/3 9164/6/3
f 9178/4/3 9167/4/3 9166/4/3
f 9178/6/3 9166/6/3 9177/6/3
f 9179/3/3 9168/3/3 9167/3/3
f 9179/4/3 9167/4/3 9178/4/3
f 9179/3/3 9170/3/3 9169/3/3
f 9179/3/3 9169/3/3 9168/3/3
f 9179/3/3 9172/3/3 9171/3/3
f 9179/3/3 9171/3/3 9170/3/3
f 9180/3/3 9172/3/3 9179/3/3
f 9181/3/3 9172/3/3 9180/3/3
f 9182/6/3 9173/6/3 9172/6/3
f 9182/3/3 9172/3/3 9181/3/3
f 9182/6/3 9174/6/3 9173/6/3
f 9183/6/3 9174/6/3 9182/6/3
f 9184/6/3 9174/6/3 9183/6/3
f 9185/6/3 9177/6/3 9164/6/3
f 9186/6/3 9177/6/3 9185/6/3
f 9187/7/3 9180/7/3 9179/7/3
f 9188/7/3 9180/7/3 9187/7/3
f 9189/6/3 9183/6/3 9182/6/3
f 9189/6/3 9182/6/3 9181/6/3
f 9190/6/3 9183/6/3 9189/6/3
f 9195/4/3 9192/4/3 9191/4/3
f 9196/7/3 9194/7/3 9193/7/3
f 9196/4/3 9192/4/3 9195/4/3
f 9196/7/3 9193/7/3 9192/7/3
f 9197/7/3 9194/7/3 9196/7/3
f 9201/4/3 9199/4/3 9198/4/3
f 9202/7/3 9200/7/3 9199/7/3
f 9202/4/3 9199/4/3 9201/4/3
f 9203/7/3 9200/7/3 9202/7/3
f 9204/7/3 9200/7/3 9203/7/3
f 9211/6/3 9206/6/3 9205/6/3
f 9212/6/3 9206/6/3 9211/6/3
f 9213/7/3 9208/7/3 9207/7/3
f 9214/7/3 9208/7/3 9213/7/3
f 9216/6/3 9210/6/3 9209/6/3
f 9217/6/3 9210/6/3 9216/6/3
f 9219/1/3 9215/1/3 9214/1/3
f 9219/1/3 9212/1/3 9211/1/3
f 9219/1/3 9213/1/3 9212/1/3
f 9219/1/3 9214/1/3 9213/1/3
f 9220/1/3 9215/1/3 9219/1/3
f 9221/3/3 9216/3/3 9215/3/3
f 9221/1/3 9215/1/3 9220/1/3
f 9222/6/3 9217/6/3 9216/6/3
f 9222/3/3 9216/3/3 9221/3/3
f 9222/6/3 9218/6/3 9217/6/3
f 9223/6/3 9218/6/3 9222/6/3
f 9224/6/3 9218/6/3 9223/6/3
f 9225/6/3 9218/6/3 9224/6/3
f 9227/3/3 9220/3/3 9219/3/3
f 9228/3/3 9220/3/3 9227/3/3
f 9229/2/3 9221/2/3 9220/2/3
f 9229/3/3 9220/3/3 9228/3/3
f 9230/2/3 9221/2/3 9229/2/3
f 9231/2/3 9221/2/3 9230/2/3
f 9232/1/3 9222/1/3 9221/1/3
f 9232/2/3 9221/2/3 9231/2/3
f 9233/2/3 9223/2/3 9222/2/3
f 9233/1/3 9222/1/3 9232/1/3
f 9234/3/3 9224/3/3 9223/3/3
f 9234/2/3 9223/2/3 9233/2/3
f 9235/5/3 9225/5/3 9224/5/3
f 9235/3/3 9224/3/3 9234/3/3
f 9236/1/3 9226/1/3 9225/1/3
f 9236/5/3 9225/5/3 9235/5/3
f 9237/1/3 9226/1/3 9236/1/3
f 9239/2/3 9228/2/3 9227/2/3
f 9240/2/3 9228/2/3 9239/2/3
f 9241/4/3 9231/4/3 9230/4/3
f 9242/4/3 9231/4/3 9241/4/3
f 9243/1/3 9234/1/3 9233/1/3
f 9243/1/3 9235/1/3 9234/1/3
f 9243/1/3 9236/1/3 9235/1/3
f 9244/1/3 9236/1/3 9243/1/3
f 9245/3/3 9237/3/3 9236/3/3
f 9245/1/3 9236/1/3 9244/1/3
f 9246/1/3 9238/1/3 9237/1/3
f 9246/3/3 9237/3/3 9245/3/3
f 9247/1/3 9238/1/3 9246/1/3
f 9253/1/3 9245/1/3 9244/1/3
f 9254/2/3 9246/2/3 9245/2/3
f 9254/1/3 9245/1/3 9253/1/3
f 9255/2/3 9246/2/3 9254/2/3
f 9256/4/3 9247/4/3 9246/4/3
f 9256/2/3 9246/2/3 9255/2/3
f 9257/1/3 9248/1/3 9247/1/3
f 9257/4/3 9247/4/3 9256/4/3
f 9258/1/3 9248/1/3 9257/1/3
f 9259/1/3 9248/1/3 9258/1/3
f 9262/2/3 9250/2/3 9249/2/3
f 9262/2/3 9251/2/3 9250/2/3
f 9263/5/3 9252/5/3 9251/5/3
f 9263/2/3 9251/2/3 9262/2/3
f 9264/5/3 9252/5/3 9263/5/3
f 9265/1/3 9256/1/3 9255/1/3
f 9265/5/3 9255/5/3 9254/5/3
f 9266/1/3 9256/1/3 9265/1/3
f 9267/1/3 9259/1/3 9258/1/3
f 9268/1/3 9259/1/3 9267/1/3
f 9269/6/3 9261/6/3 9260/6/3
f 9270/6/3 9261/6/3 9269/6/3
f 9271/5/3 9265/5/3 9254/5/3
f 9272/5/3 9265/5/3 9271/5/3
f 9273/6/3 9272/6/3 9271/6/3
f 9275/6/3 9273/6/3 9271/6/3
f 9275/6/3 9274/6/3 9273/6/3
f 9276/6/3 9274/6/3 9275/6/3
f 9277/6/3 9274/6/3 9276/6/3
f 9278/6/3 9274/6/3 9277/6/3
f 9280/6/3 9279/6/3 9278/6/3
f 9281/6/3 9279/6/3 9280/6/3
f 9286/6/3 9283/6/3 9282/6/3
f 9287/6/3 9283/6/3 9286/6/3
f 9288/6/3 9285/6/3 9284/6/3
f 9289/6/3 9285/6/3 9288/6/3
f 9292/5/3 9291/5/3 9290/5/3
f 9293/5/3 9291/5/3 9292/5/3
f 9301/5/3 9295/5/3 9294/5/3
f 9302/5/3 9295/5/3 9301/5/3
f 9303/5/3 9298/5/3 9297/5/3
f 9303/5/3 9297/5/3 9296/5/3
f 9304/5/3 9298/5/3 9303/5/3
f 9305/6/3 9300/6/3 9299/6/3
f 9306/6/3 9300/6/3 9305/6/3
f 9309/5/3 9308/5/3 9307/5/3
f 9310/5/3 9308/5/3 9309/5/3
f 9313/6/3 9312/6/3 9311/6/3
f 9314/6/3 9312/6/3 9313/6/3
f 9317/6/3 9316/6/3 9315/6/3
f 9318/6/3 9316/6/3 9317/6/3
f 9323/6/3 9320/6/3 9319/6/3
f 9324/6/3 9320/6/3 9323/6/3
f 9325/5/3 9322/5/3 9321/5/3
f 9326/5/3 9322/5/3 9325/5/3
f 9330/5/3 9324/5/3 9323/5/3
f 9331/5/3 9324/5/3 9330/5/3
f 9332/3/3 9328/3/3 9327/3/3
f 9333/3/3 9328/3/3 9332/3/3
f 9336/5/3 9331/5/3 9330/5/3
f 9336/5/3 9330/5/3 9329/5/3
f 9337/5/3 9331/5/3 9336/5/3
f 9338/5/3 9331/5/3 9337/5/3
f 9341/3/3 9334/3/3 9333/3/3
f 9342/3/3 9334/3/3 9341/3/3
f 9343/4/3 9335/4/3 9334/4/3
f 9343/3/3 9334/3/3 9342/3/3
f 9344/4/3 9335/4/3 9343/4/3
f 9345/4/3 9335/4/3 9344/4/3
f 9346/4/3 9335/4/3 9345/4/3
f 9347/4/3 9335/4/3 9346/4/3
f 9348/5/3 9337/5/3 9336/5/3
f 9348/4/3 9335/4/3 9347/4/3
f 9348/5/3 9336/5/3 9335/5/3
f 9349/5/3 9337/5/3 9348/5/3
f 9350/5/3 9337/5/3 9349/5/3
f 9353/4/3 9340/4/3 9339/4/3
f 9354/4/3 9340/4/3 9353/4/3
f 9355/3/3 9344/3/3 9343/3/3
f 9356/4/3 9345/4/3 9344/4/3
f 9356/3/3 9344/3/3 9355/3/3
f 9357/4/3 9345/4/3 9356/4/3
f 9358/2/3 9347/2/3 9346/2/3
f 9359/1/3 9348/1/3 9347/1/3
f 9359/2/3 9347/2/3 9358/2/3
f 9360/1/3 9348/1/3 9359/1/3
f 9362/4/3 9352/4/3 9351/4/3
f 9365/4/3 9362/4/3 9361/4/3
f 9366/4/3 9352/4/3 9362/4/3
f 9366/4/3 9362/4/3 9365/4/3
f 9367/4/3 9352/4/3 9366/4/3
f 9374/6/3 9364/6/3 9363/6/3
f 9375/4/3 9365/4/3 9364/4/3
f 9375/4/3 9366/4/3 9365/4/3
f 9375/6/3 9364/6/3 9374/6/3
f 9376/4/3 9366/4/3 9375/4/3
f 9378/7/3 9369/7/3 9368/7/3
f 9378/7/3 9370/7/3 9369/7/3
f 9379/7/3 9370/7/3 9378/7/3
f 9380/7/3 9372/7/3 9371/7/3
f 9381/7/3 9372/7/3 9380/7/3
f 9382/6/3 9374/6/3 9373/6/3
f 9382/6/3 9375/6/3 9374/6/3
f 9383/6/3 9375/6/3 9382/6/3
f 9384/6/3 9375/6/3 9383/6/3
f 9385/7/3 9379/7/3 9378/7/3
f 9385/7/3 9381/7/3 9380/7/3
f 9385/7/3 9383/7/3 9382/7/3
f 9385/7/3 9382/7/3 9381/7/3
f 9385/7/3 9380/7/3 9379/7/3
f 9385/7/3 9378/7/3 9377/7/3
f 9386/7/3 9383/7/3 9385/7/3
f 9389/7/3 9388/7/3 9387/7/3
f 9390/7/3 9388/7/3 9389/7/3
f 9391/7/3 9388/7/3 9390/7/3
f 9392/7/3 9388/7/3 9391/7/3
f 9393/7/3 9388/7/3 9392/7/3
f 9394/7/3 9388/7/3 9393/7/3
f 9395/7/3 9388/7/3 9394/7/3
f 9397/7/3 9391/7/3 9390/7/3
f 9398/7/3 9391/7/3 9397/7/3
f 9399/7/3 9393/7/3 9392/7/3
f 9400/7/3 9393/7/3 9399/7/3
f 9401/7/3 9393/7/3 9400/7/3
f 9402/6/3 9395/6/3 9394/6/3
f 9402/6/3 9396/6/3 9395/6/3
f 9403/6/3 9396/6/3 9402/6/3
f 9404/6/3 9396/6/3 9403/6/3
f 9407/6/3 9404/6/3 9403/6/3
f 9408/4/3 9405/4/3 9404/4/3
f 9408/6/3 9404/6/3 9407/6/3
f 9409/3/3 9406/3/3 9405/3/3
f 9409/4/3 9405/4/3 9408/4/3
f 9410/3/3 9406/3/3 9409/3/3
f 9418/3/3 9411/3/3 9410/3/3
f 9418/3/3 9410/3/3 9409/3/3
f 9419/3/3 9411/3/3 9418/3/3
f 9422/2/3 9413/2/3 9412/2/3
f 9422/2/3 9414/2/3 9413/2/3
f 9423/2/3 9414/2/3 9422/2/3
f 9424/3/3 9417/3/3 9416/3/3
f 9424/3/3 9416/3/3 9415/3/3
f 9425/3/3 9417/3/3 9424/3/3
f 9427/3/3 9411/3/3 9419/3/3
f 9428/3/3 9411/3/3 9427/3/3
f 9432/6/3 9421/6/3 9420/6/3
f 9433/4/3 9423/4/3 9422/4/3
f 9433/4/3 9422/4/3 9421/4/3
f 9433/6/3 9421/6/3 9432/6/3
f 9433/4/3 9424/4/3 9423/4/3
f 9433/4/3 9425/4/3 9424/4/3
f 9434/3/3 9426/3/3 9425/3/3
f 9434/4/3 9425/4/3 9433/4/3
f 9435/3/3 9426/3/3 9434/3/3
f 9436/3/3 9426/3/3 9435/3/3
f 9438/4/3 9430/4/3 9429/4/3
f 9439/4/3 9430/4/3 9438/4/3
f 9442/5/3 9432/5/3 9431/5/3
f 9443/5/3 9432/5/3 9442/5/3
f 9444/5/3 9437/5/3 9436/5/3
f 9444/5/3 9436/5/3 9435/5/3
f 9445/5/3 9437/5/3 9444/5/3
f 9446/5/3 9441/5/3 9440/5/3
f 9447/5/3 9441/5/3 9446/5/3
f 9448/5/3 9437/5/3 9445/5/3
f 9449/5/3 9437/5/3 9448/5/3
f 9450/6/3 9449/6/3 9448/6/3
f 9451/6/3 9449/6/3 9450/6/3
f 9454/6/3 9453/6/3 9452/6/3
f 9455/6/3 9453/6/3 9454/6/3
f 9458/6/3 9457/6/3 9456/6/3
f 9459/6/3 9457/6/3 9458/6/3
f 9462/6/3 9461/6/3 9460/6/3
f 9463/6/3 9461/6/3 9462/6/3
f 9466/6/3 9465/6/3 9464/6/3
f 9467/6/3 9465/6/3 9466/6/3
f 9474/5/3 9469/5/3 9468/5/3
f 9475/5/3 9469/5/3 9474/5/3
f 9476/5/3 9471/5/3 9470/5/3
f 9477/5/3 9471/5/3 9476/5/3
f 9483/6/3 9473/6/3 9472/6/3
f 9484/6/3 9473/6/3 9483/6/3
f 9485/5/3 9479/5/3 9478/5/3
f 9486/5/3 9479/5/3 9485/5/3
f 9487/4/3 9481/4/3 9480/4/3
f 9488/4/3 9481/4/3 9487/4/3
f 9489/4/3 9483/4/3 9482/4/3
f 9490/4/3 9483/4/3 9489/4/3
f 9493/4/3 9492/4/3 9491/4/3
f 9494/4/3 9492/4/3 9493/4/3
f 9499/4/3 9496/4/3 9495/4/3
f 9500/4/3 9496/4/3 9499/4/3
f 9502/4/3 9498/4/3 9497/4/3
f 9503/4/3 9498/4/3 9502/4/3
f 9510/6/3 9502/6/3 9501/6/3
f 9511/6/3 9502/6/3 9510/6/3
f 9512/7/3 9505/7/3 9504/7/3
f 9513/7/3 9505/7/3 9512/7/3
f 9514/7/3 9507/7/3 9506/7/3
f 9515/7/3 9507/7/3 9514/7/3
f 9516/7/3 9509/7/3 9508/7/3
f 9517/7/3 9509/7/3 9516/7/3
f 9522/6/3 9519/6/3 9518/6/3
f 9523/7/3 9521/7/3 9520/7/3
f 9523/6/3 9519/6/3 9522/6/3
f 9523/7/3 9520/7/3 9519/7/3
f 9524/7/3 9521/7/3 9523/7/3
f 9528/6/3 9526/6/3 9525/6/3
f 9529/7/3 9527/7/3 9526/7/3
f 9529/6/3 9526/6/3 9528/6/3
f 9530/7/3 9527/7/3 9529/7/3
f 9531/7/3 9527/7/3 9530/7/3
f 9538/7/3 9533/7/3 9532/7/3
f 9539/7/3 9533/7/3 9538/7/3
f 9540/7/3 9535/7/3 9534/7/3
f 9541/7/3 9535/7/3 9540/7/3
f 9542/7/3 9537/7/3 9536/7/3
f 9543/7/3 9537/7/3 9542/7/3
f 9546/6/3 9545/6/3 9544/6/3
f 9547/6/3 9545/6/3 9546/6/3
f 9549/4/3 9548/4/3 9547/4/3
f 9550/4/3 9548/4/3 9549/4/3
f 9553/3/3 9552/3/3 9551/3/3
f 9554/3/3 9552/3/3 9553/3/3
f 9557/4/3 9556/4/3 9555/4/3
f 9558/4/3 9556/4/3 9557/4/3
f 9570/5/3 9560/5/3 9559/5/3
f 9570/5/3 9561/5/3 9560/5/3
f 9571/5/3 9561/5/3 9570/5/3
f 9572/4/3 9563/4/3 9562/4/3
f 9573/4/3 9563/4/3 9572/4/3
f 9574/4/3 9565/4/3 9564/4/3
f 9575/4/3 9565/4/3 9574/4/3
f 9577/5/3 9567/5/3 9566/5/3
f 9578/5/3 9567/5/3 9577/5/3
f 9579/5/3 9569/5/3 9568/5/3
f 9580/5/3 9569/5/3 9579/5/3
f 9581/6/3 9576/6/3 9575/6/3
f 9582/6/3 9576/6/3 9581/6/3
f 9585/6/3 9584/6/3 9583/6/3
f 9586/6/3 9584/6/3 9585/6/3
f 9589/6/3 9588/6/3 9587/6/3
f 9590/6/3 9588/6/3 9589/6/3
f 9593/5/3 9592/5/3 9591/5/3
f 9594/5/3 9592/5/3 9593/5/3
f 9597/5/3 9596/5/3 9595/5/3
f 9598/5/3 9596/5/3 9597/5/3
f 9605/6/3 9600/6/3 9599/6/3
f 9606/6/3 9600/6/3 9605/6/3
f 9607/5/3 9602/5/3 9601/5/3
f 9608/5/3 9602/5/3 9607/5/3
f 9609/5/3 9602/5/3 9608/5/3
f 9610/4/3 9604/4/3 9603/4/3
f 9611/4/3 9604/4/3 9610/4/3
f 9614/4/3 9613/4/3 9612/4/3
f 9615/4/3 9613/4/3 9614/4/3
f 9618/4/3 9617/4/3 9616/4/3
f 9619/4/3 9617/4/3 9618/4/3
f 9633/7/3 9621/7/3 9620/7/3
f 9634/7/3 9621/7/3 9633/7/3
f 9635/7/3 9623/7/3 9622/7/3
f 9636/7/3 9623/7/3 9635/7/3
f 9637/7/3 9625/7/3 9624/7/3
f 9638/7/3 9625/7/3 9637/7/3
f 9639/7/3 9627/7/3 9626/7/3
f 9640/7/3 9627/7/3 9639/7/3
f 9641/6/3 9629/6/3 9628/6/3
f 9641/6/3 9630/6/3 9629/6/3
f 9642/7/3 9632/7/3 9631/7/3
f 9642/6/3 9630/6/3 9641/6/3
f 9642/7/3 9631/7/3 9630/7/3
f 9643/7/3 9632/7/3 9642/7/3
f 9644/7/3 9632/7/3 9643/7/3
f 9649/6/3 9646/6/3 9645/6/3
f 9650/6/3 9646/6/3 9649/6/3
f 9651/7/3 9648/7/3 9647/7/3
f 9651/6/3 9646/6/3 9650/6/3
f 9651/7/3 9647/7/3 9646/7/3
f 9652/7/3 9648/7/3 9651/7/3
f 9653/7/3 9648/7/3 9652/7/3
f 9662/7/3 9655/7/3 9654/7/3
f 9663/7/3 9655/7/3 9662/7/3
f 9664/7/3 9657/7/3 9656/7/3
f 9665/7/3 9657/7/3 9664/7/3
f 9666/7/3 9659/7/3 9658/7/3
f 9667/7/3 9659/7/3 9666/7/3
f 9668/7/3 9661/7/3 9660/7/3
f 9669/7/3 9661/7/3 9668/7/3
f 9672/3/3 9671/3/3 9670/3/3
f 9673/3/3 9671/3/3 9672/3/3
f 9676/3/3 9675/3/3 9674/3/3
f 9677/3/3 9675/3/3 9676/3/3
f 9685/6/3 9679/6/3 9678/6/3
f 9686/6/3 9679/6/3 9685/6/3
f 9687/5/3 9681/5/3 9680/5/3
f 9687/5/3 9682/5/3 9681/5/3
f 9688/5/3 9682/5/3 9687/5/3
f 9689/4/3 9684/4/3 9683/4/3
f 9690/4/3 9684/4/3 9689/4/3
f 9693/5/3 9692/5/3 9691/5/3
f 9694/5/3 9692/5/3 9693/5/3
f 9697/5/3 9696/5/3 9695/5/3
f 9698/5/3 9696/5/3 9697/5/3
f 9701/5/3 9700/5/3 9699/5/3
f 9702/5/3 9700/5/3 9701/5/3
f 9705/6/3 9704/6/3 9703/6/3
f 9706/6/3 9704/6/3 9705/6/3
f 9709/6/3 9708/6/3 9707/6/3
f 9710/6/3 9708/6/3 9709/6/3
f 9713/5/3 9712/5/3 9711/5/3
f 9714/5/3 9712/5/3 9713/5/3
f 9719/6/3 9716/6/3 9715/6/3
f 9720/6/3 9716/6/3 9719/6/3
f 9721/6/3 9718/6/3 9717/6/3
f 9722/6/3 9718/6/3 9721/6/3
f 9726/6/3 9724/6/3 9723/6/3
f 9727/7/3 9725/7/3 9724/7/3
f 9727/6/3 9724/6/3 9726/6/3
f 9728/7/3 9725/7/3 9727/7/3
f 9732/6/3 9730/6/3 9729/6/3
f 9733/7/3 9731/7/3 9730/7/3
f 9733/6/3 9730/6/3 9732/6/3
f 9734/7/3 9731/7/3 9733/7/3
f 9737/6/3 9736/6/3 9735/6/3
f 9738/6/3 9736/6/3 9737/6/3
f 9741/6/3 9740/6/3 9739/6/3
f 9742/6/3 9740/6/3 9741/6/3
f 9745/5/3 9744/5/3 9743/5/3
f 9746/5/3 9744/5/3 9745/5/3
f 9751/6/3 9748/6/3 9747/6/3
f 9752/6/3 9748/6/3 9751/6/3
f 9753/6/3 9750/6/3 9749/6/3
f 9754/6/3 9750/6/3 9753/6/3
f 9757/5/3 9756/5/3 9755/5/3
f 9758/5/3 9756/5/3 9757/5/3
f 9761/6/3 9760/6/3 9759/6/3
f 9762/6/3 9760/6/3 9761/6/3
f 9765/6/3 9764/6/3 9763/6/3
f 9766/6/3 9764/6/3 9765/6/3
f 9769/6/3 9768/6/3 9767/6/3
f 9770/6/3 9768/6/3 9769/6/3
f 9773/6/3 9772/6/3 9771/6/3
f 9774/6/3 9772/6/3 9773/6/3
f 9779/5/3 9776/5/3 9775/5/3
f 9780/5/3 9776/5/3 9779/5/3
f 9781/5/3 9778/5/3 9777/5/3
f 9782/5/3 9778/5/3 9781/5/3
f 9784/6/3 9783/6/3 9782/6/3
f 9785/6/3 9783/6/3 9784/6/3
f 9788/6/3 9787/6/3 9786/6/3
f 9789/6/3 9787/6/3 9788/6/3
f 9794/6/3 9791/6/3 9790/6/3
f 9795/6/3 9791/6/3 9794/6/3
f 9796/6/3 9793/6/3 9792/6/3
f 9798/6/3 9796/6/3 9792/6/3
f 9798/6/3 9797/6/3 9796/6/3
f 9799/6/3 9797/6/3 9798/6/3
f 9800/6/3 9797/6/3 9799/6/3
f 9802/6/3 9800/6/3 9799/6/3
f 9802/6/3 9801/6/3 9800/6/3
f 9803/6/3 9801/6/3 9802/6/3
f 9804/6/3 9801/6/3 9803/6/3
f 9806/6/3 9805/6/3 9804/6/3
f 9806/6/3 9804/6/3 9803/6/3
f 9807/6/3 9805/6/3 9806/6/3
f 9810/7/3 9809/7/3 9808/7/3
f 9811/7/3 9809/7/3 9810/7/3
f 9814/7/3 9813/7/3 9812/7/3
f 9815/7/3 9813/7/3 9814/7/3
f 9819/6/3 9817/6/3 9816/6/3
f 9820/6/3 9817/6/3 9819/6/3
f 9821/6/3 9817/6/3 9820/6/3
f 9822/6/3 9819/6/3 9818/6/3
f 9822/6/3 9820/6/3 9819/6/3
f 9823/6/3 9820/6/3 9822/6/3
f 9825/6/3 9822/6/3 9818/6/3
f 9826/6/3 9825/6/3 9824/6/3
f 9827/6/3 9822/6/3 9825/6/3
f 9827/6/3 9825/6/3 9826/6/3
f 9828/6/3 9826/6/3 9824/6/3
f 9829/6/3 9826/6/3 9828/6/3
f 9832/6/3 9831/6/3 9830/6/3
f 9833/6/3 9831/6/3 9832/6/3
f 9836/6/3 9835/6/3 9834/6/3
f 9837/6/3 9835/6/3 9836/6/3
f 9841/6/3 9839/6/3 9838/6/3
f 9842/6/3 9839/6/3 9841/6/3
f 9843/5/3 9841/5/3 9840/5/3
f 9844/5/3 9841/5/3 9843/5/3
f 9847/5/3 9846/5/3 9845/5/3
f 9848/5/3 9846/5/3 9847/5/3
f 9853/5/3 9850/5/3 9849/5/3
f 9854/5/3 9850/5/3 9853/5/3
f 9855/5/3 9852/5/3 9851/5/3
f 9856/5/3 9852/5/3 9855/5/3
f 9858/6/3 9857/6/3 9856/6/3
f 9859/6/3 9857/6/3 9858/6/3
f 9862/6/3 9861/6/3 9860/6/3
f 9863/6/3 9861/6/3 9862/6/3
f 9866/6/3 9865/6/3 9864/6/3
f 9867/6/3 9865/6/3 9866/6/3
f 9869/6/3 9868/6/3 9867/6/3
f 9870/6/3 9868/6/3 9869/6/3
f 9873/6/3 9872/6/3 9871/6/3
f 9874/6/3 9872/6/3 9873/6/3
f 9877/6/3 9876/6/3 9875/6/3
f 9878/6/3 9876/6/3 9877/6/3
f 9882/6/3 9880/6/3 9879/6/3
f 9883/6/3 9880/6/3 9882/6/3
f 9884/6/3 9882/6/3 9881/6/3
f 9885/6/3 9882/6/3 9884/6/3
f 9888/6/3 9887/6/3 9886/6/3
f 9889/6/3 9887/6/3 9888/6/3
f 9893/6/3 9891/6/3 9890/6/3
f 9894/6/3 9891/6/3 9893/6/3
f 9895/5/3 9893/5/3 9892/5/3
f 9896/5/3 9893/5/3 9895/5/3
f 9899/5/3 9898/5/3 9897/5/3
f 9900/5/3 9898/5/3 9899/5/3
f 9905/6/3 9902/6/3 9901/6/3
f 9906/6/3 9902/6/3 9905/6/3
f 9907/6/3 9904/6/3 9903/6/3
f 9908/6/3 9904/6/3 9907/6/3
f 9911/5/3 9910/5/3 9909/5/3
f 9912/5/3 9910/5/3 9911/5/3
f 9915/3/3 9914/3/3 9913/3/3
f 9916/3/3 9914/3/3 9915/3/3
f 9919/6/3 9918/6/3 9917/6/3
f 9920/6/3 9918/6/3 9919/6/3
f 9924/6/3 9922/6/3 9921/6/3
f 9925/6/3 9922/6/3 9924/6/3
f 9927/6/3 9924/6/3 9923/6/3
f 9927/6/3 9926/6/3 9925/6/3
f 9927/6/3 9925/6/3 9924/6/3
f 9928/6/3 9926/6/3 9927/6/3
f 9929/6/3 9926/6/3 9928/6/3
f 9930/6/3 9926/6/3 9929/6/3
f 9931/6/3 9929/6/3 9928/6/3
f 9932/6/3 9929/6/3 9931/6/3
f 9935/6/3 9934/6/3 9933/6/3
f 9936/6/3 9934/6/3 9935/6/3
f 9939/6/3 9938/6/3 9937/6/3
f 9940/6/3 9938/6/3 9939/6/3
f 9945/5/3 9942/5/3 9941/5/3
f 9946/5/3 9942/5/3 9945/5/3
f 9947/6/3 9944/6/3 9943/6/3
f 9948/6/3 9944/6/3 9947/6/3
f 9951/6/3 9950/6/3 9949/6/3
f 9952/6/3 9950/6/3 9951/6/3
f 9955/6/3 9954/6/3 9953/6/3
f 9956/6/3 9954/6/3 9955/6/3
f 9959/5/3 9958/5/3 9957/5/3
f 9960/5/3 9958/5/3 9959/5/3
f 9963/6/3 9962/6/3 9961/6/3
f 9964/6/3 9962/6/3 9963/6/3
f 9968/6/3 9966/6/3 9965/6/3
f 9970/6/3 9968/6/3 9967/6/3
f 9971/6/3 9966/6/3 9968/6/3
f 9971/6/3 9968/6/3 9970/6/3
f 9972/6/3 9966/6/3 9971/6/3
f 9973/6/3 9970/6/3 9969/6/3
f 9973/6/3 9971/6/3 9970/6/3
f 9975/6/3 9974/6/3 9973/6/3
f 9976/6/3 9974/6/3 9975/6/3
f 9977/6/3 9974/6/3 9976/6/3
f 9980/6/3 9973/6/3 9969/6/3
f 9980/6/3 9975/6/3 9973/6/3
f 9981/6/3 9975/6/3 9980/6/3
f 9982/6/3 9975/6/3 9981/6/3
f 9983/6/3 9977/6/3 9976/6/3
f 9983/6/3 9978/6/3 9977/6/3
f 9984/6/3 9978/6/3 9983/6/3
f 9985/6/3 9981/6/3 9980/6/3
f 9985/6/3 9980/6/3 9979/6/3
f 9986/6/3 9981/6/3 9985/6/3
f 9987/6/3 9981/6/3 9986/6/3
f 9990/6/3 9978/6/3 9984/6/3
f 9991/6/3 9988/6/3 9987/6/3
f 9991/6/3 9987/6/3 9986/6/3
f 9992/6/3 9990/6/3 9989/6/3
f 9993/6/3 9978/6/3 9990/6/3
f 9993/6/3 9990/6/3 9992/6/3
f 9994/6/3 9978/6/3 9993/6/3
f 9995/6/3 9991/6/3 9986/6/3
f 9995/6/3 9992/6/3 9991/6/3
f 9995/6/3 9993/6/3 9992/6/3
f 9996/6/3 9993/6/3 9995/6/3
f 9997/6/3 9995/6/3 9986/6/3
f 9998/6/3 9995/6/3 9997/6/3
f 9999/6/3 9995/6/3 9998/6/3
f 10001/6/3 10000/6/3 9999/6/3
f 10001/6/3 9999/6/3 9998/6/3
f 10002/6/3 10000/6/3 10001/6/3
f 10003/6/3 10000/6/3 10002/6/3
f 10004/6/3 10000/6/3 10003/6/3
f 10007/6/3 10006/6/3 10005/6/3
f 10008/6/3 10006/6/3 10007/6/3
f 10011/5/3 10010/5/3 10009/5/3
f 10012/5/3 10010/5/3 10011/5/3
f 10015/6/3 10014/6/3 10013/6/3
f 10016/6/3 10014/6/3 10015/6/3
f 10019/6/3 10018/6/3 10017/6/3
f 10020/6/3 10018/6/3 10019/6/3
f 10024/6/3 10022/6/3 10021/6/3
f 10024/6/3 10023/6/3 10022/6/3
f 10025/6/3 10023/6/3 10024/6/3
f 10028/6/3 10027/6/3 10026/6/3
f 10029/6/3 10027/6/3 10028/6/3
f 10034/6/3 10031/6/3 10030/6/3
f 10035/6/3 10031/6/3 10034/6/3
f 10036/6/3 10033/6/3 10032/6/3
f 10037/6/3 10033/6/3 10036/6/3
f 10042/6/3 10039/6/3 10038/6/3
f 10043/6/3 10039/6/3 10042/6/3
f 10044/6/3 10041/6/3 10040/6/3
f 10045/6/3 10041/6/3 10044/6/3
f 10046/6/3 10041/6/3 10045/6/3
f 10049/6/3 10048/6/3 10047/6/3
f 10050/6/3 10048/6/3 10049/6/3
f 10053/6/3 10052/6/3 10051/6/3
f 10054/6/3 10052/6/3 10053/6/3
f 10057/6/3 10056/6/3 10055/6/3
f 10058/6/3 10056/6/3 10057/6/3
f 10063/6/3 10060/6/3 10059/6/3
f 10064/6/3 10060/6/3 10063/6/3
f 10067/6/3 10066/6/3 10065/6/3
f 10068/6/3 10066/6/3 10067/6/3
f 10069/6/3 10062/6/3 10061/6/3
f 10070/6/3 10062/6/3 10069/6/3
f 10073/6/3 10072/6/3 10071/6/3
f 10074/6/3 10072/6/3 10073/6/3
f 10079/6/3 10076/6/3 10075/6/3
f 10080/6/3 10076/6/3 10079/6/3
f 10081/6/3 10078/6/3 10077/6/3
f 10082/6/3 10078/6/3 10081/6/3
f 10085/6/3 10084/6/3 10083/6/3
f 10086/6/3 10084/6/3 10085/6/3
f 10089/6/3 10088/6/3 10087/6/3
f 10090/6/3 10088/6/3 10089/6/3
f 10093/6/3 10092/6/3 10091/6/3
f 10094/6/3 10092/6/3 10093/6/3
f 10095/6/3 10092/6/3 10094/6/3
f 10096/6/3 10092/6/3 10095/6/3
f 10099/6/3 10098/6/3 10097/6/3
f 10100/6/3 10098/6/3 10099/6/3
f 10103/6/3 10102/6/3 10101/6/3
f 10104/6/3 10102/6/3 10103/6/3
f 10107/6/3 10106/6/3 10105/6/3
f 10108/6/3 10106/6/3 10107/6/3
f 10111/6/3 10110/6/3 10109/6/3
f 10112/6/3 10110/6/3 10111/6/3
f 10115/6/3 10114/6/3 10113/6/3
f 10116/6/3 10114/6/3 10115/6/3
f 10119/6/3 10118/6/3 10117/6/3
f 10120/6/3 10118/6/3 10119/6/3
f 10123/6/3 10122/6/3 10121/6/3
f 10124/6/3 10122/6/3 10123/6/3
f 10127/6/3 10126/6/3 10125/6/3
f 10128/6/3 10126/6/3 10127/6/3
f 10131/6/3 10130/6/3 10129/6/3
f 10132/6/3 10130/6/3 10131/6/3
f 10133/6/4 10134/6/4 10135/6/4
f 10135/6/4 10134/6/4 10136/6/4
f 10137/6/4 10138/6/4 10139/6/4
f 10139/6/4 10138/6/4 10140/6/4
f 10141/6/4 10142/6/4 10143/6/4
f 10143/6/4 10142/6/4 10144/6/4
f 10145/6/4 10146/6/4 10147/6/4
f 10147/6/4 10146/6/4 10148/6/4
f 10149/6/4 10150/6/4 10151/6/4
f 10151/6/4 10150/6/4 10152/6/4
f 10153/4/4 10154/4/4 10155/4/4
f 10155/4/4 10154/4/4 10156/4/4
f 10157/6/4 10158/6/4 10159/6/4
f 10159/6/4 10158/6/4 10160/6/4
f 10161/5/4 10162/5/4 10165/5/4
f 10165/5/4 10162/5/4 10166/5/4
f 10163/5/4 10164/5/4 10167/5/4
f 10167/5/4 10164/5/4 10168/5/4
f 10169/6/4 10170/6/4 10171/6/4
f 10171/6/4 10170/6/4 10172/6/4
f 10173/4/4 10174/4/4 10178/4/4
f 10174/6/4 10175/6/4 10179/6/4
f 10178/4/4 10174/4/4 10179/4/4
f 10179/6/4 10175/6/4 10180/6/4
f 10176/6/4 10177/6/4 10181/6/4
f 10181/6/4 10177/6/4 10182/6/4
f 10183/4/4 10184/4/4 10188/4/4
f 10184/6/4 10185/6/4 10189/6/4
f 10188/4/4 10184/4/4 10189/4/4
f 10189/6/4 10185/6/4 10190/6/4
f 10186/6/4 10187/6/4 10191/6/4
f 10191/6/4 10187/6/4 10192/6/4
f 10193/6/4 10194/6/4 10195/6/4
f 10195/6/4 10194/6/4 10196/6/4
f 10197/5/4 10198/5/4 10199/5/4
f 10199/5/4 10198/5/4 10200/5/4
f 10201/5/4 10202/5/4 10203/5/4
f 10203/5/4 10202/5/4 10204/5/4
f 10205/6/4 10206/6/4 10207/6/4
f 10207/6/4 10206/6/4 10208/6/4
f 10209/5/4 10210/5/4 10211/5/4
f 10211/5/4 10210/5/4 10212/5/4
f 10213/6/4 10214/6/4 10215/6/4
f 10215/6/4 10214/6/4 10216/6/4
f 10217/6/4 10218/6/4 10221/6/4
f 10221/6/4 10218/6/4 10222/6/4
f 10219/6/4 10220/6/4 10223/6/4
f 10223/6/4 10220/6/4 10224/6/4
f 10224/6/4 10220/6/4 10225/6/4
f 10226/6/4 10227/6/4 10229/6/4
f 10227/6/4 10228/6/4 10229/6/4
f 10229/6/4 10228/6/4 10230/6/4
f 10231/6/4 10232/6/4 10233/6/4
f 10233/6/4 10232/6/4 10234/6/4
f 10235/6/4 10236/6/4 10237/6/4
f 10237/6/4 10236/6/4 10238/6/4
f 10239/5/4 10240/5/4 10243/5/4
f 10243/5/4 10240/5/4 10244/5/4
f 10241/6/4 10242/6/4 10245/6/4
f 10245/6/4 10242/6/4 10246/6/4
f 10247/5/4 10248/5/4 10249/5/4
f 10249/5/4 10248/5/4 10250/5/4
f 10251/6/4 10252/6/4 10253/6/4
f 10253/6/4 10252/6/4 10254/6/4
f 10255/4/4 10256/4/4 10262/4/4
f 10256/4/4 10257/4/4 10262/4/4
f 10257/4/4 10258/4/4 10262/4/4
f 10258/6/4 10259/6/4 10263/6/4
f 10262/4/4 10258/4/4 10263/4/4
f 10263/6/4 10259/6/4 10264/6/4
f 10260/6/4 10261/6/4 10267/6/4
f 10267/6/4 10261/6/4 10268/6/4
f 10265/7/4 10266/7/4 10269/7/4
f 10266/6/4 10267/6/4 10270/6/4
f 10269/7/4 10266/7/4 10270/7/4
f 10270/6/4 10267/6/4 10271/6/4
f 10272/7/4 10273/7/4 10278/7/4
f 10273/6/4 10274/6/4 10279/6/4
f 10278/7/4 10273/7/4 10279/7/4
f 10279/6/4 10274/6/4 10280/6/4
f 10275/4/4 10276/4/4 10282/4/4
f 10282/4/4 10276/4/4 10283/4/4
f 10283/4/4 10276/4/4 10284/4/4
f 10276/6/4 10277/6/4 10285/6/4
f 10284/4/4 10276/4/4 10285/4/4
f 10285/6/4 10277/6/4 10286/6/4
f 10280/6/4 10281/6/4 10287/6/4
f 10287/6/4 10281/6/4 10288/6/4
f 10289/6/4 10290/6/4 10291/6/4
f 10291/6/4 10290/6/4 10292/6/4
f 10293/5/4 10294/5/4 10295/5/4
f 10295/5/4 10294/5/4 10296/5/4
f 10297/6/4 10298/6/4 10303/6/4
f 10303/6/4 10298/6/4 10304/6/4
f 10299/6/4 10300/6/4 10305/6/4
f 10305/6/4 10300/6/4 10306/6/4
f 10301/6/4 10302/6/4 10307/6/4
f 10307/6/4 10302/6/4 10308/6/4
f 10309/6/4 10310/6/4 10311/6/4
f 10311/6/4 10310/6/4 10312/6/4
f 10313/6/4 10314/6/4 10315/6/4
f 10315/6/4 10314/6/4 10316/6/4
f 10317/6/4 10318/6/4 10323/6/4
f 10323/6/4 10318/6/4 10324/6/4
f 10319/6/4 10320/6/4 10325/6/4
f 10325/6/4 10320/6/4 10326/6/4
f 10321/6/4 10322/6/4 10327/6/4
f 10327/6/4 10322/6/4 10328/6/4
f 10329/6/4 10330/6/4 10335/6/4
f 10330/6/4 10331/6/4 10335/6/4
f 10335/6/4 10331/6/4 10336/6/4
f 10331/7/4 10332/7/4 10337/7/4
f 10333/7/4 10334/7/4 10340/7/4
f 10329/6/4 10335/6/4 10341/6/4
f 10341/6/4 10335/6/4 10342/6/4
f 10335/4/4 10336/4/4 10343/4/4
f 10342/6/4 10335/6/4 10343/6/4
f 10336/6/4 10331/6/4 10344/6/4
f 10343/4/4 10336/4/4 10344/4/4
f 10337/7/4 10338/7/4 10345/7/4
f 10344/6/4 10331/6/4 10345/6/4
f 10331/7/4 10337/7/4 10345/7/4
f 10345/7/4 10338/7/4 10346/7/4
f 10346/7/4 10338/7/4 10347/7/4
f 10339/7/4 10340/7/4 10348/7/4
f 10340/7/4 10334/7/4 10349/7/4
f 10348/7/4 10340/7/4 10349/7/4
f 10349/7/4 10334/7/4 10350/7/4
f 10348/7/4 10349/7/4 10351/7/4
f 10346/7/4 10347/7/4 10351/7/4
f 10347/7/4 10348/7/4 10351/7/4
f 10351/7/4 10349/7/4 10352/7/4
f 10352/7/4 10349/7/4 10353/7/4
f 10354/7/4 10355/7/4 10362/7/4
f 10355/7/4 10356/7/4 10362/7/4
f 10362/7/4 10356/7/4 10363/7/4
f 10363/7/4 10356/7/4 10364/7/4
f 10364/7/4 10356/7/4 10365/7/4
f 10359/4/4 10360/4/4 10367/4/4
f 10357/6/4 10358/6/4 10367/6/4
f 10358/6/4 10359/6/4 10367/6/4
f 10360/6/4 10361/6/4 10368/6/4
f 10367/4/4 10360/4/4 10368/4/4
f 10362/7/4 10363/7/4 10369/7/4
f 10361/7/4 10362/7/4 10369/7/4
f 10369/7/4 10363/7/4 10370/7/4
f 10364/7/4 10365/7/4 10371/7/4
f 10365/7/4 10366/7/4 10371/7/4
f 10371/7/4 10366/7/4 10372/7/4
f 10357/6/4 10367/6/4 10373/6/4
f 10367/6/4 10368/6/4 10373/6/4
f 10368/6/4 10361/6/4 10374/6/4
f 10373/6/4 10368/6/4 10374/6/4
f 10361/7/4 10369/7/4 10375/7/4
f 10374/6/4 10361/6/4 10375/6/4
f 10375/7/4 10369/7/4 10376/7/4
f 10372/7/4 10366/7/4 10377/7/4
f 10377/7/4 10366/7/4 10378/7/4
f 10379/6/4 10380/6/4 10385/6/4
f 10385/6/4 10380/6/4 10386/6/4
f 10381/6/4 10382/6/4 10387/6/4
f 10387/6/4 10382/6/4 10388/6/4
f 10383/6/4 10384/6/4 10389/6/4
f 10389/6/4 10384/6/4 10390/6/4
f 10391/6/4 10392/6/4 10393/6/4
f 10393/6/4 10392/6/4 10394/6/4
f 10395/6/4 10396/6/4 10397/6/4
f 10397/6/4 10396/6/4 10398/6/4
f 10399/6/4 10400/6/4 10405/6/4
f 10405/6/4 10400/6/4 10406/6/4
f 10401/6/4 10402/6/4 10407/6/4
f 10407/6/4 10402/6/4 10408/6/4
f 10403/6/4 10404/6/4 10409/6/4
f 10409/6/4 10404/6/4 10410/6/4
f 10411/6/4 10412/6/4 10419/6/4
f 10419/6/4 10412/6/4 10420/6/4
f 10413/6/4 10414/6/4 10421/6/4
f 10421/6/4 10414/6/4 10422/6/4
f 10415/6/4 10416/6/4 10423/6/4
f 10423/6/4 10416/6/4 10424/6/4
f 10417/6/4 10418/6/4 10425/6/4
f 10425/6/4 10418/6/4 10426/6/4
f 10427/6/4 10428/6/4 10429/6/4
f 10429/6/4 10428/6/4 10430/6/4
f 10431/6/4 10432/6/4 10433/6/4
f 10433/6/4 10432/6/4 10434/6/4
f 10435/6/4 10436/6/4 10447/6/4
f 10447/6/4 10436/6/4 10448/6/4
f 10437/4/4 10438/4/4 10449/4/4
f 10438/6/4 10439/6/4 10450/6/4
f 10449/4/4 10438/4/4 10450/4/4
f 10439/5/4 10440/5/4 10451/5/4
f 10450/6/4 10439/6/4 10451/6/4
f 10451/5/4 10440/5/4 10452/5/4
f 10452/5/4 10440/5/4 10453/5/4
f 10441/6/4 10442/6/4 10454/6/4
f 10454/6/4 10442/6/4 10455/6/4
f 10443/6/4 10444/6/4 10456/6/4
f 10456/6/4 10444/6/4 10457/6/4
f 10445/6/4 10446/6/4 10458/6/4
f 10458/6/4 10446/6/4 10459/6/4
f 10460/6/4 10461/6/4 10465/6/4
f 10461/7/4 10462/7/4 10466/7/4
f 10465/6/4 10461/6/4 10466/6/4
f 10466/7/4 10462/7/4 10467/7/4
f 10463/7/4 10464/7/4 10468/7/4
f 10468/7/4 10464/7/4 10469/7/4
f 10467/7/4 10468/7/4 10470/7/4
f 10470/7/4 10468/7/4 10471/7/4
f 10471/7/4 10468/7/4 10472/7/4
f 10472/7/4 10468/7/4 10473/7/4
f 10471/7/4 10472/7/4 10474/7/4
f 10474/7/4 10472/7/4 10475/7/4
f 10475/7/4 10472/7/4 10476/7/4
f 10477/7/4 10478/7/4 10481/7/4
f 10478/7/4 10479/7/4 10481/7/4
f 10481/7/4 10479/7/4 10482/7/4
f 10481/7/4 10482/7/4 10486/7/4
f 10480/7/4 10481/7/4 10486/7/4
f 10482/7/4 10483/7/4 10486/7/4
f 10486/7/4 10483/7/4 10487/7/4
f 10484/6/4 10485/6/4 10489/6/4
f 10485/7/4 10486/7/4 10490/7/4
f 10489/6/4 10485/6/4 10490/6/4
f 10490/7/4 10486/7/4 10491/7/4
f 10487/7/4 10488/7/4 10492/7/4
f 10492/7/4 10488/7/4 10493/7/4
f 10494/4/4 10495/4/4 10505/4/4
f 10495/6/4 10496/6/4 10506/6/4
f 10505/4/4 10495/4/4 10506/4/4
f 10497/5/4 10498/5/4 10507/5/4
f 10506/6/4 10496/6/4 10507/6/4
f 10496/5/4 10497/5/4 10507/5/4
f 10507/5/4 10498/5/4 10508/5/4
f 10499/6/4 10500/6/4 10509/6/4
f 10509/6/4 10500/6/4 10510/6/4
f 10501/6/4 10502/6/4 10511/6/4
f 10511/6/4 10502/6/4 10512/6/4
f 10503/6/4 10504/6/4 10513/6/4
f 10513/6/4 10504/6/4 10514/6/4
f 10515/6/4 10516/6/4 10517/6/4
f 10517/6/4 10516/6/4 10518/6/4
f 10519/6/4 10520/6/4 10521/6/4
f 10521/6/4 10520/6/4 10522/6/4
f 10523/6/4 10524/6/4 10533/6/4
f 10533/6/4 10524/6/4 10534/6/4
f 10525/6/4 10526/6/4 10535/6/4
f 10535/6/4 10526/6/4 10536/6/4
f 10527/6/4 10528/6/4 10537/6/4
f 10537/6/4 10528/6/4 10538/6/4
f 10529/6/4 10530/6/4 10539/6/4
f 10539/6/4 10530/6/4 10540/6/4
f 10531/6/4 10532/6/4 10541/6/4
f 10541/6/4 10532/6/4 10542/6/4
f 10543/6/4 10544/6/4 10545/6/4
f 10545/6/4 10544/6/4 10546/6/4
f 10547/5/4 10548/5/4 10549/5/4
f 10549/5/4 10548/5/4 10550/5/4
f 10551/6/4 10552/6/4 10555/6/4
f 10555/6/4 10552/6/4 10556/6/4
f 10553/6/4 10554/6/4 10559/6/4
f 10559/6/4 10554/6/4 10560/6/4
f 10557/6/4 10558/6/4 10561/6/4
f 10561/6/4 10558/6/4 10562/6/4
f 10562/6/4 10558/6/4 10563/6/4
f 10563/6/4 10558/6/4 10564/6/4
f 10564/6/4 10558/6/4 10565/6/4
f 10562/6/4 10563/6/4 10567/6/4
f 10567/6/4 10563/6/4 10568/6/4
f 10565/6/4 10566/6/4 10569/6/4
f 10564/6/4 10565/6/4 10569/6/4
f 10569/6/4 10566/6/4 10570/6/4
f 10570/6/4 10566/6/4 10574/6/4
f 10571/6/4 10572/6/4 10578/6/4
f 10578/6/4 10572/6/4 10579/6/4
f 10573/6/4 10574/6/4 10580/6/4
f 10574/6/4 10566/6/4 10581/6/4
f 10580/6/4 10574/6/4 10581/6/4
f 10581/6/4 10566/6/4 10582/6/4
f 10575/6/4 10576/6/4 10583/6/4
f 10583/6/4 10576/6/4 10584/6/4
f 10579/6/4 10580/6/4 10585/6/4
f 10578/6/4 10579/6/4 10585/6/4
f 10577/6/4 10578/6/4 10585/6/4
f 10580/6/4 10581/6/4 10585/6/4
f 10585/6/4 10581/6/4 10586/6/4
f 10587/6/4 10588/6/4 10591/6/4
f 10591/6/4 10588/6/4 10592/6/4
f 10589/6/4 10590/6/4 10593/6/4
f 10593/6/4 10590/6/4 10594/6/4
f 10594/6/4 10590/6/4 10595/6/4
f 10595/6/4 10590/6/4 10596/6/4
f 10596/6/4 10590/6/4 10597/6/4
f 10594/6/4 10595/6/4 10599/6/4
f 10599/6/4 10595/6/4 10600/6/4
f 10596/6/4 10597/6/4 10601/6/4
f 10597/6/4 10598/6/4 10601/6/4
f 10601/6/4 10598/6/4 10602/6/4
f 10602/6/4 10598/6/4 10606/6/4
f 10603/6/4 10604/6/4 10610/6/4
f 10610/6/4 10604/6/4 10611/6/4
f 10605/6/4 10606/6/4 10612/6/4
f 10606/6/4 10598/6/4 10613/6/4
f 10612/6/4 10606/6/4 10613/6/4
f 10613/6/4 10598/6/4 10614/6/4
f 10607/6/4 10608/6/4 10615/6/4
f 10615/6/4 10608/6/4 10616/6/4
f 10611/6/4 10612/6/4 10619/6/4
f 10610/6/4 10611/6/4 10619/6/4
f 10609/6/4 10610/6/4 10619/6/4
f 10612/6/4 10613/6/4 10619/6/4
f 10619/6/4 10613/6/4 10620/6/4
f 10617/6/4 10618/6/4 10621/6/4
f 10621/6/4 10618/6/4 10622/6/4
f 10623/5/4 10624/5/4 10625/5/4
f 10625/5/4 10624/5/4 10626/5/4
f 10627/6/4 10628/6/4 10629/6/4
f 10629/6/4 10628/6/4 10630/6/4
f 10631/6/4 10632/6/4 10633/6/4
f 10633/6/4 10632/6/4 10634/6/4
f 10635/5/4 10636/5/4 10637/5/4
f 10637/5/4 10636/5/4 10638/5/4
f 10639/6/4 10640/6/4 10643/6/4
f 10643/6/4 10640/6/4 10644/6/4
f 10644/6/4 10640/6/4 10645/6/4
f 10645/6/4 10640/6/4 10646/6/4
f 10641/6/4 10642/6/4 10650/6/4
f 10650/6/4 10642/6/4 10651/6/4
f 10643/6/4 10644/6/4 10652/6/4
f 10652/6/4 10644/6/4 10653/6/4
f 10646/6/4 10647/6/4 10654/6/4
f 10645/6/4 10646/6/4 10654/6/4
f 10654/6/4 10647/6/4 10655/6/4
f 10655/6/4 10647/6/4 10656/6/4
f 10648/6/4 10649/6/4 10657/6/4
f 10657/6/4 10649/6/4 10658/6/4
f 10660/6/4 10661/6/4 10662/6/4
f 10662/6/4 10661/6/4 10663/6/4
f 10655/6/4 10656/6/4 10665/6/4
f 10658/6/4 10659/6/4 10665/6/4
f 10657/6/4 10658/6/4 10665/6/4
f 10656/6/4 10657/6/4 10665/6/4
f 10665/6/4 10659/6/4 10666/6/4
f 10666/6/4 10659/6/4 10667/6/4
f 10667/6/4 10659/6/4 10668/6/4
f 10668/6/4 10659/6/4 10669/6/4
f 10664/6/4 10665/6/4 10670/6/4
f 10665/6/4 10666/6/4 10670/6/4
f 10670/6/4 10666/6/4 10671/6/4
f 10667/6/4 10668/6/4 10672/6/4
f 10672/6/4 10668/6/4 10673/6/4
f 10664/6/4 10670/6/4 10677/6/4
f 10677/6/4 10670/6/4 10678/6/4
f 10674/6/4 10675/6/4 10679/6/4
f 10679/6/4 10675/6/4 10680/6/4
f 10676/4/4 10677/4/4 10682/4/4
f 10682/4/4 10677/4/4 10683/4/4
f 10680/6/4 10681/6/4 10684/6/4
f 10684/6/4 10681/6/4 10685/6/4
f 10680/6/4 10684/6/4 10686/6/4
f 10686/6/4 10684/6/4 10687/6/4
f 10688/6/4 10689/6/4 10690/6/4
f 10690/6/4 10689/6/4 10691/6/4
f 10692/7/4 10693/7/4 10694/7/4
f 10694/7/4 10693/7/4 10695/7/4
f 10696/7/4 10697/7/4 10698/7/4
f 10698/7/4 10697/7/4 10699/7/4
f 10700/6/4 10701/6/4 10702/6/4
f 10702/6/4 10701/6/4 10703/6/4
f 10704/6/4 10705/6/4 10706/6/4
f 10704/6/4 10706/6/4 10709/6/4
f 10706/6/4 10707/6/4 10709/6/4
f 10709/6/4 10707/6/4 10710/6/4
f 10708/6/4 10709/6/4 10713/6/4
f 10713/6/4 10709/6/4 10714/6/4
f 10711/4/4 10712/4/4 10715/4/4
f 10715/4/4 10712/4/4 10716/4/4
f 10716/6/4 10717/6/4 10718/6/4
f 10716/6/4 10718/6/4 10724/6/4
f 10718/6/4 10719/6/4 10724/6/4
f 10724/6/4 10719/6/4 10725/6/4
f 10725/6/4 10719/6/4 10726/6/4
f 10720/6/4 10721/6/4 10727/6/4
f 10727/6/4 10721/6/4 10728/6/4
f 10722/6/4 10723/6/4 10730/6/4
f 10730/6/4 10723/6/4 10731/6/4
f 10727/6/4 10728/6/4 10737/6/4
f 10728/6/4 10729/6/4 10737/6/4
f 10725/6/4 10726/6/4 10737/6/4
f 10726/6/4 10727/6/4 10737/6/4
f 10737/6/4 10729/6/4 10738/6/4
f 10738/6/4 10729/6/4 10739/6/4
f 10739/6/4 10729/6/4 10740/6/4
f 10740/6/4 10729/6/4 10741/6/4
f 10732/6/4 10733/6/4 10742/6/4
f 10742/6/4 10733/6/4 10743/6/4
f 10734/6/4 10735/6/4 10744/6/4
f 10744/6/4 10735/6/4 10745/6/4
f 10736/6/4 10737/6/4 10746/6/4
f 10737/6/4 10738/6/4 10746/6/4
f 10746/6/4 10738/6/4 10747/6/4
f 10747/6/4 10738/6/4 10748/6/4
f 10739/6/4 10740/6/4 10749/6/4
f 10749/6/4 10740/6/4 10750/6/4
f 10744/6/4 10745/6/4 10751/6/4
f 10746/6/4 10747/6/4 10751/6/4
f 10745/6/4 10746/6/4 10751/6/4
f 10751/6/4 10747/6/4 10752/6/4
f 10753/5/4 10754/5/4 10755/5/4
f 10755/5/4 10754/5/4 10756/5/4
f 10757/6/4 10758/6/4 10759/6/4
f 10759/6/4 10758/6/4 10760/6/4
f 10761/5/4 10762/5/4 10763/5/4
f 10763/5/4 10762/5/4 10764/5/4
f 10765/5/4 10766/5/4 10767/5/4
f 10767/5/4 10766/5/4 10768/5/4
f 10768/6/4 10769/6/4 10770/6/4
f 10770/6/4 10769/6/4 10771/6/4
f 10772/6/4 10773/6/4 10778/6/4
f 10778/6/4 10773/6/4 10779/6/4
f 10774/6/4 10775/6/4 10780/6/4
f 10780/6/4 10775/6/4 10781/6/4
f 10776/6/4 10777/6/4 10783/6/4
f 10783/6/4 10777/6/4 10784/6/4
f 10781/6/4 10782/6/4 10785/6/4
f 10780/6/4 10781/6/4 10785/6/4
f 10785/6/4 10782/6/4 10786/6/4
f 10786/6/4 10782/6/4 10789/6/4
f 10789/6/4 10782/6/4 10790/6/4
f 10787/6/4 10788/6/4 10793/6/4
f 10793/6/4 10788/6/4 10794/6/4
f 10791/5/4 10792/5/4 10797/5/4
f 10797/5/4 10792/5/4 10798/5/4
f 10786/6/4 10789/6/4 10804/6/4
f 10804/6/4 10789/6/4 10805/6/4
f 10795/6/4 10796/6/4 10806/6/4
f 10799/5/4 10800/5/4 10808/5/4
f 10808/5/4 10800/5/4 10809/5/4
f 10801/4/4 10802/4/4 10810/4/4
f 10802/6/4 10803/6/4 10811/6/4
f 10810/4/4 10802/4/4 10811/4/4
f 10811/6/4 10803/6/4 10812/6/4
f 10806/6/4 10807/6/4 10815/6/4
f 10795/6/4 10806/6/4 10815/6/4
f 10815/6/4 10807/6/4 10816/6/4
f 10813/4/4 10814/4/4 10817/4/4
f 10817/4/4 10814/4/4 10818/4/4
f 10816/6/4 10807/6/4 10819/6/4
f 10821/4/4 10822/4/4 10823/4/4
f 10823/4/4 10822/4/4 10824/4/4
f 10816/6/4 10819/6/4 10825/6/4
f 10819/6/4 10820/6/4 10825/6/4
f 10825/6/4 10820/6/4 10826/6/4
f 10826/6/4 10820/6/4 10827/6/4
f 10828/4/4 10829/4/4 10830/4/4
f 10830/4/4 10829/4/4 10831/4/4
f 10832/7/4 10833/7/4 10842/7/4
f 10842/7/4 10833/7/4 10843/7/4
f 10834/7/4 10835/7/4 10844/7/4
f 10844/7/4 10835/7/4 10845/7/4
f 10836/7/4 10837/7/4 10846/7/4
f 10846/7/4 10837/7/4 10847/7/4
f 10838/7/4 10839/7/4 10848/7/4
f 10848/7/4 10839/7/4 10849/7/4
f 10840/7/4 10841/7/4 10850/7/4
f 10850/7/4 10841/7/4 10851/7/4
f 10852/7/4 10853/7/4 10862/7/4
f 10862/7/4 10853/7/4 10863/7/4
f 10854/7/4 10855/7/4 10864/7/4
f 10864/7/4 10855/7/4 10865/7/4
f 10856/7/4 10857/7/4 10866/7/4
f 10866/7/4 10857/7/4 10867/7/4
f 10858/7/4 10859/7/4 10868/7/4
f 10868/7/4 10859/7/4 10869/7/4
f 10860/7/4 10861/7/4 10870/7/4
f 10870/7/4 10861/7/4 10871/7/4
f 10872/4/4 10873/4/4 10877/4/4
f 10877/4/4 10873/4/4 10878/4/4
f 10875/6/4 10876/6/4 10881/6/4
f 10874/6/4 10875/6/4 10881/6/4
f 10881/6/4 10876/6/4 10882/6/4
f 10879/4/4 10880/4/4 10883/4/4
f 10883/4/4 10880/4/4 10884/4/4
f 10874/6/4 10881/6/4 10886/6/4
f 10885/6/4 10886/6/4 10889/6/4
f 10886/6/4 10881/6/4 10890/6/4
f 10889/6/4 10886/6/4 10890/6/4
f 10887/4/4 10888/4/4 10896/4/4
f 10896/4/4 10888/4/4 10897/4/4
f 10885/6/4 10889/6/4 10898/6/4
f 10898/6/4 10889/6/4 10899/6/4
f 10891/5/4 10892/5/4 10902/5/4
f 10902/5/4 10892/5/4 10903/5/4
f 10893/4/4 10894/4/4 10904/4/4
f 10894/6/4 10895/6/4 10905/6/4
f 10904/4/4 10894/4/4 10905/4/4
f 10905/6/4 10895/6/4 10906/6/4
f 10900/5/4 10901/5/4 10909/5/4
f 10909/5/4 10901/5/4 10910/5/4
f 10911/6/4 10912/6/4 10913/6/4
f 10913/6/4 10912/6/4 10914/6/4
f 10907/6/4 10908/6/4 10915/6/4
f 10907/6/4 10915/6/4 10920/6/4
f 10915/6/4 10916/6/4 10920/6/4
f 10917/6/4 10918/6/4 10921/6/4
f 10921/6/4 10918/6/4 10922/6/4
f 10919/6/4 10920/6/4 10925/6/4
f 10920/6/4 10916/6/4 10926/6/4
f 10925/6/4 10920/6/4 10926/6/4
f 10926/6/4 10916/6/4 10927/6/4
f 10923/6/4 10924/6/4 10928/6/4
f 10928/6/4 10924/6/4 10929/6/4
f 10925/6/4 10926/6/4 10930/6/4
f 10930/6/4 10926/6/4 10931/6/4
f 10932/6/4 10933/6/4 10935/6/4
f 10935/6/4 10933/6/4 10936/6/4
f 10934/5/4 10935/5/4 10937/5/4
f 10937/5/4 10935/5/4 10938/5/4
f 10939/5/4 10940/5/4 10941/5/4
f 10941/5/4 10940/5/4 10942/5/4
f 10943/6/4 10944/6/4 10945/6/4
f 10945/6/4 10944/6/4 10946/6/4
f 10947/6/4 10948/6/4 10950/6/4
f 10950/6/4 10948/6/4 10951/6/4
f 10951/6/4 10948/6/4 10952/6/4
f 10952/6/4 10948/6/4 10953/6/4
f 10949/6/4 10950/6/4 10955/6/4
f 10950/6/4 10951/6/4 10955/6/4
f 10955/6/4 10951/6/4 10956/6/4
f 10953/6/4 10954/6/4 10957/6/4
f 10952/6/4 10953/6/4 10957/6/4
f 10957/6/4 10954/6/4 10958/6/4
f 10949/6/4 10955/6/4 10961/6/4
f 10961/6/4 10955/6/4 10962/6/4
f 10959/6/4 10960/6/4 10968/6/4
f 10968/6/4 10960/6/4 10969/6/4
f 10958/6/4 10954/6/4 10971/6/4
f 10971/6/4 10954/6/4 10972/6/4
f 10963/5/4 10964/5/4 10973/5/4
f 10973/5/4 10964/5/4 10974/5/4
f 10965/6/4 10966/6/4 10975/6/4
f 10975/6/4 10966/6/4 10976/6/4
f 10967/6/4 10968/6/4 10977/6/4
f 10977/6/4 10968/6/4 10978/6/4
f 10971/4/4 10972/4/4 10979/4/4
f 10970/4/4 10971/4/4 10979/4/4
f 10979/4/4 10972/4/4 10980/4/4
f 10980/4/4 10972/4/4 10981/4/4
f 10979/4/4 10980/4/4 10982/4/4
f 10982/4/4 10980/4/4 10983/4/4
f 10984/4/4 10985/4/4 10988/4/4
f 10988/4/4 10985/4/4 10989/4/4
f 10986/6/4 10987/6/4 10991/6/4
f 10991/6/4 10987/6/4 10992/6/4
f 10990/6/4 10991/6/4 10999/6/4
f 10999/6/4 10991/6/4 11000/6/4
f 10993/7/4 10994/7/4 11001/7/4
f 11001/7/4 10994/7/4 11002/7/4
f 10995/7/4 10996/7/4 11003/7/4
f 11003/7/4 10996/7/4 11004/7/4
f 10997/7/4 10998/7/4 11005/7/4
f 11005/7/4 10998/7/4 11006/7/4
f 11007/7/4 11008/7/4 11013/7/4
f 11013/7/4 11008/7/4 11014/7/4
f 11009/7/4 11010/7/4 11015/7/4
f 11015/7/4 11010/7/4 11016/7/4
f 11011/7/4 11012/7/4 11017/7/4
f 11017/7/4 11012/7/4 11018/7/4
f 11019/6/4 11020/6/4 11021/6/4
f 11021/6/4 11020/6/4 11022/6/4
f 11022/6/4 11023/6/4 11024/6/4
f 11024/6/4 11023/6/4 11025/6/4
f 11026/4/4 11027/4/4 11028/4/4
f 11028/4/4 11027/4/4 11029/4/4
f 11030/4/4 11031/4/4 11038/4/4
f 11038/4/4 11031/4/4 11039/4/4
f 11032/5/4 11033/5/4 11041/5/4
f 11041/5/4 11033/5/4 11042/5/4
f 11034/6/4 11035/6/4 11043/6/4
f 11043/6/4 11035/6/4 11044/6/4
f 11036/6/4 11037/6/4 11045/6/4
f 11045/6/4 11037/6/4 11046/6/4
f 11038/4/4 11039/4/4 11048/4/4
f 11039/4/4 11040/4/4 11048/4/4
f 11048/4/4 11040/4/4 11049/4/4
f 11049/4/4 11040/4/4 11050/4/4
f 11046/6/4 11047/6/4 11051/6/4
f 11051/6/4 11047/6/4 11052/6/4
f 11053/6/4 11054/6/4 11055/6/4
f 11049/6/4 11050/6/4 11058/6/4
f 11055/6/4 11056/6/4 11059/6/4
f 11053/6/4 11055/6/4 11059/6/4
f 11059/6/4 11056/6/4 11060/6/4
f 11060/6/4 11056/6/4 11061/6/4
f 11057/6/4 11058/6/4 11062/6/4
f 11058/6/4 11050/6/4 11063/6/4
f 11062/6/4 11058/6/4 11063/6/4
f 11063/6/4 11050/6/4 11064/6/4
f 11060/6/4 11061/6/4 11065/6/4
f 11061/6/4 11062/6/4 11065/6/4
f 11062/6/4 11063/6/4 11065/6/4
f 11065/6/4 11063/6/4 11066/6/4
f 11067/6/4 11068/6/4 11069/6/4
f 11069/6/4 11068/6/4 11070/6/4
f 11071/6/4 11072/6/4 11074/6/4
f 11074/6/4 11072/6/4 11075/6/4
f 11073/6/4 11074/6/4 11080/6/4
f 11074/6/4 11075/6/4 11080/6/4
f 11075/6/4 11076/6/4 11080/6/4
f 11077/6/4 11078/6/4 11081/6/4
f 11081/6/4 11078/6/4 11082/6/4
f 11079/6/4 11080/6/4 11084/6/4
f 11084/6/4 11080/6/4 11085/6/4
f 11080/6/4 11076/6/4 11086/6/4
f 11085/6/4 11080/6/4 11086/6/4
f 11086/6/4 11076/6/4 11087/6/4
f 11087/6/4 11076/6/4 11088/6/4
f 11084/6/4 11085/6/4 11091/6/4
f 11083/6/4 11084/6/4 11091/6/4
f 11091/6/4 11085/6/4 11092/6/4
f 11092/6/4 11085/6/4 11093/6/4
f 11086/6/4 11087/6/4 11094/6/4
f 11094/6/4 11087/6/4 11095/6/4
f 11095/6/4 11087/6/4 11096/6/4
f 11089/5/4 11090/5/4 11097/5/4
f 11097/5/4 11090/5/4 11098/5/4
f 11090/6/4 11091/6/4 11099/6/4
f 11098/5/4 11090/5/4 11099/5/4
f 11091/6/4 11092/6/4 11099/6/4
f 11099/6/4 11092/6/4 11100/6/4
f 11100/6/4 11092/6/4 11101/6/4
f 11101/6/4 11092/6/4 11102/6/4
f 11102/6/4 11092/6/4 11103/6/4
f 11098/6/4 11099/6/4 11104/6/4
f 11099/6/4 11100/6/4 11104/6/4
f 11104/6/4 11100/6/4 11105/6/4
f 11101/6/4 11102/6/4 11106/6/4
f 11106/6/4 11102/6/4 11107/6/4
f 11095/4/4 11096/4/4 11109/4/4
f 11108/4/4 11109/4/4 11111/4/4
f 11109/4/4 11096/4/4 11112/4/4
f 11111/4/4 11109/4/4 11112/4/4
f 11112/4/4 11096/4/4 11113/4/4
f 11110/6/4 11111/6/4 11119/6/4
f 11111/6/4 11112/6/4 11119/6/4
f 11119/6/4 11112/6/4 11120/6/4
f 11120/6/4 11112/6/4 11121/6/4
f 11114/7/4 11115/7/4 11123/7/4
f 11123/7/4 11115/7/4 11124/7/4
f 11116/7/4 11117/7/4 11125/7/4
f 11125/7/4 11117/7/4 11126/7/4
f 11118/6/4 11119/6/4 11127/6/4
f 11119/6/4 11120/6/4 11127/6/4
f 11127/6/4 11120/6/4 11128/6/4
f 11128/6/4 11120/6/4 11129/6/4
f 11123/7/4 11124/7/4 11130/7/4
f 11125/7/4 11126/7/4 11130/7/4
f 11127/7/4 11128/7/4 11130/7/4
f 11126/7/4 11127/7/4 11130/7/4
f 11124/7/4 11125/7/4 11130/7/4
f 11122/7/4 11123/7/4 11130/7/4
f 11130/7/4 11128/7/4 11131/7/4
f 11132/6/4 11133/6/4 11135/6/4
f 11133/7/4 11134/7/4 11136/7/4
f 11135/6/4 11133/6/4 11136/6/4
f 11136/7/4 11134/7/4 11137/7/4
f 11138/7/4 11139/7/4 11140/7/4
f 11140/7/4 11139/7/4 11141/7/4
f 11141/7/4 11139/7/4 11142/7/4
f 11142/7/4 11139/7/4 11143/7/4
f 11143/7/4 11139/7/4 11144/7/4
f 11144/7/4 11139/7/4 11145/7/4
f 11145/7/4 11139/7/4 11146/7/4
f 11141/7/4 11142/7/4 11148/7/4
f 11148/7/4 11142/7/4 11149/7/4
f 11143/7/4 11144/7/4 11150/7/4
f 11150/7/4 11144/7/4 11151/7/4
f 11145/6/4 11146/6/4 11152/6/4
f 11146/6/4 11147/6/4 11152/6/4
f 11152/6/4 11147/6/4 11153/6/4
f 11153/6/4 11147/6/4 11154/6/4
f 11153/6/4 11154/6/4 11156/6/4
f 11154/6/4 11155/6/4 11156/6/4
f 11156/6/4 11155/6/4 11157/6/4
f 11157/6/4 11155/6/4 11158/6/4
f 11157/4/4 11158/4/4 11164/4/4
f 11158/4/4 11159/4/4 11164/4/4
f 11164/4/4 11159/4/4 11165/4/4
f 11160/6/4 11161/6/4 11167/6/4
f 11167/6/4 11161/6/4 11168/6/4
f 11168/6/4 11161/6/4 11169/6/4
f 11162/6/4 11163/6/4 11170/6/4
f 11170/6/4 11163/6/4 11171/6/4
f 11166/5/4 11167/5/4 11173/5/4
f 11167/5/4 11168/5/4 11173/5/4
f 11168/6/4 11169/6/4 11174/6/4
f 11173/5/4 11168/5/4 11174/5/4
f 11171/6/4 11172/6/4 11174/6/4
f 11169/6/4 11170/6/4 11174/6/4
f 11170/6/4 11171/6/4 11174/6/4
f 11174/6/4 11172/6/4 11175/6/4
f 11175/6/4 11172/6/4 11176/6/4
f 11165/4/4 11159/4/4 11179/4/4
f 11179/4/4 11159/4/4 11180/4/4
f 11176/6/4 11177/6/4 11183/6/4
f 11175/6/4 11176/6/4 11183/6/4
f 11183/6/4 11177/6/4 11184/6/4
f 11184/6/4 11177/6/4 11185/6/4
f 11179/6/4 11180/6/4 11186/6/4
f 11178/6/4 11179/6/4 11186/6/4
f 11186/6/4 11180/6/4 11187/6/4
f 11181/6/4 11182/6/4 11189/6/4
f 11189/6/4 11182/6/4 11190/6/4
f 11186/6/4 11187/6/4 11191/6/4
f 11185/6/4 11186/6/4 11191/6/4
f 11187/6/4 11188/6/4 11191/6/4
f 11184/6/4 11185/6/4 11191/6/4
f 11191/6/4 11188/6/4 11192/6/4
f 11192/6/4 11188/6/4 11193/6/4
f 11193/6/4 11188/6/4 11194/6/4
f 11194/6/4 11188/6/4 11195/6/4
f 11195/6/4 11188/6/4 11196/6/4
f 11194/6/4 11195/6/4 11197/6/4
f 11197/6/4 11195/6/4 11198/6/4
f 11199/6/4 11200/6/4 11203/6/4
f 11203/6/4 11200/6/4 11204/6/4
f 11201/6/4 11202/6/4 11207/6/4
f 11207/6/4 11202/6/4 11208/6/4
f 11205/6/4 11206/6/4 11210/6/4
f 11210/6/4 11206/6/4 11211/6/4
f 11211/6/4 11212/6/4 11218/6/4
f 11209/6/4 11210/6/4 11218/6/4
f 11210/6/4 11211/6/4 11218/6/4
f 11213/6/4 11214/6/4 11219/6/4
f 11215/6/4 11216/6/4 11220/6/4
f 11220/6/4 11216/6/4 11221/6/4
f 11217/6/4 11218/6/4 11222/6/4
f 11218/6/4 11212/6/4 11223/6/4
f 11222/6/4 11218/6/4 11223/6/4
f 11223/6/4 11212/6/4 11224/6/4
f 11220/6/4 11221/6/4 11225/6/4
f 11221/6/4 11222/6/4 11225/6/4
f 11222/6/4 11223/6/4 11225/6/4
f 11219/6/4 11220/6/4 11225/6/4
f 11225/6/4 11223/6/4 11226/6/4
f 11213/6/4 11219/6/4 11227/6/4
f 11219/6/4 11225/6/4 11227/6/4
f 11227/6/4 11225/6/4 11228/6/4
f 11228/6/4 11225/6/4 11229/6/4
f 11229/6/4 11225/6/4 11230/6/4
f 11230/6/4 11225/6/4 11231/6/4
f 11231/6/4 11225/6/4 11232/6/4
f 11213/6/4 11227/6/4 11233/6/4
f 11233/6/4 11227/6/4 11234/6/4
f 11228/6/4 11229/6/4 11235/6/4
f 11235/6/4 11229/6/4 11236/6/4
f 11230/6/4 11231/6/4 11237/6/4
f 11237/6/4 11231/6/4 11238/6/4
f 11239/6/4 11240/6/4 11241/6/4
f 11241/6/4 11240/6/4 11242/6/4
f 11243/6/4 11244/6/4 11245/6/4
f 11245/6/4 11244/6/4 11246/6/4
f 11247/6/4 11248/6/4 11253/6/4
f 11249/6/4 11250/6/4 11254/6/4
f 11254/6/4 11250/6/4 11255/6/4
f 11251/6/4 11252/6/4 11256/6/4
f 11256/6/4 11252/6/4 11257/6/4
f 11256/6/4 11257/6/4 11259/6/4
f 11257/6/4 11258/6/4 11259/6/4
f 11255/6/4 11256/6/4 11259/6/4
f 11254/6/4 11255/6/4 11259/6/4
f 11253/6/4 11254/6/4 11259/6/4
f 11253/6/4 11259/6/4 11261/6/4
f 11259/6/4 11260/6/4 11261/6/4
f 11247/6/4 11253/6/4 11261/6/4
f 11261/6/4 11260/6/4 11262/6/4
f 11262/6/4 11260/6/4 11263/6/4
f 11263/6/4 11260/6/4 11264/6/4
f 11264/6/4 11260/6/4 11265/6/4
f 11247/6/4 11261/6/4 11267/6/4
f 11267/6/4 11261/6/4 11268/6/4
f 11262/6/4 11263/6/4 11269/6/4
f 11269/6/4 11263/6/4 11270/6/4
f 11264/6/4 11265/6/4 11271/6/4
f 11265/6/4 11266/6/4 11271/6/4
f 11271/6/4 11266/6/4 11272/6/4
f 11272/6/4 11266/6/4 11275/6/4
f 11275/6/4 11266/6/4 11276/6/4
f 11276/6/4 11266/6/4 11277/6/4
f 11277/6/4 11266/6/4 11278/6/4
f 11273/6/4 11274/6/4 11279/6/4
f 11279/6/4 11274/6/4 11280/6/4
f 11276/6/4 11277/6/4 11283/6/4
f 11283/6/4 11277/6/4 11284/6/4
f 11281/6/4 11282/6/4 11285/6/4
f 11285/6/4 11282/6/4 11286/6/4
f 11287/6/4 11288/6/4 11289/6/4
f 11289/6/4 11288/6/4 11290/6/4
f 11291/5/4 11292/5/4 11293/5/4
f 11293/5/4 11292/5/4 11294/5/4
f 11295/6/4 11296/6/4 11299/6/4
f 11299/6/4 11296/6/4 11300/6/4
f 11297/6/4 11298/6/4 11301/6/4
f 11301/6/4 11298/6/4 11302/6/4
f 11303/6/4 11304/6/4 11305/6/4
f 11305/6/4 11304/6/4 11306/6/4
f 11307/6/4 11308/6/4 11309/6/4
f 11309/6/4 11308/6/4 11310/6/4
f 11311/6/4 11312/6/4 11313/6/4
f 11313/6/4 11312/6/4 11314/6/4
f 11315/6/4 11316/6/4 11319/6/4
f 11319/6/4 11316/6/4 11320/6/4
f 11317/6/4 11318/6/4 11321/6/4
f 11321/6/4 11318/6/4 11322/6/4
f 11323/5/4 11324/5/4 11325/5/4
f 11325/5/4 11324/5/4 11326/5/4
f 11327/6/4 11328/6/4 11329/6/4
f 11329/6/4 11328/6/4 11330/6/4
f 11331/5/4 11332/5/4 11333/5/4
f 11333/5/4 11332/5/4 11334/5/4
f 11335/5/4 11336/5/4 11339/5/4
f 11339/5/4 11336/5/4 11340/5/4
f 11337/5/4 11338/5/4 11341/5/4
f 11341/5/4 11338/5/4 11342/5/4
f 11342/5/4 11338/5/4 11343/5/4
f 11344/5/4 11345/5/4 11346/5/4
f 11346/5/4 11345/5/4 11347/5/4
f 11348/6/4 11349/6/4 11350/6/4
f 11350/6/4 11349/6/4 11351/6/4
f 11352/6/4 11353/6/4 11354/6/4
f 11354/6/4 11353/6/4 11355/6/4
f 11356/6/4 11357/6/4 11360/6/4
f 11360/6/4 11357/6/4 11361/6/4
f 11358/6/4 11359/6/4 11362/6/4
f 11362/6/4 11359/6/4 11363/6/4
f 11364/5/4 11365/5/4 11366/5/4
f 11366/5/4 11365/5/4 11367/5/4
f 11368/5/4 11369/5/4 11373/5/4
f 11373/5/4 11369/5/4 11374/5/4
f 11371/5/4 11372/5/4 11375/5/4
f 11370/5/4 11371/5/4 11375/5/4
f 11375/5/4 11372/5/4 11376/5/4
f 11377/5/4 11378/5/4 11379/5/4
f 11379/5/4 11378/5/4 11380/5/4
f 11381/6/4 11382/6/4 11385/6/4
f 11385/6/4 11382/6/4 11386/6/4
f 11383/6/4 11384/6/4 11387/6/4
f 11387/6/4 11384/6/4 11388/6/4
f 11389/6/4 11390/6/4 11391/6/4
f 11391/6/4 11390/6/4 11392/6/4
f 11393/6/4 11394/6/4 11395/6/4
f 11395/6/4 11394/6/4 11396/6/4
f 11397/6/4 11398/6/4 11401/6/4
f 11401/6/4 11398/6/4 11402/6/4
f 11399/6/4 11400/6/4 11403/6/4
f 11403/6/4 11400/6/4 11404/6/4
f 11405/6/4 11406/6/4 11407/6/4
f 11407/6/4 11406/6/4 11408/6/4
f 11409/5/4 11410/5/4 11411/5/4
f 11411/5/4 11410/5/4 11412/5/4
f 11411/6/4 11412/6/4 11413/6/4
f 11413/6/4 11412/6/4 11414/6/4
f 11415/6/4 11416/6/4 11417/6/4
f 11417/6/4 11416/6/4 11418/6/4
f 11419/3/4 11420/3/4 11422/3/4
f 11420/6/4 11421/6/4 11423/6/4
f 11422/3/4 11420/3/4 11423/3/4
f 11423/6/4 11421/6/4 11424/6/4
f 11425/6/4 11426/6/4 11429/6/4
f 11429/6/4 11426/6/4 11430/6/4
f 11427/6/4 11428/6/4 11431/6/4
f 11431/6/4 11428/6/4 11432/6/4
f 11433/6/4 11434/6/4 11435/6/4
f 11435/6/4 11434/6/4 11436/6/4
f 11437/6/4 11438/6/4 11439/6/4
f 11439/6/4 11438/6/4 11440/6/4
f 11441/6/4 11442/6/4 11447/6/4
f 11447/6/4 11442/6/4 11448/6/4
f 11443/6/4 11444/6/4 11449/6/4
f 11449/6/4 11444/6/4 11450/6/4
f 11445/6/4 11446/6/4 11451/6/4
f 11451/6/4 11446/6/4 11452/6/4
f 11453/6/4 11454/6/4 11455/6/4
f 11455/6/4 11454/6/4 11456/6/4
f 11455/5/4 11456/5/4 11457/5/4
f 11457/5/4 11456/5/4 11458/5/4
f 11459/6/4 11460/6/4 11461/6/4
f 11461/6/4 11460/6/4 11462/6/4
f 11463/6/4 11464/6/4 11468/6/4
f 11464/3/4 11465/3/4 11469/3/4
f 11468/6/4 11464/6/4 11469/6/4
f 11469/3/4 11465/3/4 11470/3/4
f 11470/3/4 11465/3/4 11471/3/4
f 11466/5/4 11467/5/4 11472/5/4
f 11472/5/4 11467/5/4 11473/5/4
f 11473/5/4 11467/5/4 11474/5/4
f 11473/6/4 11474/6/4 11480/6/4
f 11475/5/4 11476/5/4 11481/5/4
f 11481/5/4 11476/5/4 11482/5/4
f 11477/6/4 11478/6/4 11483/6/4
f 11478/3/4 11479/3/4 11484/3/4
f 11483/6/4 11478/6/4 11484/6/4
f 11484/3/4 11479/3/4 11485/3/4
f 11485/3/4 11479/3/4 11486/3/4
f 11480/6/4 11474/6/4 11487/6/4
f 11487/6/4 11474/6/4 11488/6/4
f 11489/6/4 11490/6/4 11493/6/4
f 11493/6/4 11490/6/4 11494/6/4
f 11491/6/4 11492/6/4 11496/6/4
f 11496/6/4 11492/6/4 11497/6/4
f 11494/6/4 11495/6/4 11500/6/4
f 11500/6/4 11495/6/4 11501/6/4
f 11498/6/4 11499/6/4 11502/6/4
f 11502/6/4 11499/6/4 11503/6/4
f 11494/6/4 11500/6/4 11504/6/4
f 11504/6/4 11500/6/4 11505/6/4
f 11506/6/4 11507/6/4 11508/6/4
f 11508/6/4 11507/6/4 11509/6/4
f 11510/6/4 11511/6/4 11512/6/4
f 11512/6/4 11511/6/4 11513/6/4
f 11514/6/4 11515/6/4 11516/6/4
f 11516/6/4 11515/6/4 11517/6/4
f 11518/6/4 11519/6/4 11520/6/4
f 11520/6/4 11519/6/4 11521/6/4
f 11522/6/4 11523/6/4 11524/6/4
f 11524/6/4 11523/6/4 11525/6/4
f 11526/6/4 11527/6/4 11530/6/4
f 11530/6/4 11527/6/4 11531/6/4
f 11528/6/4 11529/6/4 11532/6/4
f 11528/6/4 11532/6/4 11537/6/4
f 11532/6/4 11533/6/4 11537/6/4
f 11537/6/4 11533/6/4 11538/6/4
f 11534/6/4 11535/6/4 11541/6/4
f 11541/6/4 11535/6/4 11542/6/4
f 11536/6/4 11537/6/4 11543/6/4
f 11543/6/4 11537/6/4 11544/6/4
f 11539/6/4 11540/6/4 11545/6/4
f 11545/6/4 11540/6/4 11546/6/4
f 11547/6/4 11548/6/4 11549/6/4
f 11549/6/4 11548/6/4 11556/6/4
f 11556/6/4 11548/6/4 11557/6/4
f 11550/5/4 11551/5/4 11558/5/4
f 11558/5/4 11551/5/4 11559/5/4
f 11552/6/4 11553/6/4 11560/6/4
f 11553/5/4 11554/5/4 11561/5/4
f 11560/6/4 11553/6/4 11561/6/4
f 11561/5/4 11554/5/4 11562/5/4
f 11556/5/4 11557/5/4 11563/5/4
f 11555/5/4 11556/5/4 11563/5/4
f 11563/5/4 11557/5/4 11564/5/4
f 11565/6/4 11566/6/4 11567/6/4
f 11567/6/4 11566/6/4 11568/6/4
f 11569/6/4 11570/6/4 11575/6/4
f 11575/6/4 11570/6/4 11576/6/4
f 11571/3/4 11572/3/4 11577/3/4
f 11577/3/4 11572/3/4 11578/3/4
f 11573/5/4 11574/5/4 11579/5/4
f 11579/5/4 11574/5/4 11580/5/4
f 11580/5/4 11574/5/4 11581/5/4
f 11581/5/4 11574/5/4 11582/5/4
f 11581/6/4 11582/6/4 11583/6/4
f 11583/6/4 11582/6/4 11584/6/4
f 11585/6/4 11586/6/4 11587/6/4
f 11585/6/4 11587/6/4 11591/6/4
f 11587/6/4 11588/6/4 11591/6/4
f 11591/6/4 11588/6/4 11592/6/4
f 11589/6/4 11590/6/4 11594/6/4
f 11594/6/4 11590/6/4 11595/6/4
f 11592/6/4 11588/6/4 11597/6/4
f 11593/6/4 11594/6/4 11598/6/4
f 11598/6/4 11594/6/4 11599/6/4
f 11595/6/4 11596/6/4 11600/6/4
f 11600/6/4 11596/6/4 11601/6/4
f 11592/6/4 11597/6/4 11604/6/4
f 11597/6/4 11598/6/4 11604/6/4
f 11604/6/4 11598/6/4 11605/6/4
f 11605/6/4 11598/6/4 11606/6/4
f 11606/6/4 11598/6/4 11607/6/4
f 11602/6/4 11603/6/4 11608/6/4
f 11608/6/4 11603/6/4 11609/6/4
f 11610/6/4 11611/6/4 11612/6/4
f 11612/6/4 11611/6/4 11613/6/4
f 11614/6/4 11615/6/4 11616/6/4
f 11616/6/4 11615/6/4 11617/6/4
f 11618/6/4 11619/6/4 11622/6/4
f 11622/6/4 11619/6/4 11623/6/4
f 11624/6/4 11625/6/4 11626/6/4
f 11626/6/4 11625/6/4 11627/6/4
f 11620/6/4 11621/6/4 11628/6/4
f 11628/6/4 11621/6/4 11629/6/4
f 11630/6/4 11631/6/4 11634/6/4
f 11634/6/4 11631/6/4 11635/6/4
f 11632/6/4 11633/6/4 11636/6/4
f 11636/6/4 11633/6/4 11637/6/4
f 11638/6/4 11639/6/4 11643/6/4
f 11640/6/4 11641/6/4 11644/6/4
f 11644/6/4 11641/6/4 11645/6/4
f 11642/6/4 11643/6/4 11646/6/4
f 11643/6/4 11639/6/4 11646/6/4
f 11646/6/4 11639/6/4 11647/6/4
f 11642/6/4 11646/6/4 11652/6/4
f 11647/6/4 11648/6/4 11653/6/4
f 11653/6/4 11648/6/4 11654/6/4
f 11649/6/4 11650/6/4 11655/6/4
f 11655/6/4 11650/6/4 11656/6/4
f 11651/6/4 11652/6/4 11657/6/4
f 11652/6/4 11646/6/4 11658/6/4
f 11657/6/4 11652/6/4 11658/6/4
f 11654/6/4 11655/6/4 11659/6/4
f 11659/6/4 11655/6/4 11660/6/4
f 11651/6/4 11657/6/4 11661/6/4
f 11661/6/4 11657/6/4 11662/6/4
f 11663/6/4 11664/6/4 11666/6/4
f 11666/6/4 11664/6/4 11667/6/4
f 11665/5/4 11666/5/4 11668/5/4
f 11666/5/4 11667/5/4 11668/5/4
f 11668/5/4 11667/5/4 11669/5/4
f 11670/6/4 11671/6/4 11674/6/4
f 11674/6/4 11671/6/4 11675/6/4
f 11672/6/4 11673/6/4 11676/6/4
f 11676/6/4 11673/6/4 11677/6/4
f 11680/6/4 11681/6/4 11683/6/4
f 11683/6/4 11681/6/4 11684/6/4
f 11684/6/4 11681/6/4 11685/6/4
f 11685/6/4 11681/6/4 11686/6/4
f 11682/6/4 11683/6/4 11688/6/4
f 11683/6/4 11684/6/4 11688/6/4
f 11688/6/4 11684/6/4 11689/6/4
f 11686/6/4 11687/6/4 11690/6/4
f 11685/6/4 11686/6/4 11690/6/4
f 11690/6/4 11687/6/4 11691/6/4
f 11678/6/4 11679/6/4 11692/6/4
f 11692/6/4 11679/6/4 11693/6/4
f 11682/6/4 11688/6/4 11694/6/4
f 11694/6/4 11688/6/4 11695/6/4
f 11691/6/4 11687/6/4 11696/6/4
f 11696/6/4 11687/6/4 11697/6/4
f 11698/6/4 11699/6/4 11700/6/4
f 11698/6/4 11700/6/4 11702/6/4
f 11700/6/4 11701/6/4 11702/6/4
f 11702/6/4 11701/6/4 11703/6/4
f 11703/6/4 11701/6/4 11704/6/4
f 11704/6/4 11705/6/4 11708/6/4
f 11703/6/4 11704/6/4 11708/6/4
f 11708/6/4 11705/6/4 11709/6/4
f 11706/6/4 11707/6/4 11710/6/4
f 11710/6/4 11707/6/4 11711/6/4
f 11709/6/4 11705/6/4 11713/6/4
f 11712/6/4 11713/6/4 11715/6/4
f 11713/6/4 11705/6/4 11716/6/4
f 11715/6/4 11713/6/4 11716/6/4
f 11716/6/4 11705/6/4 11717/6/4
f 11714/6/4 11715/6/4 11718/6/4
f 11715/6/4 11716/6/4 11718/6/4
f 11718/6/4 11716/6/4 11719/6/4
f 11714/6/4 11718/6/4 11720/6/4
f 11720/6/4 11718/6/4 11721/6/4
f 11724/6/4 11725/6/4 11728/6/4
f 11726/6/4 11727/6/4 11731/6/4
f 11728/6/4 11729/6/4 11732/6/4
f 11724/6/4 11728/6/4 11732/6/4
f 11732/6/4 11729/6/4 11733/6/4
f 11733/6/4 11729/6/4 11734/6/4
f 11730/6/4 11731/6/4 11735/6/4
f 11731/6/4 11727/6/4 11736/6/4
f 11735/6/4 11731/6/4 11736/6/4
f 11736/6/4 11727/6/4 11737/6/4
f 11722/6/4 11723/6/4 11738/6/4
f 11738/6/4 11723/6/4 11739/6/4
f 11733/6/4 11734/6/4 11740/6/4
f 11734/6/4 11735/6/4 11740/6/4
f 11735/6/4 11736/6/4 11740/6/4
f 11740/6/4 11736/6/4 11741/6/4
f 11742/7/4 11743/7/4 11745/7/4
f 11743/2/4 11744/2/4 11746/2/4
f 11745/7/4 11743/7/4 11746/7/4
f 11746/2/4 11744/2/4 11747/2/4
f 11747/2/4 11744/2/4 11748/2/4
f 11749/1/4 11750/1/4 11753/1/4
f 11753/1/4 11750/1/4 11754/1/4
f 11751/7/4 11752/7/4 11755/7/4
f 11755/7/4 11752/7/4 11756/7/4
f 11756/7/4 11752/7/4 11757/7/4
f 11758/7/4 11759/7/4 11760/7/4
f 11760/7/4 11759/7/4 11761/7/4
f 11762/6/4 11763/6/4 11765/6/4
f 11765/6/4 11763/6/4 11766/6/4
f 11764/6/4 11765/6/4 11771/6/4
f 11765/6/4 11766/6/4 11771/6/4
f 11766/6/4 11767/6/4 11771/6/4
f 11771/6/4 11767/6/4 11772/6/4
f 11772/6/4 11767/6/4 11773/6/4
f 11773/6/4 11767/6/4 11774/6/4
f 11768/6/4 11769/6/4 11776/6/4
f 11776/6/4 11769/6/4 11777/6/4
f 11770/6/4 11771/6/4 11778/6/4
f 11771/6/4 11772/6/4 11778/6/4
f 11778/6/4 11772/6/4 11779/6/4
f 11779/6/4 11772/6/4 11780/6/4
f 11774/6/4 11775/6/4 11781/6/4
f 11773/6/4 11774/6/4 11781/6/4
f 11781/6/4 11775/6/4 11782/6/4
f 11778/6/4 11779/6/4 11783/6/4
f 11777/6/4 11778/6/4 11783/6/4
f 11783/6/4 11779/6/4 11784/6/4
f 11785/6/4 11786/6/4 11787/6/4
f 11787/6/4 11786/6/4 11788/6/4
f 11788/6/4 11786/6/4 11789/6/4
f 11789/6/4 11786/6/4 11790/6/4
f 11782/6/4 11775/6/4 11791/6/4
f 11788/6/4 11789/6/4 11793/6/4
f 11793/6/4 11789/6/4 11794/6/4
f 11794/6/4 11789/6/4 11795/6/4
f 11795/6/4 11789/6/4 11796/6/4
f 11791/6/4 11792/6/4 11797/6/4
f 11797/6/4 11798/6/4 11800/6/4
f 11782/6/4 11791/6/4 11800/6/4
f 11791/6/4 11797/6/4 11800/6/4
f 11799/6/4 11800/6/4 11801/6/4
f 11800/6/4 11798/6/4 11802/6/4
f 11801/6/4 11800/6/4 11802/6/4
f 11794/6/4 11795/6/4 11804/6/4
f 11804/6/4 11795/6/4 11805/6/4
f 11802/6/4 11798/6/4 11807/6/4
f 11807/6/4 11798/6/4 11808/6/4
f 11805/6/4 11806/6/4 11810/6/4
f 11803/6/4 11804/6/4 11810/6/4
f 11804/6/4 11805/6/4 11810/6/4
f 11810/6/4 11806/6/4 11811/6/4
f 11802/6/4 11807/6/4 11813/6/4
f 11813/6/4 11807/6/4 11814/6/4
f 11811/6/4 11812/6/4 11815/6/4
f 11809/6/4 11810/6/4 11815/6/4
f 11810/6/4 11811/6/4 11815/6/4
f 11815/6/4 11812/6/4 11816/6/4
f 11817/6/4 11818/6/4 11820/6/4
f 11820/6/4 11818/6/4 11821/6/4
f 11821/6/4 11818/6/4 11822/6/4
f 11802/6/4 11813/6/4 11825/6/4
f 11819/6/4 11820/6/4 11826/6/4
f 11826/6/4 11820/6/4 11827/6/4
f 11822/6/4 11823/6/4 11828/6/4
f 11821/6/4 11822/6/4 11828/6/4
f 11828/6/4 11823/6/4 11829/6/4
f 11829/6/4 11823/6/4 11830/6/4
f 11824/6/4 11825/6/4 11831/6/4
f 11825/6/4 11813/6/4 11832/6/4
f 11831/6/4 11825/6/4 11832/6/4
f 11832/6/4 11813/6/4 11833/6/4
f 11829/6/4 11830/6/4 11834/6/4
f 11831/6/4 11832/6/4 11834/6/4
f 11830/6/4 11831/6/4 11834/6/4
f 11834/6/4 11832/6/4 11835/6/4
f 11835/6/4 11832/6/4 11836/6/4
f 11836/6/4 11832/6/4 11837/6/4
f 11835/6/4 11836/6/4 11838/6/4
f 11838/6/4 11836/6/4 11839/6/4
f 11840/6/4 11841/6/4 11842/6/4
f 11842/6/4 11841/6/4 11843/6/4
f 11844/5/4 11845/5/4 11846/5/4
f 11846/5/4 11845/5/4 11847/5/4
f 11848/6/4 11849/6/4 11853/6/4
f 11853/6/4 11849/6/4 11854/6/4
f 11850/6/4 11851/6/4 11855/6/4
f 11851/5/4 11852/5/4 11856/5/4
f 11855/6/4 11851/6/4 11856/6/4
f 11856/5/4 11852/5/4 11857/5/4
f 11858/6/4 11859/6/4 11860/6/4
f 11860/6/4 11859/6/4 11861/6/4
f 11862/2/4 11863/2/4 11866/2/4
f 11866/2/4 11863/2/4 11867/2/4
f 11864/7/4 11865/7/4 11868/7/4
f 11868/7/4 11865/7/4 11869/7/4
f 11870/6/4 11871/6/4 11872/6/4
f 11872/6/4 11871/6/4 11873/6/4
f 11874/6/4 11875/6/4 11878/6/4
f 11876/6/4 11877/6/4 11881/6/4
f 11881/6/4 11877/6/4 11882/6/4
f 11878/6/4 11879/6/4 11884/6/4
f 11874/6/4 11878/6/4 11884/6/4
f 11884/6/4 11879/6/4 11885/6/4
f 11885/6/4 11879/6/4 11886/6/4
f 11882/6/4 11883/6/4 11887/6/4
f 11881/6/4 11882/6/4 11887/6/4
f 11880/6/4 11881/6/4 11887/6/4
f 11885/6/4 11886/6/4 11888/6/4
f 11886/6/4 11887/6/4 11888/6/4
f 11888/6/4 11887/6/4 11889/6/4
f 11889/6/4 11887/6/4 11890/6/4
f 11890/6/4 11887/6/4 11891/6/4
f 11887/6/4 11883/6/4 11892/6/4
f 11891/6/4 11887/6/4 11892/6/4
f 11892/6/4 11883/6/4 11894/6/4
f 11893/6/4 11894/6/4 11896/6/4
f 11894/6/4 11883/6/4 11897/6/4
f 11895/6/4 11896/6/4 11897/6/4
f 11896/6/4 11894/6/4 11897/6/4
f 11897/6/4 11883/6/4 11898/6/4
f 11895/6/4 11897/6/4 11899/6/4
f 11895/6/4 11899/6/4 11901/6/4
f 11899/6/4 11900/6/4 11901/6/4
f 11901/6/4 11900/6/4 11902/6/4
f 11902/6/4 11900/6/4 11903/6/4
f 11903/6/4 11900/6/4 11904/6/4
f 11904/6/4 11900/6/4 11907/6/4
f 11905/6/4 11906/6/4 11909/6/4
f 11906/6/4 11907/6/4 11909/6/4
f 11909/6/4 11907/6/4 11910/6/4
f 11908/6/4 11909/6/4 11910/6/4
f 11907/6/4 11900/6/4 11911/6/4
f 11910/6/4 11907/6/4 11911/6/4
f 11908/6/4 11910/6/4 11913/6/4
f 11912/6/4 11913/6/4 11914/6/4
f 11913/6/4 11910/6/4 11915/6/4
f 11914/6/4 11913/6/4 11915/6/4
f 11911/6/4 11900/6/4 11916/6/4
f 11916/6/4 11900/6/4 11917/6/4
f 11917/6/4 11900/6/4 11918/6/4
f 11918/6/4 11900/6/4 11919/6/4
f 11912/6/4 11914/6/4 11920/6/4
f 11920/6/4 11914/6/4 11921/6/4
f 11917/6/4 11918/6/4 11922/6/4
f 11922/6/4 11918/6/4 11923/6/4
f 11924/6/4 11925/6/4 11926/6/4
f 11926/6/4 11925/6/4 11927/6/4
f 11928/6/4 11929/6/4 11932/6/4
f 11932/6/4 11929/6/4 11933/6/4
f 11930/6/4 11931/6/4 11934/6/4
f 11934/6/4 11931/6/4 11935/6/4
f 11936/6/4 11937/6/4 11938/6/4
f 11938/6/4 11937/6/4 11939/6/4
f 11940/6/4 11941/6/4 11946/6/4
f 11941/2/4 11942/2/4 11947/2/4
f 11946/6/4 11941/6/4 11947/6/4
f 11947/2/4 11942/2/4 11948/2/4
f 11943/6/4 11944/6/4 11949/6/4
f 11944/5/4 11945/5/4 11950/5/4
f 11949/6/4 11944/6/4 11950/6/4
f 11950/5/4 11945/5/4 11951/5/4
f 11952/6/4 11953/6/4 11954/6/4
f 11954/6/4 11953/6/4 11955/6/4
f 11956/6/4 11957/6/4 11958/6/4
f 11958/6/4 11957/6/4 11959/6/4
f 11960/6/4 11961/6/4 11962/6/4
f 11962/6/4 11961/6/4 11963/6/4
f 11964/6/4 11965/6/4 11966/6/4
f 11966/6/4 11965/6/4 11967/6/4
f 11968/6/4 11969/6/4 11970/6/4
f 11970/6/4 11969/6/4 11971/6/4
f 11972/6/4 11973/6/4 11977/6/4
f 11977/6/4 11973/6/4 11978/6/4
f 11974/6/4 11975/6/4 11979/6/4
f 11975/5/4 11976/5/4 11980/5/4
f 11979/6/4 11975/6/4 11980/6/4
f 11980/5/4 11976/5/4 11981/5/4
f 11982/6/4 11983/6/4 11984/6/4
f 11984/6/4 11983/6/4 11985/6/4
f 11986/5/4 11987/5/4 11992/5/4
f 11987/2/4 11988/2/4 11993/2/4
f 11992/5/4 11987/5/4 11993/5/4
f 11993/2/4 11988/2/4 11994/2/4
f 11988/1/4 11989/1/4 11995/1/4
f 11994/2/4 11988/2/4 11995/2/4
f 11989/7/4 11990/7/4 11996/7/4
f 11995/1/4 11989/1/4 11996/1/4
f 11996/7/4 11990/7/4 11997/7/4
f 11990/3/4 11991/3/4 11998/3/4
f 11997/7/4 11990/7/4 11998/7/4
f 11998/3/4 11991/3/4 11999/3/4
f 11999/3/4 12000/3/4 12003/3/4
f 12003/3/4 12000/3/4 12004/3/4
f 12004/3/4 12000/3/4 12005/3/4
f 12001/6/4 12002/6/4 12006/6/4
f 12006/6/4 12002/6/4 12007/6/4
f 12008/6/4 12009/6/4 12011/6/4
f 12009/5/4 12010/5/4 12012/5/4
f 12011/6/4 12009/6/4 12012/6/4
f 12012/5/4 12010/5/4 12013/5/4
f 12014/6/4 12015/6/4 12016/6/4
f 12016/6/4 12015/6/4 12017/6/4
f 12018/6/4 12019/6/4 12020/6/4
f 12020/6/4 12019/6/4 12021/6/4
f 12022/6/4 12023/6/4 12024/6/4
f 12024/6/4 12023/6/4 12025/6/4
f 12026/6/4 12027/6/4 12028/6/4
f 12028/6/4 12027/6/4 12029/6/4
f 12030/6/4 12031/6/4 12032/6/4
f 12032/6/4 12031/6/4 12033/6/4
f 12034/6/4 12035/6/4 12036/6/4
f 12036/6/4 12035/6/4 12037/6/4
f 12038/6/4 12039/6/4 12040/6/4
f 12040/6/4 12039/6/4 12041/6/4
f 12042/6/4 12043/6/4 12044/6/4
f 12044/6/4 12043/6/4 12045/6/4
f 12046/6/4 12047/6/4 12049/6/4
f 12047/5/4 12048/5/4 12050/5/4
f 12049/6/4 12047/6/4 12050/6/4
f 12050/5/4 12048/5/4 12051/5/4
f 12052/6/4 12053/6/4 12057/6/4
f 12057/6/4 12053/6/4 12058/6/4
f 12054/6/4 12055/6/4 12059/6/4
f 12059/6/4 12055/6/4 12060/6/4
f 12056/5/4 12057/5/4 12061/5/4
f 12061/5/4 12057/5/4 12062/5/4
f 12063/6/4 12064/6/4 12065/6/4
f 12065/6/4 12064/6/4 12066/6/4
f 12067/3/4 12068/3/4 12071/3/4
f 12071/3/4 12068/3/4 12072/3/4
f 12069/6/4 12070/6/4 12073/6/4
f 12073/6/4 12070/6/4 12074/6/4
f 12075/6/4 12076/6/4 12078/6/4
f 12076/5/4 12077/5/4 12079/5/4
f 12078/6/4 12076/6/4 12079/6/4
f 12079/5/4 12077/5/4 12080/5/4
f 12081/6/4 12082/6/4 12083/6/4
f 12083/6/4 12082/6/4 12084/6/4
f 12085/6/4 12086/6/4 12087/6/4
f 12087/6/4 12086/6/4 12088/6/4
f 12089/6/4 12090/6/4 12091/6/4
f 12091/6/4 12090/6/4 12092/6/4
f 12093/6/4 12094/6/4 12095/6/4
f 12095/6/4 12094/6/4 12096/6/4
f 12097/6/4 12098/6/4 12099/6/4
f 12099/6/4 12098/6/4 12100/6/4
f 12101/6/4 12102/6/4 12105/6/4
f 12105/6/4 12102/6/4 12106/6/4
f 12103/6/4 12104/6/4 12107/6/4
f 12107/6/4 12104/6/4 12108/6/4
f 12109/6/4 12110/6/4 12111/6/4
f 12111/6/4 12110/6/4 12112/6/4
f 12113/6/4 12114/6/4 12115/6/4
f 12115/6/4 12114/6/4 12116/6/4
f 12117/6/4 12118/6/4 12120/6/4
f 12118/5/4 12119/5/4 12121/5/4
f 12120/6/4 12118/6/4 12121/6/4
f 12121/5/4 12119/5/4 12122/5/4
f 12123/6/4 12124/6/4 12127/6/4
f 12127/6/4 12124/6/4 12128/6/4
f 12125/6/4 12126/6/4 12129/6/4
f 12129/6/4 12126/6/4 12130/6/4
f 12131/6/4 12132/6/4 12133/6/4
f 12133/6/4 12132/6/4 12134/6/4
f 12135/5/4 12136/5/4 12137/5/4
f 12137/5/4 12136/5/4 12138/5/4
f 12138/6/4 12139/6/4 12144/6/4
f 12144/6/4 12139/6/4 12145/6/4
f 12139/7/4 12140/7/4 12146/7/4
f 12145/6/4 12139/6/4 12146/6/4
f 12146/7/4 12140/7/4 12147/7/4
f 12140/2/4 12141/2/4 12148/2/4
f 12147/7/4 12140/7/4 12148/7/4
f 12148/2/4 12141/2/4 12149/2/4
f 12141/7/4 12142/7/4 12150/7/4
f 12149/2/4 12141/2/4 12150/2/4
f 12142/6/4 12143/6/4 12151/6/4
f 12150/7/4 12142/7/4 12151/7/4
f 12151/6/4 12143/6/4 12152/6/4
f 12153/6/4 12154/6/4 12157/6/4
f 12154/3/4 12155/3/4 12158/3/4
f 12157/6/4 12154/6/4 12158/6/4
f 12155/6/4 12156/6/4 12159/6/4
f 12158/3/4 12155/3/4 12159/3/4
f 12159/6/4 12156/6/4 12160/6/4
f 12161/6/4 12162/6/4 12164/6/4
f 12162/5/4 12163/5/4 12165/5/4
f 12164/6/4 12162/6/4 12165/6/4
f 12165/5/4 12163/5/4 12166/5/4
f 12167/6/4 12168/6/4 12169/6/4
f 12169/6/4 12168/6/4 12170/6/4
f 12171/6/4 12172/6/4 12174/6/4
f 12172/6/4 12173/6/4 12174/6/4
f 12174/6/4 12173/6/4 12175/6/4
f 12175/6/4 12173/6/4 12176/6/4
f 12171/6/4 12174/6/4 12178/6/4
f 12178/6/4 12174/6/4 12179/6/4
f 12176/6/4 12177/6/4 12180/6/4
f 12175/6/4 12176/6/4 12180/6/4
f 12180/6/4 12177/6/4 12181/6/4
f 12171/6/4 12178/6/4 12182/6/4
f 12182/6/4 12178/6/4 12183/6/4
f 12181/6/4 12177/6/4 12185/6/4
f 12184/6/4 12185/6/4 12186/6/4
f 12185/6/4 12177/6/4 12187/6/4
f 12186/6/4 12185/6/4 12187/6/4
f 12171/6/4 12182/6/4 12188/6/4
f 12188/6/4 12189/6/4 12190/6/4
f 12187/6/4 12177/6/4 12193/6/4
f 12190/6/4 12191/6/4 12194/6/4
f 12192/6/4 12193/6/4 12195/6/4
f 12193/6/4 12177/6/4 12196/6/4
f 12195/6/4 12193/6/4 12196/6/4
f 12196/6/4 12177/6/4 12197/6/4
f 12190/6/4 12194/6/4 12198/6/4
f 12171/6/4 12188/6/4 12198/6/4
f 12195/6/4 12196/6/4 12198/6/4
f 12188/6/4 12190/6/4 12198/6/4
f 12194/6/4 12195/6/4 12198/6/4
f 12198/6/4 12196/6/4 12199/6/4
f 12199/6/4 12196/6/4 12200/6/4
f 12201/6/4 12202/6/4 12203/6/4
f 12203/6/4 12202/6/4 12204/6/4
f 12205/6/4 12206/6/4 12209/6/4
f 12209/6/4 12206/6/4 12210/6/4
f 12207/6/4 12208/6/4 12211/6/4
f 12211/6/4 12208/6/4 12212/6/4
f 12213/6/4 12214/6/4 12216/6/4
f 12214/5/4 12215/5/4 12217/5/4
f 12216/6/4 12214/6/4 12217/6/4
f 12217/5/4 12215/5/4 12218/5/4
f 12219/6/4 12220/6/4 12221/6/4
f 12221/6/4 12220/6/4 12222/6/4
f 12223/6/4 12224/6/4 12226/6/4
f 12226/6/4 12224/6/4 12227/6/4
f 12225/5/4 12226/5/4 12228/5/4
f 12228/5/4 12226/5/4 12229/5/4
f 12230/5/4 12231/5/4 12232/5/4
f 12232/5/4 12231/5/4 12233/5/4
f 12233/6/4 12234/6/4 12235/6/4
f 12235/6/4 12234/6/4 12236/6/4
f 12236/6/4 12237/6/4 12243/6/4
f 12237/7/4 12238/7/4 12244/7/4
f 12243/6/4 12237/6/4 12244/6/4
f 12238/2/4 12239/2/4 12245/2/4
f 12244/7/4 12238/7/4 12245/7/4
f 12245/2/4 12239/2/4 12246/2/4
f 12239/7/4 12240/7/4 12247/7/4
f 12246/2/4 12239/2/4 12247/2/4
f 12240/6/4 12241/6/4 12248/6/4
f 12247/7/4 12240/7/4 12248/7/4
f 12241/3/4 12242/3/4 12249/3/4
f 12248/6/4 12241/6/4 12249/6/4
f 12249/3/4 12242/3/4 12250/3/4
f 12251/6/4 12252/6/4 12253/6/4
f 12253/6/4 12252/6/4 12254/6/4
f 12255/6/4 12256/6/4 12258/6/4
f 12256/5/4 12257/5/4 12259/5/4
f 12258/6/4 12256/6/4 12259/6/4
f 12259/5/4 12257/5/4 12260/5/4
f 12261/6/4 12262/6/4 12263/6/4
f 12263/6/4 12262/6/4 12264/6/4
f 12265/6/4 12266/6/4 12268/6/4
f 12267/6/4 12268/6/4 12269/6/4
f 12268/6/4 12266/6/4 12270/6/4
f 12269/6/4 12268/6/4 12270/6/4
f 12271/6/4 12272/6/4 12274/6/4
f 12274/6/4 12272/6/4 12275/6/4
f 12273/6/4 12274/6/4 12278/6/4
f 12275/6/4 12276/6/4 12278/6/4
f 12274/6/4 12275/6/4 12278/6/4
f 12278/6/4 12276/6/4 12279/6/4
f 12277/6/4 12278/6/4 12279/6/4
f 12279/6/4 12276/6/4 12280/6/4
f 12277/6/4 12279/6/4 12281/6/4
f 12277/6/4 12281/6/4 12283/6/4
f 12281/6/4 12282/6/4 12283/6/4
f 12283/6/4 12282/6/4 12284/6/4
f 12284/6/4 12282/6/4 12285/6/4
f 12285/6/4 12282/6/4 12286/6/4
f 12286/6/4 12282/6/4 12287/6/4
f 12287/6/4 12282/6/4 12288/6/4
f 12286/6/4 12287/6/4 12289/6/4
f 12289/6/4 12287/6/4 12290/6/4
f 12291/6/4 12292/6/4 12293/6/4
f 12293/6/4 12292/6/4 12294/6/4
f 12294/6/4 12292/6/4 12295/6/4
f 12295/6/4 12292/6/4 12296/6/4
f 12297/6/4 12298/6/4 12299/6/4
f 12299/6/4 12298/6/4 12300/6/4
f 12300/6/4 12301/6/4 12304/6/4
f 12304/6/4 12301/6/4 12305/6/4
f 12302/6/4 12303/6/4 12306/6/4
f 12306/6/4 12303/6/4 12307/6/4
f 12308/6/4 12309/6/4 12311/6/4
f 12309/5/4 12310/5/4 12312/5/4
f 12311/6/4 12309/6/4 12312/6/4
f 12312/5/4 12310/5/4 12313/5/4
f 12314/6/4 12315/6/4 12316/6/4
f 12316/6/4 12315/6/4 12317/6/4
f 12318/6/4 12319/6/4 12321/6/4
f 12321/6/4 12319/6/4 12322/6/4
f 12320/6/4 12321/6/4 12324/6/4
f 12324/6/4 12321/6/4 12325/6/4
f 12323/5/4 12324/5/4 12326/5/4
f 12326/5/4 12324/5/4 12327/5/4
f 12328/6/4 12329/6/4 12330/6/4
f 12330/6/4 12329/6/4 12331/6/4
f 12331/6/4 12332/6/4 12333/6/4
f 12333/6/4 12332/6/4 12334/6/4
f 12334/7/4 12335/7/4 12341/7/4
f 12341/7/4 12335/7/4 12342/7/4
f 12342/7/4 12335/7/4 12343/7/4
f 12343/7/4 12335/7/4 12344/7/4
f 12335/2/4 12336/2/4 12345/2/4
f 12344/7/4 12335/7/4 12345/7/4
f 12336/6/4 12337/6/4 12346/6/4
f 12345/2/4 12336/2/4 12346/2/4
f 12346/6/4 12337/6/4 12347/6/4
f 12338/6/4 12339/6/4 12348/6/4
f 12339/3/4 12340/3/4 12349/3/4
f 12348/6/4 12339/6/4 12349/6/4
f 12349/3/4 12340/3/4 12350/3/4
f 12350/6/4 12351/6/4 12354/6/4
f 12351/3/4 12352/3/4 12355/3/4
f 12354/6/4 12351/6/4 12355/6/4
f 12352/6/4 12353/6/4 12356/6/4
f 12355/3/4 12352/3/4 12356/3/4
f 12356/6/4 12353/6/4 12357/6/4
f 12354/6/4 12355/6/4 12359/6/4
f 12357/6/4 12358/6/4 12359/6/4
f 12356/6/4 12357/6/4 12359/6/4
f 12355/6/4 12356/6/4 12359/6/4
f 12359/6/4 12358/6/4 12360/6/4
f 12361/6/4 12362/6/4 12364/6/4
f 12362/5/4 12363/5/4 12364/5/4
f 12364/5/4 12363/5/4 12365/5/4
f 12361/6/4 12364/6/4 12369/6/4
f 12364/6/4 12365/6/4 12369/6/4
f 12365/6/4 12366/6/4 12369/6/4
f 12369/6/4 12366/6/4 12370/6/4
f 12367/6/4 12368/6/4 12371/6/4
f 12371/6/4 12368/6/4 12372/6/4
f 12367/6/4 12371/6/4 12373/6/4
f 12373/6/4 12371/6/4 12374/6/4
f 12375/6/4 12376/6/4 12377/6/4
f 12377/6/4 12376/6/4 12378/6/4
f 12375/6/4 12377/6/4 12379/6/4
f 12375/6/4 12379/6/4 12381/6/4
f 12379/6/4 12380/6/4 12381/6/4
f 12381/6/4 12380/6/4 12382/6/4
f 12383/6/4 12384/6/4 12385/6/4
f 12385/6/4 12384/6/4 12386/6/4
f 12389/6/4 12390/6/4 12391/6/4
f 12387/6/4 12388/6/4 12393/6/4
f 12391/6/4 12392/6/4 12395/6/4
f 12389/6/4 12391/6/4 12395/6/4
f 12395/6/4 12392/6/4 12396/6/4
f 12396/6/4 12392/6/4 12397/6/4
f 12393/6/4 12394/6/4 12400/6/4
f 12387/6/4 12393/6/4 12400/6/4
f 12400/6/4 12394/6/4 12401/6/4
f 12397/6/4 12398/6/4 12404/6/4
f 12396/6/4 12397/6/4 12404/6/4
f 12398/6/4 12399/6/4 12404/6/4
f 12404/6/4 12399/6/4 12405/6/4
f 12402/6/4 12403/6/4 12406/6/4
f 12406/6/4 12403/6/4 12407/6/4
f 12407/6/4 12403/6/4 12408/6/4
f 12402/6/4 12406/6/4 12409/6/4
f 12406/5/4 12407/5/4 12410/5/4
f 12409/6/4 12406/6/4 12410/6/4
f 12410/5/4 12407/5/4 12411/5/4
f 12412/6/4 12413/6/4 12414/6/4
f 12414/6/4 12413/6/4 12415/6/4
f 12412/6/4 12414/6/4 12419/6/4
f 12419/6/4 12414/6/4 12420/6/4
f 12416/6/4 12417/6/4 12422/6/4
f 12422/6/4 12417/6/4 12423/6/4
f 12418/6/4 12419/6/4 12424/6/4
f 12424/6/4 12419/6/4 12425/6/4
f 12421/6/4 12422/6/4 12427/6/4
f 12427/6/4 12422/6/4 12428/6/4
f 12426/6/4 12427/6/4 12429/6/4
f 12429/6/4 12427/6/4 12430/6/4
f 12431/6/4 12432/6/4 12433/6/4
f 12433/6/4 12432/6/4 12434/6/4
f 12434/7/4 12435/7/4 12438/7/4
f 12438/7/4 12435/7/4 12439/7/4
f 12436/6/4 12437/6/4 12444/6/4
f 12444/6/4 12437/6/4 12445/6/4
f 12439/7/4 12440/7/4 12448/7/4
f 12440/6/4 12441/6/4 12449/6/4
f 12448/7/4 12440/7/4 12449/7/4
f 12441/1/4 12442/1/4 12450/1/4
f 12449/6/4 12441/6/4 12450/6/4
f 12442/2/4 12443/2/4 12451/2/4
f 12450/1/4 12442/1/4 12451/1/4
f 12451/2/4 12443/2/4 12452/2/4
f 12445/6/4 12446/6/4 12453/6/4
f 12452/2/4 12443/2/4 12453/2/4
f 12443/6/4 12444/6/4 12453/6/4
f 12444/6/4 12445/6/4 12453/6/4
f 12453/6/4 12446/6/4 12454/6/4
f 12446/3/4 12447/3/4 12455/3/4
f 12454/6/4 12446/6/4 12455/6/4
f 12455/3/4 12447/3/4 12456/3/4
f 12449/6/4 12450/6/4 12457/6/4
f 12448/6/4 12449/6/4 12457/6/4
f 12450/6/4 12451/6/4 12457/6/4
f 12451/2/4 12452/2/4 12458/2/4
f 12457/6/4 12451/6/4 12458/6/4
f 12453/6/4 12454/6/4 12459/6/4
f 12458/2/4 12452/2/4 12459/2/4
f 12452/6/4 12453/6/4 12459/6/4
f 12459/6/4 12454/6/4 12460/6/4
f 12455/6/4 12456/6/4 12461/6/4
f 12461/6/4 12462/6/4 12463/6/4
f 12463/6/4 12462/6/4 12464/6/4
f 12461/6/4 12463/6/4 12465/6/4
f 12465/6/4 12463/6/4 12466/6/4
f 12464/6/4 12462/6/4 12467/6/4
f 12467/6/4 12462/6/4 12468/6/4
f 12455/6/4 12461/6/4 12469/6/4
f 12461/6/4 12465/6/4 12469/6/4
f 12469/6/4 12465/6/4 12470/6/4
f 12470/6/4 12465/6/4 12471/6/4
f 12455/6/4 12469/6/4 12475/6/4
f 12472/6/4 12473/6/4 12476/6/4
f 12476/6/4 12473/6/4 12477/6/4
f 12474/6/4 12475/6/4 12478/6/4
f 12475/6/4 12469/6/4 12479/6/4
f 12478/6/4 12475/6/4 12479/6/4
f 12472/6/4 12476/6/4 12480/6/4
f 12480/6/4 12476/6/4 12481/6/4
f 12477/6/4 12473/6/4 12482/6/4
f 12482/6/4 12473/6/4 12483/6/4
f 12484/6/4 12485/6/4 12486/6/4
f 12486/6/4 12485/6/4 12487/6/4
f 12488/6/4 12489/6/4 12490/6/4
f 12490/6/4 12489/6/4 12491/6/4
f 12494/6/4 12495/6/4 12500/6/4
f 12500/6/4 12495/6/4 12501/6/4
f 12495/7/4 12496/7/4 12502/7/4
f 12501/6/4 12495/6/4 12502/6/4
f 12496/7/4 12497/7/4 12502/7/4
f 12502/7/4 12497/7/4 12503/7/4
f 12498/6/4 12499/6/4 12504/6/4
f 12503/7/4 12497/7/4 12504/7/4
f 12497/6/4 12498/6/4 12504/6/4
f 12504/6/4 12499/6/4 12505/6/4
f 12492/6/4 12493/6/4 12506/6/4
f 12506/6/4 12493/6/4 12507/6/4
f 12508/6/4 12509/6/4 12510/6/4
f 12510/6/4 12509/6/4 12511/6/4
f 12512/6/4 12513/6/4 12514/6/4
f 12514/6/4 12513/6/4 12515/6/4
f 12516/6/4 12517/6/4 12518/6/4
f 12518/6/4 12517/6/4 12519/6/4
f 12519/6/4 12517/6/4 12520/6/4
f 12520/6/4 12521/6/4 12528/6/4
f 12519/6/4 12520/6/4 12528/6/4
f 12528/6/4 12521/6/4 12529/6/4
f 12522/6/4 12523/6/4 12530/6/4
f 12530/6/4 12523/6/4 12531/6/4
f 12524/6/4 12525/6/4 12532/6/4
f 12526/6/4 12527/6/4 12533/6/4
f 12529/6/4 12521/6/4 12534/6/4
f 12534/6/4 12521/6/4 12535/6/4
f 12531/6/4 12523/6/4 12536/6/4
f 12524/6/4 12532/6/4 12539/6/4
f 12532/6/4 12533/6/4 12539/6/4
f 12533/6/4 12527/6/4 12540/6/4
f 12539/6/4 12533/6/4 12540/6/4
f 12537/6/4 12538/6/4 12541/6/4
f 12536/6/4 12537/6/4 12541/6/4
f 12541/6/4 12542/6/4 12545/6/4
f 12543/6/4 12544/6/4 12546/6/4
f 12531/6/4 12536/6/4 12549/6/4
f 12536/6/4 12541/6/4 12549/6/4
f 12545/6/4 12546/6/4 12549/6/4
f 12541/6/4 12545/6/4 12549/6/4
f 12546/6/4 12544/6/4 12550/6/4
f 12549/6/4 12546/6/4 12550/6/4
f 12547/6/4 12548/6/4 12551/6/4
f 12531/6/4 12549/6/4 12552/6/4
f 12547/6/4 12551/6/4 12554/6/4
f 12551/6/4 12552/6/4 12554/6/4
f 12554/6/4 12552/6/4 12555/6/4
f 12555/6/4 12552/6/4 12556/6/4
f 12552/6/4 12549/6/4 12557/6/4
f 12556/6/4 12552/6/4 12557/6/4
f 12553/6/4 12554/6/4 12559/6/4
f 12559/6/4 12554/6/4 12560/6/4
f 12555/6/4 12556/6/4 12561/6/4
f 12561/6/4 12556/6/4 12562/6/4
f 12558/6/4 12559/6/4 12563/6/4
f 12563/6/4 12559/6/4 12564/6/4
f 12565/7/4 12566/7/4 12567/7/4
f 12565/7/4 12567/7/4 12569/7/4
f 12567/7/4 12568/7/4 12569/7/4
f 12569/7/4 12568/7/4 12570/7/4
f 12570/7/4 12568/7/4 12571/7/4
f 12570/6/4 12571/6/4 12574/6/4
f 12572/6/4 12573/6/4 12577/6/4
f 12575/2/4 12576/2/4 12578/2/4
f 12574/6/4 12575/6/4 12578/6/4
f 12576/6/4 12577/6/4 12579/6/4
f 12578/2/4 12576/2/4 12579/2/4
f 12580/6/4 12581/6/4 12582/6/4
f 12582/6/4 12581/6/4 12583/6/4
f 12583/6/4 12581/6/4 12584/6/4
f 12584/6/4 12585/6/4 12586/6/4
f 12583/6/4 12584/6/4 12586/6/4
f 12586/6/4 12585/6/4 12587/6/4
f 12577/6/4 12573/6/4 12588/6/4
f 12578/6/4 12579/6/4 12588/6/4
f 12579/6/4 12577/6/4 12588/6/4
f 12588/6/4 12573/6/4 12589/6/4
f 12587/6/4 12585/6/4 12590/6/4
f 12590/6/4 12585/6/4 12591/6/4
f 12578/6/4 12588/6/4 12594/6/4
f 12594/6/4 12588/6/4 12595/6/4
f 12592/6/4 12593/6/4 12599/6/4
f 12599/6/4 12593/6/4 12600/6/4
f 12578/6/4 12594/6/4 12602/6/4
f 12602/6/4 12594/6/4 12603/6/4
f 12596/6/4 12597/6/4 12604/6/4
f 12604/6/4 12597/6/4 12605/6/4
f 12600/6/4 12601/6/4 12607/6/4
f 12599/6/4 12600/6/4 12607/6/4
f 12598/6/4 12599/6/4 12607/6/4
f 12607/6/4 12601/6/4 12608/6/4
f 12605/6/4 12606/6/4 12609/6/4
f 12598/6/4 12607/6/4 12611/6/4
f 12611/6/4 12607/6/4 12612/6/4
f 12578/6/4 12602/6/4 12613/6/4
f 12613/6/4 12602/6/4 12614/6/4
f 12609/6/4 12610/6/4 12615/6/4
f 12605/6/4 12609/6/4 12615/6/4
f 12615/6/4 12610/6/4 12616/6/4
f 12574/6/4 12578/6/4 12617/6/4
f 12578/6/4 12613/6/4 12617/6/4
f 12617/6/4 12613/6/4 12618/6/4
f 12574/6/4 12617/6/4 12619/6/4
f 12617/7/4 12618/7/4 12620/7/4
f 12619/6/4 12617/6/4 12620/6/4
f 12619/7/4 12620/7/4 12621/7/4
f 12620/7/4 12618/7/4 12621/7/4
f 12621/7/4 12618/7/4 12622/7/4
f 12570/6/4 12574/6/4 12623/6/4
f 12574/6/4 12619/6/4 12623/6/4
f 12619/7/4 12621/7/4 12624/7/4
f 12623/6/4 12619/6/4 12624/6/4
f 12621/6/4 12622/6/4 12625/6/4
f 12624/7/4 12621/7/4 12625/7/4
f 12625/6/4 12622/6/4 12626/6/4
f 12570/6/4 12623/6/4 12627/6/4
f 12627/6/4 12628/6/4 12631/6/4
f 12628/7/4 12629/7/4 12632/7/4
f 12631/6/4 12628/6/4 12632/6/4
f 12632/7/4 12629/7/4 12633/7/4
f 12629/6/4 12630/6/4 12634/6/4
f 12633/7/4 12629/7/4 12634/7/4
f 12570/6/4 12627/6/4 12635/6/4
f 12627/6/4 12631/6/4 12635/6/4
f 12632/7/4 12633/7/4 12636/7/4
f 12635/6/4 12631/6/4 12636/6/4
f 12631/7/4 12632/7/4 12636/7/4
f 12635/7/4 12636/7/4 12637/7/4
f 12636/7/4 12633/7/4 12637/7/4
f 12633/6/4 12634/6/4 12638/6/4
f 12637/7/4 12633/7/4 12638/7/4
f 12570/6/4 12635/6/4 12639/6/4
f 12635/7/4 12637/7/4 12639/7/4
f 12637/6/4 12638/6/4 12640/6/4
f 12639/7/4 12637/7/4 12640/7/4
f 12641/6/4 12642/6/4 12644/6/4
f 12640/6/4 12638/6/4 12645/6/4
f 12639/6/4 12640/6/4 12645/6/4
f 12638/6/4 12634/6/4 12645/6/4
f 12634/6/4 12630/6/4 12645/6/4
f 12647/6/4 12648/6/4 12649/6/4
f 12649/6/4 12648/6/4 12650/6/4
f 12643/6/4 12644/6/4 12653/6/4
f 12644/6/4 12642/6/4 12654/6/4
f 12653/6/4 12644/6/4 12654/6/4
f 12645/6/4 12646/6/4 12655/6/4
f 12647/6/4 12649/6/4 12658/6/4
f 12658/6/4 12649/6/4 12659/6/4
f 12651/6/4 12652/6/4 12660/6/4
f 12654/6/4 12642/6/4 12662/6/4
f 12662/6/4 12642/6/4 12663/6/4
f 12655/6/4 12656/6/4 12664/6/4
f 12657/6/4 12658/6/4 12666/6/4
f 12666/6/4 12658/6/4 12667/6/4
f 12660/6/4 12661/6/4 12668/6/4
f 12651/6/4 12660/6/4 12668/6/4
f 12668/6/4 12661/6/4 12669/6/4
f 12669/6/4 12661/6/4 12670/6/4
f 12670/6/4 12661/6/4 12671/6/4
f 12664/6/4 12665/6/4 12672/6/4
f 12669/6/4 12670/6/4 12676/6/4
f 12676/6/4 12670/6/4 12677/6/4
f 12674/6/4 12675/6/4 12679/6/4
f 12678/6/4 12679/6/4 12681/6/4
f 12679/6/4 12675/6/4 12682/6/4
f 12681/6/4 12679/6/4 12682/6/4
f 12682/6/4 12675/6/4 12683/6/4
f 12680/6/4 12681/6/4 12684/6/4
f 12681/6/4 12682/6/4 12684/6/4
f 12684/6/4 12682/6/4 12685/6/4
f 12570/6/4 12639/6/4 12686/6/4
f 12639/6/4 12645/6/4 12686/6/4
f 12645/6/4 12655/6/4 12686/6/4
f 12655/6/4 12664/6/4 12686/6/4
f 12664/6/4 12672/6/4 12686/6/4
f 12672/6/4 12673/6/4 12686/6/4
f 12686/6/4 12673/6/4 12687/6/4
f 12570/6/4 12686/6/4 12689/6/4
f 12687/6/4 12673/6/4 12690/6/4
f 12690/6/4 12673/6/4 12691/6/4
f 12688/6/4 12689/6/4 12692/6/4
f 12689/6/4 12686/6/4 12693/6/4
f 12692/6/4 12689/6/4 12693/6/4
f 12688/6/4 12692/6/4 12694/6/4
f 12694/6/4 12692/6/4 12695/6/4
f 12698/6/4 12699/6/4 12700/6/4
f 12700/6/4 12699/6/4 12701/6/4
f 12706/6/4 12707/6/4 12709/6/4
f 12709/6/4 12707/6/4 12710/6/4
f 12708/6/4 12709/6/4 12714/6/4
f 12709/6/4 12710/6/4 12714/6/4
f 12710/6/4 12711/6/4 12714/6/4
f 12714/6/4 12711/6/4 12715/6/4
f 12702/6/4 12703/6/4 12716/6/4
f 12716/6/4 12703/6/4 12717/6/4
f 12704/6/4 12705/6/4 12718/6/4
f 12712/6/4 12713/6/4 12719/6/4
f 12719/6/4 12713/6/4 12720/6/4
f 12720/6/4 12713/6/4 12721/6/4
f 12708/6/4 12714/6/4 12723/6/4
f 12715/6/4 12711/6/4 12724/6/4
f 12704/6/4 12718/6/4 12727/6/4
f 12718/6/4 12719/6/4 12727/6/4
f 12719/6/4 12720/6/4 12727/6/4
f 12727/6/4 12720/6/4 12728/6/4
f 12728/6/4 12720/6/4 12729/6/4
f 12721/6/4 12713/6/4 12730/6/4
f 12728/6/4 12729/6/4 12732/6/4
f 12729/6/4 12730/6/4 12732/6/4
f 12732/6/4 12730/6/4 12733/6/4
f 12733/6/4 12730/6/4 12734/6/4
f 12730/6/4 12713/6/4 12735/6/4
f 12734/6/4 12730/6/4 12735/6/4
f 12731/6/4 12732/6/4 12736/6/4
f 12732/6/4 12733/6/4 12736/6/4
f 12735/6/4 12713/6/4 12737/6/4
f 12737/6/4 12713/6/4 12738/6/4
f 12731/6/4 12736/6/4 12739/6/4
f 12739/6/4 12736/6/4 12740/6/4
f 12722/6/4 12723/6/4 12741/6/4
f 12723/6/4 12714/6/4 12742/6/4
f 12741/6/4 12723/6/4 12742/6/4
f 12725/6/4 12726/6/4 12743/6/4
f 12724/6/4 12725/6/4 12743/6/4
f 12715/6/4 12724/6/4 12743/6/4
f 12731/6/4 12739/6/4 12744/6/4
f 12743/6/4 12726/6/4 12746/6/4
f 12746/6/4 12726/6/4 12747/6/4
f 12741/7/4 12742/7/4 12748/7/4
f 12748/7/4 12742/7/4 12749/7/4
f 12747/6/4 12726/6/4 12750/6/4
f 12746/7/4 12747/7/4 12750/7/4
f 12750/6/4 12726/6/4 12751/6/4
f 12744/6/4 12745/6/4 12752/6/4
f 12731/6/4 12744/6/4 12752/6/4
f 12752/6/4 12745/6/4 12753/6/4
f 12750/7/4 12751/7/4 12754/7/4
f 12746/7/4 12750/7/4 12754/7/4
f 12754/7/4 12751/7/4 12755/7/4
f 12754/6/4 12755/6/4 12756/6/4
f 12755/7/4 12751/7/4 12756/7/4
f 12756/7/4 12751/7/4 12757/7/4
f 12731/6/4 12752/6/4 12758/6/4
f 12731/6/4 12758/6/4 12760/6/4
f 12758/6/4 12759/6/4 12760/6/4
f 12760/6/4 12759/6/4 12761/6/4
f 12731/6/4 12760/6/4 12762/6/4
f 12762/6/4 12763/6/4 12764/6/4
f 12762/6/4 12764/6/4 12767/6/4
f 12731/6/4 12762/6/4 12767/6/4
f 12767/6/4 12764/6/4 12768/6/4
f 12768/6/4 12764/6/4 12769/6/4
f 12765/6/4 12766/6/4 12771/6/4
f 12769/6/4 12770/6/4 12772/6/4
f 12770/6/4 12771/6/4 12772/6/4
f 12768/6/4 12769/6/4 12772/6/4
f 12772/6/4 12771/6/4 12773/6/4
f 12771/6/4 12766/6/4 12774/6/4
f 12773/6/4 12771/6/4 12774/6/4
f 12774/6/4 12766/6/4 12775/6/4
f 12748/6/4 12749/6/4 12776/6/4
f 12776/6/4 12749/6/4 12777/6/4
f 12754/6/4 12756/6/4 12778/6/4
f 12756/6/4 12757/6/4 12778/6/4
f 12778/6/4 12757/6/4 12779/6/4
f 12779/6/4 12757/6/4 12780/6/4
f 12768/6/4 12772/6/4 12782/6/4
f 12777/6/4 12749/6/4 12783/6/4
f 12754/6/4 12778/6/4 12784/6/4
f 12781/6/4 12782/6/4 12787/6/4
f 12782/6/4 12772/6/4 12788/6/4
f 12787/6/4 12782/6/4 12788/6/4
f 12788/6/4 12772/6/4 12789/6/4
f 12773/6/4 12774/6/4 12790/6/4
f 12777/6/4 12783/6/4 12791/6/4
f 12783/6/4 12784/6/4 12791/6/4
f 12791/6/4 12784/6/4 12792/6/4
f 12792/6/4 12784/6/4 12793/6/4
f 12784/6/4 12778/6/4 12794/6/4
f 12793/6/4 12784/6/4 12794/6/4
f 12788/6/4 12789/6/4 12795/6/4
f 12789/6/4 12790/6/4 12795/6/4
f 12790/6/4 12774/6/4 12796/6/4
f 12795/6/4 12790/6/4 12796/6/4
f 12792/6/4 12793/6/4 12797/6/4
f 12797/6/4 12793/6/4 12798/6/4
f 12785/6/4 12786/6/4 12799/6/4
f 12799/6/4 12786/6/4 12800/6/4
f 12781/6/4 12787/6/4 12801/6/4
f 12801/6/4 12787/6/4 12802/6/4
f 12803/6/4 12804/6/4 12805/6/4
f 12805/6/4 12804/6/4 12806/6/4
f 12696/6/4 12697/6/4 12807/6/4
f 12807/6/4 12697/6/4 12808/6/4
f 12809/6/4 12810/6/4 12811/6/4
f 12811/6/4 12810/6/4 12812/6/4
f 12809/6/4 12811/6/4 12815/6/4
f 12812/6/4 12810/6/4 12816/6/4
f 12809/6/4 12815/6/4 12819/6/4
f 12815/6/4 12816/6/4 12819/6/4
f 12819/6/4 12816/6/4 12820/6/4
f 12816/6/4 12810/6/4 12821/6/4
f 12820/6/4 12816/6/4 12821/6/4
f 12821/6/4 12822/6/4 12823/6/4
f 12820/6/4 12821/6/4 12823/6/4
f 12823/6/4 12822/6/4 12824/6/4
f 12817/6/4 12818/6/4 12825/6/4
f 12825/6/4 12818/6/4 12826/6/4
f 12824/6/4 12822/6/4 12827/6/4
f 12827/6/4 12822/6/4 12828/6/4
f 12829/6/4 12830/6/4 12831/6/4
f 12831/6/4 12830/6/4 12832/6/4
f 12813/6/4 12814/6/4 12833/6/4
f 12833/6/4 12814/6/4 12834/6/4
f 12833/7/4 12834/7/4 12835/7/4
f 12835/7/4 12834/7/4 12836/7/4
f 12820/6/4 12823/6/4 12837/6/4
f 12837/6/4 12823/6/4 12838/6/4
f 12836/7/4 12834/7/4 12839/7/4
f 12835/6/4 12836/6/4 12839/6/4
f 12839/7/4 12834/7/4 12840/7/4
f 12837/7/4 12838/7/4 12841/7/4
f 12841/7/4 12838/7/4 12842/7/4
f 12824/6/4 12827/6/4 12845/6/4
f 12843/6/4 12844/6/4 12847/6/4
f 12847/6/4 12844/6/4 12848/6/4
f 12841/6/4 12842/6/4 12851/6/4
f 12845/6/4 12846/6/4 12852/6/4
f 12824/6/4 12845/6/4 12852/6/4
f 12841/6/4 12851/6/4 12854/6/4
f 12851/6/4 12852/6/4 12854/6/4
f 12852/6/4 12846/6/4 12855/6/4
f 12854/6/4 12852/6/4 12855/6/4
f 12855/6/4 12846/6/4 12856/6/4
f 12839/6/4 12840/6/4 12857/6/4
f 12835/6/4 12839/6/4 12857/6/4
f 12857/6/4 12840/6/4 12858/6/4
f 12853/6/4 12854/6/4 12859/6/4
f 12854/6/4 12855/6/4 12859/6/4
f 12859/6/4 12855/6/4 12860/6/4
f 12849/6/4 12850/6/4 12861/6/4
f 12861/6/4 12850/6/4 12862/6/4
f 12853/6/4 12859/6/4 12863/6/4
f 12860/6/4 12855/6/4 12864/6/4
f 12853/6/4 12863/6/4 12865/6/4
f 12863/6/4 12864/6/4 12865/6/4
f 12864/6/4 12855/6/4 12866/6/4
f 12865/6/4 12864/6/4 12866/6/4
f 12867/6/4 12868/6/4 12869/6/4
f 12869/6/4 12868/6/4 12870/6/4
f 12871/6/4 12872/6/4 12873/6/4
f 12873/6/4 12872/6/4 12874/6/4
f 12873/7/4 12874/7/4 12875/7/4
f 12874/6/4 12872/6/4 12876/6/4
f 12875/7/4 12874/7/4 12876/7/4
f 12875/6/4 12876/6/4 12877/6/4
f 12876/6/4 12872/6/4 12878/6/4
f 12877/6/4 12876/6/4 12878/6/4
f 12879/6/4 12880/6/4 12881/6/4
f 12881/6/4 12880/6/4 12882/6/4
f 12888/5/5 12884/5/5 12883/5/5
f 12889/7/5 12885/7/5 12884/7/5
f 12889/5/5 12884/5/5 12888/5/5
f 12890/5/5 12886/5/5 12885/5/5
f 12890/7/5 12885/7/5 12889/7/5
f 12891/5/5 12886/5/5 12890/5/5
f 12894/5/5 12888/5/5 12887/5/5
f 12895/6/5 12889/6/5 12888/6/5
f 12895/6/5 12890/6/5 12889/6/5
f 12895/5/5 12888/5/5 12894/5/5
f 12895/6/5 12891/6/5 12890/6/5
f 12896/5/5 12892/5/5 12891/5/5
f 12896/6/5 12891/6/5 12895/6/5
f 12897/5/5 12892/5/5 12896/5/5
f 12900/6/5 12894/6/5 12893/6/5
f 12900/6/5 12898/6/5 12897/6/5
f 12900/6/5 12897/6/5 12896/6/5
f 12900/6/5 12896/6/5 12895/6/5
f 12900/6/5 12895/6/5 12894/6/5
f 12901/6/5 12898/6/5 12900/6/5
f 12904/6/5 12900/6/5 12899/6/5
f 12904/6/5 12902/6/5 12901/6/5
f 12904/6/5 12901/6/5 12900/6/5
f 12905/6/5 12902/6/5 12904/6/5
f 12908/6/5 12904/6/5 12903/6/5
f 12908/6/5 12906/6/5 12905/6/5
f 12908/6/5 12905/6/5 12904/6/5
f 12909/6/5 12906/6/5 12908/6/5
f 12913/6/5 12908/6/5 12907/6/5
f 12913/6/5 12909/6/5 12908/6/5
f 12913/6/5 12910/6/5 12909/6/5
f 12914/6/5 12910/6/5 12913/6/5
f 12916/2/5 12912/2/5 12911/2/5
f 12917/6/5 12915/6/5 12914/6/5
f 12917/2/5 12912/2/5 12916/2/5
f 12917/6/5 12913/6/5 12912/6/5
f 12917/6/5 12914/6/5 12913/6/5
f 12919/6/5 12917/6/5 12916/6/5
f 12920/6/5 12915/6/5 12917/6/5
f 12920/6/5 12917/6/5 12919/6/5
f 12924/6/5 12919/6/5 12918/6/5
f 12924/6/5 12920/6/5 12919/6/5
f 12924/6/5 12921/6/5 12920/6/5
f 12925/6/5 12921/6/5 12924/6/5
f 12928/7/5 12923/7/5 12922/7/5
f 12929/6/5 12926/6/5 12925/6/5
f 12929/6/5 12924/6/5 12923/6/5
f 12929/7/5 12923/7/5 12928/7/5
f 12929/6/5 12925/6/5 12924/6/5
f 12930/6/5 12926/6/5 12929/6/5
f 12933/6/5 12928/6/5 12927/6/5
f 12933/6/5 12931/6/5 12930/6/5
f 12933/6/5 12930/6/5 12929/6/5
f 12933/6/5 12929/6/5 12928/6/5
f 12934/6/5 12931/6/5 12933/6/5
f 12937/6/5 12933/6/5 12932/6/5
f 12937/6/5 12935/6/5 12934/6/5
f 12937/6/5 12934/6/5 12933/6/5
f 12938/6/5 12935/6/5 12937/6/5
f 12941/5/5 12937/5/5 12936/5/5
f 12942/6/5 12938/6/5 12937/6/5
f 12942/5/5 12937/5/5 12941/5/5
f 12943/5/5 12939/5/5 12938/5/5
f 12943/6/5 12938/6/5 12942/6/5
f 12944/5/5 12939/5/5 12943/5/5
f 12946/6/5 12942/6/5 12941/6/5
f 12946/6/5 12945/6/5 12944/6/5
f 12946/6/5 12944/6/5 12943/6/5
f 12946/6/5 12943/6/5 12942/6/5
f 12946/6/5 12941/6/5 12940/6/5
f 12947/6/5 12945/6/5 12946/6/5
f 12948/6/5 12945/6/5 12947/6/5
f 12949/6/5 12945/6/5 12948/6/5
f 12950/6/5 12945/6/5 12949/6/5
f 12951/6/5 12945/6/5 12950/6/5
f 12952/5/5 12948/5/5 12947/5/5
f 12953/6/5 12949/6/5 12948/6/5
f 12953/5/5 12948/5/5 12952/5/5
f 12954/6/5 12949/6/5 12953/6/5
f 12955/6/5 12949/6/5 12954/6/5
f 12956/5/5 12950/5/5 12949/5/5
f 12956/6/5 12949/6/5 12955/6/5
f 12957/5/5 12950/5/5 12956/5/5
f 12959/5/5 12954/5/5 12953/5/5
f 12960/6/5 12955/6/5 12954/6/5
f 12960/5/5 12954/5/5 12959/5/5
f 12961/5/5 12956/5/5 12955/5/5
f 12961/6/5 12955/6/5 12960/6/5
f 12962/5/5 12956/5/5 12961/5/5
f 12965/5/5 12959/5/5 12958/5/5
f 12966/6/5 12960/6/5 12959/6/5
f 12966/6/5 12961/6/5 12960/6/5
f 12966/5/5 12959/5/5 12965/5/5
f 12966/6/5 12962/6/5 12961/6/5
f 12967/5/5 12963/5/5 12962/5/5
f 12967/6/5 12962/6/5 12966/6/5
f 12968/5/5 12963/5/5 12967/5/5
f 12970/6/5 12966/6/5 12965/6/5
f 12970/6/5 12969/6/5 12968/6/5
f 12970/6/5 12967/6/5 12966/6/5
f 12970/6/5 12968/6/5 12967/6/5
f 12970/6/5 12965/6/5 12964/6/5
f 12971/6/5 12969/6/5 12970/6/5
f 12972/6/5 12969/6/5 12971/6/5
f 12973/6/5 12969/6/5 12972/6/5
f 12974/6/5 12969/6/5 12973/6/5
f 12975/6/5 12969/6/5 12974/6/5
f 12976/5/5 12972/5/5 12971/5/5
f 12977/6/5 12973/6/5 12972/6/5
f 12977/5/5 12972/5/5 12976/5/5
f 12978/5/5 12974/5/5 12973/5/5
f 12978/6/5 12973/6/5 12977/6/5
f 12979/5/5 12974/5/5 12978/5/5
f 12980/6/5 12978/6/5 12977/6/5
f 12981/6/5 12978/6/5 12980/6/5
f 12982/6/5 12978/6/5 12981/6/5
f 12983/6/5 12978/6/5 12982/6/5
f 12984/6/5 12978/6/5 12983/6/5
f 12985/6/5 12978/6/5 12984/6/5
f 12986/6/5 12982/6/5 12981/6/5
f 12987/7/5 12983/7/5 12982/7/5
f 12987/6/5 12982/6/5 12986/6/5
f 12988/6/5 12984/6/5 12983/6/5
f 12989/6/5 12984/6/5 12988/6/5
f 12990/7/5 12983/7/5 12987/7/5
f 12991/6/5 12988/6/5 12983/6/5
f 12991/7/5 12983/7/5 12990/7/5
f 12992/6/5 12988/6/5 12991/6/5
f 12993/6/5 12988/6/5 12992/6/5
f 12994/6/5 12992/6/5 12991/6/5
f 12995/6/5 12992/6/5 12994/6/5
f 13000/6/5 12997/6/5 12996/6/5
f 13001/6/5 12997/6/5 13000/6/5
f 13002/6/5 12999/6/5 12998/6/5
f 13003/6/5 12999/6/5 13002/6/5
f 13008/6/5 13005/6/5 13004/6/5
f 13009/6/5 13005/6/5 13008/6/5
f 13010/6/5 13007/6/5 13006/6/5
f 13011/6/5 13007/6/5 13010/6/5
f 13017/6/5 13013/6/5 13012/6/5
f 13018/6/5 13013/6/5 13017/6/5
f 13020/6/5 13015/6/5 13014/6/5
f 13021/7/5 13016/7/5 13015/7/5
f 13021/6/5 13015/6/5 13020/6/5
f 13022/6/5 13019/6/5 13018/6/5
f 13022/7/5 13016/7/5 13021/7/5
f 13022/6/5 13017/6/5 13016/6/5
f 13022/6/5 13018/6/5 13017/6/5
f 13023/6/5 13019/6/5 13022/6/5
f 13034/3/5 13025/3/5 13024/3/5
f 13035/6/5 13026/6/5 13025/6/5
f 13035/3/5 13025/3/5 13034/3/5
f 13036/2/5 13027/2/5 13026/2/5
f 13036/6/5 13026/6/5 13035/6/5
f 13037/6/5 13028/6/5 13027/6/5
f 13037/2/5 13027/2/5 13036/2/5
f 13038/6/5 13028/6/5 13037/6/5
f 13039/6/5 13028/6/5 13038/6/5
f 13040/6/5 13030/6/5 13029/6/5
f 13042/1/5 13033/1/5 13032/1/5
f 13042/6/5 13032/6/5 13031/6/5
f 13043/3/5 13034/3/5 13033/3/5
f 13043/1/5 13033/1/5 13042/1/5
f 13044/6/5 13035/6/5 13034/6/5
f 13044/3/5 13034/3/5 13043/3/5
f 13045/2/5 13036/2/5 13035/2/5
f 13045/6/5 13035/6/5 13044/6/5
f 13046/6/5 13037/6/5 13036/6/5
f 13046/2/5 13036/2/5 13045/2/5
f 13046/6/5 13038/6/5 13037/6/5
f 13047/7/5 13039/7/5 13038/7/5
f 13047/6/5 13038/6/5 13046/6/5
f 13048/7/5 13039/7/5 13047/7/5
f 13049/6/5 13041/6/5 13040/6/5
f 13049/6/5 13040/6/5 13029/6/5
f 13050/6/5 13041/6/5 13049/6/5
f 13051/6/5 13042/6/5 13031/6/5
f 13051/6/5 13043/6/5 13042/6/5
f 13051/6/5 13044/6/5 13043/6/5
f 13052/6/5 13044/6/5 13051/6/5
f 13053/6/5 13044/6/5 13052/6/5
f 13054/6/5 13041/6/5 13050/6/5
f 13055/6/5 13041/6/5 13054/6/5
f 13061/6/5 13057/6/5 13056/6/5
f 13062/6/5 13059/6/5 13058/6/5
f 13064/6/5 13061/6/5 13060/6/5
f 13064/6/5 13057/6/5 13061/6/5
f 13065/6/5 13057/6/5 13064/6/5
f 13066/6/5 13063/6/5 13062/6/5
f 13066/6/5 13062/6/5 13058/6/5
f 13067/6/5 13063/6/5 13066/6/5
f 13069/6/5 13064/6/5 13060/6/5
f 13070/6/5 13064/6/5 13069/6/5
f 13071/6/5 13063/6/5 13067/6/5
f 13072/6/5 13063/6/5 13071/6/5
f 13074/6/5 13069/6/5 13068/6/5
f 13075/6/5 13069/6/5 13074/6/5
f 13076/6/5 13073/6/5 13072/6/5
f 13077/6/5 13073/6/5 13076/6/5
f 13078/6/5 13074/6/5 13068/6/5
f 13079/6/5 13074/6/5 13078/6/5
f 13080/6/5 13073/6/5 13077/6/5
f 13081/6/5 13073/6/5 13080/6/5
f 13086/6/5 13083/6/5 13082/6/5
f 13089/6/5 13085/6/5 13084/6/5
f 13090/6/5 13087/6/5 13086/6/5
f 13091/6/5 13087/6/5 13090/6/5
f 13092/6/5 13089/6/5 13088/6/5
f 13093/6/5 13089/6/5 13092/6/5
f 13094/6/5 13086/6/5 13082/6/5
f 13094/6/5 13090/6/5 13086/6/5
f 13095/6/5 13090/6/5 13094/6/5
f 13096/6/5 13089/6/5 13093/6/5
f 13097/6/5 13085/6/5 13089/6/5
f 13097/6/5 13089/6/5 13096/6/5
f 13102/5/5 13099/5/5 13098/5/5
f 13103/5/5 13099/5/5 13102/5/5
f 13104/5/5 13101/5/5 13100/5/5
f 13105/5/5 13101/5/5 13104/5/5
f 13110/6/5 13107/6/5 13106/6/5
f 13111/6/5 13107/6/5 13110/6/5
f 13112/6/5 13109/6/5 13108/6/5
f 13113/6/5 13109/6/5 13112/6/5
f 13124/1/5 13115/1/5 13114/1/5
f 13125/3/5 13116/3/5 13115/3/5
f 13125/1/5 13115/1/5 13124/1/5
f 13126/6/5 13117/6/5 13116/6/5
f 13126/3/5 13116/3/5 13125/3/5
f 13127/6/5 13117/6/5 13126/6/5
f 13128/2/5 13118/2/5 13117/2/5
f 13128/6/5 13117/6/5 13127/6/5
f 13129/6/5 13119/6/5 13118/6/5
f 13129/2/5 13118/2/5 13128/2/5
f 13130/1/5 13120/1/5 13119/1/5
f 13130/6/5 13119/6/5 13129/6/5
f 13131/2/5 13121/2/5 13120/2/5
f 13131/1/5 13120/1/5 13130/1/5
f 13132/6/5 13122/6/5 13121/6/5
f 13132/2/5 13121/2/5 13131/2/5
f 13133/6/5 13122/6/5 13132/6/5
f 13134/6/5 13122/6/5 13133/6/5
f 13136/5/5 13124/5/5 13123/5/5
f 13137/5/5 13124/5/5 13136/5/5
f 13138/6/5 13125/6/5 13124/6/5
f 13138/5/5 13124/5/5 13137/5/5
f 13139/6/5 13125/6/5 13138/6/5
f 13140/2/5 13131/2/5 13130/2/5
f 13141/6/5 13134/6/5 13133/6/5
f 13142/5/5 13135/5/5 13134/5/5
f 13142/6/5 13134/6/5 13141/6/5
f 13143/5/5 13135/5/5 13142/5/5
f 13144/2/5 13131/2/5 13140/2/5
f 13145/6/5 13132/6/5 13131/6/5
f 13145/2/5 13131/2/5 13144/2/5
f 13146/6/5 13132/6/5 13145/6/5
f 13147/5/5 13136/5/5 13123/5/5
f 13148/5/5 13136/5/5 13147/5/5
f 13149/5/5 13135/5/5 13143/5/5
f 13150/5/5 13135/5/5 13149/5/5
f 13156/5/5 13152/5/5 13151/5/5
f 13157/5/5 13152/5/5 13156/5/5
f 13158/5/5 13152/5/5 13157/5/5
f 13159/5/5 13154/5/5 13153/5/5
f 13160/5/5 13154/5/5 13159/5/5
f 13161/5/5 13154/5/5 13160/5/5
f 13163/6/5 13156/6/5 13155/6/5
f 13163/6/5 13157/6/5 13156/6/5
f 13164/6/5 13157/6/5 13163/6/5
f 13165/6/5 13162/6/5 13161/6/5
f 13165/6/5 13161/6/5 13160/6/5
f 13166/6/5 13162/6/5 13165/6/5
f 13168/6/5 13163/6/5 13155/6/5
f 13169/6/5 13162/6/5 13166/6/5
f 13173/6/5 13168/6/5 13167/6/5
f 13174/6/5 13163/6/5 13168/6/5
f 13174/6/5 13168/6/5 13173/6/5
f 13175/6/5 13169/6/5 13166/6/5
f 13175/6/5 13170/6/5 13169/6/5
f 13176/6/5 13170/6/5 13175/6/5
f 13179/6/5 13172/6/5 13171/6/5
f 13180/6/5 13172/6/5 13179/6/5
f 13181/6/5 13178/6/5 13177/6/5
f 13182/6/5 13178/6/5 13181/6/5
f 13189/5/5 13184/5/5 13183/5/5
f 13189/6/5 13185/6/5 13184/6/5
f 13190/6/5 13185/6/5 13189/6/5
f 13191/6/5 13187/6/5 13186/6/5
f 13192/5/5 13188/5/5 13187/5/5
f 13192/6/5 13187/6/5 13191/6/5
f 13194/5/5 13189/5/5 13183/5/5
f 13195/5/5 13189/5/5 13194/5/5
f 13196/5/5 13188/5/5 13192/5/5
f 13197/5/5 13188/5/5 13196/5/5
f 13199/6/5 13195/6/5 13194/6/5
f 13199/5/5 13194/5/5 13193/5/5
f 13200/6/5 13195/6/5 13199/6/5
f 13201/6/5 13197/6/5 13196/6/5
f 13202/5/5 13198/5/5 13197/5/5
f 13202/6/5 13197/6/5 13201/6/5
f 13203/5/5 13199/5/5 13193/5/5
f 13204/5/5 13199/5/5 13203/5/5
f 13205/5/5 13198/5/5 13202/5/5
f 13206/5/5 13198/5/5 13205/5/5
f 13211/6/5 13208/6/5 13207/6/5
f 13212/6/5 13208/6/5 13211/6/5
f 13213/6/5 13210/6/5 13209/6/5
f 13214/6/5 13210/6/5 13213/6/5
f 13219/6/5 13216/6/5 13215/6/5
f 13220/7/5 13217/7/5 13216/7/5
f 13220/6/5 13216/6/5 13219/6/5
f 13221/6/5 13218/6/5 13217/6/5
f 13221/7/5 13217/7/5 13220/7/5
f 13222/6/5 13218/6/5 13221/6/5
f 13233/3/5 13224/3/5 13223/3/5
f 13234/3/5 13224/3/5 13233/3/5
f 13235/5/5 13225/5/5 13224/5/5
f 13235/3/5 13224/3/5 13234/3/5
f 13236/2/5 13226/2/5 13225/2/5
f 13236/5/5 13225/5/5 13235/5/5
f 13237/2/5 13226/2/5 13236/2/5
f 13238/5/5 13227/5/5 13226/5/5
f 13238/2/5 13226/2/5 13237/2/5
f 13239/5/5 13227/5/5 13238/5/5
f 13240/2/5 13229/2/5 13228/2/5
f 13241/5/5 13230/5/5 13229/5/5
f 13241/2/5 13229/2/5 13240/2/5
f 13242/5/5 13230/5/5 13241/5/5
f 13245/2/5 13232/2/5 13231/2/5
f 13246/2/5 13232/2/5 13245/2/5
f 13247/6/5 13244/6/5 13243/6/5
f 13248/6/5 13244/6/5 13247/6/5
f 13253/6/5 13250/6/5 13249/6/5
f 13254/6/5 13250/6/5 13253/6/5
f 13255/6/5 13252/6/5 13251/6/5
f 13256/6/5 13252/6/5 13255/6/5
f 13263/6/5 13258/6/5 13257/6/5
f 13264/6/5 13258/6/5 13263/6/5
f 13265/6/5 13260/6/5 13259/6/5
f 13266/6/5 13260/6/5 13265/6/5
f 13269/6/5 13262/6/5 13261/6/5
f 13270/6/5 13262/6/5 13269/6/5
f 13271/6/5 13268/6/5 13267/6/5
f 13272/6/5 13268/6/5 13271/6/5
f 13278/6/5 13274/6/5 13273/6/5
f 13279/6/5 13274/6/5 13278/6/5
f 13280/6/5 13276/6/5 13275/6/5
f 13281/6/5 13276/6/5 13280/6/5
f 13283/6/5 13278/6/5 13277/6/5
f 13284/6/5 13278/6/5 13283/6/5
f 13285/6/5 13282/6/5 13281/6/5
f 13286/6/5 13282/6/5 13285/6/5
f 13291/5/5 13288/5/5 13287/5/5
f 13292/5/5 13288/5/5 13291/5/5
f 13293/5/5 13290/5/5 13289/5/5
f 13294/5/5 13290/5/5 13293/5/5
f 13299/5/5 13296/5/5 13295/5/5
f 13300/5/5 13296/5/5 13299/5/5
f 13301/5/5 13298/5/5 13297/5/5
f 13302/5/5 13298/5/5 13301/5/5
f 13307/5/5 13304/5/5 13303/5/5
f 13308/5/5 13304/5/5 13307/5/5
f 13309/5/5 13306/5/5 13305/5/5
f 13310/5/5 13306/5/5 13309/5/5
f 13315/5/5 13312/5/5 13311/5/5
f 13316/5/5 13312/5/5 13315/5/5
f 13317/5/5 13314/5/5 13313/5/5
f 13318/5/5 13314/5/5 13317/5/5
f 13323/6/5 13320/6/5 13319/6/5
f 13324/6/5 13320/6/5 13323/6/5
f 13325/6/5 13322/6/5 13321/6/5
f 13326/6/5 13322/6/5 13325/6/5
f 13331/6/5 13328/6/5 13327/6/5
f 13332/6/5 13328/6/5 13331/6/5
f 13333/6/5 13330/6/5 13329/6/5
f 13334/6/5 13330/6/5 13333/6/5
f 13339/6/5 13336/6/5 13335/6/5
f 13340/6/5 13336/6/5 13339/6/5
f 13341/6/5 13338/6/5 13337/6/5
f 13342/6/5 13338/6/5 13341/6/5
f 13348/6/5 13344/6/5 13343/6/5
f 13349/6/5 13346/6/5 13345/6/5
f 13352/5/5 13348/5/5 13347/5/5
f 13353/6/5 13344/6/5 13348/6/5
f 13353/5/5 13348/5/5 13352/5/5
f 13354/6/5 13344/6/5 13353/6/5
f 13355/6/5 13349/6/5 13345/6/5
f 13356/5/5 13350/5/5 13349/5/5
f 13356/6/5 13349/6/5 13355/6/5
f 13357/5/5 13350/5/5 13356/5/5
f 13360/6/5 13352/6/5 13351/6/5
f 13360/6/5 13353/6/5 13352/6/5
f 13361/6/5 13353/6/5 13360/6/5
f 13362/6/5 13353/6/5 13361/6/5
f 13363/6/5 13357/6/5 13356/6/5
f 13363/6/5 13358/6/5 13357/6/5
f 13364/6/5 13358/6/5 13363/6/5
f 13365/6/5 13358/6/5 13364/6/5
f 13367/5/5 13360/5/5 13359/5/5
f 13368/6/5 13361/6/5 13360/6/5
f 13368/5/5 13360/5/5 13367/5/5
f 13369/6/5 13361/6/5 13368/6/5
f 13370/6/5 13365/6/5 13364/6/5
f 13371/5/5 13366/5/5 13365/5/5
f 13371/6/5 13365/6/5 13370/6/5
f 13372/5/5 13366/5/5 13371/5/5
f 13377/5/5 13374/5/5 13373/5/5
f 13378/5/5 13374/5/5 13377/5/5
f 13379/5/5 13376/5/5 13375/5/5
f 13380/5/5 13376/5/5 13379/5/5
f 13387/5/5 13382/5/5 13381/5/5
f 13388/5/5 13382/5/5 13387/5/5
f 13389/5/5 13384/5/5 13383/5/5
f 13390/5/5 13384/5/5 13389/5/5
f 13393/6/5 13386/6/5 13385/6/5
f 13394/6/5 13386/6/5 13393/6/5
f 13395/6/5 13392/6/5 13391/6/5
f 13396/6/5 13392/6/5 13395/6/5
f 13401/5/5 13398/5/5 13397/5/5
f 13402/5/5 13398/5/5 13401/5/5
f 13403/5/5 13400/5/5 13399/5/5
f 13404/5/5 13400/5/5 13403/5/5
f 13409/5/5 13406/5/5 13405/5/5
f 13410/5/5 13406/5/5 13409/5/5
f 13411/5/5 13408/5/5 13407/5/5
f 13412/5/5 13408/5/5 13411/5/5
f 13417/6/5 13414/6/5 13413/6/5
f 13418/6/5 13414/6/5 13417/6/5
f 13419/6/5 13416/6/5 13415/6/5
f 13420/6/5 13416/6/5 13419/6/5
f 13425/6/5 13422/6/5 13421/6/5
f 13426/6/5 13422/6/5 13425/6/5
f 13427/6/5 13424/6/5 13423/6/5
f 13428/6/5 13424/6/5 13427/6/5
f 13434/6/5 13430/6/5 13429/6/5
f 13435/6/5 13430/6/5 13434/6/5
f 13436/6/5 13432/6/5 13431/6/5
f 13437/6/5 13432/6/5 13436/6/5
f 13439/6/5 13434/6/5 13433/6/5
f 13440/6/5 13434/6/5 13439/6/5
f 13441/6/5 13438/6/5 13437/6/5
f 13442/6/5 13438/6/5 13441/6/5
f 13447/6/5 13444/6/5 13443/6/5
f 13450/6/5 13446/6/5 13445/6/5
f 13451/6/5 13448/6/5 13447/6/5
f 13451/6/5 13447/6/5 13443/6/5
f 13452/6/5 13448/6/5 13451/6/5
f 13453/6/5 13450/6/5 13449/6/5
f 13454/6/5 13446/6/5 13450/6/5
f 13454/6/5 13450/6/5 13453/6/5
f 13457/6/5 13456/6/5 13455/6/5
f 13458/6/5 13456/6/5 13457/6/5
f 13463/5/5 13460/5/5 13459/5/5
f 13464/5/5 13460/5/5 13463/5/5
f 13465/5/5 13462/5/5 13461/5/5
f 13466/5/5 13462/5/5 13465/5/5
f 13473/5/5 13468/5/5 13467/5/5
f 13474/6/5 13469/6/5 13468/6/5
f 13474/5/5 13468/5/5 13473/5/5
f 13475/5/5 13472/5/5 13471/5/5
f 13475/6/5 13471/6/5 13470/6/5
f 13476/5/5 13472/5/5 13475/5/5
f 13477/6/5 13469/6/5 13474/6/5
f 13478/6/5 13469/6/5 13477/6/5
f 13479/7/5 13478/7/5 13477/7/5
f 13480/7/5 13478/7/5 13479/7/5
f 13481/1/5 13480/1/5 13479/1/5
f 13482/1/5 13480/1/5 13481/1/5
f 13483/6/5 13475/6/5 13470/6/5
f 13484/6/5 13475/6/5 13483/6/5
f 13489/6/5 13486/6/5 13485/6/5
f 13490/6/5 13488/6/5 13487/6/5
f 13495/6/5 13486/6/5 13489/6/5
f 13496/6/5 13492/6/5 13491/6/5
f 13497/6/5 13492/6/5 13496/6/5
f 13498/6/5 13494/6/5 13493/6/5
f 13499/6/5 13494/6/5 13498/6/5
f 13500/6/5 13490/6/5 13487/6/5
f 13501/6/5 13497/6/5 13496/6/5
f 13501/6/5 13495/6/5 13489/6/5
f 13501/6/5 13496/6/5 13495/6/5
f 13502/6/5 13497/6/5 13501/6/5
f 13503/6/5 13500/6/5 13499/6/5
f 13503/6/5 13499/6/5 13498/6/5
f 13504/6/5 13490/6/5 13500/6/5
f 13504/6/5 13500/6/5 13503/6/5
f 13509/6/5 13506/6/5 13505/6/5
f 13510/6/5 13506/6/5 13509/6/5
f 13511/6/5 13508/6/5 13507/6/5
f 13512/6/5 13508/6/5 13511/6/5
f 13518/6/5 13514/6/5 13513/6/5
f 13519/6/5 13516/6/5 13515/6/5
f 13521/6/5 13518/6/5 13517/6/5
f 13521/6/5 13514/6/5 13518/6/5
f 13522/6/5 13514/6/5 13521/6/5
f 13523/6/5 13520/6/5 13519/6/5
f 13523/6/5 13519/6/5 13515/6/5
f 13524/6/5 13520/6/5 13523/6/5
f 13525/6/5 13521/6/5 13517/6/5
f 13528/6/5 13520/6/5 13524/6/5
f 13529/6/5 13526/6/5 13525/6/5
f 13529/6/5 13525/6/5 13517/6/5
f 13530/6/5 13526/6/5 13529/6/5
f 13531/6/5 13528/6/5 13527/6/5
f 13531/6/5 13520/6/5 13528/6/5
f 13532/6/5 13520/6/5 13531/6/5
f 13533/6/5 13526/6/5 13530/6/5
f 13536/6/5 13531/6/5 13527/6/5
f 13537/6/5 13534/6/5 13533/6/5
f 13537/6/5 13533/6/5 13530/6/5
f 13538/6/5 13534/6/5 13537/6/5
f 13539/6/5 13534/6/5 13538/6/5
f 13540/6/5 13536/6/5 13535/6/5
f 13540/6/5 13531/6/5 13536/6/5
f 13541/6/5 13531/6/5 13540/6/5
f 13542/1/5 13539/1/5 13538/1/5
f 13543/1/5 13539/1/5 13542/1/5
f 13544/3/5 13543/3/5 13542/3/5
f 13545/3/5 13543/3/5 13544/3/5
f 13548/6/5 13540/6/5 13535/6/5
f 13549/2/5 13546/2/5 13545/2/5
f 13549/2/5 13545/2/5 13544/2/5
f 13550/2/5 13546/2/5 13549/2/5
f 13551/2/5 13546/2/5 13550/2/5
f 13552/6/5 13548/6/5 13547/6/5
f 13552/6/5 13540/6/5 13548/6/5
f 13553/6/5 13540/6/5 13552/6/5
f 13554/6/5 13551/6/5 13550/6/5
f 13557/6/5 13552/6/5 13547/6/5
f 13558/6/5 13555/6/5 13554/6/5
f 13558/6/5 13554/6/5 13550/6/5
f 13559/6/5 13555/6/5 13558/6/5
f 13560/6/5 13557/6/5 13556/6/5
f 13560/6/5 13552/6/5 13557/6/5
f 13561/6/5 13552/6/5 13560/6/5
f 13562/6/5 13555/6/5 13559/6/5
f 13563/6/5 13555/6/5 13562/6/5
f 13564/6/5 13560/6/5 13556/6/5
f 13565/6/5 13560/6/5 13564/6/5
f 13570/6/5 13567/6/5 13566/6/5
f 13571/6/5 13567/6/5 13570/6/5
f 13576/6/5 13569/6/5 13568/6/5
f 13577/6/5 13569/6/5 13576/6/5
f 13580/6/5 13573/6/5 13572/6/5
f 13581/7/5 13574/7/5 13573/7/5
f 13581/6/5 13573/6/5 13580/6/5
f 13582/6/5 13575/6/5 13574/6/5
f 13582/7/5 13574/7/5 13581/7/5
f 13583/6/5 13575/6/5 13582/6/5
f 13586/6/5 13579/6/5 13578/6/5
f 13587/6/5 13579/6/5 13586/6/5
f 13588/6/5 13585/6/5 13584/6/5
f 13589/6/5 13585/6/5 13588/6/5
f 13594/6/5 13591/6/5 13590/6/5
f 13595/6/5 13591/6/5 13594/6/5
f 13596/6/5 13593/6/5 13592/6/5
f 13597/6/5 13593/6/5 13596/6/5
f 13602/6/5 13599/6/5 13598/6/5
f 13603/6/5 13599/6/5 13602/6/5
f 13604/6/5 13601/6/5 13600/6/5
f 13605/6/5 13601/6/5 13604/6/5
f 13610/5/5 13607/5/5 13606/5/5
f 13611/5/5 13607/5/5 13610/5/5
f 13612/5/5 13609/5/5 13608/5/5
f 13613/5/5 13609/5/5 13612/5/5
f 13618/6/5 13615/6/5 13614/6/5
f 13619/6/5 13615/6/5 13618/6/5
f 13620/6/5 13617/6/5 13616/6/5
f 13621/6/5 13617/6/5 13620/6/5
f 13626/3/5 13623/3/5 13622/3/5
f 13627/3/5 13623/3/5 13626/3/5
f 13628/7/5 13627/7/5 13626/7/5
f 13629/7/5 13627/7/5 13628/7/5
f 13630/6/5 13625/6/5 13624/6/5
f 13631/6/5 13625/6/5 13630/6/5
f 13636/6/5 13633/6/5 13632/6/5
f 13637/6/5 13633/6/5 13636/6/5
f 13638/6/5 13635/6/5 13634/6/5
f 13639/6/5 13635/6/5 13638/6/5
f 13644/6/5 13641/6/5 13640/6/5
f 13645/6/5 13641/6/5 13644/6/5
f 13646/6/5 13643/6/5 13642/6/5
f 13647/6/5 13643/6/5 13646/6/5
f 13652/6/5 13649/6/5 13648/6/5
f 13653/7/5 13650/7/5 13649/7/5
f 13653/6/5 13649/6/5 13652/6/5
f 13654/6/5 13651/6/5 13650/6/5
f 13654/7/5 13650/7/5 13653/7/5
f 13655/6/5 13651/6/5 13654/6/5
f 13660/6/5 13657/6/5 13656/6/5
f 13661/6/5 13657/6/5 13660/6/5
f 13662/6/5 13659/6/5 13658/6/5
f 13663/6/5 13659/6/5 13662/6/5
f 13668/6/5 13665/6/5 13664/6/5
f 13669/6/5 13665/6/5 13668/6/5
f 13670/6/5 13667/6/5 13666/6/5
f 13671/6/5 13667/6/5 13670/6/5
f 13680/6/5 13673/6/5 13672/6/5
f 13681/6/5 13673/6/5 13680/6/5
f 13682/6/5 13675/6/5 13674/6/5
f 13683/6/5 13675/6/5 13682/6/5
f 13684/6/5 13677/6/5 13676/6/5
f 13685/6/5 13677/6/5 13684/6/5
f 13686/6/5 13679/6/5 13678/6/5
f 13687/6/5 13679/6/5 13686/6/5
f 13690/6/5 13689/6/5 13688/6/5
f 13691/6/5 13689/6/5 13690/6/5
f 13696/6/5 13693/6/5 13692/6/5
f 13697/6/5 13693/6/5 13696/6/5
f 13698/6/5 13695/6/5 13694/6/5
f 13699/6/5 13695/6/5 13698/6/5
f 13706/6/5 13701/6/5 13700/6/5
f 13707/6/5 13701/6/5 13706/6/5
f 13708/6/5 13703/6/5 13702/6/5
f 13709/6/5 13703/6/5 13708/6/5
f 13711/6/5 13705/6/5 13704/6/5
f 13712/6/5 13705/6/5 13711/6/5
f 13715/6/5 13711/6/5 13710/6/5
f 13716/6/5 13711/6/5 13715/6/5
f 13717/6/5 13714/6/5 13713/6/5
f 13718/6/5 13714/6/5 13717/6/5
f 13725/6/5 13720/6/5 13719/6/5
f 13726/6/5 13720/6/5 13725/6/5
f 13727/6/5 13722/6/5 13721/6/5
f 13728/6/5 13722/6/5 13727/6/5
f 13729/6/5 13724/6/5 13723/6/5
f 13730/6/5 13724/6/5 13729/6/5
f 13735/6/5 13732/6/5 13731/6/5
f 13736/6/5 13732/6/5 13735/6/5
f 13737/6/5 13734/6/5 13733/6/5
f 13738/6/5 13734/6/5 13737/6/5
f 13744/6/5 13740/6/5 13739/6/5
f 13745/6/5 13740/6/5 13744/6/5
f 13748/6/5 13742/6/5 13741/6/5
f 13749/6/5 13742/6/5 13748/6/5
f 13751/6/5 13746/6/5 13745/6/5
f 13751/6/5 13744/6/5 13743/6/5
f 13751/6/5 13745/6/5 13744/6/5
f 13752/6/5 13746/6/5 13751/6/5
f 13753/6/5 13750/6/5 13749/6/5
f 13753/6/5 13749/6/5 13748/6/5
f 13753/6/5 13748/6/5 13747/6/5
f 13754/6/5 13750/6/5 13753/6/5
f 13755/6/5 13751/6/5 13743/6/5
f 13756/6/5 13751/6/5 13755/6/5
f 13757/6/5 13750/6/5 13754/6/5
f 13758/6/5 13750/6/5 13757/6/5
f 13761/6/5 13760/6/5 13759/6/5
f 13762/6/5 13760/6/5 13761/6/5
f 13763/6/5 13760/6/5 13762/6/5
f 13764/6/5 13760/6/5 13763/6/5
f 13766/6/5 13763/6/5 13762/6/5
f 13767/6/5 13763/6/5 13766/6/5
f 13769/6/5 13766/6/5 13765/6/5
f 13769/6/5 13768/6/5 13767/6/5
f 13769/6/5 13767/6/5 13766/6/5
f 13770/6/5 13768/6/5 13769/6/5
f 13781/6/5 13772/6/5 13771/6/5
f 13781/6/5 13773/6/5 13772/6/5
f 13782/6/5 13773/6/5 13781/6/5
f 13783/6/5 13780/6/5 13779/6/5
f 13783/6/5 13779/6/5 13778/6/5
f 13784/6/5 13780/6/5 13783/6/5
f 13785/6/5 13775/6/5 13774/6/5
f 13786/6/5 13775/6/5 13785/6/5
f 13787/6/5 13777/6/5 13776/6/5
f 13788/6/5 13777/6/5 13787/6/5
f 13789/6/5 13781/6/5 13771/6/5
f 13790/6/5 13781/6/5 13789/6/5
f 13791/6/5 13780/6/5 13784/6/5
f 13792/6/5 13780/6/5 13791/6/5
f 13795/6/5 13794/6/5 13793/6/5
f 13796/6/5 13794/6/5 13795/6/5
f 13799/6/5 13798/6/5 13797/6/5
f 13800/6/5 13798/6/5 13799/6/5
f 13805/6/5 13802/6/5 13801/6/5
f 13806/6/5 13802/6/5 13805/6/5
f 13807/6/5 13804/6/5 13803/6/5
f 13808/6/5 13804/6/5 13807/6/5
f 13813/6/5 13810/6/5 13809/6/5
f 13814/6/5 13810/6/5 13813/6/5
f 13815/6/5 13812/6/5 13811/6/5
f 13816/6/5 13812/6/5 13815/6/5
f 13821/6/5 13818/6/5 13817/6/5
f 13822/6/5 13818/6/5 13821/6/5
f 13825/6/5 13820/6/5 13819/6/5
f 13826/6/5 13820/6/5 13825/6/5
f 13827/6/5 13824/6/5 13823/6/5
f 13828/6/5 13824/6/5 13827/6/5
f 13831/6/5 13830/6/5 13829/6/5
f 13832/6/5 13830/6/5 13831/6/5
f 13837/6/5 13834/6/5 13833/6/5
f 13838/6/5 13834/6/5 13837/6/5
f 13839/6/5 13836/6/5 13835/6/5
f 13840/6/5 13836/6/5 13839/6/5
f 13845/6/5 13842/6/5 13841/6/5
f 13846/6/5 13842/6/5 13845/6/5
f 13847/6/5 13844/6/5 13843/6/5
f 13848/6/5 13844/6/5 13847/6/5
f 13853/6/5 13850/6/5 13849/6/5
f 13854/6/5 13850/6/5 13853/6/5
f 13855/6/5 13852/6/5 13851/6/5
f 13856/6/5 13852/6/5 13855/6/5
f 13862/5/5 13858/5/5 13857/5/5
f 13863/5/5 13858/5/5 13862/5/5
f 13864/5/5 13858/5/5 13863/5/5
f 13865/5/5 13860/5/5 13859/5/5
f 13866/5/5 13860/5/5 13865/5/5
f 13867/5/5 13860/5/5 13866/5/5
f 13871/6/5 13862/6/5 13861/6/5
f 13871/6/5 13863/6/5 13862/6/5
f 13872/6/5 13863/6/5 13871/6/5
f 13873/6/5 13863/6/5 13872/6/5
f 13874/6/5 13867/6/5 13866/6/5
f 13875/3/5 13868/3/5 13867/3/5
f 13875/6/5 13867/6/5 13874/6/5
f 13876/1/5 13869/1/5 13868/1/5
f 13876/3/5 13868/3/5 13875/3/5
f 13877/1/5 13869/1/5 13876/1/5
f 13879/3/5 13871/3/5 13870/3/5
f 13880/6/5 13872/6/5 13871/6/5
f 13880/3/5 13871/3/5 13879/3/5
f 13881/6/5 13872/6/5 13880/6/5
f 13882/6/5 13877/6/5 13876/6/5
f 13883/2/5 13878/2/5 13877/2/5
f 13883/6/5 13877/6/5 13882/6/5
f 13884/2/5 13878/2/5 13883/2/5
f 13889/5/5 13886/5/5 13885/5/5
f 13890/5/5 13886/5/5 13889/5/5
f 13891/5/5 13888/5/5 13887/5/5
f 13892/5/5 13888/5/5 13891/5/5
f 13897/6/5 13894/6/5 13893/6/5
f 13898/6/5 13894/6/5 13897/6/5
f 13901/6/5 13896/6/5 13895/6/5
f 13902/6/5 13896/6/5 13901/6/5
f 13903/6/5 13899/6/5 13898/6/5
f 13904/6/5 13899/6/5 13903/6/5
f 13905/6/5 13901/6/5 13900/6/5
f 13906/6/5 13901/6/5 13905/6/5
f 13907/6/5 13899/6/5 13904/6/5
f 13908/6/5 13899/6/5 13907/6/5
f 13909/6/5 13905/6/5 13900/6/5
f 13910/6/5 13905/6/5 13909/6/5
f 13917/5/5 13912/5/5 13911/5/5
f 13918/5/5 13912/5/5 13917/5/5
f 13919/5/5 13914/5/5 13913/5/5
f 13920/5/5 13914/5/5 13919/5/5
f 13925/5/5 13916/5/5 13915/5/5
f 13926/5/5 13916/5/5 13925/5/5
f 13927/5/5 13922/5/5 13921/5/5
f 13928/5/5 13922/5/5 13927/5/5
f 13933/6/5 13924/6/5 13923/6/5
f 13934/6/5 13924/6/5 13933/6/5
f 13935/3/5 13930/3/5 13929/3/5
f 13936/3/5 13930/3/5 13935/3/5
f 13939/3/5 13932/3/5 13931/3/5
f 13940/3/5 13932/3/5 13939/3/5
f 13941/2/5 13938/2/5 13937/2/5
f 13942/2/5 13938/2/5 13941/2/5
f 13947/1/5 13944/1/5 13943/1/5
f 13948/1/5 13944/1/5 13947/1/5
f 13949/6/5 13946/6/5 13945/6/5
f 13950/6/5 13946/6/5 13949/6/5
f 13951/5/5 13948/5/5 13947/5/5
f 13952/5/5 13948/5/5 13951/5/5
f 13957/5/5 13950/5/5 13949/5/5
f 13958/5/5 13950/5/5 13957/5/5
f 13961/7/5 13954/7/5 13953/7/5
f 13962/7/5 13954/7/5 13961/7/5
f 13963/7/5 13956/7/5 13955/7/5
f 13964/7/5 13956/7/5 13963/7/5
f 13970/7/5 13960/7/5 13959/7/5
f 13971/7/5 13960/7/5 13970/7/5
f 13972/7/5 13966/7/5 13965/7/5
f 13973/7/5 13966/7/5 13972/7/5
f 13977/5/5 13968/5/5 13967/5/5
f 13978/7/5 13970/7/5 13969/7/5
f 13979/7/5 13974/7/5 13973/7/5
f 13980/5/5 13976/5/5 13975/5/5
f 13981/5/5 13977/5/5 13967/5/5
f 13982/5/5 13977/5/5 13981/5/5
f 13983/7/5 13978/7/5 13969/7/5
f 13984/7/5 13978/7/5 13983/7/5
f 13985/7/5 13974/7/5 13979/7/5
f 13986/7/5 13974/7/5 13985/7/5
f 13987/5/5 13976/5/5 13980/5/5
f 13988/5/5 13976/5/5 13987/5/5
f 13993/6/5 13990/6/5 13989/6/5
f 13994/6/5 13990/6/5 13993/6/5
f 13995/6/5 13992/6/5 13991/6/5
f 13996/6/5 13992/6/5 13995/6/5
f 14001/6/5 13998/6/5 13997/6/5
f 14002/6/5 13998/6/5 14001/6/5
f 14003/6/5 14000/6/5 13999/6/5
f 14004/6/5 14000/6/5 14003/6/5
f 14009/6/5 14006/6/5 14005/6/5
f 14010/6/5 14006/6/5 14009/6/5
f 14013/6/5 14008/6/5 14007/6/5
f 14014/6/5 14008/6/5 14013/6/5
f 14015/6/5 14011/6/5 14010/6/5
f 14016/6/5 14011/6/5 14015/6/5
f 14021/6/5 14013/6/5 14012/6/5
f 14022/6/5 14013/6/5 14021/6/5
f 14023/6/5 14018/6/5 14017/6/5
f 14024/6/5 14018/6/5 14023/6/5
f 14033/6/5 14020/6/5 14019/6/5
f 14034/6/5 14020/6/5 14033/6/5
f 14035/6/5 14026/6/5 14025/6/5
f 14036/6/5 14026/6/5 14035/6/5
f 14037/6/5 14028/6/5 14027/6/5
f 14038/6/5 14028/6/5 14037/6/5
f 14039/6/5 14030/6/5 14029/6/5
f 14040/6/5 14030/6/5 14039/6/5
f 14041/6/5 14032/6/5 14031/6/5
f 14042/6/5 14032/6/5 14041/6/5
f 14053/4/5 14044/4/5 14043/4/5
f 14054/4/5 14044/4/5 14053/4/5
f 14055/5/5 14046/5/5 14045/5/5
f 14056/5/5 14046/5/5 14055/5/5
f 14057/5/5 14048/5/5 14047/5/5
f 14058/5/5 14048/5/5 14057/5/5
f 14059/4/5 14050/4/5 14049/4/5
f 14060/4/5 14050/4/5 14059/4/5
f 14065/6/5 14052/6/5 14051/6/5
f 14066/6/5 14052/6/5 14065/6/5
f 14071/6/5 14062/6/5 14061/6/5
f 14072/6/5 14062/6/5 14071/6/5
f 14075/6/5 14064/6/5 14063/6/5
f 14076/6/5 14064/6/5 14075/6/5
f 14077/4/5 14068/4/5 14067/4/5
f 14078/4/5 14068/4/5 14077/4/5
f 14079/4/5 14070/4/5 14069/4/5
f 14080/4/5 14070/4/5 14079/4/5
f 14081/1/5 14074/1/5 14073/1/5
f 14082/1/5 14074/1/5 14081/1/5
f 14087/1/5 14084/1/5 14083/1/5
f 14088/1/5 14084/1/5 14087/1/5
f 14093/6/5 14086/6/5 14085/6/5
f 14094/6/5 14086/6/5 14093/6/5
f 14095/6/5 14090/6/5 14089/6/5
f 14096/6/5 14090/6/5 14095/6/5
f 14097/6/5 14092/6/5 14091/6/5
f 14098/6/5 14092/6/5 14097/6/5
f 14107/5/5 14100/5/5 14099/5/5
f 14108/5/5 14100/5/5 14107/5/5
f 14109/7/5 14102/7/5 14101/7/5
f 14110/7/5 14102/7/5 14109/7/5
f 14111/7/5 14104/7/5 14103/7/5
f 14112/7/5 14104/7/5 14111/7/5
f 14113/5/5 14106/5/5 14105/5/5
f 14114/5/5 14106/5/5 14113/5/5
f 14119/6/5 14116/6/5 14115/6/5
f 14120/6/5 14116/6/5 14119/6/5
f 14121/6/5 14118/6/5 14117/6/5
f 14122/6/5 14118/6/5 14121/6/5
f 14127/6/5 14124/6/5 14123/6/5
f 14128/6/5 14124/6/5 14127/6/5
f 14129/6/5 14126/6/5 14125/6/5
f 14130/6/5 14126/6/5 14129/6/5
f 14135/6/5 14132/6/5 14131/6/5
f 14136/6/5 14132/6/5 14135/6/5
f 14141/6/5 14134/6/5 14133/6/5
f 14142/6/5 14134/6/5 14141/6/5
f 14143/6/5 14138/6/5 14137/6/5
f 14144/6/5 14138/6/5 14143/6/5
f 14145/6/5 14140/6/5 14139/6/5
f 14146/6/5 14140/6/5 14145/6/5
f 14151/7/5 14148/7/5 14147/7/5
f 14152/7/5 14148/7/5 14151/7/5
f 14153/7/5 14150/7/5 14149/7/5
f 14154/7/5 14150/7/5 14153/7/5
f 14157/6/5 14156/6/5 14155/6/5
f 14158/6/5 14156/6/5 14157/6/5
f 14163/7/5 14160/7/5 14159/7/5
f 14164/7/5 14160/7/5 14163/7/5
f 14165/7/5 14162/7/5 14161/7/5
f 14166/7/5 14162/7/5 14165/7/5
f 14171/7/5 14168/7/5 14167/7/5
f 14172/7/5 14168/7/5 14171/7/5
f 14173/7/5 14170/7/5 14169/7/5
f 14174/7/5 14170/7/5 14173/7/5
f 14179/6/5 14176/6/5 14175/6/5
f 14180/6/5 14176/6/5 14179/6/5
f 14181/6/5 14178/6/5 14177/6/5
f 14182/6/5 14178/6/5 14181/6/5
f 14191/1/5 14184/1/5 14183/1/5
f 14192/1/5 14184/1/5 14191/1/5
f 14193/7/5 14186/7/5 14185/7/5
f 14194/7/5 14186/7/5 14193/7/5
f 14195/7/5 14188/7/5 14187/7/5
f 14196/7/5 14188/7/5 14195/7/5
f 14197/4/5 14190/4/5 14189/4/5
f 14198/4/5 14190/4/5 14197/4/5
f 14207/4/5 14200/4/5 14199/4/5
f 14208/4/5 14200/4/5 14207/4/5
f 14209/7/5 14202/7/5 14201/7/5
f 14210/7/5 14202/7/5 14209/7/5
f 14211/7/5 14204/7/5 14203/7/5
f 14212/7/5 14204/7/5 14211/7/5
f 14213/4/5 14206/4/5 14205/4/5
f 14214/4/5 14206/4/5 14213/4/5
f 14223/6/5 14216/6/5 14215/6/5
f 14224/6/5 14216/6/5 14223/6/5
f 14225/7/5 14218/7/5 14217/7/5
f 14226/7/5 14218/7/5 14225/7/5
f 14227/7/5 14220/7/5 14219/7/5
f 14228/7/5 14220/7/5 14227/7/5
f 14229/6/5 14222/6/5 14221/6/5
f 14230/6/5 14222/6/5 14229/6/5
f 14239/6/5 14232/6/5 14231/6/5
f 14240/6/5 14232/6/5 14239/6/5
f 14241/6/5 14234/6/5 14233/6/5
f 14242/6/5 14234/6/5 14241/6/5
f 14243/6/5 14236/6/5 14235/6/5
f 14244/6/5 14236/6/5 14243/6/5
f 14245/6/5 14238/6/5 14237/6/5
f 14246/6/5 14238/6/5 14245/6/5
f 14255/1/5 14248/1/5 14247/1/5
f 14256/1/5 14248/1/5 14255/1/5
f 14257/6/5 14250/6/5 14249/6/5
f 14258/6/5 14250/6/5 14257/6/5
f 14259/6/5 14252/6/5 14251/6/5
f 14260/6/5 14252/6/5 14259/6/5
f 14261/1/5 14254/1/5 14253/1/5
f 14262/1/5 14254/1/5 14261/1/5
f 14271/4/5 14264/4/5 14263/4/5
f 14272/4/5 14264/4/5 14271/4/5
f 14273/7/5 14266/7/5 14265/7/5
f 14274/7/5 14266/7/5 14273/7/5
f 14275/7/5 14268/7/5 14267/7/5
f 14276/7/5 14268/7/5 14275/7/5
f 14277/4/5 14270/4/5 14269/4/5
f 14278/4/5 14270/4/5 14277/4/5
f 14287/6/5 14280/6/5 14279/6/5
f 14288/6/5 14280/6/5 14287/6/5
f 14289/7/5 14282/7/5 14281/7/5
f 14290/7/5 14282/7/5 14289/7/5
f 14291/7/5 14284/7/5 14283/7/5
f 14292/7/5 14284/7/5 14291/7/5
f 14293/6/5 14286/6/5 14285/6/5
f 14294/6/5 14286/6/5 14293/6/5
f 14303/6/5 14296/6/5 14295/6/5
f 14304/6/5 14296/6/5 14303/6/5
f 14305/6/5 14298/6/5 14297/6/5
f 14306/6/5 14298/6/5 14305/6/5
f 14307/6/5 14300/6/5 14299/6/5
f 14308/6/5 14300/6/5 14307/6/5
f 14309/6/5 14302/6/5 14301/6/5
f 14310/6/5 14302/6/5 14309/6/5
f 14316/5/5 14312/5/5 14311/5/5
f 14317/5/5 14312/5/5 14316/5/5
f 14318/5/5 14314/5/5 14313/5/5
f 14319/5/5 14314/5/5 14318/5/5
f 14321/6/5 14316/6/5 14315/6/5
f 14322/6/5 14320/6/5 14319/6/5
f 14323/6/5 14321/6/5 14315/6/5
f 14324/6/5 14321/6/5 14323/6/5
f 14327/6/5 14320/6/5 14322/6/5
f 14328/6/5 14320/6/5 14327/6/5
f 14329/6/5 14325/6/5 14324/6/5
f 14330/6/5 14325/6/5 14329/6/5
f 14331/6/5 14327/6/5 14326/6/5
f 14332/6/5 14327/6/5 14331/6/5
f 14340/2/5 14334/2/5 14333/2/5
f 14341/2/5 14334/2/5 14340/2/5
f 14342/1/5 14336/1/5 14335/1/5
f 14343/1/5 14336/1/5 14342/1/5
f 14348/6/5 14338/6/5 14337/6/5
f 14349/5/5 14339/5/5 14338/5/5
f 14349/6/5 14338/6/5 14348/6/5
f 14350/5/5 14339/5/5 14349/5/5
f 14351/5/5 14345/5/5 14344/5/5
f 14352/6/5 14346/6/5 14345/6/5
f 14352/5/5 14345/5/5 14351/5/5
f 14353/6/5 14346/6/5 14352/6/5
f 14355/6/5 14348/6/5 14347/6/5
f 14355/6/5 14349/6/5 14348/6/5
f 14356/6/5 14349/6/5 14355/6/5
f 14357/6/5 14354/6/5 14353/6/5
f 14357/6/5 14353/6/5 14352/6/5
f 14358/6/5 14354/6/5 14357/6/5
f 14359/6/5 14349/6/5 14356/6/5
f 14360/6/5 14349/6/5 14359/6/5
f 14361/6/5 14357/6/5 14352/6/5
f 14362/6/5 14357/6/5 14361/6/5
f 14367/6/5 14364/6/5 14363/6/5
f 14368/6/5 14364/6/5 14367/6/5
f 14373/6/5 14366/6/5 14365/6/5
f 14374/6/5 14366/6/5 14373/6/5
f 14375/6/5 14370/6/5 14369/6/5
f 14376/6/5 14370/6/5 14375/6/5
f 14377/6/5 14372/6/5 14371/6/5
f 14378/6/5 14372/6/5 14377/6/5
f 14387/6/5 14380/6/5 14379/6/5
f 14388/6/5 14380/6/5 14387/6/5
f 14389/5/5 14381/5/5 14380/5/5
f 14389/6/5 14380/6/5 14388/6/5
f 14390/2/5 14382/2/5 14381/2/5
f 14390/5/5 14381/5/5 14389/5/5
f 14391/2/5 14382/2/5 14390/2/5
f 14392/5/5 14384/5/5 14383/5/5
f 14393/6/5 14385/6/5 14384/6/5
f 14393/5/5 14384/5/5 14392/5/5
f 14394/6/5 14385/6/5 14393/6/5
f 14395/6/5 14385/6/5 14394/6/5
f 14397/6/5 14388/6/5 14387/6/5
f 14397/6/5 14387/6/5 14386/6/5
f 14398/6/5 14388/6/5 14397/6/5
f 14399/6/5 14396/6/5 14395/6/5
f 14399/6/5 14395/6/5 14394/6/5
f 14400/6/5 14396/6/5 14399/6/5
f 14401/6/5 14397/6/5 14386/6/5
f 14404/6/5 14396/6/5 14400/6/5
f 14405/6/5 14402/6/5 14401/6/5
f 14405/6/5 14401/6/5 14386/6/5
f 14406/6/5 14402/6/5 14405/6/5
f 14407/6/5 14402/6/5 14406/6/5
f 14410/6/5 14404/6/5 14403/6/5
f 14411/6/5 14396/6/5 14404/6/5
f 14411/6/5 14404/6/5 14410/6/5
f 14412/6/5 14396/6/5 14411/6/5
f 14413/6/5 14408/6/5 14407/6/5
f 14413/6/5 14407/6/5 14406/6/5
f 14414/6/5 14408/6/5 14413/6/5
f 14415/6/5 14410/6/5 14409/6/5
f 14415/6/5 14411/6/5 14410/6/5
f 14416/6/5 14411/6/5 14415/6/5
f 14421/6/5 14418/6/5 14417/6/5
f 14422/6/5 14418/6/5 14421/6/5
f 14423/6/5 14420/6/5 14419/6/5
f 14424/6/5 14420/6/5 14423/6/5
f 14432/6/5 14426/6/5 14425/6/5
f 14433/2/5 14427/2/5 14426/2/5
f 14433/6/5 14426/6/5 14432/6/5
f 14434/2/5 14427/2/5 14433/2/5
f 14435/6/5 14429/6/5 14428/6/5
f 14436/6/5 14429/6/5 14435/6/5
f 14437/6/5 14429/6/5 14436/6/5
f 14440/6/5 14431/6/5 14430/6/5
f 14441/6/5 14431/6/5 14440/6/5
f 14442/6/5 14439/6/5 14438/6/5
f 14443/6/5 14439/6/5 14442/6/5
f 14448/6/5 14445/6/5 14444/6/5
f 14449/6/5 14445/6/5 14448/6/5
f 14450/6/5 14447/6/5 14446/6/5
f 14451/6/5 14447/6/5 14450/6/5
f 14456/6/5 14453/6/5 14452/6/5
f 14457/6/5 14453/6/5 14456/6/5
f 14462/6/5 14455/6/5 14454/6/5
f 14463/6/5 14455/6/5 14462/6/5
f 14464/6/5 14459/6/5 14458/6/5
f 14465/6/5 14459/6/5 14464/6/5
f 14466/6/5 14461/6/5 14460/6/5
f 14467/6/5 14461/6/5 14466/6/5
f 14477/4/5 14469/4/5 14468/4/5
f 14478/4/5 14469/4/5 14477/4/5
f 14479/3/5 14471/3/5 14470/3/5
f 14480/3/5 14471/3/5 14479/3/5
f 14481/2/5 14473/2/5 14472/2/5
f 14482/2/5 14473/2/5 14481/2/5
f 14483/4/5 14475/4/5 14474/4/5
f 14484/4/5 14475/4/5 14483/4/5
f 14486/6/5 14477/6/5 14476/6/5
f 14487/6/5 14477/6/5 14486/6/5
f 14488/6/5 14485/6/5 14484/6/5
f 14489/6/5 14485/6/5 14488/6/5
f 14494/6/5 14491/6/5 14490/6/5
f 14495/6/5 14491/6/5 14494/6/5
f 14496/6/5 14493/6/5 14492/6/5
f 14497/6/5 14493/6/5 14496/6/5
f 14502/6/5 14499/6/5 14498/6/5
f 14503/6/5 14499/6/5 14502/6/5
f 14504/6/5 14501/6/5 14500/6/5
f 14505/6/5 14501/6/5 14504/6/5
f 14512/4/5 14507/4/5 14506/4/5
f 14513/4/5 14507/4/5 14512/4/5
f 14514/3/5 14508/3/5 14507/3/5
f 14514/4/5 14507/4/5 14513/4/5
f 14515/3/5 14508/3/5 14514/3/5
f 14516/4/5 14510/4/5 14509/4/5
f 14517/4/5 14510/4/5 14516/4/5
f 14518/4/5 14510/4/5 14517/4/5
f 14520/4/5 14513/4/5 14512/4/5
f 14520/4/5 14512/4/5 14511/4/5
f 14521/4/5 14513/4/5 14520/4/5
f 14522/4/5 14513/4/5 14521/4/5
f 14523/4/5 14519/4/5 14518/4/5
f 14523/4/5 14518/4/5 14517/4/5
f 14524/4/5 14519/4/5 14523/4/5
f 14525/4/5 14519/4/5 14524/4/5
f 14526/6/5 14521/6/5 14520/6/5
f 14527/6/5 14521/6/5 14526/6/5
f 14528/6/5 14525/6/5 14524/6/5
f 14529/6/5 14525/6/5 14528/6/5
f 14537/3/5 14531/3/5 14530/3/5
f 14538/3/5 14531/3/5 14537/3/5
f 14539/3/5 14531/3/5 14538/3/5
f 14544/5/5 14533/5/5 14532/5/5
f 14545/1/5 14534/1/5 14533/1/5
f 14545/5/5 14533/5/5 14544/5/5
f 14546/1/5 14534/1/5 14545/1/5
f 14549/4/5 14536/4/5 14535/4/5
f 14550/4/5 14536/4/5 14549/4/5
f 14551/4/5 14541/4/5 14540/4/5
f 14552/4/5 14541/4/5 14551/4/5
f 14553/2/5 14543/2/5 14542/2/5
f 14554/2/5 14543/2/5 14553/2/5
f 14555/4/5 14548/4/5 14547/4/5
f 14556/4/5 14548/4/5 14555/4/5
f 14561/6/5 14558/6/5 14557/6/5
f 14562/6/5 14558/6/5 14561/6/5
f 14563/6/5 14560/6/5 14559/6/5
f 14564/6/5 14560/6/5 14563/6/5
f 14569/6/5 14566/6/5 14565/6/5
f 14570/6/5 14566/6/5 14569/6/5
f 14571/6/5 14568/6/5 14567/6/5
f 14572/6/5 14568/6/5 14571/6/5
f 14581/3/5 14574/3/5 14573/3/5
f 14582/3/5 14574/3/5 14581/3/5
f 14583/5/5 14576/5/5 14575/5/5
f 14584/5/5 14576/5/5 14583/5/5
f 14585/2/5 14578/2/5 14577/2/5
f 14586/2/5 14578/2/5 14585/2/5
f 14587/1/5 14580/1/5 14579/1/5
f 14588/1/5 14580/1/5 14587/1/5
f 14597/6/5 14590/6/5 14589/6/5
f 14598/6/5 14590/6/5 14597/6/5
f 14599/6/5 14592/6/5 14591/6/5
f 14600/6/5 14592/6/5 14599/6/5
f 14601/1/5 14594/1/5 14593/1/5
f 14602/1/5 14594/1/5 14601/1/5
f 14603/6/5 14596/6/5 14595/6/5
f 14604/6/5 14596/6/5 14603/6/5
f 14609/6/5 14606/6/5 14605/6/5
f 14610/6/5 14606/6/5 14609/6/5
f 14611/6/5 14608/6/5 14607/6/5
f 14612/6/5 14608/6/5 14611/6/5
f 14617/6/5 14614/6/5 14613/6/5
f 14618/6/5 14614/6/5 14617/6/5
f 14619/6/5 14616/6/5 14615/6/5
f 14620/6/5 14616/6/5 14619/6/5
f 14628/1/5 14622/1/5 14621/1/5
f 14629/5/5 14623/5/5 14622/5/5
f 14629/1/5 14622/1/5 14628/1/5
f 14630/5/5 14623/5/5 14629/5/5
f 14635/1/5 14625/1/5 14624/1/5
f 14636/1/5 14625/1/5 14635/1/5
f 14639/6/5 14627/6/5 14626/6/5
f 14640/6/5 14627/6/5 14639/6/5
f 14641/6/5 14632/6/5 14631/6/5
f 14642/6/5 14632/6/5 14641/6/5
f 14643/1/5 14634/1/5 14633/1/5
f 14644/1/5 14634/1/5 14643/1/5
f 14645/6/5 14638/6/5 14637/6/5
f 14646/6/5 14638/6/5 14645/6/5
f 14655/6/5 14648/6/5 14647/6/5
f 14656/6/5 14648/6/5 14655/6/5
f 14657/6/5 14650/6/5 14649/6/5
f 14658/6/5 14650/6/5 14657/6/5
f 14659/6/5 14652/6/5 14651/6/5
f 14660/6/5 14652/6/5 14659/6/5
f 14661/6/5 14654/6/5 14653/6/5
f 14662/6/5 14654/6/5 14661/6/5
f 14671/3/5 14664/3/5 14663/3/5
f 14672/3/5 14664/3/5 14671/3/5
f 14673/4/5 14666/4/5 14665/4/5
f 14674/4/5 14666/4/5 14673/4/5
f 14675/1/5 14668/1/5 14667/1/5
f 14676/1/5 14668/1/5 14675/1/5
f 14677/4/5 14670/4/5 14669/4/5
f 14678/4/5 14670/4/5 14677/4/5
f 14687/6/5 14680/6/5 14679/6/5
f 14688/6/5 14680/6/5 14687/6/5
f 14689/6/5 14682/6/5 14681/6/5
f 14690/6/5 14682/6/5 14689/6/5
f 14691/3/5 14684/3/5 14683/3/5
f 14692/3/5 14684/3/5 14691/3/5
f 14693/6/5 14686/6/5 14685/6/5
f 14694/6/5 14686/6/5 14693/6/5
f 14703/6/5 14696/6/5 14695/6/5
f 14704/6/5 14696/6/5 14703/6/5
f 14705/6/5 14698/6/5 14697/6/5
f 14706/6/5 14698/6/5 14705/6/5
f 14707/6/5 14700/6/5 14699/6/5
f 14708/6/5 14700/6/5 14707/6/5
f 14709/6/5 14702/6/5 14701/6/5
f 14710/6/5 14702/6/5 14709/6/5
f 14719/1/5 14712/1/5 14711/1/5
f 14720/1/5 14712/1/5 14719/1/5
f 14721/4/5 14714/4/5 14713/4/5
f 14722/4/5 14714/4/5 14721/4/5
f 14723/2/5 14716/2/5 14715/2/5
f 14724/2/5 14716/2/5 14723/2/5
f 14725/5/5 14718/5/5 14717/5/5
f 14726/5/5 14718/5/5 14725/5/5
f 14735/6/5 14728/6/5 14727/6/5
f 14736/6/5 14728/6/5 14735/6/5
f 14737/6/5 14730/6/5 14729/6/5
f 14738/6/5 14730/6/5 14737/6/5
f 14739/6/5 14732/6/5 14731/6/5
f 14740/6/5 14732/6/5 14739/6/5
f 14741/6/5 14734/6/5 14733/6/5
f 14742/6/5 14734/6/5 14741/6/5
f 14751/6/5 14744/6/5 14743/6/5
f 14752/6/5 14744/6/5 14751/6/5
f 14753/6/5 14746/6/5 14745/6/5
f 14754/6/5 14746/6/5 14753/6/5
f 14755/6/5 14748/6/5 14747/6/5
f 14756/6/5 14748/6/5 14755/6/5
f 14757/6/5 14750/6/5 14749/6/5
f 14758/6/5 14750/6/5 14757/6/5
f 14767/6/5 14760/6/5 14759/6/5
f 14768/6/5 14760/6/5 14767/6/5
f 14769/6/5 14762/6/5 14761/6/5
f 14770/6/5 14762/6/5 14769/6/5
f 14771/6/5 14764/6/5 14763/6/5
f 14772/6/5 14764/6/5 14771/6/5
f 14773/6/5 14766/6/5 14765/6/5
f 14774/6/5 14766/6/5 14773/6/5
f 14775/6/6 14776/6/6 14779/6/6
f 14779/6/6 14776/6/6 14780/6/6
f 14777/6/6 14778/6/6 14781/6/6
f 14781/6/6 14778/6/6 14782/6/6
f 14783/2/6 14784/2/6 14787/2/6
f 14787/2/6 14784/2/6 14788/2/6
f 14785/6/6 14786/6/6 14789/6/6
f 14789/6/6 14786/6/6 14790/6/6
f 14791/7/6 14792/7/6 14795/7/6
f 14795/7/6 14792/7/6 14796/7/6
f 14793/6/6 14794/6/6 14797/6/6
f 14797/6/6 14794/6/6 14798/6/6
f 14799/6/6 14800/6/6 14803/6/6
f 14803/6/6 14800/6/6 14804/6/6
f 14801/6/6 14802/6/6 14805/6/6
f 14805/6/6 14802/6/6 14806/6/6
f 14807/5/6 14808/5/6 14812/5/6
f 14812/5/6 14808/5/6 14813/5/6
f 14809/5/6 14810/5/6 14814/5/6
f 14814/5/6 14810/5/6 14815/5/6
f 14811/5/6 14812/5/6 14817/5/6
f 14817/5/6 14812/5/6 14818/5/6
f 14815/5/6 14816/5/6 14819/5/6
f 14819/5/6 14816/5/6 14820/5/6
f 14821/5/6 14822/5/6 14825/5/6
f 14825/5/6 14822/5/6 14826/5/6
f 14823/5/6 14824/5/6 14829/5/6
f 14829/5/6 14824/5/6 14830/5/6
f 14826/6/6 14827/6/6 14831/6/6
f 14831/6/6 14827/6/6 14832/6/6
f 14828/6/6 14829/6/6 14835/6/6
f 14835/6/6 14829/6/6 14836/6/6
f 14832/6/6 14833/6/6 14837/6/6
f 14837/6/6 14833/6/6 14838/6/6
f 14834/6/6 14835/6/6 14841/6/6
f 14841/6/6 14835/6/6 14842/6/6
f 14838/7/6 14839/7/6 14843/7/6
f 14843/7/6 14839/7/6 14844/7/6
f 14840/6/6 14841/6/6 14845/6/6
f 14845/6/6 14841/6/6 14846/6/6
f 14847/5/6 14848/5/6 14855/5/6
f 14848/2/6 14849/2/6 14856/2/6
f 14855/5/6 14848/5/6 14856/5/6
f 14856/2/6 14849/2/6 14857/2/6
f 14849/5/6 14850/5/6 14858/5/6
f 14857/2/6 14849/2/6 14858/2/6
f 14858/5/6 14850/5/6 14859/5/6
f 14850/7/6 14851/7/6 14860/7/6
f 14859/5/6 14850/5/6 14860/5/6
f 14851/5/6 14852/5/6 14861/5/6
f 14860/7/6 14851/7/6 14861/7/6
f 14861/5/6 14852/5/6 14862/5/6
f 14853/5/6 14854/5/6 14867/5/6
f 14867/5/6 14854/5/6 14868/5/6
f 14863/5/6 14864/5/6 14869/5/6
f 14869/5/6 14864/5/6 14870/5/6
f 14865/6/6 14866/6/6 14873/6/6
f 14873/6/6 14866/6/6 14874/6/6
f 14871/6/6 14872/6/6 14875/6/6
f 14875/6/6 14872/6/6 14876/6/6
f 14877/6/6 14878/6/6 14883/6/6
f 14883/6/6 14878/6/6 14884/6/6
f 14879/6/6 14880/6/6 14885/6/6
f 14885/6/6 14880/6/6 14886/6/6
f 14881/6/6 14882/6/6 14889/6/6
f 14889/6/6 14882/6/6 14890/6/6
f 14887/6/6 14888/6/6 14891/6/6
f 14891/6/6 14888/6/6 14892/6/6
f 14893/6/6 14894/6/6 14897/6/6
f 14897/6/6 14894/6/6 14898/6/6
f 14895/6/6 14896/6/6 14899/6/6
f 14899/6/6 14896/6/6 14900/6/6
f 14901/1/6 14902/1/6 14905/1/6
f 14901/1/6 14905/1/6 14906/1/6
f 14906/1/6 14905/1/6 14907/1/6
f 14903/6/6 14904/6/6 14908/6/6
f 14908/6/6 14904/6/6 14909/6/6
f 14910/5/6 14911/5/6 14914/5/6
f 14914/5/6 14911/5/6 14915/5/6
f 14912/5/6 14913/5/6 14916/5/6
f 14916/5/6 14913/5/6 14917/5/6
f 14918/5/6 14919/5/6 14922/5/6
f 14922/5/6 14919/5/6 14923/5/6
f 14920/5/6 14921/5/6 14924/5/6
f 14924/5/6 14921/5/6 14925/5/6
f 14926/6/6 14927/6/6 14930/6/6
f 14930/6/6 14927/6/6 14931/6/6
f 14928/6/6 14929/6/6 14932/6/6
f 14932/6/6 14929/6/6 14933/6/6
f 14934/6/6 14935/6/6 14936/6/6
f 14936/6/6 14935/6/6 14937/6/6
f 14938/5/6 14939/5/6 14946/5/6
f 14946/5/6 14939/5/6 14947/5/6
f 14940/2/6 14941/2/6 14948/2/6
f 14948/2/6 14941/2/6 14949/2/6
f 14942/5/6 14943/5/6 14950/5/6
f 14950/5/6 14943/5/6 14951/5/6
f 14944/6/6 14945/6/6 14956/6/6
f 14956/6/6 14945/6/6 14957/6/6
f 14952/6/6 14953/6/6 14958/6/6
f 14958/6/6 14953/6/6 14959/6/6
f 14954/6/6 14955/6/6 14963/6/6
f 14963/6/6 14955/6/6 14964/6/6
f 14960/6/6 14961/6/6 14965/6/6
f 14965/6/6 14961/6/6 14966/6/6
f 14962/6/6 14963/6/6 14969/6/6
f 14969/6/6 14963/6/6 14970/6/6
f 14966/6/6 14967/6/6 14971/6/6
f 14971/6/6 14967/6/6 14972/6/6
f 14968/6/6 14969/6/6 14975/6/6
f 14975/6/6 14969/6/6 14976/6/6
f 14972/6/6 14973/6/6 14977/6/6
f 14977/6/6 14973/6/6 14978/6/6
f 14974/6/6 14975/6/6 14981/6/6
f 14981/6/6 14975/6/6 14982/6/6
f 14978/6/6 14979/6/6 14983/6/6
f 14983/6/6 14979/6/6 14984/6/6
f 14980/2/6 14981/2/6 14986/2/6
f 14986/2/6 14981/2/6 14987/2/6
f 14986/6/6 14987/6/6 14988/6/6
f 14988/6/6 14987/6/6 14989/6/6
f 14984/6/6 14985/6/6 14990/6/6
f 14990/6/6 14985/6/6 14991/6/6
f 14992/3/6 14993/3/6 14998/3/6
f 14993/2/6 14994/2/6 14999/2/6
f 14998/3/6 14993/3/6 14999/3/6
f 14999/2/6 14994/2/6 15000/2/6
f 14995/6/6 14996/6/6 15001/6/6
f 15001/6/6 14996/6/6 15002/6/6
f 14997/1/6 14998/1/6 15004/1/6
f 15004/1/6 14998/1/6 15005/1/6
f 15002/6/6 15003/6/6 15006/6/6
f 15006/6/6 15003/6/6 15007/6/6
f 15008/6/6 15009/6/6 15012/6/6
f 15012/6/6 15009/6/6 15013/6/6
f 15010/6/6 15011/6/6 15014/6/6
f 15014/6/6 15011/6/6 15015/6/6
f 15016/6/6 15017/6/6 15020/6/6
f 15020/6/6 15017/6/6 15021/6/6
f 15018/6/6 15019/6/6 15022/6/6
f 15022/6/6 15019/6/6 15023/6/6
f 15024/5/6 15025/5/6 15028/5/6
f 15028/5/6 15025/5/6 15029/5/6
f 15026/5/6 15027/5/6 15032/5/6
f 15032/5/6 15027/5/6 15033/5/6
f 15029/6/6 15030/6/6 15035/6/6
f 15035/6/6 15030/6/6 15036/6/6
f 15036/6/6 15030/6/6 15037/6/6
f 15031/6/6 15032/6/6 15042/6/6
f 15042/6/6 15032/6/6 15043/6/6
f 15043/6/6 15032/6/6 15044/6/6
f 15034/6/6 15035/6/6 15047/6/6
f 15035/6/6 15036/6/6 15047/6/6
f 15047/6/6 15036/6/6 15048/6/6
f 15038/6/6 15039/6/6 15049/6/6
f 15049/6/6 15039/6/6 15050/6/6
f 15040/6/6 15041/6/6 15051/6/6
f 15051/6/6 15041/6/6 15052/6/6
f 15043/6/6 15044/6/6 15053/6/6
f 15044/6/6 15045/6/6 15053/6/6
f 15053/6/6 15045/6/6 15054/6/6
f 15046/5/6 15047/5/6 15056/5/6
f 15056/5/6 15047/5/6 15057/5/6
f 15054/5/6 15055/5/6 15058/5/6
f 15058/5/6 15055/5/6 15059/5/6
f 15060/5/6 15061/5/6 15064/5/6
f 15064/5/6 15061/5/6 15065/5/6
f 15062/5/6 15063/5/6 15068/5/6
f 15068/5/6 15063/5/6 15069/5/6
f 15065/6/6 15066/6/6 15070/6/6
f 15070/6/6 15066/6/6 15071/6/6
f 15067/6/6 15068/6/6 15074/6/6
f 15074/6/6 15068/6/6 15075/6/6
f 15071/6/6 15072/6/6 15076/6/6
f 15076/6/6 15072/6/6 15077/6/6
f 15073/6/6 15074/6/6 15080/6/6
f 15080/6/6 15074/6/6 15081/6/6
f 15077/7/6 15078/7/6 15082/7/6
f 15082/7/6 15078/7/6 15083/7/6
f 15079/6/6 15080/6/6 15089/6/6
f 15089/6/6 15080/6/6 15090/6/6
f 15083/7/6 15084/7/6 15091/7/6
f 15084/6/6 15085/6/6 15092/6/6
f 15091/7/6 15084/7/6 15092/7/6
f 15092/6/6 15085/6/6 15093/6/6
f 15086/6/6 15087/6/6 15094/6/6
f 15094/6/6 15087/6/6 15095/6/6
f 15088/6/6 15089/6/6 15096/6/6
f 15096/6/6 15089/6/6 15097/6/6
f 15098/5/6 15099/5/6 15105/5/6
f 15105/5/6 15099/5/6 15106/5/6
f 15100/2/6 15101/2/6 15107/2/6
f 15107/2/6 15101/2/6 15108/2/6
f 15101/3/6 15102/3/6 15109/3/6
f 15108/2/6 15101/2/6 15109/2/6
f 15102/5/6 15103/5/6 15110/5/6
f 15109/3/6 15102/3/6 15110/3/6
f 15110/5/6 15103/5/6 15111/5/6
f 15105/6/6 15106/6/6 15114/6/6
f 15107/6/6 15108/6/6 15114/6/6
f 15104/6/6 15105/6/6 15114/6/6
f 15106/6/6 15107/6/6 15114/6/6
f 15114/6/6 15108/6/6 15115/6/6
f 15108/7/6 15109/7/6 15116/7/6
f 15115/6/6 15108/6/6 15116/6/6
f 15109/2/6 15110/2/6 15117/2/6
f 15116/7/6 15109/7/6 15117/7/6
f 15111/6/6 15112/6/6 15118/6/6
f 15117/2/6 15110/2/6 15118/2/6
f 15110/6/6 15111/6/6 15118/6/6
f 15118/6/6 15112/6/6 15119/6/6
f 15119/6/6 15112/6/6 15120/6/6
f 15120/6/6 15112/6/6 15121/6/6
f 15114/6/6 15115/6/6 15124/6/6
f 15113/6/6 15114/6/6 15124/6/6
f 15124/6/6 15115/6/6 15125/6/6
f 15125/6/6 15115/6/6 15126/6/6
f 15121/6/6 15122/6/6 15127/6/6
f 15120/6/6 15121/6/6 15127/6/6
f 15127/6/6 15122/6/6 15128/6/6
f 15128/6/6 15122/6/6 15129/6/6
f 15124/6/6 15125/6/6 15132/6/6
f 15123/6/6 15124/6/6 15132/6/6
f 15132/6/6 15125/6/6 15133/6/6
f 15133/6/6 15125/6/6 15134/6/6
f 15129/6/6 15130/6/6 15135/6/6
f 15128/6/6 15129/6/6 15135/6/6
f 15135/6/6 15130/6/6 15136/6/6
f 15136/6/6 15130/6/6 15137/6/6
f 15132/6/6 15133/6/6 15140/6/6
f 15131/6/6 15132/6/6 15140/6/6
f 15140/6/6 15133/6/6 15141/6/6
f 15141/6/6 15133/6/6 15142/6/6
f 15137/6/6 15138/6/6 15143/6/6
f 15136/6/6 15137/6/6 15143/6/6
f 15143/6/6 15138/6/6 15144/6/6
f 15144/6/6 15138/6/6 15145/6/6
f 15140/6/6 15141/6/6 15148/6/6
f 15139/6/6 15140/6/6 15148/6/6
f 15148/6/6 15141/6/6 15149/6/6
f 15149/6/6 15141/6/6 15150/6/6
f 15145/6/6 15146/6/6 15151/6/6
f 15144/6/6 15145/6/6 15151/6/6
f 15151/6/6 15146/6/6 15152/6/6
f 15152/6/6 15146/6/6 15153/6/6
f 15148/6/6 15149/6/6 15155/6/6
f 15147/6/6 15148/6/6 15155/6/6
f 15155/6/6 15149/6/6 15156/6/6
f 15153/6/6 15154/6/6 15157/6/6
f 15152/6/6 15153/6/6 15157/6/6
f 15157/6/6 15154/6/6 15158/6/6
f 15147/6/6 15155/6/6 15160/6/6
f 15160/6/6 15155/6/6 15161/6/6
f 15158/6/6 15154/6/6 15162/6/6
f 15162/6/6 15154/6/6 15163/6/6
f 15160/6/6 15161/6/6 15167/6/6
f 15159/6/6 15160/6/6 15167/6/6
f 15167/6/6 15161/6/6 15168/6/6
f 15168/6/6 15161/6/6 15169/6/6
f 15163/6/6 15164/6/6 15170/6/6
f 15162/6/6 15163/6/6 15170/6/6
f 15170/6/6 15164/6/6 15171/6/6
f 15171/6/6 15164/6/6 15172/6/6
f 15165/2/6 15166/2/6 15174/2/6
f 15167/7/6 15168/7/6 15174/7/6
f 15166/7/6 15167/7/6 15174/7/6
f 15174/7/6 15168/7/6 15175/7/6
f 15172/6/6 15173/6/6 15176/6/6
f 15171/6/6 15172/6/6 15176/6/6
f 15176/6/6 15173/6/6 15177/6/6
f 15165/2/6 15174/2/6 15179/2/6
f 15179/2/6 15174/2/6 15180/2/6
f 15177/6/6 15173/6/6 15181/6/6
f 15178/1/6 15179/1/6 15184/1/6
f 15179/3/6 15180/3/6 15185/3/6
f 15184/1/6 15179/1/6 15185/1/6
f 15185/3/6 15180/3/6 15186/3/6
f 15181/6/6 15182/6/6 15187/6/6
f 15177/6/6 15181/6/6 15187/6/6
f 15187/6/6 15182/6/6 15188/6/6
f 15183/6/6 15184/6/6 15191/6/6
f 15191/6/6 15184/6/6 15192/6/6
f 15188/6/6 15189/6/6 15193/6/6
f 15193/6/6 15189/6/6 15194/6/6
f 15190/5/6 15191/5/6 15196/5/6
f 15194/5/6 15195/5/6 15197/5/6
f 15190/5/6 15196/5/6 15198/5/6
f 15198/5/6 15196/5/6 15199/5/6
f 15197/5/6 15195/5/6 15200/5/6
f 15200/5/6 15195/5/6 15201/5/6
f 15202/5/6 15203/5/6 15206/5/6
f 15206/5/6 15203/5/6 15207/5/6
f 15204/5/6 15205/5/6 15208/5/6
f 15208/5/6 15205/5/6 15209/5/6
f 15210/5/6 15211/5/6 15214/5/6
f 15214/5/6 15211/5/6 15215/5/6
f 15214/2/6 15215/2/6 15216/2/6
f 15216/2/6 15215/2/6 15217/2/6
f 15216/7/6 15217/7/6 15218/7/6
f 15218/7/6 15217/7/6 15219/7/6
f 15218/3/6 15219/3/6 15220/3/6
f 15218/3/6 15220/3/6 15221/3/6
f 15221/3/6 15220/3/6 15222/3/6
f 15212/5/6 15213/5/6 15225/5/6
f 15225/5/6 15213/5/6 15226/5/6
f 15222/6/6 15223/6/6 15227/6/6
f 15227/6/6 15223/6/6 15228/6/6
f 15224/6/6 15225/6/6 15229/6/6
f 15229/6/6 15225/6/6 15230/6/6
f 15231/6/6 15232/6/6 15235/6/6
f 15235/6/6 15232/6/6 15236/6/6
f 15233/6/6 15234/6/6 15237/6/6
f 15237/6/6 15234/6/6 15238/6/6
f 15239/6/6 15240/6/6 15243/6/6
f 15243/6/6 15240/6/6 15244/6/6
f 15241/6/6 15242/6/6 15245/6/6
f 15245/6/6 15242/6/6 15246/6/6
f 15247/6/6 15248/6/6 15251/6/6
f 15251/6/6 15248/6/6 15252/6/6
f 15249/6/6 15250/6/6 15253/6/6
f 15253/6/6 15250/6/6 15254/6/6
f 15255/3/6 15256/3/6 15266/3/6
f 15256/1/6 15257/1/6 15267/1/6
f 15266/3/6 15256/3/6 15267/3/6
f 15257/3/6 15258/3/6 15268/3/6
f 15267/1/6 15257/1/6 15268/1/6
f 15258/2/6 15259/2/6 15269/2/6
f 15268/3/6 15258/3/6 15269/3/6
f 15259/5/6 15260/5/6 15270/5/6
f 15269/2/6 15259/2/6 15270/2/6
f 15270/5/6 15260/5/6 15271/5/6
f 15271/5/6 15260/5/6 15272/5/6
f 15261/2/6 15262/2/6 15273/2/6
f 15262/5/6 15263/5/6 15274/5/6
f 15273/2/6 15262/2/6 15274/2/6
f 15274/5/6 15263/5/6 15275/5/6
f 15264/6/6 15265/6/6 15278/6/6
f 15278/6/6 15265/6/6 15279/6/6
f 15279/6/6 15265/6/6 15280/6/6
f 15276/6/6 15277/6/6 15281/6/6
f 15281/6/6 15277/6/6 15282/6/6
f 15283/6/6 15284/6/6 15287/6/6
f 15287/6/6 15284/6/6 15288/6/6
f 15285/6/6 15286/6/6 15289/6/6
f 15289/6/6 15286/6/6 15290/6/6
f 15291/5/6 15292/5/6 15295/5/6
f 15295/5/6 15292/5/6 15296/5/6
f 15293/5/6 15294/5/6 15297/5/6
f 15297/5/6 15294/5/6 15298/5/6
f 15299/6/6 15300/6/6 15303/6/6
f 15303/6/6 15300/6/6 15304/6/6
f 15301/6/6 15302/6/6 15305/6/6
f 15305/6/6 15302/6/6 15306/6/6
f 15307/1/6 15308/1/6 15311/1/6
f 15311/1/6 15308/1/6 15312/1/6
f 15311/2/6 15312/2/6 15313/2/6
f 15313/2/6 15312/2/6 15314/2/6
f 15313/7/6 15314/7/6 15315/7/6
f 15315/7/6 15314/7/6 15316/7/6
f 15315/6/6 15316/6/6 15317/6/6
f 15317/6/6 15316/6/6 15318/6/6
f 15317/3/6 15318/3/6 15319/3/6
f 15319/3/6 15318/3/6 15320/3/6
f 15309/6/6 15310/6/6 15321/6/6
f 15321/6/6 15310/6/6 15322/6/6
f 15323/3/6 15324/3/6 15327/3/6
f 15323/3/6 15327/3/6 15328/3/6
f 15328/3/6 15327/3/6 15329/3/6
f 15325/6/6 15326/6/6 15330/6/6
f 15330/6/6 15326/6/6 15331/6/6
f 15332/6/6 15333/6/6 15336/6/6
f 15336/6/6 15333/6/6 15337/6/6
f 15334/6/6 15335/6/6 15338/6/6
f 15338/6/6 15335/6/6 15339/6/6
f 15340/6/6 15341/6/6 15345/6/6
f 15341/7/6 15342/7/6 15346/7/6
f 15345/6/6 15341/6/6 15346/6/6
f 15342/7/6 15343/7/6 15346/7/6
f 15343/6/6 15344/6/6 15347/6/6
f 15346/7/6 15343/7/6 15347/7/6
f 15347/6/6 15344/6/6 15348/6/6
f 15349/3/6 15350/3/6 15363/3/6
f 15363/3/6 15350/3/6 15364/3/6
f 15350/7/6 15351/7/6 15365/7/6
f 15364/3/6 15350/3/6 15365/3/6
f 15351/3/6 15352/3/6 15366/3/6
f 15365/7/6 15351/7/6 15366/7/6
f 15352/2/6 15353/2/6 15367/2/6
f 15366/3/6 15352/3/6 15367/3/6
f 15353/7/6 15354/7/6 15368/7/6
f 15367/2/6 15353/2/6 15368/2/6
f 15354/6/6 15355/6/6 15369/6/6
f 15368/7/6 15354/7/6 15369/7/6
f 15369/6/6 15355/6/6 15370/6/6
f 15355/1/6 15356/1/6 15371/1/6
f 15370/6/6 15355/6/6 15371/6/6
f 15356/3/6 15357/3/6 15372/3/6
f 15371/1/6 15356/1/6 15372/1/6
f 15357/2/6 15358/2/6 15373/2/6
f 15372/3/6 15357/3/6 15373/3/6
f 15358/6/6 15359/6/6 15374/6/6
f 15373/2/6 15358/2/6 15374/2/6
f 15374/6/6 15359/6/6 15375/6/6
f 15360/2/6 15361/2/6 15378/2/6
f 15361/5/6 15362/5/6 15379/5/6
f 15378/2/6 15361/2/6 15379/2/6
f 15379/5/6 15362/5/6 15380/5/6
f 15376/5/6 15377/5/6 15381/5/6
f 15381/5/6 15377/5/6 15382/5/6
f 15383/5/6 15384/5/6 15388/5/6
f 15388/5/6 15384/5/6 15389/5/6
f 15385/5/6 15386/5/6 15390/5/6
f 15390/5/6 15386/5/6 15391/5/6
f 15387/6/6 15388/6/6 15393/6/6
f 15393/6/6 15388/6/6 15394/6/6
f 15391/6/6 15392/6/6 15395/6/6
f 15395/6/6 15392/6/6 15396/6/6
f 15397/6/6 15398/6/6 15402/6/6
f 15399/6/6 15400/6/6 15403/6/6
f 15401/6/6 15402/6/6 15405/6/6
f 15402/6/6 15398/6/6 15405/6/6
f 15405/6/6 15398/6/6 15406/6/6
f 15403/6/6 15404/6/6 15407/6/6
f 15399/6/6 15403/6/6 15407/6/6
f 15407/6/6 15404/6/6 15408/6/6
f 15401/6/6 15405/6/6 15409/6/6
f 15409/6/6 15405/6/6 15410/6/6
f 15408/6/6 15404/6/6 15411/6/6
f 15411/6/6 15404/6/6 15412/6/6
f 15413/5/6 15414/5/6 15417/5/6
f 15417/5/6 15414/5/6 15418/5/6
f 15415/5/6 15416/5/6 15419/5/6
f 15419/5/6 15416/5/6 15420/5/6
f 15421/6/6 15422/6/6 15425/6/6
f 15425/6/6 15422/6/6 15426/6/6
f 15423/6/6 15424/6/6 15427/6/6
f 15427/6/6 15424/6/6 15428/6/6
f 15429/5/6 15430/5/6 15435/5/6
f 15430/6/6 15431/6/6 15436/6/6
f 15435/5/6 15430/5/6 15436/5/6
f 15436/6/6 15431/6/6 15437/6/6
f 15432/6/6 15433/6/6 15438/6/6
f 15433/5/6 15434/5/6 15439/5/6
f 15438/6/6 15433/6/6 15439/6/6
f 15439/5/6 15434/5/6 15440/5/6
f 15441/6/6 15442/6/6 15445/6/6
f 15445/6/6 15442/6/6 15446/6/6
f 15445/3/6 15446/3/6 15447/3/6
f 15447/3/6 15446/3/6 15448/3/6
f 15443/6/6 15444/6/6 15449/6/6
f 15449/6/6 15444/6/6 15450/6/6
f 15451/3/6 15452/3/6 15455/3/6
f 15455/3/6 15452/3/6 15456/3/6
f 15453/6/6 15454/6/6 15464/6/6
f 15464/6/6 15454/6/6 15465/6/6
f 15456/3/6 15457/3/6 15466/3/6
f 15457/6/6 15458/6/6 15467/6/6
f 15466/3/6 15457/3/6 15467/3/6
f 15467/6/6 15458/6/6 15468/6/6
f 15459/6/6 15460/6/6 15469/6/6
f 15469/6/6 15460/6/6 15470/6/6
f 15461/6/6 15462/6/6 15471/6/6
f 15471/6/6 15462/6/6 15472/6/6
f 15463/6/6 15464/6/6 15473/6/6
f 15473/6/6 15464/6/6 15474/6/6
f 15470/6/6 15460/6/6 15475/6/6
f 15475/6/6 15460/6/6 15476/6/6
f 15461/6/6 15471/6/6 15479/6/6
f 15479/6/6 15471/6/6 15480/6/6
f 15476/6/6 15477/6/6 15481/6/6
f 15481/6/6 15477/6/6 15482/6/6
f 15478/6/6 15479/6/6 15483/6/6
f 15483/6/6 15479/6/6 15484/6/6
f 15485/1/6 15486/1/6 15501/1/6
f 15486/3/6 15487/3/6 15502/3/6
f 15501/1/6 15486/1/6 15502/1/6
f 15487/7/6 15488/7/6 15503/7/6
f 15502/3/6 15487/3/6 15503/3/6
f 15488/5/6 15489/5/6 15504/5/6
f 15503/7/6 15488/7/6 15504/7/6
f 15489/7/6 15490/7/6 15505/7/6
f 15504/5/6 15489/5/6 15505/5/6
f 15490/2/6 15491/2/6 15506/2/6
f 15505/7/6 15490/7/6 15506/7/6
f 15491/3/6 15492/3/6 15507/3/6
f 15506/2/6 15491/2/6 15507/2/6
f 15492/1/6 15493/1/6 15508/1/6
f 15507/3/6 15492/3/6 15508/3/6
f 15493/5/6 15494/5/6 15509/5/6
f 15508/1/6 15493/1/6 15509/1/6
f 15494/1/6 15495/1/6 15510/1/6
f 15509/5/6 15494/5/6 15510/5/6
f 15495/3/6 15496/3/6 15511/3/6
f 15510/1/6 15495/1/6 15511/1/6
f 15496/2/6 15497/2/6 15512/2/6
f 15511/3/6 15496/3/6 15512/3/6
f 15497/5/6 15498/5/6 15513/5/6
f 15512/2/6 15497/2/6 15513/2/6
f 15513/5/6 15498/5/6 15514/5/6
f 15514/5/6 15498/5/6 15515/5/6
f 15515/5/6 15498/5/6 15516/5/6
f 15499/6/6 15500/6/6 15519/6/6
f 15500/2/6 15501/2/6 15520/2/6
f 15519/6/6 15500/6/6 15520/6/6
f 15501/7/6 15502/7/6 15521/7/6
f 15520/2/6 15501/2/6 15521/2/6
f 15521/7/6 15502/7/6 15522/7/6
f 15516/6/6 15517/6/6 15523/6/6
f 15515/6/6 15516/6/6 15523/6/6
f 15523/6/6 15517/6/6 15524/6/6
f 15518/6/6 15519/6/6 15528/6/6
f 15528/6/6 15519/6/6 15529/6/6
f 15524/6/6 15525/6/6 15530/6/6
f 15530/6/6 15525/6/6 15531/6/6
f 15526/5/6 15527/5/6 15536/5/6
f 15536/5/6 15527/5/6 15537/5/6
f 15532/5/6 15533/5/6 15538/5/6
f 15538/5/6 15533/5/6 15539/5/6
f 15534/6/6 15535/6/6 15542/6/6
f 15542/6/6 15535/6/6 15543/6/6
f 15540/6/6 15541/6/6 15546/6/6
f 15546/6/6 15541/6/6 15547/6/6
f 15544/6/6 15545/6/6 15550/6/6
f 15550/6/6 15545/6/6 15551/6/6
f 15548/6/6 15549/6/6 15555/6/6
f 15552/6/6 15553/6/6 15556/6/6
f 15554/5/6 15555/5/6 15559/5/6
f 15555/6/6 15549/6/6 15560/6/6
f 15559/5/6 15555/5/6 15560/5/6
f 15560/6/6 15549/6/6 15561/6/6
f 15552/6/6 15556/6/6 15562/6/6
f 15556/5/6 15557/5/6 15563/5/6
f 15562/6/6 15556/6/6 15563/6/6
f 15563/5/6 15557/5/6 15564/5/6
f 15558/6/6 15559/6/6 15567/6/6
f 15559/6/6 15560/6/6 15567/6/6
f 15567/6/6 15560/6/6 15568/6/6
f 15568/6/6 15560/6/6 15569/6/6
f 15563/6/6 15564/6/6 15570/6/6
f 15564/6/6 15565/6/6 15570/6/6
f 15570/6/6 15565/6/6 15571/6/6
f 15571/6/6 15565/6/6 15572/6/6
f 15567/6/6 15568/6/6 15574/6/6
f 15566/6/6 15567/6/6 15574/6/6
f 15574/6/6 15568/6/6 15575/6/6
f 15572/6/6 15573/6/6 15576/6/6
f 15571/6/6 15572/6/6 15576/6/6
f 15576/6/6 15573/6/6 15577/6/6
f 15566/6/6 15574/6/6 15583/6/6
f 15578/6/6 15579/6/6 15585/6/6
f 15585/6/6 15579/6/6 15586/6/6
f 15580/6/6 15581/6/6 15587/6/6
f 15587/6/6 15581/6/6 15588/6/6
f 15577/6/6 15573/6/6 15590/6/6
f 15582/6/6 15583/6/6 15592/6/6
f 15583/6/6 15574/6/6 15593/6/6
f 15592/6/6 15583/6/6 15593/6/6
f 15584/6/6 15585/6/6 15594/6/6
f 15594/6/6 15585/6/6 15595/6/6
f 15588/6/6 15589/6/6 15596/6/6
f 15596/6/6 15589/6/6 15597/6/6
f 15590/6/6 15591/6/6 15598/6/6
f 15577/6/6 15590/6/6 15598/6/6
f 15598/6/6 15591/6/6 15599/6/6
f 15600/5/6 15601/5/6 15604/5/6
f 15604/5/6 15601/5/6 15605/5/6
f 15602/5/6 15603/5/6 15606/5/6
f 15606/5/6 15603/5/6 15607/5/6
f 15608/5/6 15609/5/6 15612/5/6
f 15612/5/6 15609/5/6 15613/5/6
f 15610/5/6 15611/5/6 15614/5/6
f 15614/5/6 15611/5/6 15615/5/6
f 15616/5/6 15617/5/6 15620/5/6
f 15618/5/6 15619/5/6 15625/5/6
f 15616/5/6 15620/5/6 15626/5/6
f 15620/6/6 15621/6/6 15627/6/6
f 15626/5/6 15620/5/6 15627/5/6
f 15621/6/6 15622/6/6 15627/6/6
f 15627/6/6 15622/6/6 15628/6/6
f 15623/6/6 15624/6/6 15629/6/6
f 15624/6/6 15625/6/6 15629/6/6
f 15625/5/6 15619/5/6 15630/5/6
f 15629/6/6 15625/6/6 15630/6/6
f 15630/5/6 15619/5/6 15631/5/6
f 15632/5/6 15633/5/6 15637/5/6
f 15637/5/6 15633/5/6 15638/5/6
f 15634/5/6 15635/5/6 15639/5/6
f 15639/5/6 15635/5/6 15640/5/6
f 15636/6/6 15637/6/6 15642/6/6
f 15642/6/6 15637/6/6 15643/6/6
f 15640/6/6 15641/6/6 15644/6/6
f 15644/6/6 15641/6/6 15645/6/6
f 15646/5/6 15647/5/6 15650/5/6
f 15650/5/6 15647/5/6 15651/5/6
f 15648/5/6 15649/5/6 15652/5/6
f 15652/5/6 15649/5/6 15653/5/6
f 15654/5/6 15655/5/6 15658/5/6
f 15658/5/6 15655/5/6 15659/5/6
f 15656/5/6 15657/5/6 15660/5/6
f 15660/5/6 15657/5/6 15661/5/6
f 15662/6/6 15663/6/6 15666/6/6
f 15666/6/6 15663/6/6 15667/6/6
f 15664/6/6 15665/6/6 15668/6/6
f 15668/6/6 15665/6/6 15669/6/6
f 15670/5/6 15671/5/6 15674/5/6
f 15674/5/6 15671/5/6 15675/5/6
f 15672/5/6 15673/5/6 15676/5/6
f 15676/5/6 15673/5/6 15677/5/6
f 15678/6/6 15679/6/6 15682/6/6
f 15682/6/6 15679/6/6 15683/6/6
f 15680/6/6 15681/6/6 15684/6/6
f 15684/6/6 15681/6/6 15685/6/6
f 15686/7/6 15687/7/6 15692/7/6
f 15687/6/6 15688/6/6 15693/6/6
f 15692/7/6 15687/7/6 15693/7/6
f 15693/6/6 15688/6/6 15694/6/6
f 15689/6/6 15690/6/6 15695/6/6
f 15695/6/6 15690/6/6 15696/6/6
f 15691/7/6 15692/7/6 15698/7/6
f 15698/7/6 15692/7/6 15699/7/6
f 15696/5/6 15697/5/6 15700/5/6
f 15700/5/6 15697/5/6 15701/5/6
f 15702/5/6 15703/5/6 15707/5/6
f 15703/2/6 15704/2/6 15708/2/6
f 15707/5/6 15703/5/6 15708/5/6
f 15708/2/6 15704/2/6 15709/2/6
f 15705/5/6 15706/5/6 15710/5/6
f 15710/5/6 15706/5/6 15711/5/6
f 15711/5/6 15706/5/6 15712/5/6
f 15707/6/6 15708/6/6 15713/6/6
f 15713/6/6 15708/6/6 15714/6/6
f 15711/6/6 15712/6/6 15715/6/6
f 15715/6/6 15712/6/6 15716/6/6
f 15707/6/6 15713/6/6 15718/6/6
f 15718/6/6 15713/6/6 15719/6/6
f 15716/6/6 15712/6/6 15720/6/6
f 15720/6/6 15712/6/6 15721/6/6
f 15717/6/6 15718/6/6 15724/6/6
f 15724/6/6 15718/6/6 15725/6/6
f 15721/6/6 15722/6/6 15726/6/6
f 15726/6/6 15722/6/6 15727/6/6
f 15723/6/6 15724/6/6 15730/6/6
f 15730/6/6 15724/6/6 15731/6/6
f 15727/6/6 15728/6/6 15732/6/6
f 15732/6/6 15728/6/6 15733/6/6
f 15729/6/6 15730/6/6 15735/6/6
f 15735/6/6 15730/6/6 15736/6/6
f 15733/6/6 15734/6/6 15737/6/6
f 15737/6/6 15734/6/6 15738/6/6
f 15739/5/6 15740/5/6 15743/5/6
f 15743/5/6 15740/5/6 15744/5/6
f 15741/5/6 15742/5/6 15745/5/6
f 15745/5/6 15742/5/6 15746/5/6
f 15747/6/6 15748/6/6 15751/6/6
f 15751/6/6 15748/6/6 15752/6/6
f 15749/6/6 15750/6/6 15753/6/6
f 15753/6/6 15750/6/6 15754/6/6
f 15755/6/6 15756/6/6 15759/6/6
f 15759/6/6 15756/6/6 15760/6/6
f 15757/6/6 15758/6/6 15761/6/6
f 15761/6/6 15758/6/6 15762/6/6
f 15763/6/6 15764/6/6 15767/6/6
f 15767/6/6 15764/6/6 15768/6/6
f 15765/6/6 15766/6/6 15769/6/6
f 15769/6/6 15766/6/6 15770/6/6
f 15771/5/6 15772/5/6 15777/5/6
f 15772/3/6 15773/3/6 15778/3/6
f 15777/5/6 15772/5/6 15778/5/6
f 15778/3/6 15773/3/6 15779/3/6
f 15773/1/6 15774/1/6 15780/1/6
f 15779/3/6 15773/3/6 15780/3/6
f 15780/1/6 15774/1/6 15781/1/6
f 15775/6/6 15776/6/6 15786/6/6
f 15786/6/6 15776/6/6 15787/6/6
f 15782/2/6 15783/2/6 15788/2/6
f 15788/2/6 15783/2/6 15789/2/6
f 15784/7/6 15785/7/6 15794/7/6
f 15794/7/6 15785/7/6 15795/7/6
f 15790/6/6 15791/6/6 15796/6/6
f 15796/6/6 15791/6/6 15797/6/6
f 15792/1/6 15793/1/6 15800/1/6
f 15800/1/6 15793/1/6 15801/1/6
f 15798/5/6 15799/5/6 15802/5/6
f 15802/5/6 15799/5/6 15803/5/6
f 15804/6/6 15805/6/6 15809/6/6
f 15806/6/6 15807/6/6 15810/6/6
f 15808/6/6 15809/6/6 15814/6/6
f 15809/6/6 15805/6/6 15815/6/6
f 15814/6/6 15809/6/6 15815/6/6
f 15806/6/6 15810/6/6 15816/6/6
f 15810/6/6 15811/6/6 15816/6/6
f 15816/6/6 15811/6/6 15817/6/6
f 15812/6/6 15813/6/6 15820/6/6
f 15820/6/6 15813/6/6 15821/6/6
f 15818/6/6 15819/6/6 15822/6/6
f 15822/6/6 15819/6/6 15823/6/6
f 15824/6/6 15825/6/6 15828/6/6
f 15828/6/6 15825/6/6 15829/6/6
f 15826/6/6 15827/6/6 15830/6/6
f 15830/6/6 15827/6/6 15831/6/6
f 15832/6/6 15833/6/6 15836/6/6
f 15836/6/6 15833/6/6 15837/6/6
f 15834/6/6 15835/6/6 15838/6/6
f 15838/6/6 15835/6/6 15839/6/6
f 15840/5/6 15841/5/6 15844/5/6
f 15844/5/6 15841/5/6 15845/5/6
f 15842/5/6 15843/5/6 15846/5/6
f 15846/5/6 15843/5/6 15847/5/6
f 15848/6/6 15849/6/6 15852/6/6
f 15852/6/6 15849/6/6 15853/6/6
f 15852/3/6 15853/3/6 15854/3/6
f 15854/3/6 15853/3/6 15855/3/6
f 15850/6/6 15851/6/6 15856/6/6
f 15856/6/6 15851/6/6 15857/6/6
f 15858/1/6 15859/1/6 15862/1/6
f 15862/1/6 15859/1/6 15863/1/6
f 15862/2/6 15863/2/6 15864/2/6
f 15864/2/6 15863/2/6 15865/2/6
f 15860/6/6 15861/6/6 15866/6/6
f 15866/6/6 15861/6/6 15867/6/6
f 15868/6/6 15869/6/6 15872/6/6
f 15872/6/6 15869/6/6 15873/6/6
f 15870/6/6 15871/6/6 15874/6/6
f 15874/6/6 15871/6/6 15875/6/6
f 15876/6/6 15877/6/6 15880/6/6
f 15880/6/6 15877/6/6 15881/6/6
f 15878/6/6 15879/6/6 15886/6/6
f 15886/6/6 15879/6/6 15887/6/6
f 15882/6/6 15883/6/6 15888/6/6
f 15884/6/6 15885/6/6 15891/6/6
f 15888/6/6 15889/6/6 15892/6/6
f 15882/6/6 15888/6/6 15892/6/6
f 15892/6/6 15889/6/6 15893/6/6
f 15890/6/6 15891/6/6 15896/6/6
f 15891/6/6 15885/6/6 15897/6/6
f 15896/6/6 15891/6/6 15897/6/6
f 15894/6/6 15895/6/6 15898/6/6
f 15898/6/6 15895/6/6 15899/6/6
f 15900/6/6 15901/6/6 15905/6/6
f 15905/6/6 15901/6/6 15906/6/6
f 15901/3/6 15902/3/6 15907/3/6
f 15906/6/6 15901/6/6 15907/6/6
f 15902/2/6 15903/2/6 15908/2/6
f 15907/3/6 15902/3/6 15908/3/6
f 15908/2/6 15903/2/6 15909/2/6
f 15905/6/6 15906/6/6 15913/6/6
f 15904/6/6 15905/6/6 15913/6/6
f 15913/6/6 15906/6/6 15914/6/6
f 15914/6/6 15906/6/6 15915/6/6
f 15908/7/6 15909/7/6 15916/7/6
f 15909/2/6 15910/2/6 15917/2/6
f 15916/7/6 15909/7/6 15917/7/6
f 15910/6/6 15911/6/6 15918/6/6
f 15917/2/6 15910/2/6 15918/2/6
f 15918/6/6 15911/6/6 15919/6/6
f 15912/7/6 15913/7/6 15923/7/6
f 15923/7/6 15913/7/6 15924/7/6
f 15913/6/6 15914/6/6 15925/6/6
f 15924/7/6 15913/7/6 15925/7/6
f 15925/6/6 15914/6/6 15926/6/6
f 15918/6/6 15919/6/6 15927/6/6
f 15919/5/6 15920/5/6 15928/5/6
f 15927/6/6 15919/6/6 15928/6/6
f 15928/5/6 15920/5/6 15929/5/6
f 15929/5/6 15920/5/6 15930/5/6
f 15921/5/6 15922/5/6 15933/5/6
f 15922/1/6 15923/1/6 15934/1/6
f 15933/5/6 15922/5/6 15934/5/6
f 15923/7/6 15924/7/6 15935/7/6
f 15934/1/6 15923/1/6 15935/1/6
f 15935/7/6 15924/7/6 15936/7/6
f 15929/6/6 15930/6/6 15937/6/6
f 15930/5/6 15931/5/6 15938/5/6
f 15937/6/6 15930/6/6 15938/6/6
f 15938/5/6 15931/5/6 15939/5/6
f 15939/5/6 15931/5/6 15940/5/6
f 15933/6/6 15934/6/6 15943/6/6
f 15932/6/6 15933/6/6 15943/6/6
f 15943/6/6 15934/6/6 15944/6/6
f 15944/6/6 15934/6/6 15945/6/6
f 15940/6/6 15941/6/6 15946/6/6
f 15939/6/6 15940/6/6 15946/6/6
f 15946/6/6 15941/6/6 15947/6/6
f 15947/6/6 15941/6/6 15948/6/6
f 15942/3/6 15943/3/6 15951/3/6
f 15943/6/6 15944/6/6 15952/6/6
f 15951/3/6 15943/3/6 15952/3/6
f 15952/6/6 15944/6/6 15953/6/6
f 15948/6/6 15949/6/6 15954/6/6
f 15947/6/6 15948/6/6 15954/6/6
f 15954/6/6 15949/6/6 15955/6/6
f 15955/6/6 15949/6/6 15956/6/6
f 15950/2/6 15951/2/6 15958/2/6
f 15951/6/6 15952/6/6 15959/6/6
f 15958/2/6 15951/2/6 15959/2/6
f 15959/6/6 15952/6/6 15960/6/6
f 15956/6/6 15957/6/6 15961/6/6
f 15955/6/6 15956/6/6 15961/6/6
f 15961/6/6 15957/6/6 15962/6/6
f 15958/6/6 15959/6/6 15964/6/6
f 15962/6/6 15957/6/6 15965/6/6
f 15963/6/6 15964/6/6 15968/6/6
f 15968/6/6 15964/6/6 15969/6/6
f 15969/6/6 15964/6/6 15970/6/6
f 15964/6/6 15959/6/6 15971/6/6
f 15970/6/6 15964/6/6 15971/6/6
f 15971/6/6 15959/6/6 15972/6/6
f 15965/6/6 15966/6/6 15973/6/6
f 15962/6/6 15965/6/6 15973/6/6
f 15973/6/6 15966/6/6 15974/6/6
f 15974/6/6 15966/6/6 15975/6/6
f 15967/6/6 15968/6/6 15978/6/6
f 15968/6/6 15969/6/6 15978/6/6
f 15978/6/6 15969/6/6 15979/6/6
f 15979/6/6 15969/6/6 15980/6/6
f 15975/6/6 15976/6/6 15981/6/6
f 15974/6/6 15975/6/6 15981/6/6
f 15981/6/6 15976/6/6 15982/6/6
f 15982/6/6 15976/6/6 15983/6/6
f 15977/5/6 15978/5/6 15986/5/6
f 15978/2/6 15979/2/6 15987/2/6
f 15986/5/6 15978/5/6 15987/5/6
f 15987/2/6 15979/2/6 15988/2/6
f 15982/6/6 15983/6/6 15989/6/6
f 15983/5/6 15984/5/6 15990/5/6
f 15989/6/6 15983/6/6 15990/6/6
f 15990/5/6 15984/5/6 15991/5/6
f 15985/6/6 15986/6/6 15994/6/6
f 15986/6/6 15987/6/6 15994/6/6
f 15994/6/6 15987/6/6 15995/6/6
f 15995/6/6 15987/6/6 15996/6/6
f 15990/6/6 15991/6/6 15997/6/6
f 15991/6/6 15992/6/6 15997/6/6
f 15997/6/6 15992/6/6 15998/6/6
f 15998/6/6 15992/6/6 15999/6/6
f 15994/6/6 15995/6/6 16001/6/6
f 15993/5/6 15994/5/6 16001/5/6
f 16001/6/6 15995/6/6 16002/6/6
f 15998/6/6 15999/6/6 16003/6/6
f 15999/5/6 16000/5/6 16004/5/6
f 16003/6/6 15999/6/6 16004/6/6
f 15993/5/6 16001/5/6 16006/5/6
f 16006/5/6 16001/5/6 16007/5/6
f 16004/5/6 16000/5/6 16008/5/6
f 16008/5/6 16000/5/6 16009/5/6
f 16006/6/6 16007/6/6 16011/6/6
f 16005/6/6 16006/6/6 16011/6/6
f 16011/6/6 16007/6/6 16012/6/6
f 16009/6/6 16010/6/6 16013/6/6
f 16008/6/6 16009/6/6 16013/6/6
f 16013/6/6 16010/6/6 16014/6/6
f 16005/6/6 16011/6/6 16016/6/6
f 16014/6/6 16010/6/6 16017/6/6
f 16015/6/6 16016/6/6 16019/6/6
f 16016/6/6 16011/6/6 16019/6/6
f 16019/6/6 16011/6/6 16020/6/6
f 16017/6/6 16018/6/6 16021/6/6
f 16014/6/6 16017/6/6 16021/6/6
f 16021/6/6 16018/6/6 16022/6/6
f 16015/6/6 16019/6/6 16023/6/6
f 16022/6/6 16018/6/6 16026/6/6
f 16023/6/6 16024/6/6 16027/6/6
f 16015/6/6 16023/6/6 16027/6/6
f 16027/6/6 16024/6/6 16028/6/6
f 16025/6/6 16026/6/6 16029/6/6
f 16026/6/6 16018/6/6 16029/6/6
f 16029/6/6 16018/6/6 16030/6/6
f 16028/6/6 16024/6/6 16031/6/6
f 16031/6/6 16024/6/6 16032/6/6
f 16025/6/6 16029/6/6 16035/6/6
f 16031/3/6 16032/3/6 16036/3/6
f 16032/6/6 16033/6/6 16037/6/6
f 16036/3/6 16032/3/6 16037/3/6
f 16037/6/6 16033/6/6 16038/6/6
f 16034/6/6 16035/6/6 16039/6/6
f 16035/6/6 16029/6/6 16039/6/6
f 16039/6/6 16029/6/6 16040/6/6
f 16037/3/6 16038/3/6 16041/3/6
f 16041/3/6 16038/3/6 16042/3/6
f 16041/2/6 16042/2/6 16043/2/6
f 16043/2/6 16042/2/6 16044/2/6
f 16034/6/6 16039/6/6 16047/6/6
f 16043/7/6 16044/7/6 16048/7/6
f 16044/6/6 16045/6/6 16049/6/6
f 16048/7/6 16044/7/6 16049/7/6
f 16046/6/6 16047/6/6 16050/6/6
f 16047/6/6 16039/6/6 16050/6/6
f 16050/6/6 16039/6/6 16051/6/6
f 16049/6/6 16045/6/6 16052/6/6
f 16046/6/6 16050/6/6 16055/6/6
f 16052/6/6 16053/6/6 16056/6/6
f 16049/6/6 16052/6/6 16056/6/6
f 16056/6/6 16053/6/6 16057/6/6
f 16057/6/6 16053/6/6 16058/6/6
f 16054/6/6 16055/6/6 16061/6/6
f 16055/6/6 16050/6/6 16062/6/6
f 16061/6/6 16055/6/6 16062/6/6
f 16062/6/6 16050/6/6 16063/6/6
f 16058/6/6 16059/6/6 16064/6/6
f 16057/6/6 16058/6/6 16064/6/6
f 16064/6/6 16059/6/6 16065/6/6
f 16065/6/6 16059/6/6 16066/6/6
f 16060/6/6 16061/6/6 16069/6/6
f 16061/6/6 16062/6/6 16069/6/6
f 16069/6/6 16062/6/6 16070/6/6
f 16070/6/6 16062/6/6 16071/6/6
f 16066/6/6 16067/6/6 16072/6/6
f 16065/6/6 16066/6/6 16072/6/6
f 16072/6/6 16067/6/6 16073/6/6
f 16073/6/6 16067/6/6 16074/6/6
f 16069/6/6 16070/6/6 16077/6/6
f 16068/6/6 16069/6/6 16077/6/6
f 16077/6/6 16070/6/6 16078/6/6
f 16078/6/6 16070/6/6 16079/6/6
f 16074/6/6 16075/6/6 16080/6/6
f 16073/6/6 16074/6/6 16080/6/6
f 16080/6/6 16075/6/6 16081/6/6
f 16081/6/6 16075/6/6 16082/6/6
f 16077/6/6 16078/6/6 16085/6/6
f 16076/6/6 16077/6/6 16085/6/6
f 16085/6/6 16078/6/6 16086/6/6
f 16086/6/6 16078/6/6 16087/6/6
f 16082/6/6 16083/6/6 16088/6/6
f 16081/6/6 16082/6/6 16088/6/6
f 16088/6/6 16083/6/6 16089/6/6
f 16089/6/6 16083/6/6 16090/6/6
f 16085/6/6 16086/6/6 16093/6/6
f 16084/6/6 16085/6/6 16093/6/6
f 16093/6/6 16086/6/6 16094/6/6
f 16094/6/6 16086/6/6 16095/6/6
f 16090/6/6 16091/6/6 16096/6/6
f 16089/6/6 16090/6/6 16096/6/6
f 16096/6/6 16091/6/6 16097/6/6
f 16097/6/6 16091/6/6 16098/6/6
f 16093/6/6 16094/6/6 16101/6/6
f 16092/6/6 16093/6/6 16101/6/6
f 16101/6/6 16094/6/6 16102/6/6
f 16102/6/6 16094/6/6 16103/6/6
f 16098/6/6 16099/6/6 16104/6/6
f 16097/6/6 16098/6/6 16104/6/6
f 16104/6/6 16099/6/6 16105/6/6
f 16105/6/6 16099/6/6 16106/6/6
f 16101/6/6 16102/6/6 16109/6/6
f 16100/6/6 16101/6/6 16109/6/6
f 16109/6/6 16102/6/6 16110/6/6
f 16110/6/6 16102/6/6 16111/6/6
f 16106/6/6 16107/6/6 16112/6/6
f 16105/6/6 16106/6/6 16112/6/6
f 16112/6/6 16107/6/6 16113/6/6
f 16109/6/6 16110/6/6 16116/6/6
f 16108/6/6 16109/6/6 16116/6/6
f 16116/6/6 16110/6/6 16117/6/6
f 16114/6/6 16115/6/6 16118/6/6
f 16118/6/6 16115/6/6 16119/6/6
f 16120/6/6 16121/6/6 16128/6/6
f 16128/6/6 16121/6/6 16129/6/6
f 16122/6/6 16123/6/6 16130/6/6
f 16130/6/6 16123/6/6 16131/6/6
f 16124/6/6 16125/6/6 16132/6/6
f 16132/6/6 16125/6/6 16133/6/6
f 16126/6/6 16127/6/6 16136/6/6
f 16136/6/6 16127/6/6 16137/6/6
f 16134/6/6 16135/6/6 16138/6/6
f 16138/6/6 16135/6/6 16139/6/6
f 16140/5/6 16141/5/6 16142/5/6
f 16142/5/6 16141/5/6 16143/5/6
f 16144/6/6 16145/6/6 16146/6/6
f 16146/6/6 16145/6/6 16147/6/6
f 16147/6/6 16145/6/6 16148/6/6
f 16148/6/6 16145/6/6 16149/6/6
f 16149/6/6 16145/6/6 16150/6/6
f 16150/6/6 16145/6/6 16151/6/6
f 16144/6/6 16146/6/6 16152/6/6
f 16152/6/6 16146/6/6 16153/6/6
f 16147/6/6 16148/6/6 16154/6/6
f 16154/6/6 16148/6/6 16155/6/6
f 16149/6/6 16150/6/6 16156/6/6
f 16156/6/6 16150/6/6 16157/6/6
f 16151/6/6 16145/6/6 16158/6/6
f 16158/6/6 16145/6/6 16159/6/6
f 16160/5/6 16161/5/6 16164/5/6
f 16164/5/6 16161/5/6 16165/5/6
f 16162/5/6 16163/5/6 16166/5/6
f 16166/5/6 16163/5/6 16167/5/6
f 16167/6/6 16168/6/6 16169/6/6
f 16169/6/6 16168/6/6 16170/6/6
f 16169/7/6 16170/7/6 16175/7/6
f 16170/3/6 16171/3/6 16176/3/6
f 16175/7/6 16170/7/6 16176/7/6
f 16171/2/6 16172/2/6 16177/2/6
f 16176/3/6 16171/3/6 16177/3/6
f 16177/2/6 16172/2/6 16178/2/6
f 16173/7/6 16174/7/6 16182/7/6
f 16182/7/6 16174/7/6 16183/7/6
f 16179/5/6 16180/5/6 16184/5/6
f 16184/5/6 16180/5/6 16185/5/6
f 16181/1/6 16182/1/6 16188/1/6
f 16188/1/6 16182/1/6 16189/1/6
f 16185/6/6 16186/6/6 16190/6/6
f 16190/6/6 16186/6/6 16191/6/6
f 16187/2/6 16188/2/6 16194/2/6
f 16194/2/6 16188/2/6 16195/2/6
f 16191/6/6 16192/6/6 16196/6/6
f 16196/6/6 16192/6/6 16197/6/6
f 16193/2/6 16194/2/6 16199/2/6
f 16199/2/6 16194/2/6 16200/2/6
f 16199/6/6 16200/6/6 16201/6/6
f 16201/6/6 16200/6/6 16202/6/6
f 16197/6/6 16198/6/6 16203/6/6
f 16203/6/6 16198/6/6 16204/6/6
f 16205/3/6 16206/3/6 16210/3/6
f 16210/3/6 16206/3/6 16211/3/6
f 16211/3/6 16206/3/6 16212/3/6
f 16207/5/6 16208/5/6 16213/5/6
f 16213/5/6 16208/5/6 16214/5/6
f 16209/2/6 16210/2/6 16217/2/6
f 16210/2/6 16211/2/6 16217/2/6
f 16217/2/6 16211/2/6 16218/2/6
f 16211/5/6 16212/5/6 16219/5/6
f 16218/2/6 16211/2/6 16219/2/6
f 16219/5/6 16212/5/6 16220/5/6
f 16214/5/6 16215/5/6 16221/5/6
f 16213/5/6 16214/5/6 16221/5/6
f 16221/5/6 16215/5/6 16222/5/6
f 16222/5/6 16215/5/6 16223/5/6
f 16217/5/6 16218/5/6 16226/5/6
f 16216/5/6 16217/5/6 16226/5/6
f 16218/2/6 16219/2/6 16227/2/6
f 16226/5/6 16218/5/6 16227/5/6
f 16227/2/6 16219/2/6 16228/2/6
f 16222/5/6 16223/5/6 16229/5/6
f 16223/5/6 16224/5/6 16229/5/6
f 16229/5/6 16224/5/6 16230/5/6
f 16230/5/6 16224/5/6 16231/5/6
f 16226/5/6 16227/5/6 16234/5/6
f 16225/5/6 16226/5/6 16234/5/6
f 16234/5/6 16227/5/6 16235/5/6
f 16231/5/6 16232/5/6 16236/5/6
f 16230/5/6 16231/5/6 16236/5/6
f 16234/5/6 16235/5/6 16238/5/6
f 16233/5/6 16234/5/6 16238/5/6
f 16238/5/6 16235/5/6 16239/5/6
f 16236/5/6 16237/5/6 16240/5/6
f 16230/5/6 16236/5/6 16240/5/6
f 16240/5/6 16237/5/6 16241/5/6
f 16233/5/6 16238/5/6 16243/5/6
f 16243/5/6 16238/5/6 16244/5/6
f 16244/5/6 16238/5/6 16245/5/6
f 16241/5/6 16237/5/6 16246/5/6
f 16246/5/6 16237/5/6 16247/5/6
f 16247/5/6 16237/5/6 16248/5/6
f 16242/5/6 16243/5/6 16250/5/6
f 16243/5/6 16244/5/6 16250/5/6
f 16250/5/6 16244/5/6 16251/5/6
f 16248/5/6 16249/5/6 16252/5/6
f 16247/5/6 16248/5/6 16252/5/6
f 16252/5/6 16249/5/6 16253/5/6
f 16242/5/6 16250/5/6 16255/5/6
f 16253/5/6 16249/5/6 16256/5/6
f 16254/5/6 16255/5/6 16258/5/6
f 16255/5/6 16250/5/6 16258/5/6
f 16258/5/6 16250/5/6 16259/5/6
f 16256/5/6 16257/5/6 16260/5/6
f 16253/5/6 16256/5/6 16260/5/6
f 16260/5/6 16257/5/6 16261/5/6
f 16254/5/6 16258/5/6 16262/5/6
f 16261/5/6 16257/5/6 16265/5/6
f 16262/5/6 16263/5/6 16266/5/6
f 16254/5/6 16262/5/6 16266/5/6
f 16266/5/6 16263/5/6 16267/5/6
f 16264/5/6 16265/5/6 16268/5/6
f 16265/5/6 16257/5/6 16268/5/6
f 16268/5/6 16257/5/6 16269/5/6
f 16267/5/6 16263/5/6 16270/5/6
f 16270/5/6 16263/5/6 16271/5/6
f 16270/3/6 16271/3/6 16272/3/6
f 16271/5/6 16263/5/6 16272/5/6
f 16272/5/6 16263/5/6 16273/5/6
f 16270/3/6 16272/3/6 16274/3/6
f 16272/3/6 16273/3/6 16274/3/6
f 16274/3/6 16273/3/6 16275/3/6
f 16273/5/6 16263/5/6 16276/5/6
f 16275/3/6 16273/3/6 16276/3/6
f 16276/5/6 16263/5/6 16277/5/6
f 16264/5/6 16268/5/6 16278/5/6
f 16278/5/6 16268/5/6 16279/5/6
f 16276/3/6 16277/3/6 16280/3/6
f 16275/2/6 16276/2/6 16280/2/6
f 16280/3/6 16277/3/6 16281/3/6
f 16275/2/6 16280/2/6 16282/2/6
f 16280/1/6 16281/1/6 16283/1/6
f 16282/2/6 16280/2/6 16283/2/6
f 16283/1/6 16281/1/6 16284/1/6
f 16282/7/6 16283/7/6 16285/7/6
f 16283/5/6 16284/5/6 16286/5/6
f 16285/7/6 16283/7/6 16286/7/6
f 16286/5/6 16284/5/6 16287/5/6
f 16264/5/6 16278/5/6 16290/5/6
f 16290/5/6 16278/5/6 16291/5/6
f 16291/5/6 16278/5/6 16292/5/6
f 16287/5/6 16288/5/6 16293/5/6
f 16286/5/6 16287/5/6 16293/5/6
f 16293/5/6 16288/5/6 16294/5/6
f 16294/5/6 16288/5/6 16295/5/6
f 16290/5/6 16291/5/6 16298/5/6
f 16289/5/6 16290/5/6 16298/5/6
f 16298/5/6 16291/5/6 16299/5/6
f 16299/5/6 16291/5/6 16300/5/6
f 16295/5/6 16296/5/6 16301/5/6
f 16294/5/6 16295/5/6 16301/5/6
f 16301/5/6 16296/5/6 16302/5/6
f 16302/5/6 16296/5/6 16303/5/6
f 16298/5/6 16299/5/6 16306/5/6
f 16297/5/6 16298/5/6 16306/5/6
f 16306/5/6 16299/5/6 16307/5/6
f 16307/5/6 16299/5/6 16308/5/6
f 16303/5/6 16304/5/6 16309/5/6
f 16302/5/6 16303/5/6 16309/5/6
f 16309/5/6 16304/5/6 16310/5/6
f 16310/5/6 16304/5/6 16311/5/6
f 16306/5/6 16307/5/6 16314/5/6
f 16305/5/6 16306/5/6 16314/5/6
f 16314/5/6 16307/5/6 16315/5/6
f 16315/5/6 16307/5/6 16316/5/6
f 16311/5/6 16312/5/6 16317/5/6
f 16310/5/6 16311/5/6 16317/5/6
f 16317/5/6 16312/5/6 16318/5/6
f 16318/5/6 16312/5/6 16319/5/6
f 16314/5/6 16315/5/6 16324/5/6
f 16313/5/6 16314/5/6 16324/5/6
f 16324/5/6 16315/5/6 16325/5/6
f 16325/5/6 16315/5/6 16326/5/6
f 16319/5/6 16320/5/6 16327/5/6
f 16318/5/6 16319/5/6 16327/5/6
f 16327/5/6 16320/5/6 16328/5/6
f 16328/5/6 16320/5/6 16329/5/6
f 16321/6/6 16322/6/6 16332/6/6
f 16332/6/6 16322/6/6 16333/6/6
f 16324/5/6 16325/5/6 16336/5/6
f 16323/5/6 16324/5/6 16336/5/6
f 16336/5/6 16325/5/6 16337/5/6
f 16337/5/6 16325/5/6 16338/5/6
f 16329/5/6 16330/5/6 16339/5/6
f 16328/5/6 16329/5/6 16339/5/6
f 16339/5/6 16330/5/6 16340/5/6
f 16333/6/6 16334/6/6 16341/6/6
f 16332/6/6 16333/6/6 16341/6/6
f 16331/6/6 16332/6/6 16341/6/6
f 16341/6/6 16334/6/6 16342/6/6
f 16336/5/6 16337/5/6 16343/5/6
f 16335/5/6 16336/5/6 16343/5/6
f 16343/5/6 16337/5/6 16344/5/6
f 16345/6/6 16346/6/6 16349/6/6
f 16347/6/6 16348/6/6 16350/6/6
f 16349/6/6 16346/6/6 16351/6/6
f 16351/6/6 16346/6/6 16352/6/6
f 16347/6/6 16350/6/6 16353/6/6
f 16353/6/6 16350/6/6 16354/6/6
f 16355/7/6 16356/7/6 16362/7/6
f 16362/7/6 16356/7/6 16363/7/6
f 16357/7/6 16358/7/6 16364/7/6
f 16358/3/6 16359/3/6 16365/3/6
f 16364/7/6 16358/7/6 16365/7/6
f 16359/1/6 16360/1/6 16366/1/6
f 16365/3/6 16359/3/6 16366/3/6
f 16360/5/6 16361/5/6 16367/5/6
f 16366/1/6 16360/1/6 16367/1/6
f 16367/5/6 16361/5/6 16368/5/6
f 16369/6/6 16370/6/6 16373/6/6
f 16373/6/6 16370/6/6 16374/6/6
f 16371/6/6 16372/6/6 16375/6/6
f 16375/6/6 16372/6/6 16376/6/6
f 16377/5/6 16378/5/6 16381/5/6
f 16381/5/6 16378/5/6 16382/5/6
f 16379/5/6 16380/5/6 16383/5/6
f 16383/5/6 16380/5/6 16384/5/6
f 16385/3/6 16386/3/6 16389/3/6
f 16389/3/6 16386/3/6 16390/3/6
f 16387/6/6 16388/6/6 16391/6/6
f 16391/6/6 16388/6/6 16392/6/6
f 16393/6/6 16394/6/6 16397/6/6
f 16397/6/6 16394/6/6 16398/6/6
f 16395/6/6 16396/6/6 16399/6/6
f 16399/6/6 16396/6/6 16400/6/6
f 16401/5/6 16402/5/6 16405/5/6
f 16405/5/6 16402/5/6 16406/5/6
f 16403/5/6 16404/5/6 16407/5/6
f 16407/5/6 16404/5/6 16408/5/6
f 16409/6/6 16410/6/6 16413/6/6
f 16413/6/6 16410/6/6 16414/6/6
f 16411/6/6 16412/6/6 16415/6/6
f 16415/6/6 16412/6/6 16416/6/6
f 16417/5/6 16418/5/6 16421/5/6
f 16421/5/6 16418/5/6 16422/5/6
f 16421/3/6 16422/3/6 16423/3/6
f 16423/3/6 16422/3/6 16424/3/6
f 16423/2/6 16424/2/6 16425/2/6
f 16425/2/6 16424/2/6 16426/2/6
f 16425/1/6 16426/1/6 16427/1/6
f 16427/1/6 16426/1/6 16428/1/6
f 16427/7/6 16428/7/6 16429/7/6
f 16429/7/6 16428/7/6 16430/7/6
f 16419/5/6 16420/5/6 16431/5/6
f 16431/5/6 16420/5/6 16432/5/6
f 16433/6/6 16434/6/6 16437/6/6
f 16437/6/6 16434/6/6 16438/6/6
f 16435/6/6 16436/6/6 16439/6/6
f 16439/6/6 16436/6/6 16440/6/6
f 16441/6/6 16442/6/6 16445/6/6
f 16445/6/6 16442/6/6 16446/6/6
f 16443/6/6 16444/6/6 16447/6/6
f 16447/6/6 16444/6/6 16448/6/6
f 16449/6/6 16450/6/6 16453/6/6
f 16453/6/6 16450/6/6 16454/6/6
f 16451/6/6 16452/6/6 16455/6/6
f 16455/6/6 16452/6/6 16456/6/6
f 16457/7/6 16458/7/6 16465/7/6
f 16465/7/6 16458/7/6 16466/7/6
f 16459/7/6 16460/7/6 16467/7/6
f 16460/3/6 16461/3/6 16468/3/6
f 16467/7/6 16460/7/6 16468/7/6
f 16461/7/6 16462/7/6 16469/7/6
f 16468/3/6 16461/3/6 16469/3/6
f 16462/6/6 16463/6/6 16470/6/6
f 16469/7/6 16462/7/6 16470/7/6
f 16470/6/6 16463/6/6 16471/6/6
f 16464/1/6 16465/1/6 16473/1/6
f 16465/7/6 16466/7/6 16474/7/6
f 16473/1/6 16465/1/6 16474/1/6
f 16474/7/6 16466/7/6 16475/7/6
f 16470/6/6 16471/6/6 16476/6/6
f 16471/2/6 16472/2/6 16477/2/6
f 16476/6/6 16471/6/6 16477/6/6
f 16473/7/6 16474/7/6 16479/7/6
f 16479/7/6 16474/7/6 16480/7/6
f 16477/2/6 16472/2/6 16481/2/6
f 16479/6/6 16480/6/6 16484/6/6
f 16478/6/6 16479/6/6 16484/6/6
f 16484/6/6 16480/6/6 16485/6/6
f 16485/6/6 16480/6/6 16486/6/6
f 16477/2/6 16481/2/6 16487/2/6
f 16481/6/6 16482/6/6 16488/6/6
f 16487/2/6 16481/2/6 16488/2/6
f 16488/6/6 16482/6/6 16489/6/6
f 16483/6/6 16484/6/6 16491/6/6
f 16484/6/6 16485/6/6 16491/6/6
f 16491/6/6 16485/6/6 16492/6/6
f 16489/6/6 16490/6/6 16493/6/6
f 16488/6/6 16489/6/6 16493/6/6
f 16493/6/6 16490/6/6 16494/6/6
f 16483/6/6 16491/6/6 16496/6/6
f 16496/6/6 16491/6/6 16497/6/6
f 16494/6/6 16490/6/6 16498/6/6
f 16498/6/6 16490/6/6 16499/6/6
f 16496/2/6 16497/2/6 16502/2/6
f 16495/2/6 16496/2/6 16502/2/6
f 16502/2/6 16497/2/6 16503/2/6
f 16503/2/6 16497/2/6 16504/2/6
f 16499/6/6 16500/6/6 16505/6/6
f 16498/6/6 16499/6/6 16505/6/6
f 16505/6/6 16500/6/6 16506/6/6
f 16506/6/6 16500/6/6 16507/6/6
f 16502/6/6 16503/6/6 16509/6/6
f 16501/6/6 16502/6/6 16509/6/6
f 16509/6/6 16503/6/6 16510/6/6
f 16507/6/6 16508/6/6 16511/6/6
f 16506/6/6 16507/6/6 16511/6/6
f 16511/6/6 16508/6/6 16512/6/6
f 16501/6/6 16509/6/6 16514/6/6
f 16512/6/6 16508/6/6 16515/6/6
f 16513/6/6 16514/6/6 16518/6/6
f 16514/6/6 16509/6/6 16519/6/6
f 16518/6/6 16514/6/6 16519/6/6
f 16519/6/6 16509/6/6 16520/6/6
f 16515/6/6 16516/6/6 16521/6/6
f 16512/6/6 16515/6/6 16521/6/6
f 16521/6/6 16516/6/6 16522/6/6
f 16522/6/6 16516/6/6 16523/6/6
f 16517/3/6 16518/3/6 16525/3/6
f 16518/6/6 16519/6/6 16526/6/6
f 16525/3/6 16518/3/6 16526/3/6
f 16526/6/6 16519/6/6 16527/6/6
f 16523/6/6 16524/6/6 16528/6/6
f 16522/6/6 16523/6/6 16528/6/6
f 16528/6/6 16524/6/6 16529/6/6
f 16525/6/6 16526/6/6 16531/6/6
f 16529/6/6 16524/6/6 16532/6/6
f 16530/6/6 16531/6/6 16534/6/6
f 16531/6/6 16526/6/6 16534/6/6
f 16534/6/6 16526/6/6 16535/6/6
f 16532/6/6 16533/6/6 16536/6/6
f 16529/6/6 16532/6/6 16536/6/6
f 16536/6/6 16533/6/6 16537/6/6
f 16530/6/6 16534/6/6 16539/6/6
f 16537/6/6 16533/6/6 16540/6/6
f 16538/5/6 16539/5/6 16542/5/6
f 16539/6/6 16534/6/6 16542/6/6
f 16542/6/6 16534/6/6 16543/6/6
f 16537/6/6 16540/6/6 16544/6/6
f 16540/5/6 16541/5/6 16545/5/6
f 16544/6/6 16540/6/6 16545/6/6
f 16538/5/6 16542/5/6 16546/5/6
f 16545/5/6 16541/5/6 16549/5/6
f 16538/5/6 16546/5/6 16550/5/6
f 16546/6/6 16547/6/6 16551/6/6
f 16550/5/6 16546/5/6 16551/5/6
f 16548/6/6 16549/6/6 16552/6/6
f 16549/5/6 16541/5/6 16552/5/6
f 16552/5/6 16541/5/6 16553/5/6
f 16551/6/6 16547/6/6 16554/6/6
f 16554/6/6 16547/6/6 16555/6/6
f 16554/2/6 16555/2/6 16556/2/6
f 16556/2/6 16555/2/6 16557/2/6
f 16556/3/6 16557/3/6 16558/3/6
f 16558/3/6 16557/3/6 16559/3/6
f 16558/1/6 16559/1/6 16560/1/6
f 16560/1/6 16559/1/6 16561/1/6
f 16548/6/6 16552/6/6 16563/6/6
f 16563/6/6 16552/6/6 16564/6/6
f 16562/6/6 16563/6/6 16564/6/6
f 16564/6/6 16552/6/6 16565/6/6
f 16562/6/6 16564/6/6 16567/6/6
f 16566/6/6 16567/6/6 16569/6/6
f 16567/6/6 16564/6/6 16570/6/6
f 16569/6/6 16567/6/6 16570/6/6
f 16570/6/6 16564/6/6 16571/6/6
f 16568/6/6 16569/6/6 16573/6/6
f 16569/6/6 16570/6/6 16573/6/6
f 16573/6/6 16570/6/6 16574/6/6
f 16574/6/6 16570/6/6 16575/6/6
f 16572/6/6 16573/6/6 16577/6/6
f 16573/6/6 16574/6/6 16577/6/6
f 16577/6/6 16574/6/6 16578/6/6
f 16578/6/6 16574/6/6 16579/6/6
f 16576/6/6 16577/6/6 16585/6/6
f 16577/6/6 16578/6/6 16585/6/6
f 16585/6/6 16578/6/6 16586/6/6
f 16586/6/6 16578/6/6 16587/6/6
f 16580/6/6 16581/6/6 16588/6/6
f 16588/6/6 16581/6/6 16589/6/6
f 16582/6/6 16583/6/6 16590/6/6
f 16590/6/6 16583/6/6 16591/6/6
f 16584/6/6 16585/6/6 16593/6/6
f 16585/6/6 16586/6/6 16593/6/6
f 16593/6/6 16586/6/6 16594/6/6
f 16594/6/6 16586/6/6 16595/6/6
f 16593/6/6 16594/6/6 16597/6/6
f 16592/6/6 16593/6/6 16597/6/6
f 16597/6/6 16594/6/6 16598/6/6
f 16598/6/6 16594/6/6 16599/6/6
f 16596/6/6 16597/6/6 16601/6/6
f 16597/6/6 16598/6/6 16601/6/6
f 16601/6/6 16598/6/6 16602/6/6
f 16602/6/6 16598/6/6 16603/6/6
f 16600/6/6 16601/6/6 16604/6/6
f 16601/6/6 16602/6/6 16604/6/6
f 16604/6/6 16602/6/6 16605/6/6
f 16606/2/6 16607/2/6 16608/2/6
f 16608/2/6 16607/2/6 16609/2/6
f 16608/3/6 16609/3/6 16610/3/6
f 16610/3/6 16609/3/6 16611/3/6
f 16610/7/6 16611/7/6 16612/7/6
f 16612/7/6 16611/7/6 16613/7/6
f 16614/6/6 16615/6/6 16616/6/6
f 16614/6/6 16616/6/6 16618/6/6
f 16616/6/6 16617/6/6 16618/6/6
f 16618/6/6 16617/6/6 16619/6/6
f 16620/6/6 16621/6/6 16623/6/6
f 16622/6/6 16623/6/6 16624/6/6
f 16623/6/6 16621/6/6 16625/6/6
f 16624/6/6 16623/6/6 16625/6/6
f 16625/6/6 16621/6/6 16626/6/6
f 16626/6/6 16621/6/6 16627/6/6
f 16624/5/6 16625/5/6 16630/5/6
f 16625/6/6 16626/6/6 16631/6/6
f 16630/5/6 16625/5/6 16631/5/6
f 16627/5/6 16628/5/6 16632/5/6
f 16631/6/6 16626/6/6 16632/6/6
f 16626/5/6 16627/5/6 16632/5/6
f 16632/5/6 16628/5/6 16633/5/6
f 16630/6/6 16631/6/6 16635/6/6
f 16633/6/6 16634/6/6 16635/6/6
f 16632/6/6 16633/6/6 16635/6/6
f 16631/6/6 16632/6/6 16635/6/6
f 16629/6/6 16630/6/6 16635/6/6
f 16635/6/6 16634/6/6 16636/6/6
f 16636/6/6 16634/6/6 16637/6/6
f 16637/6/6 16634/6/6 16638/6/6
f 16635/5/6 16636/5/6 16641/5/6
f 16636/6/6 16637/6/6 16642/6/6
f 16641/5/6 16636/5/6 16642/5/6
f 16638/5/6 16639/5/6 16643/5/6
f 16642/6/6 16637/6/6 16643/6/6
f 16637/5/6 16638/5/6 16643/5/6
f 16643/5/6 16639/5/6 16644/5/6
f 16641/6/6 16642/6/6 16647/6/6
f 16640/6/6 16641/6/6 16647/6/6
f 16643/6/6 16644/6/6 16647/6/6
f 16642/6/6 16643/6/6 16647/6/6
f 16647/6/6 16644/6/6 16648/6/6
f 16648/6/6 16644/6/6 16649/6/6
f 16644/2/6 16645/2/6 16650/2/6
f 16646/3/6 16647/3/6 16653/3/6
f 16647/6/6 16648/6/6 16654/6/6
f 16654/6/6 16648/6/6 16655/6/6
f 16649/6/6 16644/6/6 16656/6/6
f 16656/6/6 16644/6/6 16657/6/6
f 16644/2/6 16650/2/6 16658/2/6
f 16650/1/6 16651/1/6 16658/1/6
f 16658/1/6 16651/1/6 16659/1/6
f 16647/6/6 16654/6/6 16661/6/6
f 16661/6/6 16654/6/6 16662/6/6
f 16657/6/6 16644/6/6 16663/6/6
f 16663/6/6 16644/6/6 16664/6/6
f 16664/6/6 16644/6/6 16665/6/6
f 16644/2/6 16658/2/6 16666/2/6
f 16665/6/6 16644/6/6 16666/6/6
f 16659/5/6 16660/5/6 16667/5/6
f 16658/3/6 16659/3/6 16667/3/6
f 16667/5/6 16660/5/6 16668/5/6
f 16652/3/6 16653/3/6 16670/3/6
f 16647/6/6 16661/6/6 16671/6/6
f 16671/6/6 16661/6/6 16672/6/6
f 16664/6/6 16665/6/6 16673/6/6
f 16673/6/6 16665/6/6 16674/6/6
f 16666/2/6 16658/2/6 16675/2/6
f 16665/2/6 16666/2/6 16675/2/6
f 16658/3/6 16667/3/6 16676/3/6
f 16675/2/6 16658/2/6 16676/2/6
f 16667/6/6 16668/6/6 16677/6/6
f 16669/3/6 16670/3/6 16680/3/6
f 16675/1/6 16676/1/6 16681/1/6
f 16676/3/6 16667/3/6 16681/3/6
f 16667/6/6 16677/6/6 16682/6/6
f 16681/3/6 16667/3/6 16682/3/6
f 16677/6/6 16678/6/6 16682/6/6
f 16682/6/6 16678/6/6 16683/6/6
f 16679/6/6 16680/6/6 16685/6/6
f 16680/3/6 16670/3/6 16685/3/6
f 16653/3/6 16647/3/6 16686/3/6
f 16685/3/6 16670/3/6 16686/3/6
f 16670/3/6 16653/3/6 16686/3/6
f 16647/6/6 16671/6/6 16687/6/6
f 16687/6/6 16671/6/6 16688/6/6
f 16674/6/6 16665/6/6 16689/6/6
f 16689/6/6 16665/6/6 16690/6/6
f 16690/6/6 16665/6/6 16691/6/6
f 16665/2/6 16675/2/6 16692/2/6
f 16691/6/6 16665/6/6 16692/6/6
f 16679/6/6 16685/6/6 16694/6/6
f 16685/1/6 16686/1/6 16695/1/6
f 16694/6/6 16685/6/6 16695/6/6
f 16695/1/6 16686/1/6 16696/1/6
f 16647/6/6 16687/6/6 16697/6/6
f 16697/6/6 16687/6/6 16698/6/6
f 16698/6/6 16687/6/6 16699/6/6
f 16690/6/6 16691/6/6 16700/6/6
f 16700/6/6 16691/6/6 16701/6/6
f 16691/3/6 16692/3/6 16702/3/6
f 16701/6/6 16691/6/6 16702/6/6
f 16683/6/6 16684/6/6 16703/6/6
f 16682/6/6 16683/6/6 16703/6/6
f 16681/6/6 16682/6/6 16703/6/6
f 16693/6/6 16694/6/6 16706/6/6
f 16694/6/6 16695/6/6 16706/6/6
f 16647/6/6 16697/6/6 16707/6/6
f 16707/6/6 16697/6/6 16708/6/6
f 16702/3/6 16692/3/6 16709/3/6
f 16692/2/6 16675/2/6 16710/2/6
f 16709/3/6 16692/3/6 16710/3/6
f 16675/1/6 16681/1/6 16711/1/6
f 16710/2/6 16675/2/6 16711/2/6
f 16703/6/6 16704/6/6 16712/6/6
f 16695/3/6 16696/3/6 16714/3/6
f 16696/1/6 16686/1/6 16714/1/6
f 16686/3/6 16647/3/6 16715/3/6
f 16714/1/6 16686/1/6 16715/1/6
f 16647/6/6 16707/6/6 16716/6/6
f 16715/3/6 16647/3/6 16716/3/6
f 16716/6/6 16707/6/6 16717/6/6
f 16711/1/6 16681/1/6 16718/1/6
f 16705/6/6 16706/6/6 16720/6/6
f 16695/3/6 16714/3/6 16721/3/6
f 16714/3/6 16715/3/6 16721/3/6
f 16720/6/6 16706/6/6 16721/6/6
f 16706/6/6 16695/6/6 16721/6/6
f 16715/3/6 16716/3/6 16721/3/6
f 16721/3/6 16716/3/6 16722/3/6
f 16716/1/6 16717/1/6 16723/1/6
f 16722/3/6 16716/3/6 16723/3/6
f 16723/1/6 16717/1/6 16724/1/6
f 16718/1/6 16681/1/6 16725/1/6
f 16712/6/6 16713/6/6 16726/6/6
f 16725/1/6 16681/1/6 16726/1/6
f 16681/6/6 16703/6/6 16726/6/6
f 16703/6/6 16712/6/6 16726/6/6
f 16726/6/6 16713/6/6 16727/6/6
f 16722/3/6 16723/3/6 16729/3/6
f 16727/6/6 16728/6/6 16730/6/6
f 16726/6/6 16727/6/6 16730/6/6
f 16722/3/6 16729/3/6 16731/3/6
f 16730/6/6 16728/6/6 16734/6/6
f 16721/6/6 16722/6/6 16736/6/6
f 16720/6/6 16721/6/6 16736/6/6
f 16719/6/6 16720/6/6 16736/6/6
f 16733/6/6 16734/6/6 16737/6/6
f 16734/6/6 16728/6/6 16737/6/6
f 16731/6/6 16732/6/6 16739/6/6
f 16733/6/6 16737/6/6 16742/6/6
f 16739/6/6 16740/6/6 16743/6/6
f 16731/6/6 16739/6/6 16743/6/6
f 16743/6/6 16740/6/6 16744/6/6
f 16741/6/6 16742/6/6 16745/6/6
f 16742/6/6 16737/6/6 16746/6/6
f 16745/6/6 16742/6/6 16746/6/6
f 16722/3/6 16731/3/6 16747/3/6
f 16731/6/6 16743/6/6 16747/6/6
f 16747/6/6 16743/6/6 16748/6/6
f 16746/6/6 16737/6/6 16749/6/6
f 16749/6/6 16737/6/6 16750/6/6
f 16735/5/6 16736/5/6 16751/5/6
f 16736/6/6 16722/6/6 16752/6/6
f 16751/5/6 16736/5/6 16752/5/6
f 16750/6/6 16737/6/6 16755/6/6
f 16737/5/6 16738/5/6 16755/5/6
f 16755/5/6 16738/5/6 16756/5/6
f 16753/6/6 16754/6/6 16757/6/6
f 16757/6/6 16754/6/6 16758/6/6
f 16752/6/6 16722/6/6 16759/6/6
f 16759/6/6 16722/6/6 16760/6/6
f 16722/3/6 16747/3/6 16761/3/6
f 16760/6/6 16722/6/6 16761/6/6
f 16761/3/6 16747/3/6 16762/3/6
f 16750/6/6 16755/6/6 16765/6/6
f 16762/6/6 16763/6/6 16766/6/6
f 16761/6/6 16762/6/6 16766/6/6
f 16760/6/6 16761/6/6 16766/6/6
f 16764/6/6 16765/6/6 16769/6/6
f 16766/6/6 16767/6/6 16771/6/6
f 16760/6/6 16766/6/6 16771/6/6
f 16771/6/6 16767/6/6 16772/6/6
f 16768/6/6 16769/6/6 16775/6/6
f 16765/6/6 16755/6/6 16776/6/6
f 16774/6/6 16775/6/6 16776/6/6
f 16775/6/6 16769/6/6 16776/6/6
f 16769/6/6 16765/6/6 16776/6/6
f 16776/6/6 16755/6/6 16777/6/6
f 16772/6/6 16773/6/6 16778/6/6
f 16771/6/6 16772/6/6 16778/6/6
f 16770/6/6 16771/6/6 16778/6/6
f 16778/6/6 16773/6/6 16779/6/6
f 16779/6/6 16773/6/6 16780/6/6
f 16774/6/6 16776/6/6 16783/6/6
f 16780/6/6 16781/6/6 16784/6/6
f 16779/6/6 16780/6/6 16784/6/6
f 16782/6/6 16783/6/6 16787/6/6
f 16783/6/6 16776/6/6 16788/6/6
f 16787/6/6 16783/6/6 16788/6/6
f 16788/6/6 16776/6/6 16789/6/6
f 16784/6/6 16785/6/6 16790/6/6
f 16779/6/6 16784/6/6 16790/6/6
f 16790/6/6 16785/6/6 16791/6/6
f 16786/6/6 16787/6/6 16792/6/6
f 16787/6/6 16788/6/6 16792/6/6
f 16792/6/6 16788/6/6 16793/6/6
f 16791/6/6 16785/6/6 16794/6/6
f 16794/6/6 16785/6/6 16795/6/6
f 16795/6/6 16785/6/6 16796/6/6
f 16786/6/6 16792/6/6 16799/6/6
f 16799/6/6 16792/6/6 16800/6/6
f 16800/6/6 16792/6/6 16801/6/6
f 16796/6/6 16797/6/6 16802/6/6
f 16795/6/6 16796/6/6 16802/6/6
f 16802/6/6 16797/6/6 16803/6/6
f 16803/6/6 16797/6/6 16804/6/6
f 16799/6/6 16800/6/6 16805/6/6
f 16798/6/6 16799/6/6 16805/6/6
f 16805/6/6 16800/6/6 16806/6/6
f 16806/6/6 16800/6/6 16807/6/6
f 16803/6/6 16804/6/6 16808/6/6
f 16808/6/6 16804/6/6 16809/6/6
f 16809/6/6 16804/6/6 16810/6/6
f 16810/6/6 16804/6/6 16811/6/6
f 16805/6/6 16806/6/6 16812/6/6
f 16812/6/6 16806/6/6 16813/6/6
f 16813/6/6 16806/6/6 16814/6/6
f 16814/6/6 16806/6/6 16815/6/6
f 16809/6/6 16810/6/6 16816/6/6
f 16816/6/6 16810/6/6 16817/6/6
f 16813/6/6 16814/6/6 16818/6/6
f 16818/6/6 16814/6/6 16819/6/6
f 16819/6/6 16814/6/6 16820/6/6
f 16817/6/6 16810/6/6 16821/6/6
f 16821/6/6 16810/6/6 16822/6/6
f 16819/6/6 16820/6/6 16823/6/6
f 16823/6/6 16820/6/6 16824/6/6
f 16822/6/6 16810/6/6 16825/6/6
f 16825/6/6 16810/6/6 16826/6/6
f 16819/6/6 16823/6/6 16827/6/6
f 16827/6/6 16823/6/6 16828/6/6
f 16826/6/6 16810/6/6 16829/6/6
f 16829/6/6 16810/6/6 16830/6/6
f 16831/4/6 16832/4/6 16835/4/6
f 16835/4/6 16832/4/6 16836/4/6
f 16833/4/6 16834/4/6 16837/4/6
f 16837/4/6 16834/4/6 16838/4/6
f 16839/5/6 16840/5/6 16843/5/6
f 16843/5/6 16840/5/6 16844/5/6
f 16841/5/6 16842/5/6 16845/5/6
f 16845/5/6 16842/5/6 16846/5/6
f 16847/5/6 16848/5/6 16851/5/6
f 16851/5/6 16848/5/6 16852/5/6
f 16849/2/6 16850/2/6 16853/2/6
f 16853/2/6 16850/2/6 16854/2/6
f 16855/6/6 16856/6/6 16859/6/6
f 16859/6/6 16856/6/6 16860/6/6
f 16857/6/6 16858/6/6 16861/6/6
f 16861/6/6 16858/6/6 16862/6/6
f 16863/6/6 16864/6/6 16867/6/6
f 16867/6/6 16864/6/6 16868/6/6
f 16865/6/6 16866/6/6 16869/6/6
f 16869/6/6 16866/6/6 16870/6/6
f 16871/6/6 16872/6/6 16875/6/6
f 16875/6/6 16872/6/6 16876/6/6
f 16873/6/6 16874/6/6 16877/6/6
f 16877/6/6 16874/6/6 16878/6/6
f 16879/6/6 16880/6/6 16883/6/6
f 16883/6/6 16880/6/6 16884/6/6
f 16881/6/6 16882/6/6 16885/6/6
f 16885/6/6 16882/6/6 16886/6/6
f 16887/6/6 16888/6/6 16891/6/6
f 16891/6/6 16888/6/6 16892/6/6
f 16889/6/6 16890/6/6 16893/6/6
f 16893/6/6 16890/6/6 16894/6/6
f 16895/6/6 16896/6/6 16904/6/6
f 16904/6/6 16896/6/6 16905/6/6
f 16897/6/6 16898/6/6 16906/6/6
f 16906/6/6 16898/6/6 16907/6/6
f 16899/6/6 16900/6/6 16908/6/6
f 16908/6/6 16900/6/6 16909/6/6
f 16901/6/6 16902/6/6 16910/6/6
f 16910/6/6 16902/6/6 16911/6/6
f 16903/6/6 16904/6/6 16913/6/6
f 16913/6/6 16904/6/6 16914/6/6
f 16912/6/6 16913/6/6 16915/6/6
f 16915/6/6 16913/6/6 16916/6/6
f 16917/4/6 16918/4/6 16921/4/6
f 16921/4/6 16918/4/6 16922/4/6
f 16919/4/6 16920/4/6 16927/4/6
f 16927/4/6 16920/4/6 16928/4/6
f 16923/4/6 16924/4/6 16929/4/6
f 16929/4/6 16924/4/6 16930/4/6
f 16925/6/6 16926/6/6 16933/6/6
f 16933/6/6 16926/6/6 16934/6/6
f 16926/4/6 16927/4/6 16935/4/6
f 16934/6/6 16926/6/6 16935/6/6
f 16935/4/6 16927/4/6 16936/4/6
f 16930/4/6 16931/4/6 16937/4/6
f 16931/6/6 16932/6/6 16938/6/6
f 16937/4/6 16931/4/6 16938/4/6
f 16938/6/6 16932/6/6 16939/6/6
f 16939/6/6 16932/6/6 16940/6/6
f 16941/5/6 16942/5/6 16946/5/6
f 16943/5/6 16944/5/6 16947/5/6
f 16945/5/6 16946/5/6 16950/5/6
f 16946/5/6 16942/5/6 16951/5/6
f 16950/5/6 16946/5/6 16951/5/6
f 16951/5/6 16942/5/6 16952/5/6
f 16943/5/6 16947/5/6 16955/5/6
f 16947/5/6 16948/5/6 16955/5/6
f 16955/5/6 16948/5/6 16956/5/6
f 16948/3/6 16949/3/6 16957/3/6
f 16956/5/6 16948/5/6 16957/5/6
f 16957/3/6 16949/3/6 16958/3/6
f 16953/6/6 16954/6/6 16961/6/6
f 16961/6/6 16954/6/6 16962/6/6
f 16959/3/6 16960/3/6 16965/3/6
f 16965/3/6 16960/3/6 16966/3/6
f 16963/1/6 16964/1/6 16967/1/6
f 16967/1/6 16964/1/6 16968/1/6
f 16965/6/6 16966/6/6 16969/6/6
f 16967/6/6 16968/6/6 16974/6/6
f 16965/6/6 16969/6/6 16975/6/6
f 16975/6/6 16969/6/6 16976/6/6
f 16970/6/6 16971/6/6 16977/6/6
f 16977/6/6 16971/6/6 16978/6/6
f 16972/6/6 16973/6/6 16979/6/6
f 16979/6/6 16973/6/6 16980/6/6
f 16974/6/6 16968/6/6 16981/6/6
f 16981/6/6 16968/6/6 16982/6/6
f 16983/6/6 16984/6/6 16987/6/6
f 16987/6/6 16984/6/6 16988/6/6
f 16985/6/6 16986/6/6 16989/6/6
f 16989/6/6 16986/6/6 16990/6/6
f 16991/6/6 16992/6/6 16997/6/6
f 16997/6/6 16992/6/6 16998/6/6
f 16993/3/6 16994/3/6 16999/3/6
f 16999/3/6 16994/3/6 17000/3/6
f 16999/6/6 17000/6/6 17003/6/6
f 17003/6/6 17000/6/6 17004/6/6
f 16995/6/6 16996/6/6 17005/6/6
f 17005/6/6 16996/6/6 17006/6/6
f 17007/6/6 17008/6/6 17011/6/6
f 17011/6/6 17008/6/6 17012/6/6
f 17001/6/6 17002/6/6 17013/6/6
f 17013/6/6 17002/6/6 17014/6/6
f 17009/6/6 17010/6/6 17015/6/6
f 17015/6/6 17010/6/6 17016/6/6
f 17017/6/6 17018/6/6 17021/6/6
f 17021/6/6 17018/6/6 17022/6/6
f 17019/6/6 17020/6/6 17023/6/6
f 17023/6/6 17020/6/6 17024/6/6
f 17022/6/6 17018/6/6 17025/6/6
f 17025/6/6 17018/6/6 17026/6/6
f 17019/6/6 17023/6/6 17027/6/6
f 17027/6/6 17023/6/6 17028/6/6
f 17029/6/6 17030/6/6 17033/6/6
f 17033/6/6 17030/6/6 17034/6/6
f 17031/6/6 17032/6/6 17039/6/6
f 17039/6/6 17032/6/6 17040/6/6
f 17035/6/6 17036/6/6 17041/6/6
f 17041/6/6 17036/6/6 17042/6/6
f 17037/6/6 17038/6/6 17043/6/6
f 17043/6/6 17038/6/6 17044/6/6
f 17045/4/6 17046/4/6 17048/4/6
f 17048/4/6 17046/4/6 17049/4/6
f 17049/4/6 17046/4/6 17050/4/6
f 17050/4/6 17046/4/6 17051/4/6
f 17047/4/6 17048/4/6 17055/4/6
f 17048/4/6 17049/4/6 17055/4/6
f 17055/4/6 17049/4/6 17056/4/6
f 17056/4/6 17049/4/6 17057/4/6
f 17050/4/6 17051/4/6 17058/4/6
f 17051/4/6 17052/4/6 17058/4/6
f 17058/4/6 17052/4/6 17059/4/6
f 17059/4/6 17052/4/6 17060/4/6
f 17053/5/6 17054/5/6 17064/5/6
f 17064/5/6 17054/5/6 17065/5/6
f 17055/4/6 17056/4/6 17066/4/6
f 17066/4/6 17056/4/6 17067/4/6
f 17059/4/6 17060/4/6 17068/4/6
f 17068/4/6 17060/4/6 17069/4/6
f 17061/5/6 17062/5/6 17070/5/6
f 17070/5/6 17062/5/6 17071/5/6
f 17063/5/6 17064/5/6 17073/5/6
f 17073/5/6 17064/5/6 17074/5/6
f 17071/5/6 17072/5/6 17077/5/6
f 17077/5/6 17072/5/6 17078/5/6
f 17075/6/6 17076/6/6 17081/6/6
f 17081/6/6 17076/6/6 17082/6/6
f 17079/5/6 17080/5/6 17086/5/6
f 17086/5/6 17080/5/6 17087/5/6
f 17083/3/6 17084/3/6 17092/3/6
f 17092/3/6 17084/3/6 17093/3/6
f 17085/3/6 17086/3/6 17095/3/6
f 17088/4/6 17089/4/6 17096/4/6
f 17090/4/6 17091/4/6 17097/4/6
f 17093/2/6 17094/2/6 17098/2/6
f 17085/3/6 17095/3/6 17099/3/6
f 17099/3/6 17095/3/6 17100/3/6
f 17088/4/6 17096/4/6 17103/4/6
f 17103/4/6 17096/4/6 17104/4/6
f 17097/4/6 17091/4/6 17105/4/6
f 17105/4/6 17091/4/6 17106/4/6
f 17098/2/6 17094/2/6 17109/2/6
f 17109/2/6 17094/2/6 17110/2/6
f 17101/6/6 17102/6/6 17111/6/6
f 17107/6/6 17108/6/6 17112/6/6
f 17111/6/6 17102/6/6 17117/6/6
f 17117/6/6 17102/6/6 17118/6/6
f 17107/6/6 17112/6/6 17119/6/6
f 17119/6/6 17112/6/6 17120/6/6
f 17115/6/6 17116/6/6 17125/6/6
f 17121/6/6 17122/6/6 17126/6/6
f 17113/6/6 17114/6/6 17127/6/6
f 17127/6/6 17114/6/6 17128/6/6
f 17115/6/6 17125/6/6 17132/6/6
f 17132/6/6 17125/6/6 17133/6/6
f 17126/6/6 17122/6/6 17134/6/6
f 17134/6/6 17122/6/6 17135/6/6
f 17123/6/6 17124/6/6 17139/6/6
f 17139/6/6 17124/6/6 17140/6/6
f 17128/6/6 17129/6/6 17141/6/6
f 17141/6/6 17129/6/6 17142/6/6
f 17130/6/6 17131/6/6 17143/6/6
f 17136/6/6 17137/6/6 17144/6/6
f 17138/6/6 17139/6/6 17145/6/6
f 17145/6/6 17139/6/6 17146/6/6
f 17143/6/6 17131/6/6 17149/6/6
f 17149/6/6 17131/6/6 17150/6/6
f 17136/6/6 17144/6/6 17151/6/6
f 17151/6/6 17144/6/6 17152/6/6
f 17147/6/6 17148/6/6 17156/6/6
f 17156/6/6 17148/6/6 17157/6/6
f 17153/6/6 17154/6/6 17158/6/6
f 17158/6/6 17154/6/6 17159/6/6
f 17155/6/6 17156/6/6 17165/6/6
f 17165/6/6 17156/6/6 17166/6/6
f 17159/6/6 17160/6/6 17167/6/6
f 17167/6/6 17160/6/6 17168/6/6
f 17161/6/6 17162/6/6 17173/6/6
f 17173/6/6 17162/6/6 17174/6/6
f 17163/6/6 17164/6/6 17175/6/6
f 17175/6/6 17164/6/6 17176/6/6
f 17169/6/6 17170/6/6 17177/6/6
f 17177/6/6 17170/6/6 17178/6/6
f 17171/6/6 17172/6/6 17181/6/6
f 17181/6/6 17172/6/6 17182/6/6
f 17178/6/6 17179/6/6 17183/6/6
f 17183/6/6 17179/6/6 17184/6/6
f 17180/6/6 17181/6/6 17193/6/6
f 17193/6/6 17181/6/6 17194/6/6
f 17187/6/6 17188/6/6 17195/6/6
f 17189/6/6 17190/6/6 17196/6/6
f 17185/6/6 17186/6/6 17197/6/6
f 17197/6/6 17186/6/6 17198/6/6
f 17195/6/6 17196/6/6 17202/6/6
f 17187/6/6 17195/6/6 17202/6/6
f 17202/6/6 17196/6/6 17203/6/6
f 17196/6/6 17190/6/6 17204/6/6
f 17203/6/6 17196/6/6 17204/6/6
f 17204/6/6 17190/6/6 17205/6/6
f 17191/6/6 17192/6/6 17209/6/6
f 17209/6/6 17192/6/6 17210/6/6
f 17198/6/6 17199/6/6 17211/6/6
f 17211/6/6 17199/6/6 17212/6/6
f 17200/6/6 17201/6/6 17214/6/6
f 17214/6/6 17201/6/6 17215/6/6
f 17203/6/6 17204/6/6 17216/6/6
f 17216/6/6 17204/6/6 17217/6/6
f 17206/6/6 17207/6/6 17218/6/6
f 17218/6/6 17207/6/6 17219/6/6
f 17208/6/6 17209/6/6 17221/6/6
f 17221/6/6 17209/6/6 17222/6/6
f 17213/6/6 17214/6/6 17223/6/6
f 17219/6/6 17220/6/6 17228/6/6
f 17213/6/6 17223/6/6 17229/6/6
f 17223/6/6 17224/6/6 17229/6/6
f 17229/6/6 17224/6/6 17230/6/6
f 17230/6/6 17224/6/6 17231/6/6
f 17225/6/6 17226/6/6 17232/6/6
f 17232/6/6 17226/6/6 17233/6/6
f 17227/6/6 17228/6/6 17234/6/6
f 17228/6/6 17220/6/6 17235/6/6
f 17234/6/6 17228/6/6 17235/6/6
f 17235/6/6 17220/6/6 17236/6/6
f 17230/6/6 17231/6/6 17237/6/6
f 17232/6/6 17233/6/6 17237/6/6
f 17234/6/6 17235/6/6 17237/6/6
f 17233/6/6 17234/6/6 17237/6/6
f 17231/6/6 17232/6/6 17237/6/6
f 17237/6/6 17235/6/6 17238/6/6
f 17239/4/6 17240/4/6 17242/4/6
f 17242/4/6 17240/4/6 17243/4/6
f 17241/4/6 17242/4/6 17245/4/6
f 17243/4/6 17244/4/6 17245/4/6
f 17242/4/6 17243/4/6 17245/4/6
f 17245/4/6 17244/4/6 17246/4/6
f 17246/4/6 17244/4/6 17247/4/6
f 17247/4/6 17244/4/6 17248/4/6
f 17246/4/6 17247/4/6 17249/4/6
f 17249/4/6 17247/4/6 17250/4/6
f 17249/4/6 17250/4/6 17251/4/6
f 17251/4/6 17250/4/6 17252/4/6
f 17252/4/6 17250/4/6 17253/4/6
f 17253/4/6 17250/4/6 17254/4/6
f 17256/6/6 17257/6/6 17262/6/6
f 17255/6/6 17256/6/6 17262/6/6
f 17262/6/6 17257/6/6 17263/6/6
f 17258/6/6 17259/6/6 17264/6/6
f 17259/6/6 17260/6/6 17264/6/6
f 17264/6/6 17260/6/6 17265/6/6
f 17264/6/6 17265/6/6 17267/6/6
f 17265/6/6 17266/6/6 17267/6/6
f 17263/6/6 17264/6/6 17267/6/6
f 17262/6/6 17263/6/6 17267/6/6
f 17261/6/6 17262/6/6 17267/6/6
f 17267/6/6 17266/6/6 17268/6/6
f 17268/6/6 17266/6/6 17269/6/6
f 17269/6/6 17266/6/6 17270/6/6
f 17270/6/6 17266/6/6 17271/6/6
f 17271/6/6 17266/6/6 17272/6/6
f 17268/6/6 17269/6/6 17273/6/6
f 17273/6/6 17269/6/6 17274/6/6
f 17270/6/6 17271/6/6 17275/6/6
f 17275/6/6 17271/6/6 17276/6/6
f 17277/7/6 17278/7/6 17281/7/6
f 17281/7/6 17278/7/6 17282/7/6
f 17279/7/6 17280/7/6 17285/7/6
f 17283/7/6 17284/7/6 17285/7/6
f 17282/7/6 17283/7/6 17285/7/6
f 17281/7/6 17282/7/6 17285/7/6
f 17280/7/6 17281/7/6 17285/7/6
f 17285/7/6 17284/7/6 17286/7/6
f 17285/7/6 17286/7/6 17288/7/6
f 17288/7/6 17286/7/6 17289/7/6
f 17288/7/6 17289/7/6 17292/7/6
f 17289/7/6 17290/7/6 17292/7/6
f 17287/7/6 17288/7/6 17292/7/6
f 17292/7/6 17290/7/6 17293/7/6
f 17291/7/6 17292/7/6 17296/7/6
f 17293/7/6 17294/7/6 17296/7/6
f 17292/7/6 17293/7/6 17296/7/6
f 17296/7/6 17294/7/6 17297/7/6
f 17295/7/6 17296/7/6 17299/7/6
f 17297/7/6 17298/7/6 17299/7/6
f 17296/7/6 17297/7/6 17299/7/6
f 17299/7/6 17298/7/6 17300/7/6
f 17300/7/6 17298/7/6 17301/7/6
f 17301/7/6 17298/7/6 17302/7/6
f 17302/7/6 17298/7/6 17303/7/6
f 17303/7/6 17298/7/6 17304/7/6
f 17304/7/6 17298/7/6 17305/7/6
f 17305/7/6 17298/7/6 17306/7/6
f 17300/7/6 17301/7/6 17307/7/6
f 17301/6/6 17302/6/6 17308/6/6
f 17307/7/6 17301/7/6 17308/7/6
f 17302/7/6 17303/7/6 17309/7/6
f 17308/6/6 17302/6/6 17309/6/6
f 17309/7/6 17303/7/6 17310/7/6
f 17310/7/6 17303/7/6 17311/7/6
f 17303/6/6 17304/6/6 17312/6/6
f 17311/7/6 17303/7/6 17312/7/6
f 17304/7/6 17305/7/6 17313/7/6
f 17312/6/6 17304/6/6 17313/6/6
f 17313/7/6 17305/7/6 17314/7/6
f 17307/6/6 17308/6/6 17315/6/6
f 17308/6/6 17309/6/6 17315/6/6
f 17309/6/6 17310/6/6 17315/6/6
f 17315/6/6 17310/6/6 17316/6/6
f 17316/6/6 17310/6/6 17317/6/6
f 17317/6/6 17310/6/6 17318/6/6
f 17311/6/6 17312/6/6 17319/6/6
f 17313/6/6 17314/6/6 17319/6/6
f 17312/6/6 17313/6/6 17319/6/6
f 17319/6/6 17314/6/6 17320/6/6
f 17320/6/6 17314/6/6 17321/6/6
f 17321/6/6 17314/6/6 17322/6/6
f 17316/6/6 17317/6/6 17323/6/6
f 17323/6/6 17317/6/6 17324/6/6
f 17320/6/6 17321/6/6 17325/6/6
f 17325/6/6 17321/6/6 17326/6/6
f 17327/4/6 17328/4/6 17337/4/6
f 17337/4/6 17328/4/6 17338/4/6
f 17329/5/6 17330/5/6 17339/5/6
f 17339/5/6 17330/5/6 17340/5/6
f 17331/5/6 17332/5/6 17341/5/6
f 17341/5/6 17332/5/6 17342/5/6
f 17333/4/6 17334/4/6 17343/4/6
f 17343/4/6 17334/4/6 17344/4/6
f 17335/6/6 17336/6/6 17349/6/6
f 17349/6/6 17336/6/6 17350/6/6
f 17345/6/6 17346/6/6 17355/6/6
f 17355/6/6 17346/6/6 17356/6/6
f 17347/5/6 17348/5/6 17359/5/6
f 17359/5/6 17348/5/6 17360/5/6
f 17351/4/6 17352/4/6 17361/4/6
f 17361/4/6 17352/4/6 17362/4/6
f 17353/4/6 17354/4/6 17363/4/6
f 17363/4/6 17354/4/6 17364/4/6
f 17357/1/6 17358/1/6 17365/1/6
f 17365/1/6 17358/1/6 17366/1/6
f 17367/1/6 17368/1/6 17371/1/6
f 17371/1/6 17368/1/6 17372/1/6
f 17369/6/6 17370/6/6 17377/6/6
f 17377/6/6 17370/6/6 17378/6/6
f 17373/6/6 17374/6/6 17379/6/6
f 17379/6/6 17374/6/6 17380/6/6
f 17375/6/6 17376/6/6 17381/6/6
f 17381/6/6 17376/6/6 17382/6/6
f 17383/5/6 17384/5/6 17391/5/6
f 17391/5/6 17384/5/6 17392/5/6
f 17385/7/6 17386/7/6 17393/7/6
f 17393/7/6 17386/7/6 17394/7/6
f 17387/7/6 17388/7/6 17395/7/6
f 17395/7/6 17388/7/6 17396/7/6
f 17389/5/6 17390/5/6 17397/5/6
f 17397/5/6 17390/5/6 17398/5/6
f 17399/7/6 17400/7/6 17405/7/6
f 17405/7/6 17400/7/6 17406/7/6
f 17401/7/6 17402/7/6 17407/7/6
f 17407/7/6 17402/7/6 17408/7/6
f 17403/6/6 17404/6/6 17411/6/6
f 17411/6/6 17404/6/6 17412/6/6
f 17409/6/6 17410/6/6 17417/6/6
f 17417/6/6 17410/6/6 17418/6/6
f 17413/7/6 17414/7/6 17419/7/6
f 17419/7/6 17414/7/6 17420/7/6
f 17415/7/6 17416/7/6 17421/7/6
f 17421/7/6 17416/7/6 17422/7/6
f 17423/6/6 17424/6/6 17429/6/6
f 17429/6/6 17424/6/6 17430/6/6
f 17425/6/6 17426/6/6 17431/6/6
f 17431/6/6 17426/6/6 17432/6/6
f 17427/6/6 17428/6/6 17435/6/6
f 17435/6/6 17428/6/6 17436/6/6
f 17433/6/6 17434/6/6 17437/6/6
f 17437/6/6 17434/6/6 17438/6/6
f 17439/6/6 17440/6/6 17443/6/6
f 17443/6/6 17440/6/6 17444/6/6
f 17441/6/6 17442/6/6 17445/6/6
f 17445/6/6 17442/6/6 17446/6/6
f 17447/6/6 17448/6/6 17451/6/6
f 17451/6/6 17448/6/6 17452/6/6
f 17449/6/6 17450/6/6 17459/6/6
f 17459/6/6 17450/6/6 17460/6/6
f 17453/6/6 17454/6/6 17461/6/6
f 17461/6/6 17454/6/6 17462/6/6
f 17455/6/6 17456/6/6 17463/6/6
f 17463/6/6 17456/6/6 17464/6/6
f 17457/6/6 17458/6/6 17465/6/6
f 17465/6/6 17458/6/6 17466/6/6
f 17467/4/6 17468/4/6 17475/4/6
f 17468/5/6 17469/5/6 17476/5/6
f 17475/4/6 17468/4/6 17476/4/6
f 17476/5/6 17469/5/6 17477/5/6
f 17477/5/6 17469/5/6 17478/5/6
f 17470/5/6 17471/5/6 17483/5/6
f 17483/5/6 17471/5/6 17484/5/6
f 17471/4/6 17472/4/6 17485/4/6
f 17484/5/6 17471/5/6 17485/5/6
f 17485/4/6 17472/4/6 17486/4/6
f 17473/6/6 17474/6/6 17491/6/6
f 17491/6/6 17474/6/6 17492/6/6
f 17479/5/6 17480/5/6 17493/5/6
f 17493/5/6 17480/5/6 17494/5/6
f 17481/5/6 17482/5/6 17495/5/6
f 17495/5/6 17482/5/6 17496/5/6
f 17487/6/6 17488/6/6 17497/6/6
f 17497/6/6 17488/6/6 17498/6/6
f 17489/5/6 17490/5/6 17503/5/6
f 17503/5/6 17490/5/6 17504/5/6
f 17499/1/6 17500/1/6 17509/1/6
f 17509/1/6 17500/1/6 17510/1/6
f 17501/3/6 17502/3/6 17513/3/6
f 17513/3/6 17502/3/6 17514/3/6
f 17511/2/6 17512/2/6 17515/2/6
f 17515/2/6 17512/2/6 17516/2/6
f 17505/6/6 17506/6/6 17519/6/6
f 17519/6/6 17506/6/6 17520/6/6
f 17507/6/6 17508/6/6 17521/6/6
f 17521/6/6 17508/6/6 17522/6/6
f 17517/2/6 17518/2/6 17525/2/6
f 17525/2/6 17518/2/6 17526/2/6
f 17523/6/6 17524/6/6 17531/6/6
f 17525/6/6 17526/6/6 17532/6/6
f 17532/6/6 17526/6/6 17533/6/6
f 17527/6/6 17528/6/6 17535/6/6
f 17535/6/6 17528/6/6 17536/6/6
f 17529/6/6 17530/6/6 17537/6/6
f 17537/6/6 17530/6/6 17538/6/6
f 17531/6/6 17524/6/6 17540/6/6
f 17540/6/6 17524/6/6 17541/6/6
f 17532/5/6 17533/5/6 17542/5/6
f 17542/5/6 17533/5/6 17543/5/6
f 17534/7/6 17535/7/6 17546/7/6
f 17546/7/6 17535/7/6 17547/7/6
f 17538/7/6 17539/7/6 17548/7/6
f 17548/7/6 17539/7/6 17549/7/6
f 17540/5/6 17541/5/6 17552/5/6
f 17552/5/6 17541/5/6 17553/5/6
f 17544/7/6 17545/7/6 17557/7/6
f 17557/7/6 17545/7/6 17558/7/6
f 17550/7/6 17551/7/6 17559/7/6
f 17559/7/6 17551/7/6 17560/7/6
f 17556/7/6 17557/7/6 17564/7/6
f 17564/7/6 17557/7/6 17565/7/6
f 17560/7/6 17561/7/6 17566/7/6
f 17566/7/6 17561/7/6 17567/7/6
f 17554/5/6 17555/5/6 17568/5/6
f 17568/5/6 17555/5/6 17569/5/6
f 17562/5/6 17563/5/6 17570/5/6
f 17570/5/6 17563/5/6 17571/5/6
f 17572/6/6 17573/6/6 17580/6/6
f 17580/6/6 17573/6/6 17581/6/6
f 17576/6/6 17577/6/6 17582/6/6
f 17582/6/6 17577/6/6 17583/6/6
f 17578/6/6 17579/6/6 17588/6/6
f 17588/6/6 17579/6/6 17589/6/6
f 17574/6/6 17575/6/6 17590/6/6
f 17590/6/6 17575/6/6 17591/6/6
f 17584/6/6 17585/6/6 17594/6/6
f 17594/6/6 17585/6/6 17595/6/6
f 17586/6/6 17587/6/6 17596/6/6
f 17596/6/6 17587/6/6 17597/6/6
f 17592/6/6 17593/6/6 17600/6/6
f 17600/6/6 17593/6/6 17601/6/6
f 17598/6/6 17599/6/6 17602/6/6
f 17602/6/6 17599/6/6 17603/6/6
f 17604/6/6 17605/6/6 17608/6/6
f 17608/6/6 17605/6/6 17609/6/6
f 17606/6/6 17607/6/6 17612/6/6
f 17612/6/6 17607/6/6 17613/6/6
f 17609/6/6 17610/6/6 17614/6/6
f 17614/6/6 17610/6/6 17615/6/6
f 17611/6/6 17612/6/6 17620/6/6
f 17620/6/6 17612/6/6 17621/6/6
f 17616/6/6 17617/6/6 17622/6/6
f 17622/6/6 17617/6/6 17623/6/6
f 17618/6/6 17619/6/6 17628/6/6
f 17628/6/6 17619/6/6 17629/6/6
f 17624/6/6 17625/6/6 17630/6/6
f 17630/6/6 17625/6/6 17631/6/6
f 17626/6/6 17627/6/6 17632/6/6
f 17632/6/6 17627/6/6 17633/6/6
f 17634/6/6 17635/6/6 17644/6/6
f 17635/4/6 17636/4/6 17645/4/6
f 17644/6/6 17635/6/6 17645/6/6
f 17636/5/6 17637/5/6 17646/5/6
f 17645/4/6 17636/4/6 17646/4/6
f 17646/5/6 17637/5/6 17647/5/6
f 17647/5/6 17637/5/6 17648/5/6
f 17638/5/6 17639/5/6 17651/5/6
f 17651/5/6 17639/5/6 17652/5/6
f 17639/4/6 17640/4/6 17653/4/6
f 17652/5/6 17639/5/6 17653/5/6
f 17640/6/6 17641/6/6 17654/6/6
f 17653/4/6 17640/4/6 17654/4/6
f 17654/6/6 17641/6/6 17655/6/6
f 17642/5/6 17643/5/6 17659/5/6
f 17643/6/6 17644/6/6 17660/6/6
f 17644/6/6 17645/6/6 17660/6/6
f 17659/5/6 17643/5/6 17660/5/6
f 17660/6/6 17645/6/6 17661/6/6
f 17648/4/6 17649/4/6 17662/4/6
f 17647/4/6 17648/4/6 17662/4/6
f 17662/4/6 17649/4/6 17663/4/6
f 17663/4/6 17649/4/6 17664/4/6
f 17650/4/6 17651/4/6 17665/4/6
f 17651/4/6 17652/4/6 17665/4/6
f 17665/4/6 17652/4/6 17666/4/6
f 17666/4/6 17652/4/6 17667/4/6
f 17655/6/6 17656/6/6 17668/6/6
f 17654/6/6 17655/6/6 17668/6/6
f 17656/3/6 17657/3/6 17669/3/6
f 17668/6/6 17656/6/6 17669/6/6
f 17669/3/6 17657/3/6 17670/3/6
f 17658/5/6 17659/5/6 17674/5/6
f 17659/5/6 17660/5/6 17674/5/6
f 17674/5/6 17660/5/6 17675/5/6
f 17675/5/6 17660/5/6 17676/5/6
f 17669/3/6 17670/3/6 17677/3/6
f 17670/1/6 17671/1/6 17678/1/6
f 17677/3/6 17670/3/6 17678/3/6
f 17671/3/6 17672/3/6 17679/3/6
f 17678/1/6 17671/1/6 17679/1/6
f 17679/3/6 17672/3/6 17680/3/6
f 17673/3/6 17674/3/6 17682/3/6
f 17674/5/6 17675/5/6 17682/5/6
f 17682/5/6 17675/5/6 17683/5/6
f 17663/6/6 17664/6/6 17685/6/6
f 17665/6/6 17666/6/6 17686/6/6
f 17679/5/6 17680/5/6 17688/5/6
f 17680/2/6 17681/2/6 17689/2/6
f 17688/5/6 17680/5/6 17689/5/6
f 17684/6/6 17685/6/6 17691/6/6
f 17685/6/6 17664/6/6 17692/6/6
f 17691/6/6 17685/6/6 17692/6/6
f 17692/6/6 17664/6/6 17693/6/6
f 17686/6/6 17687/6/6 17694/6/6
f 17665/6/6 17686/6/6 17694/6/6
f 17694/6/6 17687/6/6 17695/6/6
f 17695/6/6 17687/6/6 17696/6/6
f 17689/2/6 17681/2/6 17698/2/6
f 17698/2/6 17681/2/6 17699/2/6
f 17673/3/6 17682/3/6 17700/3/6
f 17700/3/6 17682/3/6 17701/3/6
f 17691/6/6 17692/6/6 17703/6/6
f 17690/6/6 17691/6/6 17703/6/6
f 17703/6/6 17692/6/6 17704/6/6
f 17704/6/6 17692/6/6 17705/6/6
f 17696/6/6 17697/6/6 17706/6/6
f 17695/6/6 17696/6/6 17706/6/6
f 17706/6/6 17697/6/6 17707/6/6
f 17707/6/6 17697/6/6 17708/6/6
f 17698/6/6 17699/6/6 17710/6/6
f 17700/6/6 17701/6/6 17712/6/6
f 17712/6/6 17701/6/6 17713/6/6
f 17703/7/6 17704/7/6 17714/7/6
f 17702/7/6 17703/7/6 17714/7/6
f 17714/7/6 17704/7/6 17715/7/6
f 17715/7/6 17704/7/6 17716/7/6
f 17707/7/6 17708/7/6 17717/7/6
f 17708/7/6 17709/7/6 17717/7/6
f 17717/7/6 17709/7/6 17718/7/6
f 17718/7/6 17709/7/6 17719/7/6
f 17710/6/6 17699/6/6 17720/6/6
f 17720/6/6 17699/6/6 17721/6/6
f 17711/3/6 17712/3/6 17723/3/6
f 17723/3/6 17712/3/6 17724/3/6
f 17714/7/6 17715/7/6 17725/7/6
f 17725/7/6 17715/7/6 17726/7/6
f 17718/7/6 17719/7/6 17727/7/6
f 17727/7/6 17719/7/6 17728/7/6
f 17721/5/6 17722/5/6 17729/5/6
f 17729/5/6 17722/5/6 17730/5/6
f 17731/6/6 17732/6/6 17735/6/6
f 17733/6/6 17734/6/6 17740/6/6
f 17731/6/6 17735/6/6 17741/6/6
f 17736/6/6 17737/6/6 17743/6/6
f 17738/6/6 17739/6/6 17746/6/6
f 17740/6/6 17734/6/6 17748/6/6
f 17741/6/6 17742/6/6 17749/6/6
f 17731/6/6 17741/6/6 17749/6/6
f 17749/6/6 17742/6/6 17750/6/6
f 17743/6/6 17744/6/6 17751/6/6
f 17736/6/6 17743/6/6 17751/6/6
f 17751/6/6 17744/6/6 17752/6/6
f 17752/6/6 17744/6/6 17753/6/6
f 17745/6/6 17746/6/6 17754/6/6
f 17754/6/6 17746/6/6 17755/6/6
f 17746/6/6 17739/6/6 17756/6/6
f 17755/6/6 17746/6/6 17756/6/6
f 17747/6/6 17748/6/6 17757/6/6
f 17748/6/6 17734/6/6 17757/6/6
f 17757/6/6 17734/6/6 17758/6/6
f 17752/6/6 17753/6/6 17759/6/6
f 17759/6/6 17753/6/6 17760/6/6
f 17754/6/6 17755/6/6 17761/6/6
f 17761/6/6 17755/6/6 17762/6/6
f 17750/6/6 17742/6/6 17763/6/6
f 17747/6/6 17757/6/6 17766/6/6
f 17763/6/6 17764/6/6 17767/6/6
f 17750/6/6 17763/6/6 17767/6/6
f 17767/6/6 17764/6/6 17768/6/6
f 17768/6/6 17764/6/6 17769/6/6
f 17765/6/6 17766/6/6 17772/6/6
f 17766/6/6 17757/6/6 17773/6/6
f 17772/6/6 17766/6/6 17773/6/6
f 17773/6/6 17757/6/6 17774/6/6
f 17769/6/6 17770/6/6 17775/6/6
f 17768/6/6 17769/6/6 17775/6/6
f 17775/6/6 17770/6/6 17776/6/6
f 17776/6/6 17770/6/6 17777/6/6
f 17771/6/6 17772/6/6 17780/6/6
f 17772/6/6 17773/6/6 17780/6/6
f 17780/6/6 17773/6/6 17781/6/6
f 17781/6/6 17773/6/6 17782/6/6
f 17777/6/6 17778/6/6 17783/6/6
f 17776/6/6 17777/6/6 17783/6/6
f 17783/6/6 17778/6/6 17784/6/6
f 17784/6/6 17778/6/6 17785/6/6
f 17780/6/6 17781/6/6 17788/6/6
f 17779/6/6 17780/6/6 17788/6/6
f 17788/6/6 17781/6/6 17789/6/6
f 17789/6/6 17781/6/6 17790/6/6
f 17785/6/6 17786/6/6 17791/6/6
f 17784/6/6 17785/6/6 17791/6/6
f 17791/6/6 17786/6/6 17792/6/6
f 17788/6/6 17789/6/6 17793/6/6
f 17787/6/6 17788/6/6 17793/6/6
f 17793/6/6 17789/6/6 17794/6/6
f 17795/6/6 17796/6/6 17800/6/6
f 17800/6/6 17796/6/6 17801/6/6
f 17797/6/6 17798/6/6 17804/6/6
f 17804/6/6 17798/6/6 17805/6/6
f 17801/6/6 17802/6/6 17808/6/6
f 17799/6/6 17800/6/6 17808/6/6
f 17800/6/6 17801/6/6 17808/6/6
f 17805/6/6 17806/6/6 17809/6/6
f 17804/6/6 17805/6/6 17809/6/6
f 17803/6/6 17804/6/6 17809/6/6
f 17807/5/6 17808/5/6 17812/5/6
f 17812/5/6 17808/5/6 17813/5/6
f 17808/6/6 17802/6/6 17814/6/6
f 17813/5/6 17808/5/6 17814/5/6
f 17814/6/6 17802/6/6 17815/6/6
f 17815/6/6 17802/6/6 17816/6/6
f 17803/6/6 17809/6/6 17817/6/6
f 17817/6/6 17809/6/6 17818/6/6
f 17809/1/6 17810/1/6 17819/1/6
f 17819/1/6 17810/1/6 17820/1/6
f 17812/5/6 17813/5/6 17822/5/6
f 17811/1/6 17812/1/6 17822/1/6
f 17813/6/6 17814/6/6 17823/6/6
f 17822/5/6 17813/5/6 17823/5/6
f 17814/6/6 17815/6/6 17823/6/6
f 17823/6/6 17815/6/6 17824/6/6
f 17824/6/6 17815/6/6 17825/6/6
f 17818/6/6 17809/6/6 17826/6/6
f 17826/6/6 17809/6/6 17827/6/6
f 17811/1/6 17822/1/6 17828/1/6
f 17822/1/6 17823/1/6 17828/1/6
f 17828/1/6 17823/1/6 17829/1/6
f 17823/6/6 17824/6/6 17830/6/6
f 17829/1/6 17823/1/6 17830/1/6
f 17830/6/6 17824/6/6 17831/6/6
f 17831/6/6 17824/6/6 17832/6/6
f 17832/6/6 17824/6/6 17833/6/6
f 17827/6/6 17809/6/6 17834/6/6
f 17834/6/6 17809/6/6 17835/6/6
f 17835/6/6 17809/6/6 17836/6/6
f 17809/1/6 17819/1/6 17837/1/6
f 17836/6/6 17809/6/6 17837/6/6
f 17819/3/6 17820/3/6 17838/3/6
f 17837/1/6 17819/1/6 17838/1/6
f 17820/2/6 17821/2/6 17839/2/6
f 17838/3/6 17820/3/6 17839/3/6
f 17839/2/6 17821/2/6 17840/2/6
f 17831/6/6 17832/6/6 17841/6/6
f 17841/6/6 17832/6/6 17842/6/6
f 17835/6/6 17836/6/6 17843/6/6
f 17843/6/6 17836/6/6 17844/6/6
f 17845/6/6 17846/6/6 17849/6/6
f 17847/6/6 17848/6/6 17852/6/6
f 17849/6/6 17850/6/6 17853/6/6
f 17845/6/6 17849/6/6 17853/6/6
f 17853/6/6 17850/6/6 17854/6/6
f 17851/6/6 17852/6/6 17855/6/6
f 17852/6/6 17848/6/6 17855/6/6
f 17855/6/6 17848/6/6 17856/6/6
f 17854/6/6 17850/6/6 17857/6/6
f 17851/6/6 17855/6/6 17860/6/6
f 17857/6/6 17858/6/6 17861/6/6
f 17859/6/6 17860/6/6 17864/6/6
f 17861/6/6 17862/6/6 17865/6/6
f 17854/6/6 17857/6/6 17865/6/6
f 17857/6/6 17861/6/6 17865/6/6
f 17865/6/6 17862/6/6 17866/6/6
f 17863/6/6 17864/6/6 17867/6/6
f 17864/6/6 17860/6/6 17867/6/6
f 17860/6/6 17855/6/6 17867/6/6
f 17867/6/6 17855/6/6 17868/6/6
f 17866/6/6 17862/6/6 17869/6/6
f 17869/6/6 17862/6/6 17870/6/6
f 17863/6/6 17867/6/6 17871/6/6
f 17871/6/6 17867/6/6 17872/6/6
f 17870/6/6 17862/6/6 17873/6/6
f 17873/6/6 17862/6/6 17874/6/6
f 17874/6/6 17862/6/6 17875/6/6
f 17863/6/6 17871/6/6 17878/6/6
f 17878/6/6 17871/6/6 17879/6/6
f 17879/6/6 17871/6/6 17880/6/6
f 17875/6/6 17876/6/6 17881/6/6
f 17874/6/6 17875/6/6 17881/6/6
f 17881/6/6 17876/6/6 17882/6/6
f 17878/6/6 17879/6/6 17883/6/6
f 17877/6/6 17878/6/6 17883/6/6
f 17883/6/6 17879/6/6 17884/6/6
f 17885/3/6 17886/3/6 17893/3/6
f 17893/3/6 17886/3/6 17894/3/6
f 17887/6/6 17888/6/6 17895/6/6
f 17895/6/6 17888/6/6 17896/6/6
f 17889/6/6 17890/6/6 17897/6/6
f 17897/6/6 17890/6/6 17898/6/6
f 17891/2/6 17892/2/6 17899/2/6
f 17899/2/6 17892/2/6 17900/2/6
f 17901/5/6 17902/5/6 17909/5/6
f 17909/5/6 17902/5/6 17910/5/6
f 17903/7/6 17904/7/6 17911/7/6
f 17911/7/6 17904/7/6 17912/7/6
f 17905/7/6 17906/7/6 17913/7/6
f 17913/7/6 17906/7/6 17914/7/6
f 17907/5/6 17908/5/6 17915/5/6
f 17915/5/6 17908/5/6 17916/5/6
f 17917/5/6 17918/5/6 17925/5/6
f 17925/5/6 17918/5/6 17926/5/6
f 17919/7/6 17920/7/6 17927/7/6
f 17927/7/6 17920/7/6 17928/7/6
f 17921/7/6 17922/7/6 17929/7/6
f 17929/7/6 17922/7/6 17930/7/6
f 17923/5/6 17924/5/6 17931/5/6
f 17931/5/6 17924/5/6 17932/5/6
f 17933/6/6 17934/6/6 17941/6/6
f 17941/6/6 17934/6/6 17942/6/6
f 17935/6/6 17936/6/6 17943/6/6
f 17943/6/6 17936/6/6 17944/6/6
f 17937/6/6 17938/6/6 17949/6/6
f 17949/6/6 17938/6/6 17950/6/6
f 17939/6/6 17940/6/6 17951/6/6
f 17951/6/6 17940/6/6 17952/6/6
f 17945/6/6 17946/6/6 17953/6/6
f 17953/6/6 17946/6/6 17954/6/6
f 17947/6/6 17948/6/6 17955/6/6
f 17955/6/6 17948/6/6 17956/6/6
f 17957/6/6 17958/6/6 17961/6/6
f 17961/6/6 17958/6/6 17962/6/6
f 17959/6/6 17960/6/6 17963/6/6
f 17963/6/6 17960/6/6 17964/6/6
f 17965/6/6 17966/6/6 17969/6/6
f 17969/6/6 17966/6/6 17970/6/6
f 17967/6/6 17968/6/6 17971/6/6
f 17971/6/6 17968/6/6 17972/6/6
f 17973/6/6 17974/6/6 17977/6/6
f 17977/6/6 17974/6/6 17978/6/6
f 17975/6/6 17976/6/6 17979/6/6
f 17979/6/6 17976/6/6 17980/6/6
f 17981/6/6 17982/6/6 17985/6/6
f 17985/6/6 17982/6/6 17986/6/6
f 17983/6/6 17984/6/6 17989/6/6
f 17989/6/6 17984/6/6 17990/6/6
f 17987/6/6 17988/6/6 17991/6/6
f 17991/6/6 17988/6/6 17992/6/6
f 17993/6/6 17994/6/6 17997/6/6
f 17997/6/6 17994/6/6 17998/6/6
f 17995/6/6 17996/6/6 17999/6/6
f 17999/6/6 17996/6/6 18000/6/6
f 18001/6/6 18002/6/6 18005/6/6
f 18005/6/6 18002/6/6 18006/6/6
f 18003/6/6 18004/6/6 18009/6/6
f 18009/6/6 18004/6/6 18010/6/6
f 18007/6/6 18008/6/6 18011/6/6
f 18011/6/6 18008/6/6 18012/6/6
f 18013/6/6 18014/6/6 18016/6/6
f 18016/6/6 18014/6/6 18017/6/6
f 18017/6/6 18014/6/6 18018/6/6
f 18018/6/6 18014/6/6 18019/6/6
f 18015/6/6 18016/6/6 18021/6/6
f 18016/6/6 18017/6/6 18021/6/6
f 18021/6/6 18017/6/6 18022/6/6
f 18019/6/6 18020/6/6 18023/6/6
f 18018/6/6 18019/6/6 18023/6/6
f 18023/6/6 18020/6/6 18024/6/6
f 18015/6/6 18021/6/6 18025/6/6
f 18024/6/6 18020/6/6 18028/6/6
f 18025/6/6 18026/6/6 18029/6/6
f 18015/6/6 18025/6/6 18029/6/6
f 18029/6/6 18026/6/6 18030/6/6
f 18030/6/6 18026/6/6 18031/6/6
f 18027/6/6 18028/6/6 18032/6/6
f 18028/6/6 18020/6/6 18033/6/6
f 18032/6/6 18028/6/6 18033/6/6
f 18033/6/6 18020/6/6 18034/6/6
f 18030/6/6 18031/6/6 18035/6/6
f 18031/6/6 18032/6/6 18035/6/6
f 18032/6/6 18033/6/6 18035/6/6
f 18035/6/6 18033/6/6 18036/6/6
f 18037/6/6 18038/6/6 18040/6/6
f 18040/6/6 18038/6/6 18041/6/6
f 18039/6/6 18040/6/6 18043/6/6
f 18041/6/6 18042/6/6 18043/6/6
f 18040/6/6 18041/6/6 18043/6/6
f 18043/6/6 18042/6/6 18044/6/6
f 18044/6/6 18042/6/6 18045/6/6
f 18045/6/6 18042/6/6 18046/6/6
f 18044/6/6 18045/6/6 18047/6/6
f 18047/6/6 18045/6/6 18048/6/6
f 18049/1/6 18050/1/6 18057/1/6
f 18057/1/6 18050/1/6 18058/1/6
f 18051/7/6 18052/7/6 18059/7/6
f 18059/7/6 18052/7/6 18060/7/6
f 18053/7/6 18054/7/6 18061/7/6
f 18061/7/6 18054/7/6 18062/7/6
f 18055/4/6 18056/4/6 18063/4/6
f 18063/4/6 18056/4/6 18064/4/6
f 18065/4/6 18066/4/6 18073/4/6
f 18073/4/6 18066/4/6 18074/4/6
f 18067/7/6 18068/7/6 18075/7/6
f 18075/7/6 18068/7/6 18076/7/6
f 18069/7/6 18070/7/6 18077/7/6
f 18077/7/6 18070/7/6 18078/7/6
f 18071/4/6 18072/4/6 18079/4/6
f 18079/4/6 18072/4/6 18080/4/6
f 18081/6/6 18082/6/6 18089/6/6
f 18089/6/6 18082/6/6 18090/6/6
f 18083/7/6 18084/7/6 18091/7/6
f 18091/7/6 18084/7/6 18092/7/6
f 18085/7/6 18086/7/6 18093/7/6
f 18093/7/6 18086/7/6 18094/7/6
f 18087/6/6 18088/6/6 18095/6/6
f 18095/6/6 18088/6/6 18096/6/6
f 18097/6/6 18098/6/6 18105/6/6
f 18105/6/6 18098/6/6 18106/6/6
f 18099/6/6 18100/6/6 18107/6/6
f 18107/6/6 18100/6/6 18108/6/6
f 18101/6/6 18102/6/6 18109/6/6
f 18109/6/6 18102/6/6 18110/6/6
f 18103/6/6 18104/6/6 18111/6/6
f 18111/6/6 18104/6/6 18112/6/6
f 18113/6/6 18114/6/6 18117/6/6
f 18117/6/6 18114/6/6 18118/6/6
f 18115/6/6 18116/6/6 18119/6/6
f 18119/6/6 18116/6/6 18120/6/6
f 18121/7/6 18122/7/6 18125/7/6
f 18125/7/6 18122/7/6 18126/7/6
f 18123/7/6 18124/7/6 18127/7/6
f 18127/7/6 18124/7/6 18128/7/6
f 18129/7/6 18130/7/6 18133/7/6
f 18133/7/6 18130/7/6 18134/7/6
f 18131/7/6 18132/7/6 18135/7/6
f 18135/7/6 18132/7/6 18136/7/6
f 18137/6/6 18138/6/6 18141/6/6
f 18141/6/6 18138/6/6 18142/6/6
f 18139/6/6 18140/6/6 18143/6/6
f 18143/6/6 18140/6/6 18144/6/6
f 18145/6/6 18146/6/6 18149/6/6
f 18149/6/6 18146/6/6 18150/6/6
f 18147/6/6 18148/6/6 18155/6/6
f 18155/6/6 18148/6/6 18156/6/6
f 18151/7/6 18152/7/6 18157/7/6
f 18157/7/6 18152/7/6 18158/7/6
f 18153/7/6 18154/7/6 18159/7/6
f 18159/7/6 18154/7/6 18160/7/6
f 18161/7/6 18162/7/6 18165/7/6
f 18165/7/6 18162/7/6 18166/7/6
f 18163/7/6 18164/7/6 18167/7/6
f 18167/7/6 18164/7/6 18168/7/6
f 18169/7/6 18170/7/6 18175/7/6
f 18175/7/6 18170/7/6 18176/7/6
f 18171/7/6 18172/7/6 18177/7/6
f 18177/7/6 18172/7/6 18178/7/6
f 18173/6/6 18174/6/6 18181/6/6
f 18181/6/6 18174/6/6 18182/6/6
f 18179/6/6 18180/6/6 18183/6/6
f 18183/6/6 18180/6/6 18184/6/6
f 18185/6/6 18186/6/6 18189/6/6
f 18189/6/6 18186/6/6 18190/6/6
f 18187/6/6 18188/6/6 18193/6/6
f 18193/6/6 18188/6/6 18194/6/6
f 18190/6/6 18191/6/6 18195/6/6
f 18195/6/6 18191/6/6 18196/6/6
f 18192/6/6 18193/6/6 18197/6/6
f 18197/6/6 18193/6/6 18198/6/6
f 18195/7/6 18196/7/6 18199/7/6
f 18199/7/6 18196/7/6 18200/7/6
f 18197/7/6 18198/7/6 18201/7/6
f 18201/7/6 18198/7/6 18202/7/6
f 18199/6/6 18200/6/6 18204/6/6
f 18204/6/6 18200/6/6 18205/6/6
f 18201/6/6 18202/6/6 18206/6/6
f 18206/6/6 18202/6/6 18207/6/6
f 18203/6/6 18204/6/6 18209/6/6
f 18209/6/6 18204/6/6 18210/6/6
f 18207/6/6 18208/6/6 18211/6/6
f 18211/6/6 18208/6/6 18212/6/6
f 18213/4/6 18214/4/6 18217/4/6
f 18217/4/6 18214/4/6 18218/4/6
f 18215/1/6 18216/1/6 18219/1/6
f 18219/1/6 18216/1/6 18220/1/6
f 18221/4/6 18222/4/6 18225/4/6
f 18225/4/6 18222/4/6 18226/4/6
f 18223/4/6 18224/4/6 18227/4/6
f 18227/4/6 18224/4/6 18228/4/6
f 18229/6/6 18230/6/6 18233/6/6
f 18233/6/6 18230/6/6 18234/6/6
f 18231/6/6 18232/6/6 18235/6/6
f 18235/6/6 18232/6/6 18236/6/6
f 18237/6/6 18238/6/6 18245/6/6
f 18245/6/6 18238/6/6 18246/6/6
f 18239/6/6 18240/6/6 18247/6/6
f 18247/6/6 18240/6/6 18248/6/6
f 18241/6/6 18242/6/6 18249/6/6
f 18249/6/6 18242/6/6 18250/6/6
f 18243/6/6 18244/6/6 18251/6/6
f 18251/6/6 18244/6/6 18252/6/6
f 18253/4/6 18254/4/6 18257/4/6
f 18257/4/6 18254/4/6 18258/4/6
f 18255/1/6 18256/1/6 18263/1/6
f 18263/1/6 18256/1/6 18264/1/6
f 18259/4/6 18260/4/6 18265/4/6
f 18265/4/6 18260/4/6 18266/4/6
f 18261/3/6 18262/3/6 18267/3/6
f 18267/3/6 18262/3/6 18268/3/6
f 18271/3/6 18272/3/6 18273/3/6
f 18273/3/6 18272/3/6 18274/3/6
f 18269/4/6 18270/4/6 18275/4/6
f 18275/4/6 18270/4/6 18276/4/6
f 18273/4/6 18274/4/6 18277/4/6
f 18277/4/6 18274/4/6 18278/4/6
f 18279/6/6 18280/6/6 18285/6/6
f 18285/6/6 18280/6/6 18286/6/6
f 18281/6/6 18282/6/6 18287/6/6
f 18287/6/6 18282/6/6 18288/6/6
f 18283/6/6 18284/6/6 18291/6/6
f 18291/6/6 18284/6/6 18292/6/6
f 18289/6/6 18290/6/6 18293/6/6
f 18293/6/6 18290/6/6 18294/6/6
f 18295/6/6 18296/6/6 18299/6/6
f 18299/6/6 18296/6/6 18300/6/6
f 18297/2/6 18298/2/6 18301/2/6
f 18301/2/6 18298/2/6 18302/2/6
f 18303/4/6 18304/4/6 18307/4/6
f 18307/4/6 18304/4/6 18308/4/6
f 18308/4/6 18304/4/6 18309/4/6
f 18305/3/6 18306/3/6 18312/3/6
f 18312/3/6 18306/3/6 18313/3/6
f 18313/3/6 18306/3/6 18314/3/6
f 18309/4/6 18310/4/6 18315/4/6
f 18308/4/6 18309/4/6 18315/4/6
f 18315/4/6 18310/4/6 18316/4/6
f 18312/3/6 18313/3/6 18317/3/6
f 18311/3/6 18312/3/6 18317/3/6
f 18317/3/6 18313/3/6 18318/3/6
f 18311/3/6 18317/3/6 18321/3/6
f 18321/3/6 18317/3/6 18322/3/6
f 18319/6/6 18320/6/6 18325/6/6
f 18325/6/6 18320/6/6 18326/6/6
f 18316/4/6 18310/4/6 18328/4/6
f 18321/4/6 18322/4/6 18329/4/6
f 18323/6/6 18324/6/6 18331/6/6
f 18331/6/6 18324/6/6 18332/6/6
f 18327/4/6 18328/4/6 18337/4/6
f 18328/4/6 18310/4/6 18338/4/6
f 18337/4/6 18328/4/6 18338/4/6
f 18338/4/6 18310/4/6 18339/4/6
f 18329/4/6 18330/4/6 18340/4/6
f 18321/4/6 18329/4/6 18340/4/6
f 18340/4/6 18330/4/6 18341/4/6
f 18341/4/6 18330/4/6 18342/4/6
f 18333/6/6 18334/6/6 18347/6/6
f 18347/6/6 18334/6/6 18348/6/6
f 18335/6/6 18336/6/6 18349/6/6
f 18336/4/6 18337/4/6 18350/4/6
f 18349/6/6 18336/6/6 18350/6/6
f 18337/4/6 18338/4/6 18350/4/6
f 18350/4/6 18338/4/6 18351/4/6
f 18342/4/6 18343/4/6 18352/4/6
f 18341/4/6 18342/4/6 18352/4/6
f 18343/6/6 18344/6/6 18353/6/6
f 18352/4/6 18343/4/6 18353/4/6
f 18353/6/6 18344/6/6 18354/6/6
f 18345/6/6 18346/6/6 18355/6/6
f 18355/6/6 18346/6/6 18356/6/6
f 18357/4/6 18358/4/6 18361/4/6
f 18361/4/6 18358/4/6 18362/4/6
f 18359/1/6 18360/1/6 18363/1/6
f 18363/1/6 18360/1/6 18364/1/6
f 18365/4/6 18366/4/6 18369/4/6
f 18367/4/6 18368/4/6 18372/4/6
f 18371/3/6 18372/3/6 18373/3/6
f 18372/4/6 18368/4/6 18374/4/6
f 18373/3/6 18372/3/6 18374/3/6
f 18369/4/6 18370/4/6 18378/4/6
f 18365/4/6 18369/4/6 18378/4/6
f 18378/4/6 18370/4/6 18379/4/6
f 18379/4/6 18370/4/6 18380/4/6
f 18373/4/6 18374/4/6 18381/4/6
f 18374/4/6 18368/4/6 18382/4/6
f 18381/4/6 18374/4/6 18382/4/6
f 18382/4/6 18368/4/6 18383/4/6
f 18375/6/6 18376/6/6 18387/6/6
f 18387/6/6 18376/6/6 18388/6/6
f 18377/4/6 18378/4/6 18391/4/6
f 18378/4/6 18379/4/6 18391/4/6
f 18391/4/6 18379/4/6 18392/4/6
f 18383/4/6 18384/4/6 18393/4/6
f 18382/4/6 18383/4/6 18393/4/6
f 18393/4/6 18384/4/6 18394/4/6
f 18385/6/6 18386/6/6 18397/6/6
f 18397/6/6 18386/6/6 18398/6/6
f 18389/6/6 18390/6/6 18399/6/6
f 18399/6/6 18390/6/6 18400/6/6
f 18395/6/6 18396/6/6 18401/6/6
f 18401/6/6 18396/6/6 18402/6/6
f 18403/4/6 18404/4/6 18408/4/6
f 18405/4/6 18406/4/6 18409/4/6
f 18407/4/6 18408/4/6 18412/4/6
f 18408/4/6 18404/4/6 18413/4/6
f 18412/4/6 18408/4/6 18413/4/6
f 18413/4/6 18404/4/6 18414/4/6
f 18409/4/6 18410/4/6 18415/4/6
f 18405/4/6 18409/4/6 18415/4/6
f 18415/4/6 18410/4/6 18416/4/6
f 18416/4/6 18410/4/6 18417/4/6
f 18411/6/6 18412/6/6 18419/6/6
f 18412/4/6 18413/4/6 18420/4/6
f 18419/6/6 18412/6/6 18420/6/6
f 18420/4/6 18413/4/6 18421/4/6
f 18416/4/6 18417/4/6 18422/4/6
f 18417/6/6 18418/6/6 18423/6/6
f 18422/4/6 18417/4/6 18423/4/6
f 18423/6/6 18418/6/6 18424/6/6
f 18425/6/6 18426/6/6 18433/6/6
f 18433/6/6 18426/6/6 18434/6/6
f 18427/6/6 18428/6/6 18435/6/6
f 18435/6/6 18428/6/6 18436/6/6
f 18429/1/6 18430/1/6 18437/1/6
f 18437/1/6 18430/1/6 18438/1/6
f 18431/6/6 18432/6/6 18439/6/6
f 18439/6/6 18432/6/6 18440/6/6
f 18441/6/6 18442/6/6 18449/6/6
f 18449/6/6 18442/6/6 18450/6/6
f 18447/6/6 18448/6/6 18451/6/6
f 18451/6/6 18448/6/6 18452/6/6
f 18443/4/6 18444/4/6 18456/4/6
f 18456/4/6 18444/4/6 18457/4/6
f 18445/4/6 18446/4/6 18458/4/6
f 18458/4/6 18446/4/6 18459/4/6
f 18453/6/6 18454/6/6 18463/6/6
f 18463/6/6 18454/6/6 18464/6/6
f 18455/6/6 18456/6/6 18465/6/6
f 18465/6/6 18456/6/6 18466/6/6
f 18459/6/6 18460/6/6 18467/6/6
f 18467/6/6 18460/6/6 18468/6/6
f 18461/6/6 18462/6/6 18469/6/6
f 18469/6/6 18462/6/6 18470/6/6
f 18471/6/6 18472/6/6 18479/6/6
f 18479/6/6 18472/6/6 18480/6/6
f 18473/6/6 18474/6/6 18481/6/6
f 18481/6/6 18474/6/6 18482/6/6
f 18475/6/6 18476/6/6 18483/6/6
f 18483/6/6 18476/6/6 18484/6/6
f 18477/6/6 18478/6/6 18485/6/6
f 18485/6/6 18478/6/6 18486/6/6
f 18487/6/6 18488/6/6 18495/6/6
f 18495/6/6 18488/6/6 18496/6/6
f 18489/6/6 18490/6/6 18499/6/6
f 18499/6/6 18490/6/6 18500/6/6
f 18491/6/6 18492/6/6 18501/6/6
f 18501/6/6 18492/6/6 18502/6/6
f 18493/6/6 18494/6/6 18505/6/6
f 18505/6/6 18494/6/6 18506/6/6
f 18497/6/6 18498/6/6 18507/6/6
f 18507/6/6 18498/6/6 18508/6/6
f 18503/6/6 18504/6/6 18509/6/6
f 18509/6/6 18504/6/6 18510/6/6
f 18511/3/6 18512/3/6 18519/3/6
f 18519/3/6 18512/3/6 18520/3/6
f 18513/4/6 18514/4/6 18521/4/6
f 18521/4/6 18514/4/6 18522/4/6
f 18515/4/6 18516/4/6 18523/4/6
f 18523/4/6 18516/4/6 18524/4/6
f 18517/4/6 18518/4/6 18525/4/6
f 18525/4/6 18518/4/6 18526/4/6
f 18527/6/6 18528/6/6 18535/6/6
f 18535/6/6 18528/6/6 18536/6/6
f 18529/6/6 18530/6/6 18537/6/6
f 18537/6/6 18530/6/6 18538/6/6
f 18531/6/6 18532/6/6 18539/6/6
f 18539/6/6 18532/6/6 18540/6/6
f 18533/6/6 18534/6/6 18541/6/6
f 18541/6/6 18534/6/6 18542/6/6
f 18543/6/6 18544/6/6 18551/6/6
f 18551/6/6 18544/6/6 18552/6/6
f 18545/6/6 18546/6/6 18553/6/6
f 18553/6/6 18546/6/6 18554/6/6
f 18547/6/6 18548/6/6 18555/6/6
f 18555/6/6 18548/6/6 18556/6/6
f 18549/6/6 18550/6/6 18557/6/6
f 18557/6/6 18550/6/6 18558/6/6
f 18559/6/6 18560/6/6 18567/6/6
f 18567/6/6 18560/6/6 18568/6/6
f 18561/6/6 18562/6/6 18569/6/6
f 18569/6/6 18562/6/6 18570/6/6
f 18563/6/6 18564/6/6 18571/6/6
f 18571/6/6 18564/6/6 18572/6/6
f 18565/6/6 18566/6/6 18573/6/6
f 18573/6/6 18566/6/6 18574/6/6
f 18575/1/6 18576/1/6 18583/1/6
f 18583/1/6 18576/1/6 18584/1/6
f 18577/4/6 18578/4/6 18585/4/6
f 18585/4/6 18578/4/6 18586/4/6
f 18579/1/6 18580/1/6 18587/1/6
f 18587/1/6 18580/1/6 18588/1/6
f 18581/5/6 18582/5/6 18589/5/6
f 18589/5/6 18582/5/6 18590/5/6
f 18591/5/6 18592/5/6 18599/5/6
f 18599/5/6 18592/5/6 18600/5/6
f 18593/6/6 18594/6/6 18601/6/6
f 18601/6/6 18594/6/6 18602/6/6
f 18595/6/6 18596/6/6 18603/6/6
f 18603/6/6 18596/6/6 18604/6/6
f 18597/5/6 18598/5/6 18605/5/6
f 18605/5/6 18598/5/6 18606/5/6
f 18607/6/6 18608/6/6 18615/6/6
f 18615/6/6 18608/6/6 18616/6/6
f 18609/6/6 18610/6/6 18617/6/6
f 18617/6/6 18610/6/6 18618/6/6
f 18611/6/6 18612/6/6 18619/6/6
f 18619/6/6 18612/6/6 18620/6/6
f 18613/6/6 18614/6/6 18621/6/6
f 18621/6/6 18614/6/6 18622/6/6
f 18623/6/6 18624/6/6 18631/6/6
f 18631/6/6 18624/6/6 18632/6/6
f 18625/6/6 18626/6/6 18633/6/6
f 18633/6/6 18626/6/6 18634/6/6
f 18627/6/6 18628/6/6 18635/6/6
f 18635/6/6 18628/6/6 18636/6/6
f 18629/6/6 18630/6/6 18637/6/6
f 18637/6/6 18630/6/6 18638/6/6
f 18639/3/6 18640/3/6 18647/3/6
f 18640/5/6 18641/5/6 18648/5/6
f 18647/3/6 18640/3/6 18648/3/6
f 18648/5/6 18641/5/6 18649/5/6
f 18642/2/6 18643/2/6 18654/2/6
f 18643/3/6 18644/3/6 18655/3/6
f 18654/2/6 18643/2/6 18655/2/6
f 18655/3/6 18644/3/6 18656/3/6
f 18645/5/6 18646/5/6 18659/5/6
f 18659/5/6 18646/5/6 18660/5/6
f 18650/4/6 18651/4/6 18661/4/6
f 18661/4/6 18651/4/6 18662/4/6
f 18652/4/6 18653/4/6 18663/4/6
f 18663/4/6 18653/4/6 18664/4/6
f 18657/5/6 18658/5/6 18665/5/6
f 18665/5/6 18658/5/6 18666/5/6
f 18667/6/6 18668/6/6 18675/6/6
f 18673/6/6 18674/6/6 18676/6/6
f 18667/6/6 18675/6/6 18677/6/6
f 18677/6/6 18675/6/6 18678/6/6
f 18669/6/6 18670/6/6 18679/6/6
f 18679/6/6 18670/6/6 18680/6/6
f 18671/6/6 18672/6/6 18681/6/6
f 18681/6/6 18672/6/6 18682/6/6
f 18676/6/6 18674/6/6 18683/6/6
f 18683/6/6 18674/6/6 18684/6/6
f 18685/6/6 18686/6/6 18693/6/6
f 18693/6/6 18686/6/6 18694/6/6
f 18687/6/6 18688/6/6 18697/6/6
f 18697/6/6 18688/6/6 18698/6/6
f 18689/6/6 18690/6/6 18699/6/6
f 18699/6/6 18690/6/6 18700/6/6
f 18691/6/6 18692/6/6 18703/6/6
f 18703/6/6 18692/6/6 18704/6/6
f 18695/6/6 18696/6/6 18705/6/6
f 18705/6/6 18696/6/6 18706/6/6
f 18701/6/6 18702/6/6 18707/6/6
f 18707/6/6 18702/6/6 18708/6/6
f 18709/2/6 18710/2/6 18717/2/6
f 18710/5/6 18711/5/6 18718/5/6
f 18717/2/6 18710/2/6 18718/2/6
f 18718/5/6 18711/5/6 18719/5/6
f 18711/6/6 18712/6/6 18720/6/6
f 18719/5/6 18711/5/6 18720/5/6
f 18720/6/6 18712/6/6 18721/6/6
f 18713/1/6 18714/1/6 18724/1/6
f 18714/2/6 18715/2/6 18725/2/6
f 18724/1/6 18714/1/6 18725/1/6
f 18725/2/6 18715/2/6 18726/2/6
f 18726/2/6 18715/2/6 18727/2/6
f 18716/5/6 18717/5/6 18729/5/6
f 18717/5/6 18718/5/6 18729/5/6
f 18729/5/6 18718/5/6 18730/5/6
f 18721/6/6 18722/6/6 18731/6/6
f 18720/6/6 18721/6/6 18731/6/6
f 18731/6/6 18722/6/6 18732/6/6
f 18723/6/6 18724/6/6 18733/6/6
f 18724/1/6 18725/1/6 18733/1/6
f 18733/1/6 18725/1/6 18734/1/6
f 18727/5/6 18728/5/6 18735/5/6
f 18726/5/6 18727/5/6 18735/5/6
f 18735/5/6 18728/5/6 18736/5/6
f 18716/5/6 18729/5/6 18737/5/6
f 18737/5/6 18729/5/6 18738/5/6
f 18723/6/6 18733/6/6 18739/6/6
f 18736/5/6 18728/5/6 18740/5/6
f 18740/5/6 18728/5/6 18741/5/6
f 18737/6/6 18738/6/6 18742/6/6
f 18732/6/6 18722/6/6 18745/6/6
f 18723/6/6 18739/6/6 18746/6/6
f 18740/6/6 18741/6/6 18749/6/6
f 18742/6/6 18743/6/6 18750/6/6
f 18737/6/6 18742/6/6 18750/6/6
f 18750/6/6 18743/6/6 18751/6/6
f 18751/6/6 18743/6/6 18752/6/6
f 18744/6/6 18745/6/6 18753/6/6
f 18745/6/6 18722/6/6 18754/6/6
f 18753/6/6 18745/6/6 18754/6/6
f 18754/6/6 18722/6/6 18755/6/6
f 18746/6/6 18747/6/6 18756/6/6
f 18723/6/6 18746/6/6 18756/6/6
f 18756/6/6 18747/6/6 18757/6/6
f 18757/6/6 18747/6/6 18758/6/6
f 18748/6/6 18749/6/6 18759/6/6
f 18749/6/6 18741/6/6 18760/6/6
f 18759/6/6 18749/6/6 18760/6/6
f 18760/6/6 18741/6/6 18761/6/6
f 18751/6/6 18752/6/6 18762/6/6
f 18752/6/6 18753/6/6 18762/6/6
f 18753/6/6 18754/6/6 18762/6/6
f 18762/6/6 18754/6/6 18763/6/6
f 18757/6/6 18758/6/6 18764/6/6
f 18759/6/6 18760/6/6 18764/6/6
f 18758/6/6 18759/6/6 18764/6/6
f 18764/6/6 18760/6/6 18765/6/6
f 18766/5/6 18767/5/6 18772/5/6
f 18767/6/6 18768/6/6 18773/6/6
f 18772/5/6 18767/5/6 18773/5/6
f 18773/6/6 18768/6/6 18774/6/6
f 18769/3/6 18770/3/6 18777/3/6
f 18777/3/6 18770/3/6 18778/3/6
f 18776/1/6 18777/1/6 18780/1/6
f 18778/6/6 18779/6/6 18781/6/6
f 18780/1/6 18777/1/6 18781/1/6
f 18777/6/6 18778/6/6 18781/6/6
f 18774/6/6 18775/6/6 18782/6/6
f 18771/6/6 18772/6/6 18782/6/6
f 18772/6/6 18773/6/6 18782/6/6
f 18773/6/6 18774/6/6 18782/6/6
f 18782/6/6 18775/6/6 18783/6/6
f 18783/6/6 18775/6/6 18784/6/6
f 18784/6/6 18775/6/6 18785/6/6
f 18780/6/6 18781/6/6 18786/6/6
f 18781/6/6 18779/6/6 18787/6/6
f 18786/6/6 18781/6/6 18787/6/6
f 18787/6/6 18779/6/6 18788/6/6
f 18788/6/6 18779/6/6 18789/6/6
f 18783/6/6 18784/6/6 18790/6/6
f 18790/6/6 18784/6/6 18791/6/6
f 18787/6/6 18788/6/6 18792/6/6
f 18792/6/6 18788/6/6 18793/6/6
