# MagicaVoxel @ Ephtracy

# group
o 

# material
mtllib Red_Recording_Cube.mtl
usemtl palette

# normals
vn -1 0 0
vn 1 0 0
vn 0 0 1
vn 0 0 -1
vn 0 -1 0
vn 0 1 0

# texcoords
vt 0.841797 0.5
vt 0.845703 0.5
vt 0.849609 0.5
vt 0.857422 0.5
vt 0.861328 0.5
vt 0.982422 0.5

# verts
v -1.4 0 1.2
v -1.4 0 -1.1
v -1.4 0.1 1.2
v -1.4 0.1 -1.1
v -1.3 0 1.6
v -1.3 0 1.3
v -1.3 0 -1.2
v -1.3 0 -1.3
v -1.3 0.1 1.6
v -1.3 0.1 1.3
v -1.3 0.1 -1.2
v -1.3 0.1 -1.3
v -1.3 0.2 1.4
v -1.3 0.2 1.3
v -1.3 0.2 1.2
v -1.3 0.2 -1.1
v -1.3 0.2 -1.2
v -1.3 0.2 -1.3
v -1.3 0.6 1.4
v -1.3 0.6 1.3
v -1.3 0.6 1.2
v -1.3 0.6 -1.1
v -1.3 0.6 -1.2
v -1.3 0.6 -1.3
v -1.2 0 1.3
v -1.2 0 1.2
v -1.2 0 -1.1
v -1.2 0 -1.2
v -1.2 0.1 1.3
v -1.2 0.1 1.2
v -1.2 0.1 -1.1
v -1.2 0.1 -1.2
v -1.2 0.2 1.3
v -1.2 0.2 1.2
v -1.2 0.2 -1.1
v -1.2 0.2 -1.2
v -1.2 0.6 1.3
v -1.2 0.6 1.2
v -1.2 0.6 -1.1
v -1.2 0.6 -1.2
v -1.1 0 1.6
v -1.1 0 1.3
v -1.1 0 -1.2
v -1.1 0 -1.4
v -1.1 0.1 1.6
v -1.1 0.1 1.4
v -1.1 0.1 -1.2
v -1.1 0.1 -1.4
v -1.1 0.2 -1.2
v -1.1 0.2 -1.3
v -1.1 0.6 1.4
v -1.1 0.6 1.3
v -1.1 0.6 -1.2
v -1.1 0.6 -1.3
v -1 0.6 1
v -1 0.6 0.8
v -1 0.6 0.7
v -1 0.6 0.5
v -1 0.6 0.3
v -1 0.6 -0.2
v -1 0.6 -0.3
v -1 0.6 -0.5
v -1 0.6 -0.6
v -1 0.6 -0.7
v -1 0.6 -0.8
v -1 0.6 -1
v -1 0.7 0.5
v -1 0.7 0.3
v -1 0.7 0.1
v -1 0.7 -0.2
v -1 0.7 -0.3
v -1 0.7 -0.5
v -1 0.7 -0.6
v -1 0.8 1
v -1 0.8 0.8
v -1 0.8 0.7
v -1 0.8 0.3
v -1 0.8 0.1
v -1 0.8 -0.5
v -1 0.8 -0.6
v -1 0.8 -0.7
v -1 0.8 -0.8
v -1 0.8 -1
v -1 0.9 1
v -1 0.9 0.8
v -1 0.9 0.7
v -1 0.9 0.2
v -1 0.9 0
v -1 0.9 -0.5
v -1 0.9 -0.6
v -1 0.9 -0.7
v -1 0.9 -0.8
v -1 0.9 -1
v -1 1 1
v -1 1 0.9
v -1 1 0.2
v -1 1 0
v -1 1 -0.5
v -1 1 -0.6
v -1 1.1 1
v -1 1.1 0.9
v -1 1.1 0.4
v -1 1.1 0.3
v -1 1.1 -0.3
v -1 1.1 -0.4
v -1 1.1 -0.5
v -1 1.1 -0.6
v -1 1.2 0.4
v -1 1.2 0.3
v -1 1.2 -0.3
v -1 1.2 -0.4
v -1 1.3 1
v -1 1.3 0.9
v -1 1.4 1
v -1 1.4 0.9
v -1 1.4 -0.2
v -1 1.4 -0.3
v -1 1.5 -0.1
v -1 1.5 -0.2
v -1 1.5 -0.3
v -1 1.5 -0.8
v -1 1.5 -0.9
v -1 1.6 0.6
v -1 1.6 0.5
v -1 1.6 -0.1
v -1 1.6 -0.2
v -1 1.6 -0.3
v -1 1.6 -0.8
v -1 1.6 -0.9
v -1 1.7 0.6
v -1 1.7 0.5
v -1 1.7 0.3
v -1 1.7 0.2
v -1 1.7 -0.4
v -1 1.7 -0.6
v -1 1.8 0.9
v -1 1.8 0.8
v -1 1.8 0.6
v -1 1.8 0.5
v -1 1.8 0.3
v -1 1.8 0.2
v -1 1.8 -0.2
v -1 1.8 -0.3
v -1 1.8 -0.4
v -1 1.8 -0.6
v -1 1.8 -0.8
v -1 1.8 -0.9
v -1 1.9 0.9
v -1 1.9 0.8
v -1 1.9 0.6
v -1 1.9 0.5
v -1 1.9 -0.2
v -1 1.9 -0.3
v -1 1.9 -0.8
v -1 1.9 -0.9
v -1 2 -0.2
v -1 2 -0.3
v -1 2 -0.5
v -1 2 -0.6
v -1 2.1 0.9
v -1 2.1 0.8
v -1 2.1 0.5
v -1 2.1 0.4
v -1 2.1 -0.5
v -1 2.1 -0.6
v -1 2.2 1
v -1 2.2 0.9
v -1 2.2 0.8
v -1 2.2 0.7
v -1 2.2 0.5
v -1 2.2 0.4
v -1 2.2 -0.7
v -1 2.2 -0.8
v -1 2.2 -1
v -1 2.3 1
v -1 2.3 0.8
v -1 2.3 0.7
v -1 2.3 0.4
v -1 2.3 0.3
v -1 2.3 0.1
v -1 2.3 0
v -1 2.3 -0.1
v -1 2.3 -0.2
v -1 2.3 -0.7
v -1 2.3 -0.8
v -1 2.3 -0.9
v -1 2.3 -1
v -1 2.4 1
v -1 2.4 0.9
v -1 2.4 0.5
v -1 2.4 0.4
v -1 2.4 0.3
v -1 2.4 0.1
v -1 2.4 0
v -1 2.4 -0.1
v -1 2.4 -0.2
v -1 2.4 -0.3
v -1 2.4 -0.4
v -1 2.4 -0.8
v -1 2.4 -0.9
v -1 2.5 1
v -1 2.5 0.9
v -1 2.5 0.8
v -1 2.5 0.7
v -1 2.5 0.5
v -1 2.5 0.4
v -1 2.5 0.3
v -1 2.5 -0.1
v -1 2.5 -0.2
v -1 2.5 -0.3
v -1 2.5 -0.4
v -1 2.5 -0.7
v -1 2.5 -0.8
v -1 2.5 -1
v -0.9 0.6 0.8
v -0.9 0.6 0.7
v -0.9 0.6 -0.7
v -0.9 0.6 -0.8
v -0.9 0.8 0.9
v -0.9 0.8 0.8
v -0.9 0.8 0.7
v -0.9 0.8 0.3
v -0.9 0.8 0.1
v -0.9 0.8 -0.5
v -0.9 0.8 -0.6
v -0.9 0.8 -0.7
v -0.9 0.8 -0.8
v -0.9 0.8 -0.9
v -0.9 0.9 0.9
v -0.9 0.9 0.8
v -0.9 0.9 0.7
v -0.9 0.9 0.2
v -0.9 0.9 0
v -0.9 0.9 -0.5
v -0.9 0.9 -0.6
v -0.9 0.9 -0.7
v -0.9 0.9 -0.8
v -0.9 0.9 -0.9
v -0.9 1.5 -0.8
v -0.9 1.6 -0.8
v -0.9 1.8 0.8
v -0.9 1.8 -0.8
v -0.9 1.9 0.8
v -0.9 1.9 -0.8
v -0.9 2.1 0.8
v -0.9 2.2 0.9
v -0.9 2.2 0.8
v -0.9 2.2 0.7
v -0.9 2.2 0.5
v -0.9 2.2 0.4
v -0.9 2.2 -0.7
v -0.9 2.2 -0.8
v -0.9 2.2 -0.9
v -0.9 2.3 0.9
v -0.9 2.3 0.8
v -0.9 2.3 0.7
v -0.9 2.3 0.4
v -0.9 2.3 0.3
v -0.9 2.3 0.1
v -0.9 2.3 0
v -0.9 2.3 -0.1
v -0.9 2.3 -0.2
v -0.9 2.3 -0.7
v -0.9 2.3 -0.8
v -0.9 2.3 -0.9
v -0.9 2.4 0.8
v -0.9 2.4 0.7
v -0.9 2.4 -0.7
v -0.9 2.4 -0.8
v -0.8 0.8 0.8
v -0.8 0.8 0.7
v -0.8 0.8 -0.7
v -0.8 0.8 -0.8
v -0.8 0.9 0.8
v -0.8 0.9 0.7
v -0.8 0.9 -0.7
v -0.8 0.9 -0.8
v -0.8 2.2 0.8
v -0.8 2.2 0.7
v -0.8 2.2 -0.7
v -0.8 2.2 -0.8
v -0.8 2.3 0.8
v -0.8 2.3 0.7
v -0.8 2.3 -0.7
v -0.8 2.3 -0.8
v -0.7 0.6 1
v -0.7 0.6 0.9
v -0.7 0.6 -0.9
v -0.7 0.6 -1
v -0.7 0.7 -0.9
v -0.7 0.7 -1
v -0.7 0.8 1
v -0.7 0.8 0.9
v -0.7 0.8 -0.9
v -0.7 0.8 -1
v -0.7 0.9 1
v -0.7 0.9 0.9
v -0.7 0.9 -0.9
v -0.7 0.9 -1
v -0.7 1 1
v -0.7 1 0.9
v -0.7 1 -0.9
v -0.7 1 -1
v -0.7 1.1 1
v -0.7 1.1 0.9
v -0.7 1.1 -0.9
v -0.7 1.1 -1
v -0.7 1.2 -0.9
v -0.7 1.2 -1
v -0.7 1.6 1
v -0.7 1.6 0.9
v -0.7 1.6 -0.9
v -0.7 1.7 1
v -0.7 1.7 0.9
v -0.7 1.8 -0.9
v -0.7 2.1 -0.9
v -0.7 2.1 -1
v -0.7 2.2 1
v -0.7 2.2 0.9
v -0.7 2.3 1
v -0.7 2.3 0.9
v -0.7 2.3 -0.9
v -0.7 2.3 -1
v -0.7 2.4 1
v -0.7 2.4 0.9
v -0.7 2.4 0.8
v -0.7 2.4 0.7
v -0.7 2.4 0.4
v -0.7 2.4 0.3
v -0.7 2.4 0
v -0.7 2.4 -0.1
v -0.7 2.4 -0.2
v -0.7 2.4 -0.3
v -0.7 2.4 -0.7
v -0.7 2.4 -0.8
v -0.7 2.4 -0.9
v -0.7 2.5 1
v -0.7 2.5 0.8
v -0.7 2.5 0.7
v -0.7 2.5 0.4
v -0.7 2.5 0.3
v -0.7 2.5 0
v -0.7 2.5 -0.1
v -0.7 2.5 -0.2
v -0.7 2.5 -0.3
v -0.7 2.5 -0.7
v -0.7 2.5 -0.8
v -0.7 2.5 -1
v -0.6 1.1 -0.9
v -0.6 1.1 -1
v -0.6 1.2 -0.9
v -0.6 1.2 -1
v -0.6 2.1 -0.9
v -0.6 2.1 -1
v -0.6 2.2 -0.9
v -0.6 2.2 -1
v -0.4 1.9 -0.9
v -0.4 1.9 -1
v -0.4 2 -0.9
v -0.4 2 -1
v -0.4 2.4 -0.9
v -0.4 2.4 -1
v -0.4 2.5 -0.9
v -0.4 2.5 -1
v -0.3 0.1 1.5
v -0.3 0.1 1.4
v -0.3 0.6 1.5
v -0.3 0.6 1.4
v -0.3 1 -0.9
v -0.3 1 -1
v -0.3 1.1 -0.9
v -0.3 1.1 -1
v 0 1.6 -0.9
v 0 1.6 -1
v 0 1.7 -0.9
v 0 1.7 -1
v 0 2.1 -0.9
v 0 2.1 -1
v 0 2.2 -0.9
v 0 2.2 -1
v 0.2 0.1 1.5
v 0.2 0.1 1.4
v 0.2 0.3 1.5
v 0.2 0.3 1.4
v 0.2 0.4 1.5
v 0.2 0.4 1.4
v 0.2 0.5 1.5
v 0.2 0.5 1.4
v 0.2 1.3 -0.9
v 0.2 1.3 -1
v 0.2 1.4 -0.9
v 0.2 1.4 -1
v 0.4 0.9 -0.9
v 0.4 0.9 -1
v 0.4 1 -0.9
v 0.4 1 -1
v 0.4 2.1 -0.9
v 0.4 2.1 -1
v 0.4 2.2 -0.9
v 0.4 2.2 -1
v 0.5 1.2 -0.9
v 0.5 1.2 -1
v 0.5 1.3 -0.9
v 0.5 1.3 -1
v 0.6 1.8 -0.9
v 0.6 1.8 -1
v 0.6 1.9 -0.9
v 0.6 1.9 -1
v 0.8 0.6 1
v 0.8 0.6 0.9
v 0.8 0.6 -0.9
v 0.8 0.6 -1
v 0.8 0.7 1
v 0.8 0.7 0.9
v 0.8 0.8 1
v 0.8 0.8 0.9
v 0.8 0.8 -0.9
v 0.8 0.8 -1
v 0.8 0.9 1
v 0.8 0.9 0.9
v 0.8 0.9 -0.9
v 0.8 0.9 -1
v 0.8 1 1
v 0.8 1 0.9
v 0.8 1.1 1
v 0.8 1.1 0.9
v 0.8 1.1 -0.9
v 0.8 1.3 1
v 0.8 1.3 0.9
v 0.8 1.4 1
v 0.8 1.4 0.9
v 0.8 1.6 1
v 0.8 1.6 0.9
v 0.8 1.7 -0.9
v 0.8 1.8 1
v 0.8 1.8 0.9
v 0.8 1.8 -0.9
v 0.8 1.9 -0.9
v 0.8 2.1 1
v 0.8 2.1 0.9
v 0.8 2.1 -0.9
v 0.8 2.1 -1
v 0.8 2.2 1
v 0.8 2.2 0.9
v 0.8 2.3 1
v 0.8 2.3 0.9
v 0.8 2.3 -0.9
v 0.8 2.3 -1
v 0.8 2.4 0.9
v 0.8 2.4 0.8
v 0.8 2.4 0.7
v 0.8 2.4 0.2
v 0.8 2.4 0.1
v 0.8 2.4 0
v 0.8 2.4 -0.1
v 0.8 2.4 -0.2
v 0.8 2.4 -0.3
v 0.8 2.4 -0.7
v 0.8 2.5 1
v 0.8 2.5 0.8
v 0.8 2.5 0.7
v 0.8 2.5 0.2
v 0.8 2.5 0.1
v 0.8 2.5 0
v 0.8 2.5 -0.1
v 0.8 2.5 -0.7
v 0.8 2.5 -0.9
v 0.8 2.5 -1
v 0.9 2.1 -0.9
v 0.9 2.1 -1
v 0.9 2.2 -0.9
v 0.9 2.2 -1
v 1.2 0 1.6
v 1.2 0 1.3
v 1.2 0 -1.2
v 1.2 0 -1.3
v 1.2 0.1 1.6
v 1.2 0.1 1.3
v 1.2 0.1 -1.2
v 1.2 0.1 -1.3
v 1.2 0.2 1.4
v 1.2 0.2 1.3
v 1.2 0.2 -1.2
v 1.2 0.2 -1.3
v 1.2 0.6 1.4
v 1.2 0.6 1.3
v 1.2 0.6 -1.2
v 1.2 0.6 -1.3
v -1.2 0 1.6
v -1.2 0 1.3
v -1.2 0 -1.2
v -1.2 0 -1.3
v -1.2 0.1 1.6
v -1.2 0.1 1.3
v -1.2 0.1 -1.2
v -1.2 0.1 -1.3
v -1.2 0.2 1.4
v -1.2 0.2 1.3
v -1.2 0.2 -1.2
v -1.2 0.2 -1.3
v -1.2 0.6 1.4
v -1.2 0.6 1.3
v -1.2 0.6 -1.2
v -1.2 0.6 -1.3
v -0.8 0.6 1
v -0.8 0.6 0.9
v -0.8 0.6 -0.9
v -0.8 0.6 -1
v -0.8 0.8 1
v -0.8 0.8 0.9
v -0.8 0.8 -0.9
v -0.8 0.8 -1
v -0.8 0.9 1
v -0.8 0.9 0.9
v -0.8 0.9 -0.9
v -0.8 0.9 -1
v -0.8 1.6 1
v -0.8 1.6 0.9
v -0.8 1.6 -0.9
v -0.8 1.7 1
v -0.8 1.7 0.9
v -0.8 1.8 -0.9
v -0.8 2 1
v -0.8 2 0.9
v -0.8 2.1 1
v -0.8 2.1 0.9
v -0.8 2.2 1
v -0.8 2.2 0.9
v -0.8 2.2 -0.9
v -0.8 2.2 -1
v -0.8 2.3 1
v -0.8 2.3 0.9
v -0.8 2.3 -0.9
v -0.8 2.3 -1
v -0.8 2.4 1
v -0.8 2.4 0.9
v -0.8 2.4 0.8
v -0.8 2.4 0.7
v -0.8 2.4 0.1
v -0.8 2.4 0
v -0.8 2.4 -0.4
v -0.8 2.4 -0.5
v -0.8 2.4 -0.7
v -0.8 2.4 -0.8
v -0.8 2.4 -0.9
v -0.8 2.5 1
v -0.8 2.5 0.8
v -0.8 2.5 0.7
v -0.8 2.5 0.1
v -0.8 2.5 0
v -0.8 2.5 -0.4
v -0.8 2.5 -0.5
v -0.8 2.5 -0.7
v -0.8 2.5 -0.8
v -0.8 2.5 -1
v -0.5 1.9 -0.9
v -0.5 1.9 -1
v -0.5 2 -0.9
v -0.5 2 -1
v -0.5 2.4 -0.9
v -0.5 2.4 -1
v -0.5 2.5 -0.9
v -0.5 2.5 -1
v -0.4 1 -0.9
v -0.4 1 -1
v -0.4 1.1 -0.9
v -0.4 1.1 -1
v -0.2 0.1 1.5
v -0.2 0.1 1.4
v -0.2 0.3 1.5
v -0.2 0.3 1.4
v -0.2 0.4 1.5
v -0.2 0.4 1.4
v -0.2 0.5 1.5
v -0.2 0.5 1.4
v -0.1 1.6 -0.9
v -0.1 1.6 -1
v -0.1 1.7 -0.9
v -0.1 1.7 -1
v -0.1 2.1 -0.9
v -0.1 2.1 -1
v -0.1 2.2 -0.9
v -0.1 2.2 -1
v 0.1 1.3 -0.9
v 0.1 1.3 -1
v 0.1 1.4 -0.9
v 0.1 1.4 -1
v 0.2 0.3 1.5
v 0.2 0.3 1.4
v 0.2 0.4 1.5
v 0.2 0.4 1.4
v 0.2 0.5 1.5
v 0.2 0.5 1.4
v 0.2 0.6 1.5
v 0.2 0.6 1.4
v 0.3 0.1 1.5
v 0.3 0.1 1.4
v 0.3 0.3 1.5
v 0.3 0.3 1.4
v 0.3 0.4 1.5
v 0.3 0.4 1.4
v 0.3 0.5 1.5
v 0.3 0.5 1.4
v 0.3 0.9 -0.9
v 0.3 0.9 -1
v 0.3 1 -0.9
v 0.3 1 -1
v 0.3 2.1 -0.9
v 0.3 2.1 -1
v 0.3 2.2 -0.9
v 0.3 2.2 -1
v 0.4 1.2 -0.9
v 0.4 1.2 -1
v 0.4 1.3 -0.9
v 0.4 1.3 -1
v 0.5 1.8 -0.9
v 0.5 1.8 -1
v 0.5 1.9 -0.9
v 0.5 1.9 -1
v 0.6 1.5 -0.9
v 0.6 1.5 -1
v 0.6 1.6 -0.9
v 0.6 1.6 -1
v 0.7 0.6 1
v 0.7 0.6 0.9
v 0.7 0.6 -0.9
v 0.7 0.6 -1
v 0.7 0.7 0.9
v 0.7 0.8 1
v 0.7 0.8 0.9
v 0.7 0.8 -0.9
v 0.7 0.8 -1
v 0.7 0.9 1
v 0.7 0.9 0.9
v 0.7 0.9 -0.9
v 0.7 0.9 -1
v 0.7 1.1 -0.9
v 0.7 1.3 1
v 0.7 1.3 0.9
v 0.7 1.4 1
v 0.7 1.4 0.9
v 0.7 1.5 -0.9
v 0.7 1.5 -1
v 0.7 1.6 -0.9
v 0.7 1.6 -1
v 0.7 1.7 1
v 0.7 1.7 0.9
v 0.7 1.7 -0.9
v 0.7 1.8 1
v 0.7 1.8 0.9
v 0.7 1.8 -0.9
v 0.7 1.9 -0.9
v 0.7 2.2 1
v 0.7 2.2 0.9
v 0.7 2.2 -0.9
v 0.7 2.2 -1
v 0.7 2.3 1
v 0.7 2.3 0.9
v 0.7 2.3 -0.9
v 0.7 2.3 -1
v 0.7 2.4 0.9
v 0.7 2.4 0.8
v 0.7 2.4 0.7
v 0.7 2.4 0.4
v 0.7 2.4 0.2
v 0.7 2.4 0.1
v 0.7 2.4 0
v 0.7 2.4 -0.1
v 0.7 2.4 -0.2
v 0.7 2.4 -0.3
v 0.7 2.4 -0.4
v 0.7 2.4 -0.5
v 0.7 2.4 -0.6
v 0.7 2.4 -0.7
v 0.7 2.5 1
v 0.7 2.5 0.8
v 0.7 2.5 0.7
v 0.7 2.5 0.4
v 0.7 2.5 0.2
v 0.7 2.5 -0.1
v 0.7 2.5 -0.2
v 0.7 2.5 -0.4
v 0.7 2.5 -0.5
v 0.7 2.5 -0.6
v 0.7 2.5 -0.7
v 0.7 2.5 -0.9
v 0.7 2.5 -1
v 0.9 0.6 0.8
v 0.9 0.6 0.7
v 0.9 0.6 -0.7
v 0.9 0.6 -0.8
v 0.9 0.7 0.8
v 0.9 0.7 0.7
v 0.9 0.7 -0.7
v 0.9 0.8 0.9
v 0.9 0.8 0.8
v 0.9 0.8 0.7
v 0.9 0.8 0.3
v 0.9 0.8 0.2
v 0.9 0.8 0.1
v 0.9 0.8 0
v 0.9 0.8 -0.6
v 0.9 0.8 -0.7
v 0.9 0.8 -0.8
v 0.9 0.8 -0.9
v 0.9 0.9 0.9
v 0.9 0.9 0.8
v 0.9 0.9 0.7
v 0.9 0.9 0.6
v 0.9 0.9 0.5
v 0.9 0.9 0.2
v 0.9 0.9 0.1
v 0.9 0.9 -0.1
v 0.9 0.9 -0.2
v 0.9 0.9 -0.6
v 0.9 0.9 -0.7
v 0.9 0.9 -0.8
v 0.9 0.9 -0.9
v 0.9 1 -0.7
v 0.9 1.4 0.8
v 0.9 1.4 0.7
v 0.9 1.5 0.8
v 0.9 1.5 0.7
v 0.9 1.7 -0.9
v 0.9 1.7 -1
v 0.9 1.8 -0.9
v 0.9 1.8 -1
v 0.9 2 -0.8
v 0.9 2.1 0.8
v 0.9 2.1 -0.8
v 0.9 2.2 0.9
v 0.9 2.2 0.8
v 0.9 2.2 0.7
v 0.9 2.2 0.3
v 0.9 2.2 0.2
v 0.9 2.2 -0.7
v 0.9 2.2 -0.8
v 0.9 2.2 -0.9
v 0.9 2.3 0.9
v 0.9 2.3 0.8
v 0.9 2.3 0.7
v 0.9 2.3 -0.1
v 0.9 2.3 -0.3
v 0.9 2.3 -0.6
v 0.9 2.3 -0.7
v 0.9 2.3 -0.8
v 0.9 2.3 -0.9
v 0.9 2.4 0.8
v 0.9 2.4 0.7
v 0.9 2.4 -0.7
v 0.9 2.4 -0.8
v 1 0.6 1
v 1 0.6 0.8
v 1 0.6 0.7
v 1 0.6 0.6
v 1 0.6 -0.3
v 1 0.6 -0.4
v 1 0.6 -0.7
v 1 0.6 -0.8
v 1 0.6 -1
v 1 0.7 0.7
v 1 0.7 0.6
v 1 0.7 0.3
v 1 0.7 0.2
v 1 0.7 0.1
v 1 0.7 0
v 1 0.7 -0.3
v 1 0.7 -0.4
v 1 0.7 -0.6
v 1 0.7 -0.7
v 1 0.8 1
v 1 0.8 0.8
v 1 0.8 0.7
v 1 0.8 0.3
v 1 0.8 0.2
v 1 0.8 0.1
v 1 0.8 0
v 1 0.8 -0.6
v 1 0.8 -0.7
v 1 0.8 -0.8
v 1 0.8 -1
v 1 0.9 1
v 1 0.9 0.8
v 1 0.9 0.7
v 1 0.9 0.6
v 1 0.9 0.5
v 1 0.9 0.2
v 1 0.9 0.1
v 1 0.9 -0.1
v 1 0.9 -0.2
v 1 0.9 -0.6
v 1 0.9 -0.7
v 1 0.9 -0.8
v 1 0.9 -1
v 1 1 0.6
v 1 1 0.5
v 1 1 0.4
v 1 1 0.2
v 1 1 0.1
v 1 1 -0.6
v 1 1 -0.7
v 1 1.1 1
v 1 1.1 0.9
v 1 1.1 0.4
v 1 1.1 0.2
v 1 1.1 -0.1
v 1 1.1 -0.2
v 1 1.2 1
v 1 1.2 0.9
v 1 1.2 -0.2
v 1 1.2 -0.3
v 1 1.3 0.6
v 1 1.3 0.5
v 1 1.3 0.3
v 1 1.3 0.2
v 1 1.3 -0.2
v 1 1.3 -0.3
v 1 1.4 0.6
v 1 1.4 0.5
v 1 1.4 0.3
v 1 1.4 0.2
v 1 1.4 0.1
v 1 1.4 0
v 1 1.4 -0.1
v 1 1.4 -0.2
v 1 1.5 0.1
v 1 1.5 0
v 1 1.5 -0.1
v 1 1.5 -0.2
v 1 1.5 -0.3
v 1 1.5 -0.4
v 1 1.5 -0.5
v 1 1.5 -0.6
v 1 1.6 0.3
v 1 1.6 0.2
v 1 1.6 -0.3
v 1 1.6 -0.4
v 1 1.7 1
v 1 1.7 0.9
v 1 1.7 0
v 1 1.7 -0.1
v 1 1.7 -0.5
v 1 1.7 -0.6
v 1 1.7 -0.9
v 1 1.7 -1
v 1 1.8 1
v 1 1.8 0.9
v 1 1.8 0.4
v 1 1.8 0.3
v 1 1.8 0.2
v 1 1.8 0
v 1 1.8 -0.1
v 1 1.8 -0.4
v 1 1.8 -0.5
v 1 1.8 -0.9
v 1 1.8 -1
v 1 1.9 0.4
v 1 1.9 0.3
v 1 1.9 -0.4
v 1 1.9 -0.5
v 1 2 -0.1
v 1 2 -0.2
v 1 2 -0.8
v 1 2 -0.9
v 1 2.1 0.9
v 1 2.1 0.8
v 1 2.1 0.3
v 1 2.1 0.2
v 1 2.1 -0.1
v 1 2.1 -0.2
v 1 2.1 -0.8
v 1 2.1 -0.9
v 1 2.2 1
v 1 2.2 0.9
v 1 2.2 0.8
v 1 2.2 0.7
v 1 2.2 0.3
v 1 2.2 0.2
v 1 2.2 -0.7
v 1 2.2 -0.8
v 1 2.2 -1
v 1 2.3 1
v 1 2.3 0.8
v 1 2.3 0.7
v 1 2.3 -0.1
v 1 2.3 -0.3
v 1 2.3 -0.6
v 1 2.3 -0.7
v 1 2.3 -0.8
v 1 2.3 -1
v 1 2.4 0.5
v 1 2.4 0.4
v 1 2.4 -0.1
v 1 2.4 -0.3
v 1 2.4 -0.6
v 1 2.4 -0.7
v 1 2.5 1
v 1 2.5 0.8
v 1 2.5 0.7
v 1 2.5 0.5
v 1 2.5 0.4
v 1 2.5 -0.7
v 1 2.5 -0.8
v 1 2.5 -1
v 1.1 0 1.6
v 1.1 0 1.3
v 1.1 0 -1.2
v 1.1 0 -1.4
v 1.1 0.1 1.6
v 1.1 0.1 1.4
v 1.1 0.1 -1.2
v 1.1 0.1 -1.4
v 1.1 0.2 -1.2
v 1.1 0.2 -1.3
v 1.1 0.6 1.4
v 1.1 0.6 1.3
v 1.1 0.6 -1.2
v 1.1 0.6 -1.3
v 1.2 0 1.3
v 1.2 0 1.2
v 1.2 0 -1.1
v 1.2 0 -1.2
v 1.2 0.1 1.3
v 1.2 0.1 1.2
v 1.2 0.1 -1.1
v 1.2 0.1 -1.2
v 1.2 0.2 1.3
v 1.2 0.2 1.2
v 1.2 0.2 -1.1
v 1.2 0.2 -1.2
v 1.2 0.6 1.3
v 1.2 0.6 1.2
v 1.2 0.6 -1.1
v 1.2 0.6 -1.2
v 1.3 0 1.6
v 1.3 0 1.3
v 1.3 0 -1.2
v 1.3 0 -1.3
v 1.3 0.1 1.6
v 1.3 0.1 1.3
v 1.3 0.1 -1.2
v 1.3 0.1 -1.3
v 1.3 0.2 1.4
v 1.3 0.2 1.3
v 1.3 0.2 1.2
v 1.3 0.2 -1.1
v 1.3 0.2 -1.2
v 1.3 0.2 -1.3
v 1.3 0.6 1.4
v 1.3 0.6 1.3
v 1.3 0.6 1.2
v 1.3 0.6 -1.1
v 1.3 0.6 -1.2
v 1.3 0.6 -1.3
v 1.4 0 1.2
v 1.4 0 -1.1
v 1.4 0.1 1.2
v 1.4 0.1 -1.1
v -1.3 0 1.6
v -1.3 0.1 1.6
v -1.2 0 1.6
v -1.2 0.1 1.6
v -1.1 0 1.6
v -1.1 0.1 1.6
v 1.1 0 1.6
v 1.1 0.1 1.6
v 1.2 0 1.6
v 1.2 0.1 1.6
v 1.3 0 1.6
v 1.3 0.1 1.6
v -0.3 0.1 1.5
v -0.3 0.6 1.5
v -0.2 0.1 1.5
v -0.2 0.3 1.5
v -0.2 0.4 1.5
v -0.2 0.5 1.5
v 0.2 0.1 1.5
v 0.2 0.3 1.5
v 0.2 0.4 1.5
v 0.2 0.5 1.5
v 0.2 0.6 1.5
v 0.3 0.1 1.5
v 0.3 0.3 1.5
v 0.3 0.4 1.5
v 0.3 0.5 1.5
v -1.3 0.2 1.4
v -1.3 0.6 1.4
v -1.2 0.2 1.4
v -1.2 0.6 1.4
v -1.1 0.1 1.4
v -1.1 0.6 1.4
v -0.3 0.1 1.4
v -0.3 0.6 1.4
v -0.2 0.1 1.4
v -0.2 0.3 1.4
v -0.2 0.4 1.4
v -0.2 0.5 1.4
v 0.2 0.1 1.4
v 0.2 0.3 1.4
v 0.2 0.4 1.4
v 0.2 0.5 1.4
v 0.2 0.6 1.4
v 0.3 0.1 1.4
v 0.3 0.3 1.4
v 0.3 0.4 1.4
v 0.3 0.5 1.4
v 1.1 0.1 1.4
v 1.1 0.6 1.4
v 1.2 0.2 1.4
v 1.2 0.6 1.4
v 1.3 0.2 1.4
v 1.3 0.6 1.4
v -1.2 0 1.3
v -1.2 0.1 1.3
v -1.2 0.2 1.3
v -1.2 0.6 1.3
v -1.1 0 1.3
v -1.1 0.6 1.3
v 1.1 0 1.3
v 1.1 0.6 1.3
v 1.2 0 1.3
v 1.2 0.1 1.3
v 1.2 0.2 1.3
v 1.2 0.6 1.3
v -1.4 0 1.2
v -1.4 0.1 1.2
v -1.3 0.2 1.2
v -1.3 0.6 1.2
v -1.2 0 1.2
v -1.2 0.1 1.2
v -1.2 0.2 1.2
v -1.2 0.6 1.2
v 1.2 0 1.2
v 1.2 0.1 1.2
v 1.2 0.2 1.2
v 1.2 0.6 1.2
v 1.3 0.2 1.2
v 1.3 0.6 1.2
v 1.4 0 1.2
v 1.4 0.1 1.2
v -1 0.6 1
v -1 0.8 1
v -1 0.9 1
v -1 1 1
v -1 1.1 1
v -1 1.3 1
v -1 1.4 1
v -1 2.2 1
v -1 2.3 1
v -1 2.4 1
v -1 2.5 1
v -0.9 1 1
v -0.9 1.1 1
v -0.9 1.3 1
v -0.9 1.4 1
v -0.9 1.6 1
v -0.9 1.7 1
v -0.9 2 1
v -0.9 2.1 1
v -0.9 2.3 1
v -0.9 2.4 1
v -0.9 2.5 1
v -0.8 0.6 1
v -0.8 0.8 1
v -0.8 0.9 1
v -0.8 1.6 1
v -0.8 1.7 1
v -0.8 2 1
v -0.8 2.1 1
v -0.8 2.2 1
v -0.8 2.3 1
v -0.8 2.4 1
v -0.8 2.5 1
v -0.7 0.6 1
v -0.7 0.8 1
v -0.7 0.9 1
v -0.7 1 1
v -0.7 1.1 1
v -0.7 1.6 1
v -0.7 1.7 1
v -0.7 2.2 1
v -0.7 2.3 1
v -0.7 2.4 1
v -0.7 2.5 1
v -0.6 0.7 1
v -0.6 0.8 1
v -0.6 1 1
v -0.6 1.1 1
v -0.6 1.2 1
v -0.6 1.3 1
v -0.6 1.6 1
v -0.6 1.7 1
v -0.6 1.9 1
v -0.6 2 1
v -0.6 2.1 1
v -0.6 2.2 1
v -0.6 2.3 1
v -0.6 2.4 1
v -0.5 0.7 1
v -0.5 0.8 1
v -0.5 1 1
v -0.5 1.1 1
v -0.5 1.2 1
v -0.5 1.3 1
v -0.5 1.4 1
v -0.5 1.5 1
v -0.5 1.9 1
v -0.5 2 1
v -0.5 2.1 1
v -0.5 2.2 1
v -0.4 0.7 1
v -0.4 0.8 1
v -0.4 1 1
v -0.4 1.1 1
v -0.4 1.4 1
v -0.4 1.5 1
v -0.4 1.8 1
v -0.4 1.9 1
v -0.4 2.4 1
v -0.4 2.5 1
v -0.3 0.7 1
v -0.3 0.8 1
v -0.3 1.2 1
v -0.3 1.3 1
v -0.3 1.6 1
v -0.3 1.7 1
v -0.3 1.8 1
v -0.3 1.9 1
v -0.3 2 1
v -0.3 2.1 1
v -0.3 2.4 1
v -0.3 2.5 1
v -0.2 0.6 1
v -0.2 0.7 1
v -0.2 1.2 1
v -0.2 1.3 1
v -0.2 1.6 1
v -0.2 1.7 1
v -0.2 1.8 1
v -0.2 1.9 1
v -0.2 2 1
v -0.2 2.1 1
v -0.2 2.4 1
v -0.2 2.5 1
v -0.1 0.6 1
v -0.1 0.7 1
v -0.1 0.9 1
v -0.1 1.1 1
v -0.1 1.2 1
v -0.1 1.3 1
v -0.1 1.5 1
v -0.1 1.6 1
v -0.1 1.8 1
v -0.1 1.9 1
v -0.1 2.4 1
v -0.1 2.5 1
v 0 0.6 1
v 0 0.8 1
v 0 0.9 1
v 0 1 1
v 0 1.1 1
v 0 1.2 1
v 0 1.3 1
v 0 1.5 1
v 0 1.6 1
v 0 1.8 1
v 0 1.9 1
v 0 2.1 1
v 0 2.2 1
v 0.1 0.6 1
v 0.1 0.7 1
v 0.1 0.8 1
v 0.1 0.9 1
v 0.1 1 1
v 0.1 1.1 1
v 0.1 1.5 1
v 0.1 1.6 1
v 0.1 1.8 1
v 0.1 1.9 1
v 0.1 2.1 1
v 0.1 2.2 1
v 0.2 0.6 1
v 0.2 0.7 1
v 0.2 0.8 1
v 0.2 0.9 1
v 0.2 1 1
v 0.2 1.1 1
v 0.2 1.3 1
v 0.2 1.4 1
v 0.2 1.5 1
v 0.2 1.6 1
v 0.2 1.8 1
v 0.2 1.9 1
v 0.2 2.1 1
v 0.2 2.2 1
v 0.2 2.4 1
v 0.2 2.5 1
v 0.3 0.7 1
v 0.3 0.8 1
v 0.3 1 1
v 0.3 1.1 1
v 0.3 1.2 1
v 0.3 1.3 1
v 0.3 1.4 1
v 0.3 1.6 1
v 0.3 1.8 1
v 0.3 1.9 1
v 0.3 2.1 1
v 0.3 2.2 1
v 0.3 2.4 1
v 0.3 2.5 1
v 0.4 0.6 1
v 0.4 0.8 1
v 0.4 1 1
v 0.4 1.1 1
v 0.4 1.2 1
v 0.4 1.3 1
v 0.4 1.4 1
v 0.4 1.6 1
v 0.4 1.8 1
v 0.4 2.1 1
v 0.4 2.2 1
v 0.5 0.6 1
v 0.5 0.8 1
v 0.5 0.9 1
v 0.5 1 1
v 0.5 1.1 1
v 0.5 1.2 1
v 0.5 1.3 1
v 0.5 1.4 1
v 0.5 1.5 1
v 0.5 1.6 1
v 0.5 1.8 1
v 0.5 1.9 1
v 0.5 2 1
v 0.5 2.1 1
v 0.5 2.2 1
v 0.6 0.9 1
v 0.6 1 1
v 0.6 1.1 1
v 0.6 1.2 1
v 0.6 1.3 1
v 0.6 1.4 1
v 0.6 1.5 1
v 0.6 1.6 1
v 0.6 1.7 1
v 0.6 1.8 1
v 0.6 1.9 1
v 0.6 2 1
v 0.7 0.6 1
v 0.7 0.8 1
v 0.7 0.9 1
v 0.7 1.3 1
v 0.7 1.4 1
v 0.7 1.7 1
v 0.7 1.8 1
v 0.7 2.2 1
v 0.7 2.3 1
v 0.7 2.5 1
v 0.8 0.6 1
v 0.8 0.7 1
v 0.8 0.8 1
v 0.8 0.9 1
v 0.8 1 1
v 0.8 1.1 1
v 0.8 1.3 1
v 0.8 1.4 1
v 0.8 1.6 1
v 0.8 1.8 1
v 0.8 2.1 1
v 0.8 2.2 1
v 0.8 2.3 1
v 0.8 2.5 1
v 0.9 0.7 1
v 0.9 0.8 1
v 0.9 1 1
v 0.9 1.1 1
v 0.9 1.2 1
v 0.9 1.3 1
v 0.9 1.4 1
v 0.9 1.6 1
v 0.9 1.7 1
v 0.9 1.8 1
v 0.9 2.1 1
v 0.9 2.2 1
v 1 0.6 1
v 1 0.8 1
v 1 0.9 1
v 1 1.1 1
v 1 1.2 1
v 1 1.7 1
v 1 1.8 1
v 1 2.2 1
v 1 2.3 1
v 1 2.5 1
v -0.9 0.8 0.9
v -0.9 0.9 0.9
v -0.9 2.2 0.9
v -0.9 2.3 0.9
v -0.8 0.6 0.9
v -0.8 0.8 0.9
v -0.8 0.9 0.9
v -0.8 1.6 0.9
v -0.8 1.7 0.9
v -0.8 2 0.9
v -0.8 2.1 0.9
v -0.8 2.2 0.9
v -0.8 2.3 0.9
v -0.8 2.4 0.9
v -0.7 0.6 0.9
v -0.7 0.8 0.9
v -0.7 0.9 0.9
v -0.7 1 0.9
v -0.7 1.1 0.9
v -0.7 1.6 0.9
v -0.7 1.7 0.9
v -0.7 2.2 0.9
v -0.7 2.3 0.9
v -0.7 2.4 0.9
v -0.6 0.8 0.9
v -0.6 2.2 0.9
v -0.6 2.3 0.9
v -0.5 0.8 0.9
v -0.5 2.2 0.9
v -0.4 0.8 0.9
v -0.3 0.8 0.9
v -0.1 0.9 0.9
v 0 0.8 0.9
v 0 0.9 0.9
v 0 2.2 0.9
v 0.1 0.8 0.9
v 0.1 0.9 0.9
v 0.1 2.2 0.9
v 0.2 0.8 0.9
v 0.2 0.9 0.9
v 0.2 2.2 0.9
v 0.3 0.8 0.9
v 0.3 2.2 0.9
v 0.4 0.8 0.9
v 0.4 2.2 0.9
v 0.5 0.8 0.9
v 0.5 0.9 0.9
v 0.5 2.2 0.9
v 0.6 0.9 0.9
v 0.7 0.6 0.9
v 0.7 0.7 0.9
v 0.7 0.8 0.9
v 0.7 0.9 0.9
v 0.7 1.3 0.9
v 0.7 1.4 0.9
v 0.7 1.7 0.9
v 0.7 1.8 0.9
v 0.7 2.2 0.9
v 0.7 2.3 0.9
v 0.7 2.4 0.9
v 0.8 0.6 0.9
v 0.8 0.7 0.9
v 0.8 0.8 0.9
v 0.8 0.9 0.9
v 0.8 1 0.9
v 0.8 1.1 0.9
v 0.8 1.3 0.9
v 0.8 1.4 0.9
v 0.8 1.6 0.9
v 0.8 1.8 0.9
v 0.8 2.1 0.9
v 0.8 2.2 0.9
v 0.8 2.3 0.9
v 0.8 2.4 0.9
v 0.9 0.8 0.9
v 0.9 0.9 0.9
v 0.9 2.2 0.9
v 0.9 2.3 0.9
v -1 0.6 0.7
v -1 0.8 0.7
v -1 0.9 0.7
v -1 2.2 0.7
v -1 2.3 0.7
v -1 2.5 0.7
v -0.9 0.6 0.7
v -0.9 0.8 0.7
v -0.9 0.9 0.7
v -0.9 2.2 0.7
v -0.9 2.3 0.7
v -0.9 2.4 0.7
v -0.8 0.8 0.7
v -0.8 0.9 0.7
v -0.8 2.2 0.7
v -0.8 2.3 0.7
v -0.8 2.4 0.7
v -0.8 2.5 0.7
v -0.7 2.4 0.7
v -0.7 2.5 0.7
v -0.6 2.4 0.7
v -0.6 2.5 0.7
v -0.5 2.4 0.7
v -0.5 2.5 0.7
v 0.1 2.4 0.7
v 0.1 2.5 0.7
v 0.2 2.4 0.7
v 0.2 2.5 0.7
v 0.7 2.4 0.7
v 0.7 2.5 0.7
v 0.8 2.4 0.7
v 0.8 2.5 0.7
v 0.9 0.6 0.7
v 0.9 0.7 0.7
v 0.9 0.8 0.7
v 0.9 0.9 0.7
v 0.9 1.4 0.7
v 0.9 1.5 0.7
v 0.9 2.2 0.7
v 0.9 2.3 0.7
v 0.9 2.4 0.7
v 1 0.6 0.7
v 1 0.7 0.7
v 1 0.8 0.7
v 1 0.9 0.7
v 1 2.2 0.7
v 1 2.3 0.7
v 1 2.5 0.7
v -1 0.6 -0.8
v -1 0.8 -0.8
v -1 0.9 -0.8
v -1 1.5 -0.8
v -1 1.6 -0.8
v -1 1.8 -0.8
v -1 1.9 -0.8
v -1 2.2 -0.8
v -1 2.3 -0.8
v -1 2.4 -0.8
v -1 2.5 -0.8
v -0.9 0.6 -0.8
v -0.9 0.8 -0.8
v -0.9 0.9 -0.8
v -0.9 1.5 -0.8
v -0.9 1.6 -0.8
v -0.9 1.8 -0.8
v -0.9 1.9 -0.8
v -0.9 2.2 -0.8
v -0.9 2.3 -0.8
v -0.9 2.4 -0.8
v -0.8 0.8 -0.8
v -0.8 0.9 -0.8
v -0.8 2.2 -0.8
v -0.8 2.3 -0.8
v -0.8 2.4 -0.8
v -0.8 2.5 -0.8
v -0.7 2.4 -0.8
v -0.7 2.5 -0.8
v -0.6 2.4 -0.8
v -0.6 2.5 -0.8
v -0.5 2.4 -0.8
v -0.5 2.5 -0.8
v 0.1 2.4 -0.8
v 0.1 2.5 -0.8
v 0.2 2.4 -0.8
v 0.2 2.5 -0.8
v 0.6 2.4 -0.8
v 0.7 2.4 -0.8
v 0.7 2.5 -0.8
v 0.8 2.4 -0.8
v 0.8 2.5 -0.8
v 0.9 0.6 -0.8
v 0.9 0.8 -0.8
v 0.9 0.9 -0.8
v 0.9 2 -0.8
v 0.9 2.1 -0.8
v 0.9 2.2 -0.8
v 0.9 2.3 -0.8
v 0.9 2.4 -0.8
v 0.9 2.5 -0.8
v 1 0.6 -0.8
v 1 0.8 -0.8
v 1 0.9 -0.8
v 1 2 -0.8
v 1 2.1 -0.8
v 1 2.2 -0.8
v 1 2.3 -0.8
v 1 2.5 -0.8
v -1.3 0 -1.2
v -1.3 0.1 -1.2
v -1.3 0.2 -1.2
v -1.3 0.6 -1.2
v -1.2 0 -1.2
v -1.2 0.1 -1.2
v -1.2 0.2 -1.2
v -1.2 0.6 -1.2
v 1.2 0 -1.2
v 1.2 0.1 -1.2
v 1.2 0.2 -1.2
v 1.2 0.6 -1.2
v 1.3 0 -1.2
v 1.3 0.1 -1.2
v 1.3 0.2 -1.2
v 1.3 0.6 -1.2
v -1.3 0 1.3
v -1.3 0.1 1.3
v -1.3 0.2 1.3
v -1.3 0.6 1.3
v -1.2 0 1.3
v -1.2 0.1 1.3
v -1.2 0.2 1.3
v -1.2 0.6 1.3
v 1.2 0 1.3
v 1.2 0.1 1.3
v 1.2 0.2 1.3
v 1.2 0.6 1.3
v 1.3 0 1.3
v 1.3 0.1 1.3
v 1.3 0.2 1.3
v 1.3 0.6 1.3
v -1 0.6 0.8
v -1 0.8 0.8
v -1 0.9 0.8
v -1 1.8 0.8
v -1 1.9 0.8
v -1 2.1 0.8
v -1 2.2 0.8
v -1 2.3 0.8
v -1 2.5 0.8
v -0.9 0.6 0.8
v -0.9 0.8 0.8
v -0.9 0.9 0.8
v -0.9 1.8 0.8
v -0.9 1.9 0.8
v -0.9 2.1 0.8
v -0.9 2.2 0.8
v -0.9 2.3 0.8
v -0.9 2.4 0.8
v -0.8 0.8 0.8
v -0.8 0.9 0.8
v -0.8 2.2 0.8
v -0.8 2.3 0.8
v -0.8 2.4 0.8
v -0.8 2.5 0.8
v -0.7 2.4 0.8
v -0.7 2.5 0.8
v -0.6 2.4 0.8
v -0.6 2.5 0.8
v -0.5 2.4 0.8
v -0.5 2.5 0.8
v -0.1 2.4 0.8
v -0.1 2.5 0.8
v 0 2.4 0.8
v 0 2.5 0.8
v 0.7 2.4 0.8
v 0.7 2.5 0.8
v 0.8 2.4 0.8
v 0.8 2.5 0.8
v 0.9 0.6 0.8
v 0.9 0.7 0.8
v 0.9 0.8 0.8
v 0.9 0.9 0.8
v 0.9 1.4 0.8
v 0.9 1.5 0.8
v 0.9 2.1 0.8
v 0.9 2.2 0.8
v 0.9 2.3 0.8
v 0.9 2.4 0.8
v 1 0.6 0.8
v 1 0.8 0.8
v 1 0.9 0.8
v 1 2.1 0.8
v 1 2.2 0.8
v 1 2.3 0.8
v 1 2.5 0.8
v -1 0.6 -0.7
v -1 0.8 -0.7
v -1 0.9 -0.7
v -1 2.2 -0.7
v -1 2.3 -0.7
v -1 2.5 -0.7
v -0.9 0.6 -0.7
v -0.9 0.8 -0.7
v -0.9 0.9 -0.7
v -0.9 2.2 -0.7
v -0.9 2.3 -0.7
v -0.9 2.4 -0.7
v -0.8 0.8 -0.7
v -0.8 0.9 -0.7
v -0.8 2.2 -0.7
v -0.8 2.3 -0.7
v -0.8 2.4 -0.7
v -0.8 2.5 -0.7
v -0.7 2.4 -0.7
v -0.7 2.5 -0.7
v -0.5 2.4 -0.7
v -0.5 2.5 -0.7
v -0.4 2.4 -0.7
v -0.4 2.5 -0.7
v 0.6 2.4 -0.7
v 0.6 2.5 -0.7
v 0.7 2.4 -0.7
v 0.7 2.5 -0.7
v 0.8 2.4 -0.7
v 0.8 2.5 -0.7
v 0.9 0.6 -0.7
v 0.9 0.7 -0.7
v 0.9 0.8 -0.7
v 0.9 0.9 -0.7
v 0.9 1 -0.7
v 0.9 2.2 -0.7
v 0.9 2.3 -0.7
v 0.9 2.4 -0.7
v 1 0.6 -0.7
v 1 0.7 -0.7
v 1 0.8 -0.7
v 1 0.9 -0.7
v 1 1 -0.7
v 1 2.2 -0.7
v 1 2.3 -0.7
v 1 2.4 -0.7
v 1 2.5 -0.7
v -0.9 0.8 -0.9
v -0.9 0.9 -0.9
v -0.9 2.2 -0.9
v -0.9 2.3 -0.9
v -0.8 0.6 -0.9
v -0.8 0.8 -0.9
v -0.8 0.9 -0.9
v -0.8 1.6 -0.9
v -0.8 1.8 -0.9
v -0.8 2.2 -0.9
v -0.8 2.3 -0.9
v -0.8 2.4 -0.9
v -0.7 0.6 -0.9
v -0.7 0.7 -0.9
v -0.7 0.8 -0.9
v -0.7 0.9 -0.9
v -0.7 1 -0.9
v -0.7 1.1 -0.9
v -0.7 1.2 -0.9
v -0.7 1.6 -0.9
v -0.7 1.8 -0.9
v -0.7 2.1 -0.9
v -0.7 2.2 -0.9
v -0.7 2.3 -0.9
v -0.7 2.4 -0.9
v -0.6 1.1 -0.9
v -0.6 1.2 -0.9
v -0.6 2.1 -0.9
v -0.6 2.2 -0.9
v -0.5 1.9 -0.9
v -0.5 2 -0.9
v -0.5 2.4 -0.9
v -0.5 2.5 -0.9
v -0.4 1 -0.9
v -0.4 1.1 -0.9
v -0.4 1.9 -0.9
v -0.4 2 -0.9
v -0.4 2.4 -0.9
v -0.4 2.5 -0.9
v -0.3 1 -0.9
v -0.3 1.1 -0.9
v -0.1 1.6 -0.9
v -0.1 1.7 -0.9
v -0.1 2.1 -0.9
v -0.1 2.2 -0.9
v 0 1.6 -0.9
v 0 1.7 -0.9
v 0 2.1 -0.9
v 0 2.2 -0.9
v 0.1 1.3 -0.9
v 0.1 1.4 -0.9
v 0.2 1.3 -0.9
v 0.2 1.4 -0.9
v 0.3 0.9 -0.9
v 0.3 1 -0.9
v 0.3 2.1 -0.9
v 0.3 2.2 -0.9
v 0.4 0.9 -0.9
v 0.4 1 -0.9
v 0.4 1.2 -0.9
v 0.4 1.3 -0.9
v 0.4 2.1 -0.9
v 0.4 2.2 -0.9
v 0.5 0.9 -0.9
v 0.5 1.2 -0.9
v 0.5 1.3 -0.9
v 0.5 1.8 -0.9
v 0.5 1.9 -0.9
v 0.6 0.9 -0.9
v 0.6 1.5 -0.9
v 0.6 1.6 -0.9
v 0.6 1.8 -0.9
v 0.6 1.9 -0.9
v 0.7 0.6 -0.9
v 0.7 0.8 -0.9
v 0.7 0.9 -0.9
v 0.7 1.1 -0.9
v 0.7 1.5 -0.9
v 0.7 1.6 -0.9
v 0.7 1.7 -0.9
v 0.7 1.8 -0.9
v 0.7 1.9 -0.9
v 0.7 2.2 -0.9
v 0.7 2.3 -0.9
v 0.7 2.5 -0.9
v 0.8 0.6 -0.9
v 0.8 0.8 -0.9
v 0.8 0.9 -0.9
v 0.8 1.1 -0.9
v 0.8 1.7 -0.9
v 0.8 1.8 -0.9
v 0.8 1.9 -0.9
v 0.8 2.1 -0.9
v 0.8 2.2 -0.9
v 0.8 2.3 -0.9
v 0.8 2.5 -0.9
v 0.9 0.8 -0.9
v 0.9 0.9 -0.9
v 0.9 1.7 -0.9
v 0.9 1.8 -0.9
v 0.9 2.1 -0.9
v 0.9 2.2 -0.9
v 0.9 2.3 -0.9
v 1 1.7 -0.9
v 1 1.8 -0.9
v -1 0.6 -1
v -1 0.8 -1
v -1 0.9 -1
v -1 2.2 -1
v -1 2.3 -1
v -1 2.5 -1
v -0.8 0.6 -1
v -0.8 0.8 -1
v -0.8 0.9 -1
v -0.8 2.2 -1
v -0.8 2.3 -1
v -0.8 2.5 -1
v -0.7 0.6 -1
v -0.7 0.7 -1
v -0.7 0.8 -1
v -0.7 0.9 -1
v -0.7 1 -1
v -0.7 1.1 -1
v -0.7 1.2 -1
v -0.7 2.1 -1
v -0.7 2.3 -1
v -0.7 2.5 -1
v -0.6 0.6 -1
v -0.6 0.7 -1
v -0.6 1 -1
v -0.6 1.1 -1
v -0.6 1.2 -1
v -0.6 1.6 -1
v -0.6 1.8 -1
v -0.6 2.1 -1
v -0.6 2.2 -1
v -0.5 1.2 -1
v -0.5 1.3 -1
v -0.5 1.4 -1
v -0.5 1.5 -1
v -0.5 1.6 -1
v -0.5 1.8 -1
v -0.5 1.9 -1
v -0.5 2 -1
v -0.5 2.4 -1
v -0.5 2.5 -1
v -0.4 0.6 -1
v -0.4 0.7 -1
v -0.4 1 -1
v -0.4 1.1 -1
v -0.4 1.2 -1
v -0.4 1.3 -1
v -0.4 1.4 -1
v -0.4 1.5 -1
v -0.4 1.9 -1
v -0.4 2 -1
v -0.4 2.1 -1
v -0.4 2.4 -1
v -0.4 2.5 -1
v -0.3 0.6 -1
v -0.3 0.7 -1
v -0.3 1 -1
v -0.3 1.1 -1
v -0.3 1.6 -1
v -0.3 1.7 -1
v -0.3 1.8 -1
v -0.3 1.9 -1
v -0.3 2 -1
v -0.3 2.1 -1
v -0.2 1.1 -1
v -0.2 1.2 -1
v -0.2 1.6 -1
v -0.2 1.7 -1
v -0.1 1.1 -1
v -0.1 1.2 -1
v -0.1 1.6 -1
v -0.1 1.7 -1
v -0.1 1.8 -1
v -0.1 1.9 -1
v -0.1 2.1 -1
v -0.1 2.2 -1
v 0 1.6 -1
v 0 1.7 -1
v 0 1.9 -1
v 0 2 -1
v 0 2.1 -1
v 0 2.2 -1
v 0.1 1 -1
v 0.1 1.1 -1
v 0.1 1.3 -1
v 0.1 1.4 -1
v 0.1 1.8 -1
v 0.1 1.9 -1
v 0.1 2 -1
v 0.2 1 -1
v 0.2 1.1 -1
v 0.2 1.2 -1
v 0.2 1.3 -1
v 0.2 1.4 -1
v 0.2 1.5 -1
v 0.2 1.6 -1
v 0.2 1.7 -1
v 0.3 0.9 -1
v 0.3 1 -1
v 0.3 1.4 -1
v 0.3 1.5 -1
v 0.3 1.6 -1
v 0.3 1.7 -1
v 0.3 1.8 -1
v 0.3 1.9 -1
v 0.3 2.1 -1
v 0.3 2.2 -1
v 0.3 2.4 -1
v 0.3 2.5 -1
v 0.4 0.9 -1
v 0.4 1 -1
v 0.4 1.1 -1
v 0.4 1.2 -1
v 0.4 1.3 -1
v 0.4 2 -1
v 0.4 2.1 -1
v 0.4 2.2 -1
v 0.4 2.4 -1
v 0.4 2.5 -1
v 0.5 0.9 -1
v 0.5 1 -1
v 0.5 1.2 -1
v 0.5 1.3 -1
v 0.5 1.8 -1
v 0.5 1.9 -1
v 0.5 2 -1
v 0.5 2.1 -1
v 0.6 0.9 -1
v 0.6 1 -1
v 0.6 1.5 -1
v 0.6 1.6 -1
v 0.6 1.8 -1
v 0.6 1.9 -1
v 0.7 0.6 -1
v 0.7 0.8 -1
v 0.7 0.9 -1
v 0.7 1.5 -1
v 0.7 1.6 -1
v 0.7 2.2 -1
v 0.7 2.3 -1
v 0.7 2.5 -1
v 0.8 0.6 -1
v 0.8 0.8 -1
v 0.8 0.9 -1
v 0.8 2.1 -1
v 0.8 2.3 -1
v 0.8 2.5 -1
v 0.9 1.7 -1
v 0.9 1.8 -1
v 0.9 2.1 -1
v 0.9 2.2 -1
v 1 0.6 -1
v 1 0.8 -1
v 1 0.9 -1
v 1 1.7 -1
v 1 1.8 -1
v 1 2.2 -1
v 1 2.3 -1
v 1 2.5 -1
v -1.4 0 -1.1
v -1.4 0.1 -1.1
v -1.3 0.2 -1.1
v -1.3 0.6 -1.1
v -1.2 0 -1.1
v -1.2 0.1 -1.1
v -1.2 0.2 -1.1
v -1.2 0.6 -1.1
v 1.2 0 -1.1
v 1.2 0.1 -1.1
v 1.2 0.2 -1.1
v 1.2 0.6 -1.1
v 1.3 0.2 -1.1
v 1.3 0.6 -1.1
v 1.4 0 -1.1
v 1.4 0.1 -1.1
v -1.2 0 -1.2
v -1.2 0.1 -1.2
v -1.2 0.2 -1.2
v -1.2 0.6 -1.2
v -1.1 0 -1.2
v -1.1 0.1 -1.2
v -1.1 0.2 -1.2
v -1.1 0.6 -1.2
v 1.1 0 -1.2
v 1.1 0.1 -1.2
v 1.1 0.2 -1.2
v 1.1 0.6 -1.2
v 1.2 0 -1.2
v 1.2 0.1 -1.2
v 1.2 0.2 -1.2
v 1.2 0.6 -1.2
v -1.3 0 -1.3
v -1.3 0.1 -1.3
v -1.3 0.2 -1.3
v -1.3 0.6 -1.3
v -1.2 0 -1.3
v -1.2 0.1 -1.3
v -1.2 0.2 -1.3
v -1.2 0.6 -1.3
v -1.1 0.2 -1.3
v -1.1 0.6 -1.3
v 1.1 0.2 -1.3
v 1.1 0.6 -1.3
v 1.2 0 -1.3
v 1.2 0.1 -1.3
v 1.2 0.2 -1.3
v 1.2 0.6 -1.3
v 1.3 0 -1.3
v 1.3 0.1 -1.3
v 1.3 0.2 -1.3
v 1.3 0.6 -1.3
v -1.1 0 -1.4
v -1.1 0.1 -1.4
v 1.1 0 -1.4
v 1.1 0.1 -1.4
v -1.3 0 1.6
v -1.2 0 1.6
v -1.1 0 1.6
v 1.1 0 1.6
v 1.2 0 1.6
v 1.3 0 1.6
v -1.3 0 1.3
v -1.2 0 1.3
v -1.1 0 1.3
v 1.1 0 1.3
v 1.2 0 1.3
v 1.3 0 1.3
v -1.4 0 1.2
v -1.2 0 1.2
v 1.2 0 1.2
v 1.4 0 1.2
v -1.4 0 -1.1
v -1.2 0 -1.1
v 1.2 0 -1.1
v 1.4 0 -1.1
v -1.3 0 -1.2
v -1.2 0 -1.2
v -1.1 0 -1.2
v 1.1 0 -1.2
v 1.2 0 -1.2
v 1.3 0 -1.2
v -1.3 0 -1.3
v -1.2 0 -1.3
v 1.2 0 -1.3
v 1.3 0 -1.3
v -1.1 0 -1.4
v 1.1 0 -1.4
v -1.3 0.2 1.4
v -1.2 0.2 1.4
v 1.2 0.2 1.4
v 1.3 0.2 1.4
v -1.3 0.2 1.3
v -1.2 0.2 1.3
v 1.2 0.2 1.3
v 1.3 0.2 1.3
v -1.3 0.2 1.2
v -1.2 0.2 1.2
v 1.2 0.2 1.2
v 1.3 0.2 1.2
v -1.3 0.2 -1.1
v -1.2 0.2 -1.1
v 1.2 0.2 -1.1
v 1.3 0.2 -1.1
v -1.3 0.2 -1.2
v -1.2 0.2 -1.2
v -1.1 0.2 -1.2
v 1.1 0.2 -1.2
v 1.2 0.2 -1.2
v 1.3 0.2 -1.2
v -1.3 0.2 -1.3
v -1.2 0.2 -1.3
v -1.1 0.2 -1.3
v 1.1 0.2 -1.3
v 1.2 0.2 -1.3
v 1.3 0.2 -1.3
v -0.2 0.3 1.5
v 0.2 0.3 1.5
v -0.2 0.3 1.4
v 0.2 0.3 1.4
v 0.2 0.4 1.5
v 0.3 0.4 1.5
v 0.2 0.4 1.4
v 0.3 0.4 1.4
v -0.2 0.5 1.5
v 0.2 0.5 1.5
v -0.2 0.5 1.4
v 0.2 0.5 1.4
v -1 0.9 1
v -0.8 0.9 1
v -0.7 0.9 1
v -0.1 0.9 1
v 0 0.9 1
v 0.1 0.9 1
v 0.2 0.9 1
v 0.5 0.9 1
v 0.6 0.9 1
v 0.7 0.9 1
v 0.8 0.9 1
v 1 0.9 1
v -0.9 0.9 0.9
v -0.8 0.9 0.9
v -0.7 0.9 0.9
v -0.1 0.9 0.9
v 0 0.9 0.9
v 0.1 0.9 0.9
v 0.2 0.9 0.9
v 0.5 0.9 0.9
v 0.6 0.9 0.9
v 0.7 0.9 0.9
v 0.8 0.9 0.9
v 0.9 0.9 0.9
v -1 0.9 0.8
v -0.9 0.9 0.8
v -0.8 0.9 0.8
v 0.9 0.9 0.8
v 1 0.9 0.8
v -1 0.9 0.7
v -0.9 0.9 0.7
v -0.8 0.9 0.7
v 0.9 0.9 0.7
v 1 0.9 0.7
v 0.9 0.9 0.6
v 1 0.9 0.6
v 0.9 0.9 0.5
v 1 0.9 0.5
v -1 0.9 0.2
v -0.9 0.9 0.2
v 0.9 0.9 0.2
v 1 0.9 0.2
v 0.9 0.9 0.1
v 1 0.9 0.1
v -1 0.9 0
v -0.9 0.9 0
v 0.9 0.9 -0.1
v 1 0.9 -0.1
v 0.9 0.9 -0.2
v 1 0.9 -0.2
v -1 0.9 -0.5
v -0.9 0.9 -0.5
v -1 0.9 -0.6
v -0.9 0.9 -0.6
v 0.9 0.9 -0.6
v 1 0.9 -0.6
v -1 0.9 -0.7
v -0.9 0.9 -0.7
v -0.8 0.9 -0.7
v 0.9 0.9 -0.7
v 1 0.9 -0.7
v -1 0.9 -0.8
v -0.9 0.9 -0.8
v -0.8 0.9 -0.8
v 0.9 0.9 -0.8
v 1 0.9 -0.8
v -0.9 0.9 -0.9
v -0.8 0.9 -0.9
v -0.7 0.9 -0.9
v 0.3 0.9 -0.9
v 0.4 0.9 -0.9
v 0.5 0.9 -0.9
v 0.6 0.9 -0.9
v 0.7 0.9 -0.9
v 0.8 0.9 -0.9
v 0.9 0.9 -0.9
v -1 0.9 -1
v -0.8 0.9 -1
v -0.7 0.9 -1
v 0.3 0.9 -1
v 0.4 0.9 -1
v 0.5 0.9 -1
v 0.6 0.9 -1
v 0.7 0.9 -1
v 0.8 0.9 -1
v 1 0.9 -1
v 0.3 1 -0.9
v 0.4 1 -0.9
v 0.3 1 -1
v 0.4 1 -1
v -0.4 1.1 -0.9
v -0.3 1.1 -0.9
v -0.4 1.1 -1
v -0.3 1.1 -1
v -0.7 1.2 -0.9
v -0.6 1.2 -0.9
v -0.7 1.2 -1
v -0.6 1.2 -1
v 0.4 1.3 -0.9
v 0.5 1.3 -0.9
v 0.4 1.3 -1
v 0.5 1.3 -1
v 0.1 1.4 -0.9
v 0.2 1.4 -0.9
v 0.1 1.4 -1
v 0.2 1.4 -1
v 0.6 1.6 -0.9
v 0.7 1.6 -0.9
v 0.6 1.6 -1
v 0.7 1.6 -1
v -0.1 1.7 -0.9
v 0 1.7 -0.9
v -0.1 1.7 -1
v 0 1.7 -1
v 0.9 1.8 -0.9
v 1 1.8 -0.9
v 0.9 1.8 -1
v 1 1.8 -1
v 0.5 1.9 -0.9
v 0.6 1.9 -0.9
v 0.5 1.9 -1
v 0.6 1.9 -1
v -0.5 2 -0.9
v -0.4 2 -0.9
v -0.5 2 -1
v -0.4 2 -1
v -1 2.3 1
v -0.9 2.3 1
v -0.8 2.3 1
v -0.7 2.3 1
v -0.6 2.3 1
v 0.7 2.3 1
v 0.8 2.3 1
v 1 2.3 1
v -0.9 2.3 0.9
v -0.8 2.3 0.9
v -0.7 2.3 0.9
v -0.6 2.3 0.9
v 0.7 2.3 0.9
v 0.8 2.3 0.9
v 0.9 2.3 0.9
v -1 2.3 0.8
v -0.9 2.3 0.8
v -0.8 2.3 0.8
v 0.9 2.3 0.8
v 1 2.3 0.8
v -1 2.3 0.7
v -0.9 2.3 0.7
v -0.8 2.3 0.7
v 0.9 2.3 0.7
v 1 2.3 0.7
v -1 2.3 0.4
v -0.9 2.3 0.4
v -1 2.3 0.3
v -0.9 2.3 0.3
v -1 2.3 0.1
v -0.9 2.3 0.1
v -1 2.3 0
v -0.9 2.3 0
v -1 2.3 -0.1
v -0.9 2.3 -0.1
v 0.9 2.3 -0.1
v 1 2.3 -0.1
v -1 2.3 -0.2
v -0.9 2.3 -0.2
v 0.9 2.3 -0.3
v 1 2.3 -0.3
v 0.9 2.3 -0.6
v 1 2.3 -0.6
v -1 2.3 -0.7
v -0.9 2.3 -0.7
v -0.8 2.3 -0.7
v 0.9 2.3 -0.7
v 1 2.3 -0.7
v -1 2.3 -0.8
v -0.9 2.3 -0.8
v -0.8 2.3 -0.8
v 0.9 2.3 -0.8
v 1 2.3 -0.8
v -1 2.3 -0.9
v -0.9 2.3 -0.9
v -0.8 2.3 -0.9
v -0.7 2.3 -0.9
v 0.7 2.3 -0.9
v 0.8 2.3 -0.9
v 0.9 2.3 -0.9
v -1 2.3 -1
v -0.8 2.3 -1
v -0.7 2.3 -1
v 0.7 2.3 -1
v 0.8 2.3 -1
v 1 2.3 -1
v -1.3 0.1 1.6
v -1.2 0.1 1.6
v -1.1 0.1 1.6
v 1.1 0.1 1.6
v 1.2 0.1 1.6
v 1.3 0.1 1.6
v -0.3 0.1 1.5
v -0.2 0.1 1.5
v 0.2 0.1 1.5
v 0.3 0.1 1.5
v -1.1 0.1 1.4
v -0.3 0.1 1.4
v -0.2 0.1 1.4
v 0.2 0.1 1.4
v 0.3 0.1 1.4
v 1.1 0.1 1.4
v -1.3 0.1 1.3
v -1.2 0.1 1.3
v 1.2 0.1 1.3
v 1.3 0.1 1.3
v -1.4 0.1 1.2
v -1.2 0.1 1.2
v 1.2 0.1 1.2
v 1.4 0.1 1.2
v -1.4 0.1 -1.1
v -1.2 0.1 -1.1
v 1.2 0.1 -1.1
v 1.4 0.1 -1.1
v -1.3 0.1 -1.2
v -1.2 0.1 -1.2
v -1.1 0.1 -1.2
v 1.1 0.1 -1.2
v 1.2 0.1 -1.2
v 1.3 0.1 -1.2
v -1.3 0.1 -1.3
v -1.2 0.1 -1.3
v 1.2 0.1 -1.3
v 1.3 0.1 -1.3
v -1.1 0.1 -1.4
v 1.1 0.1 -1.4
v 0.2 0.3 1.5
v 0.3 0.3 1.5
v 0.2 0.3 1.4
v 0.3 0.3 1.4
v -0.2 0.4 1.5
v 0.2 0.4 1.5
v -0.2 0.4 1.4
v 0.2 0.4 1.4
v 0.2 0.5 1.5
v 0.3 0.5 1.5
v 0.2 0.5 1.4
v 0.3 0.5 1.4
v -0.3 0.6 1.5
v 0.2 0.6 1.5
v -1.3 0.6 1.4
v -1.2 0.6 1.4
v -1.1 0.6 1.4
v -0.3 0.6 1.4
v 0.2 0.6 1.4
v 1.1 0.6 1.4
v 1.2 0.6 1.4
v 1.3 0.6 1.4
v -1.3 0.6 1.3
v -1.2 0.6 1.3
v -1.1 0.6 1.3
v 1.1 0.6 1.3
v 1.2 0.6 1.3
v 1.3 0.6 1.3
v -1.3 0.6 1.2
v -1.2 0.6 1.2
v 1.2 0.6 1.2
v 1.3 0.6 1.2
v -1 0.6 1
v -0.8 0.6 1
v -0.7 0.6 1
v -0.2 0.6 1
v -0.1 0.6 1
v 0 0.6 1
v 0.1 0.6 1
v 0.2 0.6 1
v 0.4 0.6 1
v 0.5 0.6 1
v 0.7 0.6 1
v 0.8 0.6 1
v 1 0.6 1
v -0.8 0.6 0.9
v -0.7 0.6 0.9
v 0.7 0.6 0.9
v 0.8 0.6 0.9
v -1 0.6 0.8
v -0.9 0.6 0.8
v 0.9 0.6 0.8
v 1 0.6 0.8
v -1 0.6 0.7
v -0.9 0.6 0.7
v 0.9 0.6 0.7
v 1 0.6 0.7
v 1 0.6 0.6
v -1 0.6 0.5
v -1 0.6 0.3
v -1 0.6 -0.2
v -1 0.6 -0.3
v 1 0.6 -0.3
v 1 0.6 -0.4
v -1 0.6 -0.5
v -1 0.6 -0.6
v -1 0.6 -0.7
v -0.9 0.6 -0.7
v 0.9 0.6 -0.7
v 1 0.6 -0.7
v -1 0.6 -0.8
v -0.9 0.6 -0.8
v 0.9 0.6 -0.8
v 1 0.6 -0.8
v -0.8 0.6 -0.9
v -0.7 0.6 -0.9
v 0.7 0.6 -0.9
v 0.8 0.6 -0.9
v -1 0.6 -1
v -0.8 0.6 -1
v -0.7 0.6 -1
v -0.6 0.6 -1
v -0.4 0.6 -1
v -0.3 0.6 -1
v 0.7 0.6 -1
v 0.8 0.6 -1
v 1 0.6 -1
v -1.3 0.6 -1.1
v -1.2 0.6 -1.1
v 1.2 0.6 -1.1
v 1.3 0.6 -1.1
v -1.3 0.6 -1.2
v -1.2 0.6 -1.2
v -1.1 0.6 -1.2
v 1.1 0.6 -1.2
v 1.2 0.6 -1.2
v 1.3 0.6 -1.2
v -1.3 0.6 -1.3
v -1.2 0.6 -1.3
v -1.1 0.6 -1.3
v 1.1 0.6 -1.3
v 1.2 0.6 -1.3
v 1.3 0.6 -1.3
v -1 0.8 1
v -0.8 0.8 1
v -0.7 0.8 1
v -0.6 0.8 1
v -0.5 0.8 1
v -0.4 0.8 1
v -0.3 0.8 1
v 0 0.8 1
v 0.1 0.8 1
v 0.2 0.8 1
v 0.3 0.8 1
v 0.4 0.8 1
v 0.5 0.8 1
v 0.7 0.8 1
v 0.8 0.8 1
v 0.9 0.8 1
v 1 0.8 1
v -0.9 0.8 0.9
v -0.8 0.8 0.9
v -0.7 0.8 0.9
v -0.6 0.8 0.9
v -0.5 0.8 0.9
v -0.4 0.8 0.9
v -0.3 0.8 0.9
v 0 0.8 0.9
v 0.1 0.8 0.9
v 0.2 0.8 0.9
v 0.3 0.8 0.9
v 0.4 0.8 0.9
v 0.5 0.8 0.9
v 0.7 0.8 0.9
v 0.8 0.8 0.9
v 0.9 0.8 0.9
v -1 0.8 0.8
v -0.9 0.8 0.8
v -0.8 0.8 0.8
v 0.9 0.8 0.8
v 1 0.8 0.8
v -1 0.8 0.7
v -0.9 0.8 0.7
v -0.8 0.8 0.7
v 0.9 0.8 0.7
v 1 0.8 0.7
v -1 0.8 0.3
v -0.9 0.8 0.3
v 0.9 0.8 0.3
v 1 0.8 0.3
v 0.9 0.8 0.2
v 1 0.8 0.2
v -1 0.8 0.1
v -0.9 0.8 0.1
v 0.9 0.8 0.1
v 1 0.8 0.1
v 0.9 0.8 0
v 1 0.8 0
v -1 0.8 -0.5
v -0.9 0.8 -0.5
v -1 0.8 -0.6
v -0.9 0.8 -0.6
v 0.9 0.8 -0.6
v 1 0.8 -0.6
v -1 0.8 -0.7
v -0.9 0.8 -0.7
v -0.8 0.8 -0.7
v 0.9 0.8 -0.7
v 1 0.8 -0.7
v -1 0.8 -0.8
v -0.9 0.8 -0.8
v -0.8 0.8 -0.8
v 0.9 0.8 -0.8
v 1 0.8 -0.8
v -0.9 0.8 -0.9
v -0.8 0.8 -0.9
v -0.7 0.8 -0.9
v 0.7 0.8 -0.9
v 0.8 0.8 -0.9
v 0.9 0.8 -0.9
v -1 0.8 -1
v -0.8 0.8 -1
v -0.7 0.8 -1
v 0.7 0.8 -1
v 0.8 0.8 -1
v 1 0.8 -1
v -0.4 1 -0.9
v -0.3 1 -0.9
v -0.4 1 -1
v -0.3 1 -1
v -0.7 1.1 -0.9
v -0.6 1.1 -0.9
v -0.7 1.1 -1
v -0.6 1.1 -1
v 0.4 1.2 -0.9
v 0.5 1.2 -0.9
v 0.4 1.2 -1
v 0.5 1.2 -1
v 0.1 1.3 -0.9
v 0.2 1.3 -0.9
v 0.1 1.3 -1
v 0.2 1.3 -1
v 0.6 1.5 -0.9
v 0.7 1.5 -0.9
v 0.6 1.5 -1
v 0.7 1.5 -1
v -0.1 1.6 -0.9
v 0 1.6 -0.9
v -0.1 1.6 -1
v 0 1.6 -1
v 0.9 1.7 -0.9
v 1 1.7 -0.9
v 0.9 1.7 -1
v 1 1.7 -1
v 0.5 1.8 -0.9
v 0.6 1.8 -0.9
v 0.5 1.8 -1
v 0.6 1.8 -1
v -0.5 1.9 -0.9
v -0.4 1.9 -0.9
v -0.5 1.9 -1
v -0.4 1.9 -1
v -0.7 2.1 -0.9
v -0.6 2.1 -0.9
v -0.1 2.1 -0.9
v 0 2.1 -0.9
v 0.3 2.1 -0.9
v 0.4 2.1 -0.9
v 0.8 2.1 -0.9
v 0.9 2.1 -0.9
v -0.7 2.1 -1
v -0.6 2.1 -1
v -0.1 2.1 -1
v 0 2.1 -1
v 0.3 2.1 -1
v 0.4 2.1 -1
v 0.8 2.1 -1
v 0.9 2.1 -1
v -1 2.2 1
v -0.8 2.2 1
v -0.7 2.2 1
v -0.6 2.2 1
v -0.5 2.2 1
v 0 2.2 1
v 0.1 2.2 1
v 0.2 2.2 1
v 0.3 2.2 1
v 0.4 2.2 1
v 0.5 2.2 1
v 0.7 2.2 1
v 0.8 2.2 1
v 0.9 2.2 1
v 1 2.2 1
v -1 2.2 0.9
v -0.9 2.2 0.9
v -0.8 2.2 0.9
v -0.7 2.2 0.9
v -0.6 2.2 0.9
v -0.5 2.2 0.9
v 0 2.2 0.9
v 0.1 2.2 0.9
v 0.2 2.2 0.9
v 0.3 2.2 0.9
v 0.4 2.2 0.9
v 0.5 2.2 0.9
v 0.7 2.2 0.9
v 0.8 2.2 0.9
v 0.9 2.2 0.9
v 1 2.2 0.9
v -1 2.2 0.8
v -0.9 2.2 0.8
v -0.8 2.2 0.8
v 0.9 2.2 0.8
v 1 2.2 0.8
v -1 2.2 0.7
v -0.9 2.2 0.7
v -0.8 2.2 0.7
v 0.9 2.2 0.7
v 1 2.2 0.7
v -1 2.2 0.5
v -0.9 2.2 0.5
v -1 2.2 0.4
v -0.9 2.2 0.4
v 0.9 2.2 0.3
v 1 2.2 0.3
v 0.9 2.2 0.2
v 1 2.2 0.2
v -1 2.2 -0.7
v -0.9 2.2 -0.7
v -0.8 2.2 -0.7
v 0.9 2.2 -0.7
v 1 2.2 -0.7
v -1 2.2 -0.8
v -0.9 2.2 -0.8
v -0.8 2.2 -0.8
v 0.9 2.2 -0.8
v 1 2.2 -0.8
v -0.9 2.2 -0.9
v -0.8 2.2 -0.9
v -0.6 2.2 -0.9
v -0.1 2.2 -0.9
v 0 2.2 -0.9
v 0.3 2.2 -0.9
v 0.4 2.2 -0.9
v 0.7 2.2 -0.9
v 0.9 2.2 -0.9
v -1 2.2 -1
v -0.8 2.2 -1
v -0.6 2.2 -1
v -0.1 2.2 -1
v 0 2.2 -1
v 0.3 2.2 -1
v 0.4 2.2 -1
v 0.7 2.2 -1
v 0.9 2.2 -1
v 1 2.2 -1
v -0.8 2.4 0.9
v -0.7 2.4 0.9
v 0.7 2.4 0.9
v 0.8 2.4 0.9
v -0.9 2.4 0.8
v -0.8 2.4 0.8
v -0.7 2.4 0.8
v -0.6 2.4 0.8
v -0.5 2.4 0.8
v -0.1 2.4 0.8
v 0 2.4 0.8
v 0.7 2.4 0.8
v 0.8 2.4 0.8
v 0.9 2.4 0.8
v -0.9 2.4 0.7
v -0.8 2.4 0.7
v -0.7 2.4 0.7
v -0.6 2.4 0.7
v -0.5 2.4 0.7
v 0.1 2.4 0.7
v 0.2 2.4 0.7
v 0.7 2.4 0.7
v 0.8 2.4 0.7
v 0.9 2.4 0.7
v -0.7 2.4 0.4
v 0.7 2.4 0.4
v -0.7 2.4 0.3
v 0.7 2.4 0.2
v 0.8 2.4 0.2
v -0.8 2.4 0.1
v 0.7 2.4 0.1
v 0.8 2.4 0.1
v -0.8 2.4 0
v -0.7 2.4 0
v 0.7 2.4 0
v 0.8 2.4 0
v -0.7 2.4 -0.1
v 0.7 2.4 -0.1
v 0.8 2.4 -0.1
v -0.7 2.4 -0.2
v 0.7 2.4 -0.2
v 0.8 2.4 -0.2
v -0.7 2.4 -0.3
v 0.7 2.4 -0.3
v 0.8 2.4 -0.3
v -0.8 2.4 -0.4
v 0.7 2.4 -0.4
v -0.8 2.4 -0.5
v 0.7 2.4 -0.5
v 0.7 2.4 -0.6
v -0.9 2.4 -0.7
v -0.8 2.4 -0.7
v -0.7 2.4 -0.7
v -0.5 2.4 -0.7
v -0.4 2.4 -0.7
v 0.6 2.4 -0.7
v 0.7 2.4 -0.7
v 0.8 2.4 -0.7
v 0.9 2.4 -0.7
v -0.9 2.4 -0.8
v -0.8 2.4 -0.8
v -0.7 2.4 -0.8
v -0.6 2.4 -0.8
v -0.5 2.4 -0.8
v 0.1 2.4 -0.8
v 0.2 2.4 -0.8
v 0.6 2.4 -0.8
v 0.7 2.4 -0.8
v 0.8 2.4 -0.8
v 0.9 2.4 -0.8
v -0.8 2.4 -0.9
v -0.7 2.4 -0.9
v -0.5 2.4 -0.9
v -0.4 2.4 -0.9
v -0.5 2.4 -1
v -0.4 2.4 -1
v -1 2.5 1
v -0.9 2.5 1
v -0.8 2.5 1
v -0.7 2.5 1
v -0.4 2.5 1
v -0.3 2.5 1
v -0.2 2.5 1
v -0.1 2.5 1
v 0.2 2.5 1
v 0.3 2.5 1
v 0.7 2.5 1
v 0.8 2.5 1
v 1 2.5 1
v -1 2.5 0.9
v -0.9 2.5 0.9
v -0.6 2.5 0.9
v -0.5 2.5 0.9
v -0.4 2.5 0.9
v -0.3 2.5 0.9
v -0.2 2.5 0.9
v -0.1 2.5 0.9
v 0 2.5 0.9
v 0.2 2.5 0.9
v 0.3 2.5 0.9
v -1 2.5 0.8
v -0.8 2.5 0.8
v -0.7 2.5 0.8
v -0.6 2.5 0.8
v -0.5 2.5 0.8
v -0.1 2.5 0.8
v 0 2.5 0.8
v 0.7 2.5 0.8
v 0.8 2.5 0.8
v 1 2.5 0.8
v -1 2.5 0.7
v -0.8 2.5 0.7
v -0.7 2.5 0.7
v -0.6 2.5 0.7
v -0.5 2.5 0.7
v 0.1 2.5 0.7
v 0.2 2.5 0.7
v 0.7 2.5 0.7
v 0.8 2.5 0.7
v 1 2.5 0.7
v -0.5 2.5 0.6
v -0.4 2.5 0.6
v -0.2 2.5 0.6
v -0.1 2.5 0.6
v 0.1 2.5 0.6
v 0.2 2.5 0.6
v -1 2.5 0.5
v -0.9 2.5 0.5
v -0.6 2.5 0.5
v -0.5 2.5 0.5
v -0.4 2.5 0.5
v -0.3 2.5 0.5
v -0.2 2.5 0.5
v -0.1 2.5 0.5
v 0.1 2.5 0.5
v 0.2 2.5 0.5
v 0.3 2.5 0.5
v 0.4 2.5 0.5
v 0.5 2.5 0.5
v 0.6 2.5 0.5
v 0.9 2.5 0.5
v 1 2.5 0.5
v -1 2.5 0.4
v -0.9 2.5 0.4
v -0.7 2.5 0.4
v -0.6 2.5 0.4
v -0.4 2.5 0.4
v -0.3 2.5 0.4
v -0.1 2.5 0.4
v 0 2.5 0.4
v 0.1 2.5 0.4
v 0.2 2.5 0.4
v 0.3 2.5 0.4
v 0.4 2.5 0.4
v 0.5 2.5 0.4
v 0.6 2.5 0.4
v 0.7 2.5 0.4
v 0.9 2.5 0.4
v 1 2.5 0.4
v -1 2.5 0.3
v -0.9 2.5 0.3
v -0.7 2.5 0.3
v -0.6 2.5 0.3
v -0.4 2.5 0.3
v -0.3 2.5 0.3
v -0.1 2.5 0.3
v 0 2.5 0.3
v 0.1 2.5 0.3
v 0.2 2.5 0.3
v 0.3 2.5 0.3
v 0.4 2.5 0.3
v 0.5 2.5 0.3
v -0.6 2.5 0.2
v -0.5 2.5 0.2
v -0.4 2.5 0.2
v -0.3 2.5 0.2
v -0.2 2.5 0.2
v -0.1 2.5 0.2
v 0.3 2.5 0.2
v 0.4 2.5 0.2
v 0.5 2.5 0.2
v 0.6 2.5 0.2
v 0.7 2.5 0.2
v 0.8 2.5 0.2
v 0.9 2.5 0.2
v -0.9 2.5 0.1
v -0.8 2.5 0.1
v -0.6 2.5 0.1
v -0.5 2.5 0.1
v -0.2 2.5 0.1
v -0.1 2.5 0.1
v 0.2 2.5 0.1
v 0.3 2.5 0.1
v 0.5 2.5 0.1
v 0.6 2.5 0.1
v 0.8 2.5 0.1
v 0.9 2.5 0.1
v -0.9 2.5 0
v -0.8 2.5 0
v -0.7 2.5 0
v -0.5 2.5 0
v 0.2 2.5 0
v 0.3 2.5 0
v 0.5 2.5 0
v 0.6 2.5 0
v 0.8 2.5 0
v 0.9 2.5 0
v -1 2.5 -0.1
v -0.9 2.5 -0.1
v -0.7 2.5 -0.1
v -0.5 2.5 -0.1
v -0.4 2.5 -0.1
v -0.2 2.5 -0.1
v -0.1 2.5 -0.1
v 0.1 2.5 -0.1
v 0.2 2.5 -0.1
v 0.3 2.5 -0.1
v 0.4 2.5 -0.1
v 0.6 2.5 -0.1
v 0.7 2.5 -0.1
v 0.8 2.5 -0.1
v 0.9 2.5 -0.1
v -1 2.5 -0.2
v -0.9 2.5 -0.2
v -0.7 2.5 -0.2
v -0.6 2.5 -0.2
v -0.1 2.5 -0.2
v 0 2.5 -0.2
v 0.1 2.5 -0.2
v 0.2 2.5 -0.2
v 0.4 2.5 -0.2
v 0.5 2.5 -0.2
v 0.6 2.5 -0.2
v 0.7 2.5 -0.2
v -1 2.5 -0.3
v -0.9 2.5 -0.3
v -0.7 2.5 -0.3
v -0.6 2.5 -0.3
v -0.5 2.5 -0.3
v -0.4 2.5 -0.3
v -0.3 2.5 -0.3
v -0.2 2.5 -0.3
v -0.1 2.5 -0.3
v 0 2.5 -0.3
v 0.2 2.5 -0.3
v 0.3 2.5 -0.3
v 0.4 2.5 -0.3
v 0.5 2.5 -0.3
v 0.6 2.5 -0.3
v -1 2.5 -0.4
v -0.9 2.5 -0.4
v -0.8 2.5 -0.4
v -0.6 2.5 -0.4
v -0.5 2.5 -0.4
v -0.3 2.5 -0.4
v -0.2 2.5 -0.4
v 0.2 2.5 -0.4
v 0.3 2.5 -0.4
v 0.4 2.5 -0.4
v 0.6 2.5 -0.4
v 0.7 2.5 -0.4
v -0.9 2.5 -0.5
v -0.8 2.5 -0.5
v -0.6 2.5 -0.5
v -0.5 2.5 -0.5
v -0.3 2.5 -0.5
v -0.2 2.5 -0.5
v 0 2.5 -0.5
v 0.1 2.5 -0.5
v 0.3 2.5 -0.5
v 0.4 2.5 -0.5
v 0.6 2.5 -0.5
v 0.7 2.5 -0.5
v -0.5 2.5 -0.6
v -0.4 2.5 -0.6
v -0.3 2.5 -0.6
v -0.2 2.5 -0.6
v 0 2.5 -0.6
v 0.1 2.5 -0.6
v 0.3 2.5 -0.6
v 0.4 2.5 -0.6
v 0.6 2.5 -0.6
v 0.7 2.5 -0.6
v -1 2.5 -0.7
v -0.8 2.5 -0.7
v -0.7 2.5 -0.7
v -0.5 2.5 -0.7
v -0.4 2.5 -0.7
v 0.6 2.5 -0.7
v 0.7 2.5 -0.7
v 0.8 2.5 -0.7
v 1 2.5 -0.7
v -1 2.5 -0.8
v -0.8 2.5 -0.8
v -0.7 2.5 -0.8
v -0.6 2.5 -0.8
v -0.5 2.5 -0.8
v 0.1 2.5 -0.8
v 0.2 2.5 -0.8
v 0.7 2.5 -0.8
v 0.8 2.5 -0.8
v 0.9 2.5 -0.8
v 1 2.5 -0.8
v -0.6 2.5 -0.9
v -0.5 2.5 -0.9
v -0.4 2.5 -0.9
v 0.1 2.5 -0.9
v 0.2 2.5 -0.9
v 0.3 2.5 -0.9
v 0.4 2.5 -0.9
v 0.7 2.5 -0.9
v 0.8 2.5 -0.9
v 0.9 2.5 -0.9
v -1 2.5 -1
v -0.8 2.5 -1
v -0.7 2.5 -1
v -0.5 2.5 -1
v -0.4 2.5 -1
v 0.3 2.5 -1
v 0.4 2.5 -1
v 0.7 2.5 -1
v 0.8 2.5 -1
v 1 2.5 -1

# faces
f 3/6/1 2/6/1 1/6/1
f 4/6/1 2/6/1 3/6/1
f 9/6/1 6/6/1 5/6/1
f 10/6/1 6/6/1 9/6/1
f 11/6/1 8/6/1 7/6/1
f 12/6/1 8/6/1 11/6/1
f 19/6/1 14/6/1 13/6/1
f 20/6/1 14/6/1 19/6/1
f 21/6/1 16/6/1 15/6/1
f 22/6/1 16/6/1 21/6/1
f 23/6/1 18/6/1 17/6/1
f 24/6/1 18/6/1 23/6/1
f 29/6/1 26/6/1 25/6/1
f 30/6/1 26/6/1 29/6/1
f 31/6/1 28/6/1 27/6/1
f 32/6/1 28/6/1 31/6/1
f 33/6/1 30/6/1 29/6/1
f 33/6/1 31/6/1 30/6/1
f 33/6/1 32/6/1 31/6/1
f 34/6/1 32/6/1 33/6/1
f 35/6/1 32/6/1 34/6/1
f 36/6/1 32/6/1 35/6/1
f 37/6/1 34/6/1 33/6/1
f 38/6/1 34/6/1 37/6/1
f 39/6/1 36/6/1 35/6/1
f 40/6/1 36/6/1 39/6/1
f 45/6/1 42/6/1 41/6/1
f 46/6/1 42/6/1 45/6/1
f 47/6/1 44/6/1 43/6/1
f 48/6/1 44/6/1 47/6/1
f 51/6/1 42/6/1 46/6/1
f 52/6/1 42/6/1 51/6/1
f 53/6/1 50/6/1 49/6/1
f 54/6/1 50/6/1 53/6/1
f 67/3/1 58/3/1 57/3/1
f 67/2/1 59/2/1 58/2/1
f 68/3/1 60/3/1 59/3/1
f 68/2/1 59/2/1 67/2/1
f 69/3/1 60/3/1 68/3/1
f 70/2/1 61/2/1 60/2/1
f 70/3/1 60/3/1 69/3/1
f 71/3/1 62/3/1 61/3/1
f 71/2/1 61/2/1 70/2/1
f 72/1/1 63/1/1 62/1/1
f 72/3/1 62/3/1 71/3/1
f 73/3/1 64/3/1 63/3/1
f 73/1/1 63/1/1 72/1/1
f 74/3/1 56/3/1 55/3/1
f 75/3/1 56/3/1 74/3/1
f 76/3/1 67/3/1 57/3/1
f 76/3/1 68/3/1 67/3/1
f 77/2/1 69/2/1 68/2/1
f 77/3/1 68/3/1 76/3/1
f 78/3/1 72/3/1 71/3/1
f 78/2/1 69/2/1 77/2/1
f 78/3/1 70/3/1 69/3/1
f 78/3/1 71/3/1 70/3/1
f 79/2/1 73/2/1 72/2/1
f 79/3/1 72/3/1 78/3/1
f 80/3/1 64/3/1 73/3/1
f 80/2/1 73/2/1 79/2/1
f 81/3/1 64/3/1 80/3/1
f 82/3/1 66/3/1 65/3/1
f 83/3/1 66/3/1 82/3/1
f 94/3/1 85/3/1 84/3/1
f 95/3/1 85/3/1 94/3/1
f 96/3/1 87/3/1 86/3/1
f 96/2/1 88/2/1 87/2/1
f 97/3/1 89/3/1 88/3/1
f 97/2/1 88/2/1 96/2/1
f 98/2/1 90/2/1 89/2/1
f 98/3/1 89/3/1 97/3/1
f 99/3/1 91/3/1 90/3/1
f 99/2/1 90/2/1 98/2/1
f 100/2/1 95/2/1 94/2/1
f 101/3/1 85/3/1 95/3/1
f 101/2/1 95/2/1 100/2/1
f 102/3/1 96/3/1 86/3/1
f 102/3/1 97/3/1 96/3/1
f 102/3/1 98/3/1 97/3/1
f 103/3/1 98/3/1 102/3/1
f 104/3/1 98/3/1 103/3/1
f 105/3/1 98/3/1 104/3/1
f 106/1/1 99/1/1 98/1/1
f 106/3/1 98/3/1 105/3/1
f 107/3/1 91/3/1 99/3/1
f 107/1/1 99/1/1 106/1/1
f 108/3/1 102/3/1 86/3/1
f 108/2/1 103/2/1 102/2/1
f 109/3/1 104/3/1 103/3/1
f 109/2/1 103/2/1 108/2/1
f 110/2/1 105/2/1 104/2/1
f 110/3/1 104/3/1 109/3/1
f 111/3/1 106/3/1 105/3/1
f 111/2/1 105/2/1 110/2/1
f 111/3/1 107/3/1 106/3/1
f 112/3/1 101/3/1 100/3/1
f 113/3/1 85/3/1 101/3/1
f 113/3/1 101/3/1 112/3/1
f 114/2/1 113/2/1 112/2/1
f 115/3/1 85/3/1 113/3/1
f 115/2/1 113/2/1 114/2/1
f 116/3/1 110/3/1 109/3/1
f 116/3/1 109/3/1 108/3/1
f 116/3/1 111/3/1 110/3/1
f 117/3/1 111/3/1 116/3/1
f 118/3/1 116/3/1 108/3/1
f 119/2/1 117/2/1 116/2/1
f 119/3/1 116/3/1 118/3/1
f 120/3/1 111/3/1 117/3/1
f 120/2/1 117/2/1 119/2/1
f 121/3/1 93/3/1 92/3/1
f 122/3/1 93/3/1 121/3/1
f 123/3/1 108/3/1 86/3/1
f 123/3/1 118/3/1 108/3/1
f 124/3/1 118/3/1 123/3/1
f 125/1/1 119/1/1 118/1/1
f 125/3/1 118/3/1 124/3/1
f 126/3/1 120/3/1 119/3/1
f 126/1/1 119/1/1 125/1/1
f 127/3/1 111/3/1 120/3/1
f 127/3/1 120/3/1 126/3/1
f 128/1/1 122/1/1 121/1/1
f 129/3/1 93/3/1 122/3/1
f 129/1/1 122/1/1 128/1/1
f 130/2/1 124/2/1 123/2/1
f 130/3/1 123/3/1 86/3/1
f 131/3/1 126/3/1 125/3/1
f 131/2/1 124/2/1 130/2/1
f 131/3/1 125/3/1 124/3/1
f 132/3/1 126/3/1 131/3/1
f 133/3/1 126/3/1 132/3/1
f 134/3/1 107/3/1 111/3/1
f 134/3/1 111/3/1 127/3/1
f 135/3/1 91/3/1 107/3/1
f 135/3/1 107/3/1 134/3/1
f 136/3/1 85/3/1 115/3/1
f 136/3/1 115/3/1 114/3/1
f 137/3/1 85/3/1 136/3/1
f 138/3/1 130/3/1 86/3/1
f 138/3/1 131/3/1 130/3/1
f 138/3/1 132/3/1 131/3/1
f 139/3/1 132/3/1 138/3/1
f 140/2/1 133/2/1 132/2/1
f 140/3/1 132/3/1 139/3/1
f 141/3/1 126/3/1 133/3/1
f 141/2/1 133/2/1 140/2/1
f 142/1/1 127/1/1 126/1/1
f 142/3/1 126/3/1 141/3/1
f 143/3/1 134/3/1 127/3/1
f 143/1/1 127/1/1 142/1/1
f 144/2/1 135/2/1 134/2/1
f 144/3/1 134/3/1 143/3/1
f 145/3/1 91/3/1 135/3/1
f 145/2/1 135/2/1 144/2/1
f 146/3/1 129/3/1 128/3/1
f 147/3/1 93/3/1 129/3/1
f 147/3/1 129/3/1 146/3/1
f 148/2/1 137/2/1 136/2/1
f 148/3/1 136/3/1 114/3/1
f 149/2/1 137/2/1 148/2/1
f 150/2/1 139/2/1 138/2/1
f 150/3/1 138/3/1 86/3/1
f 151/3/1 144/3/1 143/3/1
f 151/2/1 139/2/1 150/2/1
f 151/3/1 140/3/1 139/3/1
f 151/3/1 145/3/1 144/3/1
f 151/3/1 143/3/1 142/3/1
f 151/3/1 142/3/1 141/3/1
f 151/3/1 141/3/1 140/3/1
f 152/3/1 145/3/1 151/3/1
f 153/3/1 145/3/1 152/3/1
f 154/2/1 147/2/1 146/2/1
f 155/3/1 93/3/1 147/3/1
f 155/2/1 147/2/1 154/2/1
f 156/3/1 151/3/1 150/3/1
f 156/3/1 152/3/1 151/3/1
f 156/2/1 153/2/1 152/2/1
f 157/3/1 145/3/1 153/3/1
f 157/2/1 153/2/1 156/2/1
f 158/3/1 145/3/1 157/3/1
f 159/3/1 91/3/1 145/3/1
f 159/3/1 145/3/1 158/3/1
f 160/3/1 148/3/1 114/3/1
f 160/3/1 149/3/1 148/3/1
f 161/3/1 149/3/1 160/3/1
f 162/3/1 156/3/1 150/3/1
f 162/3/1 158/3/1 157/3/1
f 162/3/1 157/3/1 156/3/1
f 163/3/1 158/3/1 162/3/1
f 164/2/1 159/2/1 158/2/1
f 164/3/1 158/3/1 163/3/1
f 165/3/1 91/3/1 159/3/1
f 165/2/1 159/2/1 164/2/1
f 166/3/1 160/3/1 114/3/1
f 167/2/1 161/2/1 160/2/1
f 167/3/1 160/3/1 166/3/1
f 168/2/1 161/2/1 167/2/1
f 169/3/1 150/3/1 86/3/1
f 169/3/1 162/3/1 150/3/1
f 170/2/1 163/2/1 162/2/1
f 170/3/1 162/3/1 169/3/1
f 171/3/1 164/3/1 163/3/1
f 171/2/1 163/2/1 170/2/1
f 171/3/1 165/3/1 164/3/1
f 172/3/1 91/3/1 165/3/1
f 172/3/1 165/3/1 171/3/1
f 173/3/1 155/3/1 154/3/1
f 174/3/1 93/3/1 155/3/1
f 174/3/1 155/3/1 173/3/1
f 188/3/1 176/3/1 175/3/1
f 189/3/1 176/3/1 188/3/1
f 190/3/1 178/3/1 177/3/1
f 191/2/1 179/2/1 178/2/1
f 191/3/1 178/3/1 190/3/1
f 192/3/1 180/3/1 179/3/1
f 192/2/1 179/2/1 191/2/1
f 193/2/1 181/2/1 180/2/1
f 193/3/1 180/3/1 192/3/1
f 194/3/1 182/3/1 181/3/1
f 194/2/1 181/2/1 193/2/1
f 195/2/1 183/2/1 182/2/1
f 195/3/1 182/3/1 194/3/1
f 196/3/1 184/3/1 183/3/1
f 196/2/1 183/2/1 195/2/1
f 197/3/1 184/3/1 196/3/1
f 198/3/1 184/3/1 197/3/1
f 199/2/1 186/2/1 185/2/1
f 200/3/1 187/3/1 186/3/1
f 200/2/1 186/2/1 199/2/1
f 201/2/1 189/2/1 188/2/1
f 202/3/1 176/3/1 189/3/1
f 202/2/1 189/2/1 201/2/1
f 203/3/1 176/3/1 202/3/1
f 204/3/1 190/3/1 177/3/1
f 205/2/1 191/2/1 190/2/1
f 205/3/1 190/3/1 204/3/1
f 206/1/1 192/1/1 191/1/1
f 206/2/1 191/2/1 205/2/1
f 207/3/1 193/3/1 192/3/1
f 207/1/1 192/1/1 206/1/1
f 207/3/1 194/3/1 193/3/1
f 207/3/1 195/3/1 194/3/1
f 208/1/1 196/1/1 195/1/1
f 208/3/1 195/3/1 207/3/1
f 209/3/1 197/3/1 196/3/1
f 209/1/1 196/1/1 208/1/1
f 210/2/1 198/2/1 197/2/1
f 210/3/1 197/3/1 209/3/1
f 211/3/1 184/3/1 198/3/1
f 211/2/1 198/2/1 210/2/1
f 212/3/1 184/3/1 211/3/1
f 213/3/1 200/3/1 199/3/1
f 214/3/1 187/3/1 200/3/1
f 214/3/1 200/3/1 213/3/1
f 220/5/1 216/5/1 215/5/1
f 221/5/1 216/5/1 220/5/1
f 226/5/1 218/5/1 217/5/1
f 227/5/1 218/5/1 226/5/1
f 229/5/1 220/5/1 219/5/1
f 230/5/1 220/5/1 229/5/1
f 231/5/1 225/5/1 224/5/1
f 231/5/1 226/5/1 225/5/1
f 231/5/1 222/5/1 221/5/1
f 231/5/1 223/5/1 222/5/1
f 231/5/1 224/5/1 223/5/1
f 232/5/1 226/5/1 231/5/1
f 233/5/1 226/5/1 232/5/1
f 234/5/1 226/5/1 233/5/1
f 235/5/1 226/5/1 234/5/1
f 236/5/1 226/5/1 235/5/1
f 237/5/1 228/5/1 227/5/1
f 238/5/1 228/5/1 237/5/1
f 239/5/1 237/5/1 236/5/1
f 240/5/1 239/5/1 236/5/1
f 241/5/1 231/5/1 230/5/1
f 242/5/1 240/5/1 236/5/1
f 243/5/1 231/5/1 241/5/1
f 244/5/1 242/5/1 236/5/1
f 245/5/1 231/5/1 243/5/1
f 247/5/1 231/5/1 245/5/1
f 248/5/1 231/5/1 247/5/1
f 251/5/1 244/5/1 236/5/1
f 252/5/1 244/5/1 251/5/1
f 254/5/1 247/5/1 246/5/1
f 255/5/1 247/5/1 254/5/1
f 256/5/1 251/5/1 250/5/1
f 256/5/1 249/5/1 248/5/1
f 256/5/1 250/5/1 249/5/1
f 257/5/1 251/5/1 256/5/1
f 258/5/1 251/5/1 257/5/1
f 259/5/1 251/5/1 258/5/1
f 260/5/1 251/5/1 259/5/1
f 261/5/1 251/5/1 260/5/1
f 262/5/1 251/5/1 261/5/1
f 263/5/1 251/5/1 262/5/1
f 264/5/1 253/5/1 252/5/1
f 265/5/1 253/5/1 264/5/1
f 266/5/1 256/5/1 255/5/1
f 267/5/1 256/5/1 266/5/1
f 268/5/1 264/5/1 263/5/1
f 269/5/1 264/5/1 268/5/1
f 274/5/1 271/5/1 270/5/1
f 275/5/1 271/5/1 274/5/1
f 276/5/1 273/5/1 272/5/1
f 277/5/1 273/5/1 276/5/1
f 282/5/1 279/5/1 278/5/1
f 283/5/1 279/5/1 282/5/1
f 284/5/1 281/5/1 280/5/1
f 285/5/1 281/5/1 284/5/1
f 290/1/1 289/1/1 288/1/1
f 291/1/1 289/1/1 290/1/1
f 292/3/1 287/3/1 286/3/1
f 293/3/1 287/3/1 292/3/1
f 294/3/1 291/3/1 290/3/1
f 295/3/1 291/3/1 294/3/1
f 300/3/1 297/3/1 296/3/1
f 301/3/1 297/3/1 300/3/1
f 302/3/1 299/3/1 298/3/1
f 303/3/1 299/3/1 302/3/1
f 304/2/1 301/2/1 300/2/1
f 305/2/1 301/2/1 304/2/1
f 306/1/1 303/1/1 302/1/1
f 307/1/1 303/1/1 306/1/1
f 310/3/1 305/3/1 304/3/1
f 311/3/1 305/3/1 310/3/1
f 312/3/1 309/3/1 308/3/1
f 313/2/1 311/2/1 310/2/1
f 314/2/1 311/2/1 313/2/1
f 315/3/1 309/3/1 312/3/1
f 316/3/1 309/3/1 315/3/1
f 317/3/1 309/3/1 316/3/1
f 318/3/1 314/3/1 313/3/1
f 319/3/1 314/3/1 318/3/1
f 324/2/1 321/2/1 320/2/1
f 325/2/1 321/2/1 324/2/1
f 336/3/1 323/3/1 322/3/1
f 337/3/1 325/3/1 324/3/1
f 337/3/1 326/3/1 325/3/1
f 338/3/1 326/3/1 337/3/1
f 339/3/1 328/3/1 327/3/1
f 340/1/1 329/1/1 328/1/1
f 340/3/1 328/3/1 339/3/1
f 341/3/1 330/3/1 329/3/1
f 341/1/1 329/1/1 340/1/1
f 342/1/1 331/1/1 330/1/1
f 342/3/1 330/3/1 341/3/1
f 343/3/1 332/3/1 331/3/1
f 343/1/1 331/1/1 342/1/1
f 344/1/1 333/1/1 332/1/1
f 344/3/1 332/3/1 343/3/1
f 345/3/1 334/3/1 333/3/1
f 345/1/1 333/1/1 344/1/1
f 346/3/1 334/3/1 345/3/1
f 347/3/1 336/3/1 335/3/1
f 348/3/1 323/3/1 336/3/1
f 348/3/1 336/3/1 347/3/1
f 351/3/1 350/3/1 349/3/1
f 352/3/1 350/3/1 351/3/1
f 355/3/1 354/3/1 353/3/1
f 356/3/1 354/3/1 355/3/1
f 359/3/1 358/3/1 357/3/1
f 360/3/1 358/3/1 359/3/1
f 363/3/1 362/3/1 361/3/1
f 364/3/1 362/3/1 363/3/1
f 367/1/1 366/1/1 365/1/1
f 368/1/1 366/1/1 367/1/1
f 371/3/1 370/3/1 369/3/1
f 372/3/1 370/3/1 371/3/1
f 375/3/1 374/3/1 373/3/1
f 376/3/1 374/3/1 375/3/1
f 379/3/1 378/3/1 377/3/1
f 380/3/1 378/3/1 379/3/1
f 383/1/1 382/1/1 381/1/1
f 384/1/1 382/1/1 383/1/1
f 387/1/1 386/1/1 385/1/1
f 388/1/1 386/1/1 387/1/1
f 391/3/1 390/3/1 389/3/1
f 392/3/1 390/3/1 391/3/1
f 395/3/1 394/3/1 393/3/1
f 396/3/1 394/3/1 395/3/1
f 399/3/1 398/3/1 397/3/1
f 400/3/1 398/3/1 399/3/1
f 403/3/1 402/3/1 401/3/1
f 404/3/1 402/3/1 403/3/1
f 407/3/1 406/3/1 405/3/1
f 408/3/1 406/3/1 407/3/1
f 413/3/1 410/3/1 409/3/1
f 414/3/1 410/3/1 413/3/1
f 415/1/1 414/1/1 413/1/1
f 416/1/1 414/1/1 415/1/1
f 417/3/1 412/3/1 411/3/1
f 418/3/1 412/3/1 417/3/1
f 423/3/1 420/3/1 419/3/1
f 424/3/1 420/3/1 423/3/1
f 425/1/1 424/1/1 423/1/1
f 426/1/1 424/1/1 425/1/1
f 427/3/1 422/3/1 421/3/1
f 428/3/1 426/3/1 425/3/1
f 429/3/1 426/3/1 428/3/1
f 430/1/1 429/1/1 428/1/1
f 431/1/1 429/1/1 430/1/1
f 432/3/1 431/3/1 430/3/1
f 433/3/1 431/3/1 432/3/1
f 434/3/1 422/3/1 427/3/1
f 435/1/1 433/1/1 432/1/1
f 436/1/1 433/1/1 435/1/1
f 437/3/1 422/3/1 434/3/1
f 438/3/1 422/3/1 437/3/1
f 439/3/1 436/3/1 435/3/1
f 440/3/1 436/3/1 439/3/1
f 441/3/1 422/3/1 438/3/1
f 442/3/1 422/3/1 441/3/1
f 443/2/1 440/2/1 439/2/1
f 444/2/1 440/2/1 443/2/1
f 449/3/1 446/3/1 445/3/1
f 459/3/1 449/3/1 445/3/1
f 459/3/1 450/3/1 449/3/1
f 460/3/1 450/3/1 459/3/1
f 461/3/1 452/3/1 451/3/1
f 462/1/1 453/1/1 452/1/1
f 462/3/1 452/3/1 461/3/1
f 463/3/1 454/3/1 453/3/1
f 463/1/1 453/1/1 462/1/1
f 464/1/1 455/1/1 454/1/1
f 464/3/1 454/3/1 463/3/1
f 465/3/1 458/3/1 457/3/1
f 465/1/1 455/1/1 464/1/1
f 465/3/1 457/3/1 456/3/1
f 465/3/1 456/3/1 455/3/1
f 466/3/1 458/3/1 465/3/1
f 467/3/1 448/3/1 447/3/1
f 468/3/1 448/3/1 467/3/1
f 471/3/1 470/3/1 469/3/1
f 472/3/1 470/3/1 471/3/1
f 477/6/1 474/6/1 473/6/1
f 478/6/1 474/6/1 477/6/1
f 479/6/1 476/6/1 475/6/1
f 480/6/1 476/6/1 479/6/1
f 485/6/1 482/6/1 481/6/1
f 486/6/1 482/6/1 485/6/1
f 487/6/1 484/6/1 483/6/1
f 488/6/1 484/6/1 487/6/1
f 489/6/2 490/6/2 493/6/2
f 493/6/2 490/6/2 494/6/2
f 491/6/2 492/6/2 495/6/2
f 495/6/2 492/6/2 496/6/2
f 497/6/2 498/6/2 501/6/2
f 501/6/2 498/6/2 502/6/2
f 499/6/2 500/6/2 503/6/2
f 503/6/2 500/6/2 504/6/2
f 505/3/2 506/3/2 509/3/2
f 509/3/2 506/3/2 510/3/2
f 507/3/2 508/3/2 511/3/2
f 511/3/2 508/3/2 512/3/2
f 513/3/2 514/3/2 517/3/2
f 517/3/2 514/3/2 518/3/2
f 515/3/2 516/3/2 519/3/2
f 517/2/2 518/2/2 520/2/2
f 520/2/2 518/2/2 521/2/2
f 519/3/2 516/3/2 522/3/2
f 520/3/2 521/3/2 523/3/2
f 523/3/2 521/3/2 524/3/2
f 523/2/2 524/2/2 525/2/2
f 525/2/2 524/2/2 526/2/2
f 525/3/2 526/3/2 527/3/2
f 527/3/2 526/3/2 528/3/2
f 522/3/2 516/3/2 529/3/2
f 529/3/2 516/3/2 530/3/2
f 531/5/2 532/5/2 535/5/2
f 535/5/2 532/5/2 536/5/2
f 533/3/2 534/3/2 545/3/2
f 535/3/2 536/3/2 546/3/2
f 536/3/2 537/3/2 546/3/2
f 546/3/2 537/3/2 547/3/2
f 538/3/2 539/3/2 548/3/2
f 539/1/2 540/1/2 549/1/2
f 548/3/2 539/3/2 549/3/2
f 540/3/2 541/3/2 550/3/2
f 549/1/2 540/1/2 550/1/2
f 541/1/2 542/1/2 551/1/2
f 550/3/2 541/3/2 551/3/2
f 542/3/2 543/3/2 552/3/2
f 551/1/2 542/1/2 552/1/2
f 552/3/2 543/3/2 553/3/2
f 544/3/2 545/3/2 554/3/2
f 545/3/2 534/3/2 555/3/2
f 554/3/2 545/3/2 555/3/2
f 556/3/2 557/3/2 558/3/2
f 558/3/2 557/3/2 559/3/2
f 560/3/2 561/3/2 562/3/2
f 562/3/2 561/3/2 563/3/2
f 564/3/2 565/3/2 566/3/2
f 566/3/2 565/3/2 567/3/2
f 568/1/2 569/1/2 570/1/2
f 570/1/2 569/1/2 571/1/2
f 572/1/2 573/1/2 574/1/2
f 574/1/2 573/1/2 575/1/2
f 576/3/2 577/3/2 578/3/2
f 578/3/2 577/3/2 579/3/2
f 580/3/2 581/3/2 582/3/2
f 582/3/2 581/3/2 583/3/2
f 584/3/2 585/3/2 586/3/2
f 586/3/2 585/3/2 587/3/2
f 588/1/2 589/1/2 590/1/2
f 590/1/2 589/1/2 591/1/2
f 592/1/2 593/1/2 594/1/2
f 594/1/2 593/1/2 595/1/2
f 596/1/2 597/1/2 598/1/2
f 598/1/2 597/1/2 599/1/2
f 600/1/2 601/1/2 602/1/2
f 602/1/2 601/1/2 603/1/2
f 604/3/2 605/3/2 606/3/2
f 606/3/2 605/3/2 607/3/2
f 608/3/2 609/3/2 610/3/2
f 610/3/2 609/3/2 611/3/2
f 612/3/2 613/3/2 614/3/2
f 614/3/2 613/3/2 615/3/2
f 616/3/2 617/3/2 618/3/2
f 618/3/2 617/3/2 619/3/2
f 620/3/2 621/3/2 622/3/2
f 622/3/2 621/3/2 623/3/2
f 624/3/2 625/3/2 628/3/2
f 624/3/2 628/3/2 629/3/2
f 629/3/2 628/3/2 630/3/2
f 626/3/2 627/3/2 631/3/2
f 631/3/2 627/3/2 632/3/2
f 635/3/2 636/3/2 637/3/2
f 633/3/2 634/3/2 638/3/2
f 638/3/2 634/3/2 639/3/2
f 638/2/2 639/2/2 640/2/2
f 640/2/2 639/2/2 641/2/2
f 637/3/2 636/3/2 642/3/2
f 642/3/2 636/3/2 643/3/2
f 640/3/2 641/3/2 646/3/2
f 646/3/2 641/3/2 647/3/2
f 644/3/2 645/3/2 648/3/2
f 646/2/2 647/2/2 649/2/2
f 649/2/2 647/2/2 650/2/2
f 648/3/2 645/3/2 651/3/2
f 651/3/2 645/3/2 652/3/2
f 649/3/2 650/3/2 653/3/2
f 653/3/2 650/3/2 654/3/2
f 652/3/2 645/3/2 655/3/2
f 655/3/2 645/3/2 656/3/2
f 657/3/2 658/3/2 661/3/2
f 657/3/2 661/3/2 675/3/2
f 661/3/2 662/3/2 675/3/2
f 675/3/2 662/3/2 676/3/2
f 663/3/2 664/3/2 677/3/2
f 664/1/2 665/1/2 678/1/2
f 677/3/2 664/3/2 678/3/2
f 665/3/2 666/3/2 679/3/2
f 678/1/2 665/1/2 679/1/2
f 666/3/2 667/3/2 679/3/2
f 667/3/2 668/3/2 679/3/2
f 668/1/2 669/1/2 680/1/2
f 679/3/2 668/3/2 680/3/2
f 669/3/2 670/3/2 681/3/2
f 680/1/2 669/1/2 681/1/2
f 670/3/2 671/3/2 681/3/2
f 671/1/2 672/1/2 682/1/2
f 681/3/2 671/3/2 682/3/2
f 672/3/2 673/3/2 683/3/2
f 682/1/2 672/1/2 683/1/2
f 673/1/2 674/1/2 684/1/2
f 683/3/2 673/3/2 684/3/2
f 684/1/2 674/1/2 685/1/2
f 659/3/2 660/3/2 686/3/2
f 686/3/2 660/3/2 687/3/2
f 688/5/2 689/5/2 692/5/2
f 692/5/2 689/5/2 693/5/2
f 690/5/2 691/5/2 694/5/2
f 692/1/2 693/1/2 696/1/2
f 696/1/2 693/1/2 697/1/2
f 694/5/2 691/5/2 703/5/2
f 703/5/2 691/5/2 704/5/2
f 701/5/2 702/5/2 706/5/2
f 704/5/2 705/5/2 706/5/2
f 703/5/2 704/5/2 706/5/2
f 702/5/2 703/5/2 706/5/2
f 695/5/2 696/5/2 706/5/2
f 700/5/2 701/5/2 706/5/2
f 699/5/2 700/5/2 706/5/2
f 698/5/2 699/5/2 706/5/2
f 697/5/2 698/5/2 706/5/2
f 696/5/2 697/5/2 706/5/2
f 706/5/2 705/5/2 707/5/2
f 707/5/2 705/5/2 708/5/2
f 708/5/2 705/5/2 709/5/2
f 709/5/2 705/5/2 710/5/2
f 710/5/2 705/5/2 711/5/2
f 711/5/2 705/5/2 712/5/2
f 712/5/2 705/5/2 713/5/2
f 713/5/2 705/5/2 714/5/2
f 714/5/2 705/5/2 715/5/2
f 715/5/2 705/5/2 716/5/2
f 716/5/2 705/5/2 717/5/2
f 717/5/2 705/5/2 718/5/2
f 716/5/2 717/5/2 719/5/2
f 707/5/2 708/5/2 720/5/2
f 720/5/2 708/5/2 721/5/2
f 720/1/2 721/1/2 722/1/2
f 722/1/2 721/1/2 723/1/2
f 724/3/2 725/3/2 726/3/2
f 726/3/2 725/3/2 727/3/2
f 719/5/2 717/5/2 728/5/2
f 722/5/2 723/5/2 729/5/2
f 719/5/2 728/5/2 730/5/2
f 729/5/2 723/5/2 732/5/2
f 732/5/2 723/5/2 733/5/2
f 719/5/2 730/5/2 736/5/2
f 736/5/2 730/5/2 737/5/2
f 736/5/2 737/5/2 739/5/2
f 737/5/2 738/5/2 739/5/2
f 735/5/2 736/5/2 739/5/2
f 733/5/2 734/5/2 739/5/2
f 732/5/2 733/5/2 739/5/2
f 731/5/2 732/5/2 739/5/2
f 734/5/2 735/5/2 739/5/2
f 739/5/2 738/5/2 740/5/2
f 740/5/2 738/5/2 741/5/2
f 741/5/2 738/5/2 742/5/2
f 742/5/2 738/5/2 743/5/2
f 743/5/2 738/5/2 744/5/2
f 744/5/2 738/5/2 745/5/2
f 745/5/2 738/5/2 746/5/2
f 746/5/2 738/5/2 747/5/2
f 740/5/2 741/5/2 748/5/2
f 748/5/2 741/5/2 749/5/2
f 745/5/2 746/5/2 750/5/2
f 750/5/2 746/5/2 751/5/2
f 754/1/2 755/1/2 761/1/2
f 755/3/2 756/3/2 762/3/2
f 761/1/2 755/1/2 762/1/2
f 762/3/2 756/3/2 763/3/2
f 763/3/2 756/3/2 764/3/2
f 764/3/2 756/3/2 765/3/2
f 765/3/2 756/3/2 766/3/2
f 756/1/2 757/1/2 767/1/2
f 766/3/2 756/3/2 767/3/2
f 757/3/2 758/3/2 768/3/2
f 767/1/2 757/1/2 768/1/2
f 768/3/2 758/3/2 769/3/2
f 769/3/2 758/3/2 770/3/2
f 752/3/2 753/3/2 771/3/2
f 771/3/2 753/3/2 772/3/2
f 761/3/2 762/3/2 773/3/2
f 762/3/2 763/3/2 773/3/2
f 763/1/2 764/1/2 774/1/2
f 773/3/2 763/3/2 774/3/2
f 764/3/2 765/3/2 775/3/2
f 774/1/2 764/1/2 775/1/2
f 765/1/2 766/1/2 776/1/2
f 775/3/2 765/3/2 776/3/2
f 766/3/2 767/3/2 777/3/2
f 776/1/2 766/1/2 777/1/2
f 767/3/2 768/3/2 777/3/2
f 768/3/2 769/3/2 777/3/2
f 769/1/2 770/1/2 778/1/2
f 777/3/2 769/3/2 778/3/2
f 778/1/2 770/1/2 779/1/2
f 759/3/2 760/3/2 780/3/2
f 780/3/2 760/3/2 781/3/2
f 784/3/2 785/3/2 795/3/2
f 785/1/2 786/1/2 795/1/2
f 786/3/2 787/3/2 796/3/2
f 795/1/2 786/1/2 796/1/2
f 796/3/2 787/3/2 797/3/2
f 787/1/2 788/1/2 798/1/2
f 797/3/2 787/3/2 798/3/2
f 788/3/2 789/3/2 799/3/2
f 798/1/2 788/1/2 799/1/2
f 791/1/2 792/1/2 800/1/2
f 790/3/2 791/3/2 800/3/2
f 800/1/2 792/1/2 801/1/2
f 782/3/2 783/3/2 802/3/2
f 802/3/2 783/3/2 803/3/2
f 796/3/2 797/3/2 804/3/2
f 797/1/2 798/1/2 804/1/2
f 795/3/2 796/3/2 804/3/2
f 798/3/2 799/3/2 805/3/2
f 804/1/2 798/1/2 805/1/2
f 799/3/2 789/3/2 806/3/2
f 805/3/2 799/3/2 806/3/2
f 789/1/2 790/1/2 806/1/2
f 800/3/2 801/3/2 807/3/2
f 806/1/2 790/1/2 807/1/2
f 790/3/2 800/3/2 807/3/2
f 802/2/2 803/2/2 808/2/2
f 803/3/2 783/3/2 809/3/2
f 808/2/2 803/2/2 809/2/2
f 804/3/2 805/3/2 810/3/2
f 807/3/2 801/3/2 810/3/2
f 805/3/2 806/3/2 810/3/2
f 806/3/2 807/3/2 810/3/2
f 810/3/2 801/3/2 811/3/2
f 784/3/2 795/3/2 812/3/2
f 795/3/2 804/3/2 812/3/2
f 804/3/2 810/3/2 812/3/2
f 812/3/2 810/3/2 813/3/2
f 813/3/2 810/3/2 814/3/2
f 814/3/2 810/3/2 815/3/2
f 810/1/2 811/1/2 816/1/2
f 815/3/2 810/3/2 816/3/2
f 811/3/2 801/3/2 817/3/2
f 816/1/2 811/1/2 817/1/2
f 784/3/2 812/3/2 818/3/2
f 812/1/2 813/1/2 818/1/2
f 813/3/2 814/3/2 819/3/2
f 818/1/2 813/1/2 819/1/2
f 814/1/2 815/1/2 820/1/2
f 819/3/2 814/3/2 820/3/2
f 815/3/2 816/3/2 821/3/2
f 820/1/2 815/1/2 821/1/2
f 816/3/2 817/3/2 821/3/2
f 821/3/2 817/3/2 822/3/2
f 822/3/2 817/3/2 823/3/2
f 823/3/2 817/3/2 824/3/2
f 824/3/2 817/3/2 825/3/2
f 819/3/2 820/3/2 826/3/2
f 818/3/2 819/3/2 826/3/2
f 820/3/2 821/3/2 826/3/2
f 821/3/2 822/3/2 826/3/2
f 822/1/2 823/1/2 826/1/2
f 823/3/2 824/3/2 827/3/2
f 826/1/2 823/1/2 827/1/2
f 824/1/2 825/1/2 828/1/2
f 827/3/2 824/3/2 828/3/2
f 825/3/2 817/3/2 829/3/2
f 828/1/2 825/1/2 829/1/2
f 817/3/2 801/3/2 830/3/2
f 829/3/2 817/3/2 830/3/2
f 830/3/2 801/3/2 831/3/2
f 831/3/2 801/3/2 832/3/2
f 832/3/2 801/3/2 833/3/2
f 827/3/2 828/3/2 834/3/2
f 826/3/2 827/3/2 834/3/2
f 828/3/2 829/3/2 834/3/2
f 818/3/2 826/3/2 834/3/2
f 829/3/2 830/3/2 834/3/2
f 834/3/2 830/3/2 835/3/2
f 830/1/2 831/1/2 836/1/2
f 835/3/2 830/3/2 836/3/2
f 831/3/2 832/3/2 837/3/2
f 836/1/2 831/1/2 837/1/2
f 808/3/2 809/3/2 838/3/2
f 809/3/2 783/3/2 839/3/2
f 838/3/2 809/3/2 839/3/2
f 835/3/2 836/3/2 840/3/2
f 836/3/2 837/3/2 840/3/2
f 840/3/2 837/3/2 841/3/2
f 837/3/2 832/3/2 842/3/2
f 841/3/2 837/3/2 842/3/2
f 832/1/2 833/1/2 842/1/2
f 833/3/2 801/3/2 843/3/2
f 842/1/2 833/1/2 843/1/2
f 793/3/2 794/3/2 844/3/2
f 844/3/2 794/3/2 845/3/2
f 838/2/2 839/2/2 846/2/2
f 839/3/2 783/3/2 847/3/2
f 846/2/2 839/2/2 847/2/2
f 818/3/2 834/3/2 848/3/2
f 834/1/2 835/1/2 849/1/2
f 848/3/2 834/3/2 849/3/2
f 835/3/2 840/3/2 850/3/2
f 849/1/2 835/1/2 850/1/2
f 840/1/2 841/1/2 851/1/2
f 850/3/2 840/3/2 851/3/2
f 842/3/2 843/3/2 852/3/2
f 851/1/2 841/1/2 852/1/2
f 841/3/2 842/3/2 852/3/2
f 852/3/2 843/3/2 853/3/2
f 853/3/2 843/3/2 854/3/2
f 793/3/2 844/3/2 855/3/2
f 848/1/2 849/1/2 857/1/2
f 818/3/2 848/3/2 857/3/2
f 850/3/2 851/3/2 858/3/2
f 857/1/2 849/1/2 858/1/2
f 849/3/2 850/3/2 858/3/2
f 851/3/2 852/3/2 858/3/2
f 852/3/2 853/3/2 858/3/2
f 853/1/2 854/1/2 859/1/2
f 858/3/2 853/3/2 859/3/2
f 854/3/2 843/3/2 860/3/2
f 859/1/2 854/1/2 860/1/2
f 857/3/2 858/3/2 861/3/2
f 858/3/2 859/3/2 861/3/2
f 859/3/2 860/3/2 861/3/2
f 861/3/2 860/3/2 862/3/2
f 855/3/2 856/3/2 863/3/2
f 793/3/2 855/3/2 863/3/2
f 863/3/2 856/3/2 864/3/2
f 846/3/2 847/3/2 865/3/2
f 847/3/2 783/3/2 865/3/2
f 865/3/2 783/3/2 866/3/2
f 857/3/2 861/3/2 867/3/2
f 867/3/2 861/3/2 868/3/2
f 861/1/2 862/1/2 869/1/2
f 868/3/2 861/3/2 869/3/2
f 862/3/2 860/3/2 870/3/2
f 869/1/2 862/1/2 870/1/2
f 863/1/2 864/1/2 871/1/2
f 864/3/2 856/3/2 872/3/2
f 871/1/2 864/1/2 872/1/2
f 846/3/2 865/3/2 873/3/2
f 865/5/2 866/5/2 874/5/2
f 873/3/2 865/3/2 874/3/2
f 874/5/2 866/5/2 875/5/2
f 818/3/2 857/3/2 876/3/2
f 784/3/2 818/3/2 876/3/2
f 857/3/2 867/3/2 876/3/2
f 867/2/2 868/2/2 877/2/2
f 876/3/2 867/3/2 877/3/2
f 868/3/2 869/3/2 878/3/2
f 877/2/2 868/2/2 878/2/2
f 869/3/2 870/3/2 878/3/2
f 843/3/2 801/3/2 879/3/2
f 878/3/2 870/3/2 879/3/2
f 860/3/2 843/3/2 879/3/2
f 870/3/2 860/3/2 879/3/2
f 871/3/2 872/3/2 880/3/2
f 872/3/2 856/3/2 881/3/2
f 880/3/2 872/3/2 881/3/2
f 884/3/2 885/3/2 891/3/2
f 891/3/2 885/3/2 892/3/2
f 885/1/2 886/1/2 893/1/2
f 892/3/2 885/3/2 893/3/2
f 886/3/2 887/3/2 894/3/2
f 893/1/2 886/1/2 894/1/2
f 887/1/2 888/1/2 895/1/2
f 894/3/2 887/3/2 895/3/2
f 895/1/2 888/1/2 896/1/2
f 882/3/2 883/3/2 897/3/2
f 897/3/2 883/3/2 898/3/2
f 884/3/2 891/3/2 899/3/2
f 891/1/2 892/1/2 900/1/2
f 899/3/2 891/3/2 900/3/2
f 892/3/2 893/3/2 901/3/2
f 900/1/2 892/1/2 901/1/2
f 893/3/2 894/3/2 901/3/2
f 894/3/2 895/3/2 901/3/2
f 895/3/2 896/3/2 901/3/2
f 901/3/2 896/3/2 902/3/2
f 889/3/2 890/3/2 903/3/2
f 903/3/2 890/3/2 904/3/2
f 905/6/2 906/6/2 909/6/2
f 909/6/2 906/6/2 910/6/2
f 907/6/2 908/6/2 911/6/2
f 911/6/2 908/6/2 912/6/2
f 910/6/2 906/6/2 915/6/2
f 915/6/2 906/6/2 916/6/2
f 913/6/2 914/6/2 917/6/2
f 917/6/2 914/6/2 918/6/2
f 919/6/2 920/6/2 923/6/2
f 923/6/2 920/6/2 924/6/2
f 921/6/2 922/6/2 925/6/2
f 925/6/2 922/6/2 926/6/2
f 923/6/2 924/6/2 927/6/2
f 924/6/2 925/6/2 927/6/2
f 925/6/2 926/6/2 927/6/2
f 927/6/2 926/6/2 928/6/2
f 928/6/2 926/6/2 929/6/2
f 929/6/2 926/6/2 930/6/2
f 927/6/2 928/6/2 931/6/2
f 931/6/2 928/6/2 932/6/2
f 929/6/2 930/6/2 933/6/2
f 933/6/2 930/6/2 934/6/2
f 935/6/2 936/6/2 939/6/2
f 939/6/2 936/6/2 940/6/2
f 937/6/2 938/6/2 941/6/2
f 941/6/2 938/6/2 942/6/2
f 943/6/2 944/6/2 949/6/2
f 949/6/2 944/6/2 950/6/2
f 945/6/2 946/6/2 951/6/2
f 951/6/2 946/6/2 952/6/2
f 947/6/2 948/6/2 953/6/2
f 953/6/2 948/6/2 954/6/2
f 955/6/2 956/6/2 957/6/2
f 957/6/2 956/6/2 958/6/2
f 961/6/3 960/6/3 959/6/3
f 962/6/3 960/6/3 961/6/3
f 965/6/3 964/6/3 963/6/3
f 966/6/3 964/6/3 965/6/3
f 969/6/3 968/6/3 967/6/3
f 970/6/3 968/6/3 969/6/3
f 973/1/3 972/1/3 971/1/3
f 974/1/3 972/1/3 973/1/3
f 975/1/3 972/1/3 974/1/3
f 976/1/3 972/1/3 975/1/3
f 978/1/3 975/1/3 974/1/3
f 979/1/3 975/1/3 978/1/3
f 980/1/3 972/1/3 976/1/3
f 981/1/3 972/1/3 980/1/3
f 982/1/3 978/1/3 977/1/3
f 983/1/3 978/1/3 982/1/3
f 984/1/3 980/1/3 979/1/3
f 985/1/3 980/1/3 984/1/3
f 988/6/3 987/6/3 986/6/3
f 989/6/3 987/6/3 988/6/3
f 992/6/3 991/6/3 990/6/3
f 993/6/3 991/6/3 992/6/3
f 998/6/3 995/6/3 994/6/3
f 999/6/3 995/6/3 998/6/3
f 1000/6/3 997/6/3 996/6/3
f 1001/6/3 997/6/3 1000/6/3
f 1004/6/3 1000/6/3 999/6/3
f 1005/6/3 1000/6/3 1004/6/3
f 1006/6/3 1002/6/3 1001/6/3
f 1007/6/3 1005/6/3 1004/6/3
f 1007/6/3 1006/6/3 1005/6/3
f 1007/6/3 1004/6/3 1003/6/3
f 1008/6/3 1002/6/3 1006/6/3
f 1008/6/3 1006/6/3 1007/6/3
f 1011/6/3 1010/6/3 1009/6/3
f 1012/6/3 1010/6/3 1011/6/3
f 1017/6/3 1014/6/3 1013/6/3
f 1017/6/3 1016/6/3 1015/6/3
f 1017/6/3 1015/6/3 1014/6/3
f 1018/6/3 1016/6/3 1017/6/3
f 1021/6/3 1020/6/3 1019/6/3
f 1022/6/3 1020/6/3 1021/6/3
f 1023/6/3 1020/6/3 1022/6/3
f 1024/6/3 1020/6/3 1023/6/3
f 1029/6/3 1026/6/3 1025/6/3
f 1030/6/3 1026/6/3 1029/6/3
f 1031/6/3 1028/6/3 1027/6/3
f 1032/6/3 1028/6/3 1031/6/3
f 1037/6/3 1036/6/3 1035/6/3
f 1038/6/3 1036/6/3 1037/6/3
f 1039/6/3 1034/6/3 1033/6/3
f 1040/6/3 1034/6/3 1039/6/3
f 1052/3/3 1044/3/3 1043/3/3
f 1052/2/3 1045/2/3 1044/2/3
f 1053/3/3 1046/3/3 1045/3/3
f 1053/2/3 1045/2/3 1052/2/3
f 1054/2/3 1047/2/3 1046/2/3
f 1054/3/3 1046/3/3 1053/3/3
f 1055/3/3 1048/3/3 1047/3/3
f 1055/2/3 1047/2/3 1054/2/3
f 1056/3/3 1048/3/3 1055/3/3
f 1057/3/3 1048/3/3 1056/3/3
f 1058/3/3 1048/3/3 1057/3/3
f 1059/3/3 1048/3/3 1058/3/3
f 1060/3/3 1050/3/3 1049/3/3
f 1061/2/3 1051/2/3 1050/2/3
f 1061/3/3 1050/3/3 1060/3/3
f 1062/2/3 1051/2/3 1061/2/3
f 1063/3/3 1042/3/3 1041/3/3
f 1064/3/3 1042/3/3 1063/3/3
f 1065/3/3 1052/3/3 1043/3/3
f 1065/3/3 1053/3/3 1052/3/3
f 1065/3/3 1054/3/3 1053/3/3
f 1065/3/3 1055/3/3 1054/3/3
f 1065/3/3 1056/3/3 1055/3/3
f 1066/2/3 1057/2/3 1056/2/3
f 1066/3/3 1056/3/3 1065/3/3
f 1067/3/3 1058/3/3 1057/3/3
f 1067/2/3 1057/2/3 1066/2/3
f 1068/2/3 1059/2/3 1058/2/3
f 1068/3/3 1058/3/3 1067/3/3
f 1069/3/3 1048/3/3 1059/3/3
f 1069/2/3 1059/2/3 1068/2/3
f 1070/3/3 1048/3/3 1069/3/3
f 1071/5/3 1061/5/3 1060/5/3
f 1072/3/3 1062/3/3 1061/3/3
f 1072/5/3 1061/5/3 1071/5/3
f 1073/3/3 1062/3/3 1072/3/3
f 1085/3/3 1075/3/3 1074/3/3
f 1086/3/3 1075/3/3 1085/3/3
f 1087/3/3 1077/3/3 1076/3/3
f 1087/2/3 1078/2/3 1077/2/3
f 1088/3/3 1079/3/3 1078/3/3
f 1088/2/3 1078/2/3 1087/2/3
f 1089/3/3 1079/3/3 1088/3/3
f 1090/3/3 1079/3/3 1089/3/3
f 1091/2/3 1080/2/3 1079/2/3
f 1091/3/3 1079/3/3 1090/3/3
f 1092/3/3 1081/3/3 1080/3/3
f 1092/2/3 1080/2/3 1091/2/3
f 1093/3/3 1081/3/3 1092/3/3
f 1094/3/3 1081/3/3 1093/3/3
f 1095/3/3 1081/3/3 1094/3/3
f 1096/3/3 1081/3/3 1095/3/3
f 1097/2/3 1083/2/3 1082/2/3
f 1098/3/3 1084/3/3 1083/3/3
f 1098/2/3 1083/2/3 1097/2/3
f 1099/2/3 1086/2/3 1085/2/3
f 1099/3/3 1085/3/3 1074/3/3
f 1100/2/3 1086/2/3 1099/2/3
f 1101/3/3 1087/3/3 1076/3/3
f 1101/3/3 1088/3/3 1087/3/3
f 1101/3/3 1089/3/3 1088/3/3
f 1102/3/3 1089/3/3 1101/3/3
f 1103/2/3 1090/2/3 1089/2/3
f 1103/3/3 1089/3/3 1102/3/3
f 1104/3/3 1091/3/3 1090/3/3
f 1104/2/3 1090/2/3 1103/2/3
f 1104/3/3 1092/3/3 1091/3/3
f 1104/3/3 1093/3/3 1092/3/3
f 1105/3/3 1093/3/3 1104/3/3
f 1106/3/3 1093/3/3 1105/3/3
f 1107/2/3 1094/2/3 1093/2/3
f 1107/3/3 1093/3/3 1106/3/3
f 1108/3/3 1095/3/3 1094/3/3
f 1108/2/3 1094/2/3 1107/2/3
f 1109/2/3 1096/2/3 1095/2/3
f 1109/3/3 1095/3/3 1108/3/3
f 1110/2/3 1096/2/3 1109/2/3
f 1111/3/3 1100/3/3 1099/3/3
f 1111/3/3 1099/3/3 1074/3/3
f 1112/3/3 1100/3/3 1111/3/3
f 1113/2/3 1102/2/3 1101/2/3
f 1113/3/3 1101/3/3 1076/3/3
f 1114/3/3 1103/3/3 1102/3/3
f 1114/2/3 1102/2/3 1113/2/3
f 1114/3/3 1104/3/3 1103/3/3
f 1114/3/3 1105/3/3 1104/3/3
f 1115/2/3 1106/2/3 1105/2/3
f 1115/3/3 1105/3/3 1114/3/3
f 1116/3/3 1108/3/3 1107/3/3
f 1116/2/3 1106/2/3 1115/2/3
f 1116/3/3 1110/3/3 1109/3/3
f 1116/3/3 1109/3/3 1108/3/3
f 1116/3/3 1107/3/3 1106/3/3
f 1117/3/3 1110/3/3 1116/3/3
f 1118/3/3 1110/3/3 1117/3/3
f 1119/3/3 1084/3/3 1098/3/3
f 1119/3/3 1098/3/3 1097/3/3
f 1120/3/3 1084/3/3 1119/3/3
f 1121/2/3 1112/2/3 1111/2/3
f 1121/3/3 1111/3/3 1074/3/3
f 1122/2/3 1112/2/3 1121/2/3
f 1123/3/3 1117/3/3 1116/3/3
f 1123/3/3 1115/3/3 1114/3/3
f 1123/3/3 1114/3/3 1113/3/3
f 1123/3/3 1116/3/3 1115/3/3
f 1124/3/3 1117/3/3 1123/3/3
f 1125/3/3 1117/3/3 1124/3/3
f 1126/3/3 1117/3/3 1125/3/3
f 1127/2/3 1118/2/3 1117/2/3
f 1127/3/3 1117/3/3 1126/3/3
f 1128/3/3 1110/3/3 1118/3/3
f 1128/2/3 1118/2/3 1127/2/3
f 1129/3/3 1110/3/3 1128/3/3
f 1130/3/3 1110/3/3 1129/3/3
f 1131/3/3 1119/3/3 1097/3/3
f 1131/2/3 1120/2/3 1119/2/3
f 1132/2/3 1120/2/3 1131/2/3
f 1133/3/3 1122/3/3 1121/3/3
f 1133/3/3 1121/3/3 1074/3/3
f 1134/3/3 1122/3/3 1133/3/3
f 1135/3/3 1123/3/3 1113/3/3
f 1135/2/3 1124/2/3 1123/2/3
f 1136/3/3 1125/3/3 1124/3/3
f 1136/2/3 1124/2/3 1135/2/3
f 1137/2/3 1126/2/3 1125/2/3
f 1137/3/3 1125/3/3 1136/3/3
f 1138/3/3 1127/3/3 1126/3/3
f 1138/2/3 1126/2/3 1137/2/3
f 1138/3/3 1128/3/3 1127/3/3
f 1138/3/3 1129/3/3 1128/3/3
f 1139/3/3 1129/3/3 1138/3/3
f 1140/3/3 1129/3/3 1139/3/3
f 1141/2/3 1130/2/3 1129/2/3
f 1141/3/3 1129/3/3 1140/3/3
f 1142/3/3 1110/3/3 1130/3/3
f 1142/2/3 1130/2/3 1141/2/3
f 1143/3/3 1132/3/3 1131/3/3
f 1143/3/3 1131/3/3 1097/3/3
f 1144/3/3 1132/3/3 1143/3/3
f 1145/2/3 1134/2/3 1133/2/3
f 1146/3/3 1122/3/3 1134/3/3
f 1146/2/3 1134/2/3 1145/2/3
f 1147/3/3 1137/3/3 1136/3/3
f 1147/3/3 1136/3/3 1135/3/3
f 1147/3/3 1113/3/3 1076/3/3
f 1147/3/3 1135/3/3 1113/3/3
f 1147/3/3 1138/3/3 1137/3/3
f 1147/3/3 1139/3/3 1138/3/3
f 1148/3/3 1139/3/3 1147/3/3
f 1149/3/3 1139/3/3 1148/3/3
f 1150/3/3 1139/3/3 1149/3/3
f 1151/3/3 1139/3/3 1150/3/3
f 1152/3/3 1139/3/3 1151/3/3
f 1153/2/3 1140/2/3 1139/2/3
f 1153/3/3 1139/3/3 1152/3/3
f 1154/3/3 1141/3/3 1140/3/3
f 1154/2/3 1140/2/3 1153/2/3
f 1154/3/3 1142/3/3 1141/3/3
f 1155/2/3 1144/2/3 1143/2/3
f 1155/3/3 1143/3/3 1097/3/3
f 1156/2/3 1144/2/3 1155/2/3
f 1157/3/3 1146/3/3 1145/3/3
f 1158/3/3 1122/3/3 1146/3/3
f 1158/3/3 1146/3/3 1157/3/3
f 1159/2/3 1148/2/3 1147/2/3
f 1160/2/3 1148/2/3 1159/2/3
f 1161/3/3 1149/3/3 1148/3/3
f 1161/2/3 1148/2/3 1160/2/3
f 1162/2/3 1150/2/3 1149/2/3
f 1162/3/3 1149/3/3 1161/3/3
f 1163/3/3 1151/3/3 1150/3/3
f 1163/2/3 1150/2/3 1162/2/3
f 1164/2/3 1152/2/3 1151/2/3
f 1164/3/3 1151/3/3 1163/3/3
f 1165/3/3 1153/3/3 1152/3/3
f 1165/2/3 1152/2/3 1164/2/3
f 1165/3/3 1154/3/3 1153/3/3
f 1166/3/3 1154/3/3 1165/3/3
f 1167/3/3 1142/3/3 1154/3/3
f 1167/3/3 1154/3/3 1166/3/3
f 1168/3/3 1110/3/3 1142/3/3
f 1168/3/3 1142/3/3 1167/3/3
f 1169/3/3 1110/3/3 1168/3/3
f 1170/2/3 1158/2/3 1157/2/3
f 1171/2/3 1158/2/3 1170/2/3
f 1172/2/3 1158/2/3 1171/2/3
f 1173/3/3 1160/3/3 1159/3/3
f 1174/1/3 1161/1/3 1160/1/3
f 1174/3/3 1160/3/3 1173/3/3
f 1175/3/3 1166/3/3 1165/3/3
f 1175/1/3 1161/1/3 1174/1/3
f 1175/3/3 1164/3/3 1163/3/3
f 1175/3/3 1163/3/3 1162/3/3
f 1175/3/3 1162/3/3 1161/3/3
f 1175/3/3 1165/3/3 1164/3/3
f 1176/3/3 1166/3/3 1175/3/3
f 1177/3/3 1166/3/3 1176/3/3
f 1178/1/3 1167/1/3 1166/1/3
f 1178/3/3 1166/3/3 1177/3/3
f 1179/3/3 1168/3/3 1167/3/3
f 1179/1/3 1167/1/3 1178/1/3
f 1180/2/3 1169/2/3 1168/2/3
f 1180/3/3 1168/3/3 1179/3/3
f 1181/2/3 1169/2/3 1180/2/3
f 1182/1/3 1171/1/3 1170/1/3
f 1183/3/3 1172/3/3 1171/3/3
f 1183/1/3 1171/1/3 1182/1/3
f 1184/3/3 1172/3/3 1183/3/3
f 1185/2/3 1174/2/3 1173/2/3
f 1186/3/3 1175/3/3 1174/3/3
f 1186/2/3 1174/2/3 1185/2/3
f 1186/3/3 1176/3/3 1175/3/3
f 1187/3/3 1176/3/3 1186/3/3
f 1188/3/3 1176/3/3 1187/3/3
f 1189/3/3 1176/3/3 1188/3/3
f 1190/2/3 1177/2/3 1176/2/3
f 1190/3/3 1176/3/3 1189/3/3
f 1191/3/3 1179/3/3 1178/3/3
f 1191/2/3 1177/2/3 1190/2/3
f 1191/3/3 1178/3/3 1177/3/3
f 1191/3/3 1180/3/3 1179/3/3
f 1191/3/3 1181/3/3 1180/3/3
f 1192/3/3 1181/3/3 1191/3/3
f 1193/3/3 1181/3/3 1192/3/3
f 1194/3/3 1181/3/3 1193/3/3
f 1195/3/3 1181/3/3 1194/3/3
f 1196/3/3 1155/3/3 1097/3/3
f 1196/3/3 1156/3/3 1155/3/3
f 1197/3/3 1156/3/3 1196/3/3
f 1198/1/3 1184/1/3 1183/1/3
f 1198/3/3 1183/3/3 1182/3/3
f 1199/1/3 1184/1/3 1198/1/3
f 1200/1/3 1187/1/3 1186/1/3
f 1200/3/3 1186/3/3 1185/3/3
f 1201/3/3 1188/3/3 1187/3/3
f 1201/1/3 1187/1/3 1200/1/3
f 1202/3/3 1188/3/3 1201/3/3
f 1203/1/3 1189/1/3 1188/1/3
f 1203/3/3 1188/3/3 1202/3/3
f 1204/3/3 1190/3/3 1189/3/3
f 1204/1/3 1189/1/3 1203/1/3
f 1204/3/3 1191/3/3 1190/3/3
f 1205/1/3 1192/1/3 1191/1/3
f 1205/3/3 1191/3/3 1204/3/3
f 1206/2/3 1193/2/3 1192/2/3
f 1206/1/3 1192/1/3 1205/1/3
f 1207/3/3 1194/3/3 1193/3/3
f 1207/2/3 1193/2/3 1206/2/3
f 1208/2/3 1195/2/3 1194/2/3
f 1208/3/3 1194/3/3 1207/3/3
f 1209/2/3 1195/2/3 1208/2/3
f 1210/2/3 1197/2/3 1196/2/3
f 1210/3/3 1196/3/3 1097/3/3
f 1211/2/3 1197/2/3 1210/2/3
f 1212/3/3 1199/3/3 1198/3/3
f 1212/3/3 1198/3/3 1182/3/3
f 1213/3/3 1199/3/3 1212/3/3
f 1214/3/3 1202/3/3 1201/3/3
f 1214/3/3 1200/3/3 1185/3/3
f 1214/3/3 1201/3/3 1200/3/3
f 1215/3/3 1202/3/3 1214/3/3
f 1216/2/3 1203/2/3 1202/2/3
f 1216/3/3 1202/3/3 1215/3/3
f 1217/3/3 1207/3/3 1206/3/3
f 1217/2/3 1203/2/3 1216/2/3
f 1217/3/3 1206/3/3 1205/3/3
f 1217/3/3 1205/3/3 1204/3/3
f 1217/3/3 1208/3/3 1207/3/3
f 1217/3/3 1204/3/3 1203/3/3
f 1217/3/3 1209/3/3 1208/3/3
f 1218/3/3 1209/3/3 1217/3/3
f 1219/3/3 1209/3/3 1218/3/3
f 1220/3/3 1209/3/3 1219/3/3
f 1221/3/3 1209/3/3 1220/3/3
f 1222/3/3 1209/3/3 1221/3/3
f 1223/1/3 1213/1/3 1212/1/3
f 1224/1/3 1213/1/3 1223/1/3
f 1225/3/3 1214/3/3 1185/3/3
f 1226/1/3 1215/1/3 1214/1/3
f 1226/3/3 1214/3/3 1225/3/3
f 1227/3/3 1216/3/3 1215/3/3
f 1227/1/3 1215/1/3 1226/1/3
f 1227/3/3 1217/3/3 1216/3/3
f 1228/3/3 1217/3/3 1227/3/3
f 1229/1/3 1218/1/3 1217/1/3
f 1229/3/3 1217/3/3 1228/3/3
f 1230/3/3 1219/3/3 1218/3/3
f 1230/1/3 1218/1/3 1229/1/3
f 1231/3/3 1219/3/3 1230/3/3
f 1232/1/3 1220/1/3 1219/1/3
f 1232/3/3 1219/3/3 1231/3/3
f 1233/3/3 1221/3/3 1220/3/3
f 1233/1/3 1220/1/3 1232/1/3
f 1234/3/3 1221/3/3 1233/3/3
f 1235/3/3 1221/3/3 1234/3/3
f 1236/2/3 1222/2/3 1221/2/3
f 1236/3/3 1221/3/3 1235/3/3
f 1237/2/3 1222/2/3 1236/2/3
f 1238/2/3 1226/2/3 1225/2/3
f 1239/1/3 1227/1/3 1226/1/3
f 1239/2/3 1226/2/3 1238/2/3
f 1240/2/3 1228/2/3 1227/2/3
f 1240/1/3 1227/1/3 1239/1/3
f 1241/3/3 1229/3/3 1228/3/3
f 1241/2/3 1228/2/3 1240/2/3
f 1241/3/3 1231/3/3 1230/3/3
f 1241/3/3 1230/3/3 1229/3/3
f 1242/3/3 1231/3/3 1241/3/3
f 1243/3/3 1231/3/3 1242/3/3
f 1244/2/3 1232/2/3 1231/2/3
f 1244/3/3 1231/3/3 1243/3/3
f 1245/3/3 1233/3/3 1232/3/3
f 1245/2/3 1232/2/3 1244/2/3
f 1246/3/3 1233/3/3 1245/3/3
f 1247/1/3 1234/1/3 1233/1/3
f 1247/3/3 1233/3/3 1246/3/3
f 1248/2/3 1235/2/3 1234/2/3
f 1248/1/3 1234/1/3 1247/1/3
f 1249/3/3 1237/3/3 1236/3/3
f 1249/2/3 1235/2/3 1248/2/3
f 1249/3/3 1236/3/3 1235/3/3
f 1250/3/3 1224/3/3 1223/3/3
f 1251/3/3 1224/3/3 1250/3/3
f 1252/3/3 1239/3/3 1238/3/3
f 1252/3/3 1240/3/3 1239/3/3
f 1252/3/3 1241/3/3 1240/3/3
f 1252/3/3 1242/3/3 1241/3/3
f 1253/2/3 1243/2/3 1242/2/3
f 1253/3/3 1242/3/3 1252/3/3
f 1254/3/3 1245/3/3 1244/3/3
f 1254/2/3 1243/2/3 1253/2/3
f 1254/3/3 1244/3/3 1243/3/3
f 1254/3/3 1246/3/3 1245/3/3
f 1255/2/3 1247/2/3 1246/2/3
f 1255/3/3 1246/3/3 1254/3/3
f 1256/3/3 1248/3/3 1247/3/3
f 1256/2/3 1247/2/3 1255/2/3
f 1256/3/3 1249/3/3 1248/3/3
f 1257/3/3 1237/3/3 1249/3/3
f 1257/3/3 1249/3/3 1256/3/3
f 1258/3/3 1210/3/3 1097/3/3
f 1258/3/3 1211/3/3 1210/3/3
f 1259/3/3 1211/3/3 1258/3/3
f 1274/3/3 1261/3/3 1260/3/3
f 1274/1/3 1262/1/3 1261/1/3
f 1275/1/3 1262/1/3 1274/1/3
f 1276/3/3 1264/3/3 1263/3/3
f 1276/1/3 1265/1/3 1264/1/3
f 1277/3/3 1266/3/3 1265/3/3
f 1277/1/3 1265/1/3 1276/1/3
f 1278/3/3 1266/3/3 1277/3/3
f 1279/1/3 1267/1/3 1266/1/3
f 1279/3/3 1266/3/3 1278/3/3
f 1280/3/3 1268/3/3 1267/3/3
f 1280/1/3 1267/1/3 1279/1/3
f 1281/1/3 1269/1/3 1268/1/3
f 1281/3/3 1268/3/3 1280/3/3
f 1282/1/3 1269/1/3 1281/1/3
f 1283/3/3 1270/3/3 1269/3/3
f 1283/1/3 1269/1/3 1282/1/3
f 1284/2/3 1271/2/3 1270/2/3
f 1284/3/3 1270/3/3 1283/3/3
f 1285/2/3 1271/2/3 1284/2/3
f 1286/3/3 1275/3/3 1274/3/3
f 1286/3/3 1274/3/3 1260/3/3
f 1287/3/3 1275/3/3 1286/3/3
f 1288/3/3 1276/3/3 1263/3/3
f 1288/3/3 1277/3/3 1276/3/3
f 1289/2/3 1278/2/3 1277/2/3
f 1289/3/3 1277/3/3 1288/3/3
f 1290/3/3 1279/3/3 1278/3/3
f 1290/2/3 1278/2/3 1289/2/3
f 1290/3/3 1280/3/3 1279/3/3
f 1290/3/3 1282/3/3 1281/3/3
f 1290/3/3 1281/3/3 1280/3/3
f 1291/2/3 1283/2/3 1282/2/3
f 1291/3/3 1282/3/3 1290/3/3
f 1292/3/3 1285/3/3 1284/3/3
f 1292/2/3 1283/2/3 1291/2/3
f 1292/3/3 1284/3/3 1283/3/3
f 1293/3/3 1285/3/3 1292/3/3
f 1294/3/3 1273/3/3 1272/3/3
f 1295/3/3 1273/3/3 1294/3/3
f 1301/5/3 1297/5/3 1296/5/3
f 1302/5/3 1297/5/3 1301/5/3
f 1307/5/3 1299/5/3 1298/5/3
f 1308/5/3 1299/5/3 1307/5/3
f 1310/5/3 1306/5/3 1305/5/3
f 1310/5/3 1309/5/3 1308/5/3
f 1310/5/3 1308/5/3 1307/5/3
f 1310/5/3 1307/5/3 1306/5/3
f 1310/5/3 1301/5/3 1300/5/3
f 1310/5/3 1305/5/3 1304/5/3
f 1310/5/3 1304/5/3 1303/5/3
f 1310/5/3 1303/5/3 1302/5/3
f 1310/5/3 1302/5/3 1301/5/3
f 1311/5/3 1309/5/3 1310/5/3
f 1312/5/3 1309/5/3 1311/5/3
f 1313/5/3 1309/5/3 1312/5/3
f 1314/5/3 1309/5/3 1313/5/3
f 1315/5/3 1309/5/3 1314/5/3
f 1316/5/3 1309/5/3 1315/5/3
f 1317/5/3 1309/5/3 1316/5/3
f 1318/5/3 1309/5/3 1317/5/3
f 1319/5/3 1309/5/3 1318/5/3
f 1320/5/3 1312/5/3 1311/5/3
f 1321/5/3 1318/5/3 1317/5/3
f 1322/5/3 1318/5/3 1321/5/3
f 1323/5/3 1312/5/3 1320/5/3
f 1324/5/3 1322/5/3 1321/5/3
f 1325/5/3 1312/5/3 1323/5/3
f 1326/5/3 1312/5/3 1325/5/3
f 1327/5/3 1312/5/3 1326/5/3
f 1328/5/3 1327/5/3 1326/5/3
f 1329/5/3 1327/5/3 1328/5/3
f 1330/5/3 1322/5/3 1324/5/3
f 1331/5/3 1329/5/3 1328/5/3
f 1332/5/3 1329/5/3 1331/5/3
f 1333/5/3 1322/5/3 1330/5/3
f 1334/5/3 1332/5/3 1331/5/3
f 1335/5/3 1332/5/3 1334/5/3
f 1336/5/3 1322/5/3 1333/5/3
f 1337/5/3 1335/5/3 1334/5/3
f 1338/5/3 1322/5/3 1336/5/3
f 1339/5/3 1335/5/3 1337/5/3
f 1340/5/3 1322/5/3 1338/5/3
f 1341/5/3 1335/5/3 1339/5/3
f 1342/5/3 1335/5/3 1341/5/3
f 1343/5/3 1322/5/3 1340/5/3
f 1344/5/3 1342/5/3 1341/5/3
f 1347/5/3 1344/5/3 1341/5/3
f 1348/5/3 1344/5/3 1347/5/3
f 1353/5/3 1322/5/3 1343/5/3
f 1354/5/3 1322/5/3 1353/5/3
f 1356/1/3 1346/1/3 1345/1/3
f 1357/5/3 1354/5/3 1353/5/3
f 1357/1/3 1346/1/3 1356/1/3
f 1357/5/3 1352/5/3 1351/5/3
f 1357/5/3 1353/5/3 1352/5/3
f 1357/5/3 1355/5/3 1354/5/3
f 1357/5/3 1351/5/3 1350/5/3
f 1357/5/3 1350/5/3 1349/5/3
f 1357/5/3 1349/5/3 1348/5/3
f 1357/5/3 1347/5/3 1346/5/3
f 1357/5/3 1348/5/3 1347/5/3
f 1358/5/3 1355/5/3 1357/5/3
f 1359/5/3 1355/5/3 1358/5/3
f 1360/5/3 1355/5/3 1359/5/3
f 1361/5/3 1355/5/3 1360/5/3
f 1362/5/3 1355/5/3 1361/5/3
f 1363/5/3 1355/5/3 1362/5/3
f 1364/5/3 1355/5/3 1363/5/3
f 1365/5/3 1355/5/3 1364/5/3
f 1366/5/3 1355/5/3 1365/5/3
f 1367/5/3 1355/5/3 1366/5/3
f 1368/5/3 1355/5/3 1367/5/3
f 1369/5/3 1355/5/3 1368/5/3
f 1370/5/3 1359/5/3 1358/5/3
f 1371/5/3 1359/5/3 1370/5/3
f 1372/5/3 1368/5/3 1367/5/3
f 1373/5/3 1368/5/3 1372/5/3
f 1380/3/3 1375/3/3 1374/3/3
f 1381/3/3 1375/3/3 1380/3/3
f 1382/3/3 1377/3/3 1376/3/3
f 1383/3/3 1377/3/3 1382/3/3
f 1384/3/3 1379/3/3 1378/3/3
f 1385/3/3 1379/3/3 1384/3/3
f 1386/5/3 1382/5/3 1381/5/3
f 1387/5/3 1382/5/3 1386/5/3
f 1388/5/3 1384/5/3 1383/5/3
f 1389/5/3 1384/5/3 1388/5/3
f 1390/3/3 1379/3/3 1385/3/3
f 1391/3/3 1379/3/3 1390/3/3
f 1394/3/3 1393/3/3 1392/3/3
f 1395/3/3 1393/3/3 1394/3/3
f 1396/1/3 1395/1/3 1394/1/3
f 1397/1/3 1395/1/3 1396/1/3
f 1398/3/3 1397/3/3 1396/3/3
f 1399/3/3 1397/3/3 1398/3/3
f 1400/2/3 1399/2/3 1398/2/3
f 1401/2/3 1399/2/3 1400/2/3
f 1402/3/3 1401/3/3 1400/3/3
f 1403/3/3 1401/3/3 1402/3/3
f 1414/3/3 1405/3/3 1404/3/3
f 1415/1/3 1407/1/3 1406/1/3
f 1416/3/3 1408/3/3 1407/3/3
f 1416/1/3 1407/1/3 1415/1/3
f 1417/3/3 1408/3/3 1416/3/3
f 1418/3/3 1412/3/3 1411/3/3
f 1418/3/3 1410/3/3 1409/3/3
f 1418/3/3 1411/3/3 1410/3/3
f 1419/3/3 1412/3/3 1418/3/3
f 1420/3/3 1414/3/3 1413/3/3
f 1421/3/3 1405/3/3 1414/3/3
f 1421/3/3 1414/3/3 1420/3/3
f 1433/3/3 1423/3/3 1422/3/3
f 1434/3/3 1423/3/3 1433/3/3
f 1435/3/3 1425/3/3 1424/3/3
f 1436/1/3 1426/1/3 1425/1/3
f 1436/3/3 1425/3/3 1435/3/3
f 1437/3/3 1427/3/3 1426/3/3
f 1437/1/3 1426/1/3 1436/1/3
f 1438/2/3 1428/2/3 1427/2/3
f 1438/3/3 1427/3/3 1437/3/3
f 1439/3/3 1429/3/3 1428/3/3
f 1439/2/3 1428/2/3 1438/2/3
f 1440/3/3 1429/3/3 1439/3/3
f 1441/2/3 1431/2/3 1430/2/3
f 1442/3/3 1432/3/3 1431/3/3
f 1442/2/3 1431/2/3 1441/2/3
f 1443/5/3 1435/5/3 1434/5/3
f 1444/5/3 1435/5/3 1443/5/3
f 1445/5/3 1441/5/3 1440/5/3
f 1446/5/3 1441/5/3 1445/5/3
f 1447/3/3 1432/3/3 1442/3/3
f 1448/3/3 1432/3/3 1447/3/3
f 1451/3/3 1450/3/3 1449/3/3
f 1452/3/3 1450/3/3 1451/3/3
f 1453/1/3 1452/1/3 1451/1/3
f 1454/1/3 1452/1/3 1453/1/3
f 1455/3/3 1454/3/3 1453/3/3
f 1456/3/3 1454/3/3 1455/3/3
f 1457/1/3 1456/1/3 1455/1/3
f 1458/1/3 1456/1/3 1457/1/3
f 1459/3/3 1458/3/3 1457/3/3
f 1460/3/3 1458/3/3 1459/3/3
f 1461/3/3 1458/3/3 1460/3/3
f 1462/5/3 1461/5/3 1460/5/3
f 1463/5/3 1461/5/3 1462/5/3
f 1471/1/3 1463/1/3 1462/1/3
f 1472/1/3 1463/1/3 1471/1/3
f 1473/3/3 1465/3/3 1464/3/3
f 1474/3/3 1465/3/3 1473/3/3
f 1475/3/3 1467/3/3 1466/3/3
f 1476/1/3 1468/1/3 1467/1/3
f 1476/3/3 1467/3/3 1475/3/3
f 1477/3/3 1469/3/3 1468/3/3
f 1477/1/3 1468/1/3 1476/1/3
f 1478/3/3 1469/3/3 1477/3/3
f 1479/3/3 1471/3/3 1470/3/3
f 1479/3/3 1472/3/3 1471/3/3
f 1480/3/3 1472/3/3 1479/3/3
f 1485/6/3 1482/6/3 1481/6/3
f 1486/6/3 1482/6/3 1485/6/3
f 1487/6/3 1484/6/3 1483/6/3
f 1488/6/3 1484/6/3 1487/6/3
f 1493/6/3 1490/6/3 1489/6/3
f 1494/6/3 1490/6/3 1493/6/3
f 1495/6/3 1492/6/3 1491/6/3
f 1496/6/3 1492/6/3 1495/6/3
f 1497/6/4 1498/6/4 1501/6/4
f 1501/6/4 1498/6/4 1502/6/4
f 1499/6/4 1500/6/4 1503/6/4
f 1503/6/4 1500/6/4 1504/6/4
f 1505/6/4 1506/6/4 1509/6/4
f 1509/6/4 1506/6/4 1510/6/4
f 1507/6/4 1508/6/4 1511/6/4
f 1511/6/4 1508/6/4 1512/6/4
f 1513/3/4 1514/3/4 1522/3/4
f 1522/3/4 1514/3/4 1523/3/4
f 1515/3/4 1516/3/4 1524/3/4
f 1516/2/4 1517/2/4 1525/2/4
f 1524/3/4 1516/3/4 1525/3/4
f 1517/3/4 1518/3/4 1526/3/4
f 1525/2/4 1517/2/4 1526/2/4
f 1518/2/4 1519/2/4 1527/2/4
f 1526/3/4 1518/3/4 1527/3/4
f 1527/2/4 1519/2/4 1528/2/4
f 1520/3/4 1521/3/4 1529/3/4
f 1529/3/4 1521/3/4 1530/3/4
f 1523/5/4 1524/5/4 1531/5/4
f 1531/5/4 1524/5/4 1532/5/4
f 1528/5/4 1529/5/4 1533/5/4
f 1533/5/4 1529/5/4 1534/5/4
f 1530/3/4 1521/3/4 1535/3/4
f 1535/3/4 1521/3/4 1536/3/4
f 1537/3/4 1538/3/4 1539/3/4
f 1539/3/4 1538/3/4 1540/3/4
f 1539/2/4 1540/2/4 1541/2/4
f 1541/2/4 1540/2/4 1542/2/4
f 1541/3/4 1542/3/4 1543/3/4
f 1543/3/4 1542/3/4 1544/3/4
f 1543/2/4 1544/2/4 1545/2/4
f 1545/2/4 1544/2/4 1546/2/4
f 1545/3/4 1546/3/4 1547/3/4
f 1547/3/4 1546/3/4 1548/3/4
f 1549/3/4 1550/3/4 1560/3/4
f 1551/3/4 1552/3/4 1561/3/4
f 1552/3/4 1553/3/4 1561/3/4
f 1561/3/4 1553/3/4 1562/3/4
f 1554/3/4 1555/3/4 1563/3/4
f 1555/3/4 1556/3/4 1563/3/4
f 1556/3/4 1557/3/4 1563/3/4
f 1557/5/4 1558/5/4 1564/5/4
f 1563/3/4 1557/3/4 1564/3/4
f 1564/5/4 1558/5/4 1565/5/4
f 1559/3/4 1560/3/4 1566/3/4
f 1560/3/4 1550/3/4 1567/3/4
f 1566/3/4 1560/3/4 1567/3/4
f 1568/3/4 1569/3/4 1574/3/4
f 1574/3/4 1569/3/4 1575/3/4
f 1570/3/4 1571/3/4 1576/3/4
f 1576/3/4 1571/3/4 1577/3/4
f 1572/3/4 1573/3/4 1578/3/4
f 1578/3/4 1573/3/4 1579/3/4
f 1575/5/4 1576/5/4 1580/5/4
f 1580/5/4 1576/5/4 1581/5/4
f 1577/5/4 1578/5/4 1582/5/4
f 1582/5/4 1578/5/4 1583/5/4
f 1579/3/4 1573/3/4 1584/3/4
f 1584/3/4 1573/3/4 1585/3/4
f 1586/3/4 1587/3/4 1588/3/4
f 1588/3/4 1587/3/4 1589/3/4
f 1588/1/4 1589/1/4 1590/1/4
f 1590/1/4 1589/1/4 1591/1/4
f 1590/3/4 1591/3/4 1592/3/4
f 1592/3/4 1591/3/4 1593/3/4
f 1592/1/4 1593/1/4 1594/1/4
f 1594/1/4 1593/1/4 1595/1/4
f 1596/3/4 1597/3/4 1605/3/4
f 1598/3/4 1599/3/4 1606/3/4
f 1599/1/4 1600/1/4 1607/1/4
f 1606/3/4 1599/3/4 1607/3/4
f 1607/1/4 1600/1/4 1608/1/4
f 1601/1/4 1602/1/4 1609/1/4
f 1602/3/4 1603/3/4 1610/3/4
f 1609/1/4 1602/1/4 1610/1/4
f 1610/3/4 1603/3/4 1611/3/4
f 1604/1/4 1605/1/4 1612/1/4
f 1605/3/4 1597/3/4 1613/3/4
f 1612/1/4 1605/1/4 1613/1/4
f 1613/3/4 1597/3/4 1614/3/4
f 1615/5/4 1616/5/4 1620/5/4
f 1620/5/4 1616/5/4 1621/5/4
f 1617/5/4 1618/5/4 1624/5/4
f 1624/5/4 1618/5/4 1625/5/4
f 1619/5/4 1620/5/4 1627/5/4
f 1620/5/4 1621/5/4 1627/5/4
f 1621/5/4 1622/5/4 1627/5/4
f 1627/5/4 1622/5/4 1628/5/4
f 1628/5/4 1622/5/4 1629/5/4
f 1629/5/4 1622/5/4 1630/5/4
f 1630/5/4 1622/5/4 1631/5/4
f 1631/5/4 1622/5/4 1632/5/4
f 1632/5/4 1622/5/4 1633/5/4
f 1622/4/4 1623/4/4 1634/4/4
f 1633/5/4 1622/5/4 1634/5/4
f 1625/5/4 1626/5/4 1635/5/4
f 1634/4/4 1623/4/4 1635/4/4
f 1624/5/4 1625/5/4 1635/5/4
f 1623/5/4 1624/5/4 1635/5/4
f 1635/5/4 1626/5/4 1636/5/4
f 1636/5/4 1626/5/4 1637/5/4
f 1637/5/4 1626/5/4 1638/5/4
f 1638/5/4 1626/5/4 1639/5/4
f 1632/3/4 1633/3/4 1640/3/4
f 1640/3/4 1633/3/4 1641/3/4
f 1636/3/4 1637/3/4 1642/3/4
f 1637/5/4 1638/5/4 1643/5/4
f 1642/3/4 1637/3/4 1643/3/4
f 1644/3/4 1645/3/4 1650/3/4
f 1650/3/4 1645/3/4 1651/3/4
f 1646/3/4 1647/3/4 1652/3/4
f 1652/3/4 1647/3/4 1653/3/4
f 1648/3/4 1649/3/4 1654/3/4
f 1654/3/4 1649/3/4 1655/3/4
f 1643/5/4 1638/5/4 1659/5/4
f 1656/1/4 1657/1/4 1660/1/4
f 1660/1/4 1657/1/4 1661/1/4
f 1658/3/4 1659/3/4 1662/3/4
f 1659/5/4 1638/5/4 1663/5/4
f 1662/3/4 1659/3/4 1663/3/4
f 1664/3/4 1665/3/4 1666/3/4
f 1666/3/4 1665/3/4 1667/3/4
f 1629/5/4 1630/5/4 1668/5/4
f 1663/5/4 1638/5/4 1671/5/4
f 1629/5/4 1668/5/4 1672/5/4
f 1668/1/4 1669/1/4 1672/1/4
f 1672/1/4 1669/1/4 1673/1/4
f 1670/3/4 1671/3/4 1676/3/4
f 1671/5/4 1638/5/4 1677/5/4
f 1676/3/4 1671/3/4 1677/3/4
f 1629/5/4 1672/5/4 1678/5/4
f 1674/3/4 1675/3/4 1679/3/4
f 1679/3/4 1675/3/4 1680/3/4
f 1629/5/4 1678/5/4 1683/5/4
f 1681/3/4 1682/3/4 1686/3/4
f 1686/3/4 1682/3/4 1687/3/4
f 1629/5/4 1683/5/4 1689/5/4
f 1689/5/4 1683/5/4 1690/5/4
f 1684/3/4 1685/3/4 1692/3/4
f 1692/3/4 1685/3/4 1693/3/4
f 1677/5/4 1638/5/4 1697/5/4
f 1697/5/4 1638/5/4 1698/5/4
f 1690/5/4 1691/5/4 1700/5/4
f 1688/5/4 1689/5/4 1700/5/4
f 1689/5/4 1690/5/4 1700/5/4
f 1700/5/4 1691/5/4 1701/5/4
f 1701/5/4 1691/5/4 1702/5/4
f 1691/4/4 1692/4/4 1703/4/4
f 1702/5/4 1691/5/4 1703/5/4
f 1692/4/4 1693/4/4 1703/4/4
f 1693/4/4 1694/4/4 1703/4/4
f 1694/5/4 1695/5/4 1704/5/4
f 1703/4/4 1694/4/4 1704/4/4
f 1695/4/4 1696/4/4 1705/4/4
f 1704/5/4 1695/5/4 1705/5/4
f 1698/5/4 1699/5/4 1706/5/4
f 1705/4/4 1696/4/4 1706/4/4
f 1697/5/4 1698/5/4 1706/5/4
f 1696/5/4 1697/5/4 1706/5/4
f 1706/5/4 1699/5/4 1707/5/4
f 1707/5/4 1699/5/4 1708/5/4
f 1708/5/4 1699/5/4 1709/5/4
f 1709/5/4 1699/5/4 1710/5/4
f 1701/5/4 1702/5/4 1711/5/4
f 1711/5/4 1702/5/4 1712/5/4
f 1707/3/4 1708/3/4 1715/3/4
f 1708/5/4 1709/5/4 1716/5/4
f 1715/3/4 1708/3/4 1716/3/4
f 1716/5/4 1709/5/4 1717/5/4
f 1713/3/4 1714/3/4 1718/3/4
f 1718/3/4 1714/3/4 1719/3/4
f 1720/3/4 1721/3/4 1726/3/4
f 1726/3/4 1721/3/4 1727/3/4
f 1722/3/4 1723/3/4 1728/3/4
f 1728/3/4 1723/3/4 1729/3/4
f 1724/3/4 1725/3/4 1730/3/4
f 1730/3/4 1725/3/4 1731/3/4
f 1732/1/4 1733/1/4 1742/1/4
f 1733/3/4 1734/3/4 1743/3/4
f 1742/1/4 1733/1/4 1743/1/4
f 1735/3/4 1736/3/4 1744/3/4
f 1736/1/4 1737/1/4 1744/1/4
f 1744/1/4 1737/1/4 1745/1/4
f 1738/3/4 1739/3/4 1746/3/4
f 1746/3/4 1739/3/4 1747/3/4
f 1747/3/4 1739/3/4 1748/3/4
f 1748/3/4 1739/3/4 1749/3/4
f 1744/3/4 1745/3/4 1751/3/4
f 1745/3/4 1746/3/4 1751/3/4
f 1746/3/4 1747/3/4 1751/3/4
f 1751/3/4 1747/3/4 1752/3/4
f 1752/3/4 1747/3/4 1753/3/4
f 1753/3/4 1747/3/4 1754/3/4
f 1747/1/4 1748/1/4 1755/1/4
f 1754/3/4 1747/3/4 1755/3/4
f 1749/3/4 1750/3/4 1756/3/4
f 1755/1/4 1748/1/4 1756/1/4
f 1748/3/4 1749/3/4 1756/3/4
f 1756/3/4 1750/3/4 1757/3/4
f 1757/3/4 1750/3/4 1758/3/4
f 1740/3/4 1741/3/4 1759/3/4
f 1759/3/4 1741/3/4 1760/3/4
f 1742/3/4 1743/3/4 1761/3/4
f 1743/3/4 1734/3/4 1762/3/4
f 1761/3/4 1743/3/4 1762/3/4
f 1735/3/4 1744/3/4 1763/3/4
f 1744/3/4 1751/3/4 1763/3/4
f 1763/3/4 1751/3/4 1764/3/4
f 1751/1/4 1752/1/4 1765/1/4
f 1764/3/4 1751/3/4 1765/3/4
f 1752/3/4 1753/3/4 1766/3/4
f 1765/1/4 1752/1/4 1766/1/4
f 1753/1/4 1754/1/4 1767/1/4
f 1766/3/4 1753/3/4 1767/3/4
f 1754/3/4 1755/3/4 1768/3/4
f 1767/1/4 1754/1/4 1768/1/4
f 1755/3/4 1756/3/4 1768/3/4
f 1756/3/4 1757/3/4 1768/3/4
f 1768/3/4 1757/3/4 1769/3/4
f 1758/3/4 1750/3/4 1770/3/4
f 1770/3/4 1750/3/4 1771/3/4
f 1740/3/4 1759/3/4 1772/3/4
f 1761/1/4 1762/1/4 1774/1/4
f 1762/3/4 1734/3/4 1775/3/4
f 1774/1/4 1762/1/4 1775/1/4
f 1735/3/4 1763/3/4 1776/3/4
f 1768/3/4 1769/3/4 1777/3/4
f 1766/3/4 1767/3/4 1777/3/4
f 1764/3/4 1765/3/4 1777/3/4
f 1765/3/4 1766/3/4 1777/3/4
f 1769/3/4 1770/3/4 1777/3/4
f 1767/3/4 1768/3/4 1777/3/4
f 1777/3/4 1770/3/4 1778/3/4
f 1778/3/4 1770/3/4 1779/3/4
f 1779/3/4 1770/3/4 1780/3/4
f 1780/3/4 1770/3/4 1781/3/4
f 1770/1/4 1771/1/4 1782/1/4
f 1781/3/4 1770/3/4 1782/3/4
f 1771/3/4 1750/3/4 1783/3/4
f 1782/1/4 1771/1/4 1783/1/4
f 1776/3/4 1777/3/4 1784/3/4
f 1777/3/4 1778/3/4 1784/3/4
f 1784/3/4 1778/3/4 1785/3/4
f 1778/1/4 1779/1/4 1786/1/4
f 1785/3/4 1778/3/4 1786/3/4
f 1779/3/4 1780/3/4 1787/3/4
f 1786/1/4 1779/1/4 1787/1/4
f 1784/1/4 1785/1/4 1788/1/4
f 1776/3/4 1784/3/4 1788/3/4
f 1785/3/4 1786/3/4 1789/3/4
f 1788/1/4 1785/1/4 1789/1/4
f 1786/3/4 1787/3/4 1789/3/4
f 1789/3/4 1787/3/4 1790/3/4
f 1787/3/4 1780/3/4 1791/3/4
f 1790/3/4 1787/3/4 1791/3/4
f 1780/1/4 1781/1/4 1792/1/4
f 1791/3/4 1780/3/4 1792/3/4
f 1781/3/4 1782/3/4 1793/3/4
f 1792/1/4 1781/1/4 1793/1/4
f 1782/3/4 1783/3/4 1793/3/4
f 1783/3/4 1750/3/4 1794/3/4
f 1793/3/4 1783/3/4 1794/3/4
f 1794/3/4 1750/3/4 1795/3/4
f 1788/3/4 1789/3/4 1796/3/4
f 1789/3/4 1790/3/4 1796/3/4
f 1791/3/4 1792/3/4 1797/3/4
f 1792/3/4 1793/3/4 1797/3/4
f 1793/3/4 1794/3/4 1797/3/4
f 1797/3/4 1794/3/4 1798/3/4
f 1798/3/4 1794/3/4 1799/3/4
f 1799/3/4 1794/3/4 1800/3/4
f 1735/3/4 1776/3/4 1802/3/4
f 1788/3/4 1796/3/4 1802/3/4
f 1776/3/4 1788/3/4 1802/3/4
f 1796/3/4 1797/3/4 1802/3/4
f 1797/3/4 1798/3/4 1802/3/4
f 1802/3/4 1798/3/4 1803/3/4
f 1803/3/4 1798/3/4 1804/3/4
f 1804/3/4 1798/3/4 1805/3/4
f 1805/3/4 1798/3/4 1806/3/4
f 1798/1/4 1799/1/4 1807/1/4
f 1806/3/4 1798/3/4 1807/3/4
f 1800/3/4 1801/3/4 1808/3/4
f 1807/1/4 1799/1/4 1808/1/4
f 1799/3/4 1800/3/4 1808/3/4
f 1735/3/4 1802/3/4 1809/3/4
f 1802/1/4 1803/1/4 1809/1/4
f 1803/3/4 1804/3/4 1810/3/4
f 1809/1/4 1803/1/4 1810/1/4
f 1810/3/4 1804/3/4 1811/3/4
f 1811/3/4 1804/3/4 1812/3/4
f 1805/3/4 1806/3/4 1813/3/4
f 1813/3/4 1806/3/4 1814/3/4
f 1814/3/4 1806/3/4 1815/3/4
f 1815/3/4 1806/3/4 1816/3/4
f 1735/3/4 1809/3/4 1817/3/4
f 1809/3/4 1810/3/4 1817/3/4
f 1817/3/4 1810/3/4 1818/3/4
f 1811/3/4 1812/3/4 1819/3/4
f 1812/3/4 1813/3/4 1819/3/4
f 1813/1/4 1814/1/4 1819/1/4
f 1814/3/4 1815/3/4 1820/3/4
f 1819/1/4 1814/1/4 1820/1/4
f 1815/1/4 1816/1/4 1821/1/4
f 1820/3/4 1815/3/4 1821/3/4
f 1816/3/4 1806/3/4 1822/3/4
f 1821/1/4 1816/1/4 1822/1/4
f 1806/1/4 1807/1/4 1823/1/4
f 1822/3/4 1806/3/4 1823/3/4
f 1807/3/4 1808/3/4 1824/3/4
f 1823/1/4 1807/1/4 1824/1/4
f 1808/3/4 1801/3/4 1825/3/4
f 1824/3/4 1808/3/4 1825/3/4
f 1825/3/4 1801/3/4 1826/3/4
f 1772/3/4 1773/3/4 1827/3/4
f 1740/3/4 1772/3/4 1827/3/4
f 1827/3/4 1773/3/4 1828/3/4
f 1818/3/4 1810/3/4 1830/3/4
f 1810/1/4 1811/1/4 1831/1/4
f 1830/3/4 1810/3/4 1831/3/4
f 1821/3/4 1822/3/4 1832/3/4
f 1831/1/4 1811/1/4 1832/1/4
f 1824/3/4 1825/3/4 1832/3/4
f 1811/3/4 1819/3/4 1832/3/4
f 1823/3/4 1824/3/4 1832/3/4
f 1822/3/4 1823/3/4 1832/3/4
f 1820/3/4 1821/3/4 1832/3/4
f 1819/3/4 1820/3/4 1832/3/4
f 1832/3/4 1825/3/4 1833/3/4
f 1833/3/4 1825/3/4 1834/3/4
f 1834/3/4 1825/3/4 1835/3/4
f 1827/1/4 1828/1/4 1837/1/4
f 1740/3/4 1827/3/4 1837/3/4
f 1837/1/4 1828/1/4 1838/1/4
f 1830/3/4 1831/3/4 1839/3/4
f 1829/3/4 1830/3/4 1839/3/4
f 1831/3/4 1832/3/4 1839/3/4
f 1839/3/4 1832/3/4 1840/3/4
f 1840/3/4 1832/3/4 1841/3/4
f 1833/3/4 1834/3/4 1842/3/4
f 1842/3/4 1834/3/4 1843/3/4
f 1843/3/4 1834/3/4 1844/3/4
f 1834/1/4 1835/1/4 1845/1/4
f 1844/3/4 1834/3/4 1845/3/4
f 1835/3/4 1836/3/4 1846/3/4
f 1845/1/4 1835/1/4 1846/1/4
f 1839/1/4 1840/1/4 1847/1/4
f 1840/3/4 1841/3/4 1848/3/4
f 1847/1/4 1840/1/4 1848/1/4
f 1841/3/4 1842/3/4 1848/3/4
f 1842/3/4 1843/3/4 1848/3/4
f 1848/3/4 1843/3/4 1849/3/4
f 1849/3/4 1843/3/4 1850/3/4
f 1850/3/4 1843/3/4 1851/3/4
f 1844/3/4 1845/3/4 1852/3/4
f 1845/3/4 1846/3/4 1852/3/4
f 1774/3/4 1775/3/4 1853/3/4
f 1775/3/4 1734/3/4 1854/3/4
f 1853/3/4 1775/3/4 1854/3/4
f 1847/3/4 1848/3/4 1855/3/4
f 1848/3/4 1849/3/4 1855/3/4
f 1855/3/4 1849/3/4 1856/3/4
f 1851/3/4 1852/3/4 1857/3/4
f 1850/3/4 1851/3/4 1857/3/4
f 1846/3/4 1836/3/4 1858/3/4
f 1857/3/4 1852/3/4 1858/3/4
f 1852/3/4 1846/3/4 1858/3/4
f 1837/3/4 1838/3/4 1859/3/4
f 1740/3/4 1837/3/4 1859/3/4
f 1859/3/4 1838/3/4 1860/3/4
f 1863/3/4 1864/3/4 1867/3/4
f 1867/3/4 1864/3/4 1868/3/4
f 1868/3/4 1864/3/4 1869/3/4
f 1861/3/4 1862/3/4 1871/3/4
f 1871/3/4 1862/3/4 1872/3/4
f 1863/3/4 1867/3/4 1873/3/4
f 1873/3/4 1867/3/4 1874/3/4
f 1869/3/4 1870/3/4 1875/3/4
f 1868/3/4 1869/3/4 1875/3/4
f 1875/3/4 1870/3/4 1876/3/4
f 1865/3/4 1866/3/4 1877/3/4
f 1877/3/4 1866/3/4 1878/3/4
f 1879/6/4 1880/6/4 1883/6/4
f 1883/6/4 1880/6/4 1884/6/4
f 1881/6/4 1882/6/4 1885/6/4
f 1885/6/4 1882/6/4 1886/6/4
f 1889/6/4 1890/6/4 1891/6/4
f 1891/6/4 1890/6/4 1892/6/4
f 1887/6/4 1888/6/4 1893/6/4
f 1893/6/4 1888/6/4 1894/6/4
f 1895/6/4 1896/6/4 1899/6/4
f 1897/6/4 1898/6/4 1899/6/4
f 1896/6/4 1897/6/4 1899/6/4
f 1899/6/4 1898/6/4 1900/6/4
f 1900/6/4 1898/6/4 1901/6/4
f 1901/6/4 1898/6/4 1902/6/4
f 1900/6/4 1901/6/4 1904/6/4
f 1904/6/4 1901/6/4 1905/6/4
f 1903/6/4 1904/6/4 1907/6/4
f 1905/6/4 1906/6/4 1907/6/4
f 1904/6/4 1905/6/4 1907/6/4
f 1907/6/4 1906/6/4 1908/6/4
f 1908/6/4 1906/6/4 1909/6/4
f 1909/6/4 1906/6/4 1910/6/4
f 1911/6/4 1912/6/4 1915/6/4
f 1915/6/4 1912/6/4 1916/6/4
f 1913/6/4 1914/6/4 1917/6/4
f 1917/6/4 1914/6/4 1918/6/4
f 1919/6/4 1920/6/4 1921/6/4
f 1921/6/4 1920/6/4 1922/6/4
f 1923/6/4 1924/6/4 1927/6/4
f 1927/6/4 1924/6/4 1928/6/4
f 1925/6/4 1926/6/4 1929/6/4
f 1929/6/4 1926/6/4 1930/6/4
f 1931/6/4 1932/6/4 1933/6/4
f 1933/6/4 1932/6/4 1934/6/4
f 1941/6/5 1936/6/5 1935/6/5
f 1942/6/5 1936/6/5 1941/6/5
f 1943/6/5 1938/6/5 1937/6/5
f 1944/6/5 1938/6/5 1943/6/5
f 1945/6/5 1940/6/5 1939/6/5
f 1946/6/5 1940/6/5 1945/6/5
f 1948/6/5 1944/6/5 1943/6/5
f 1948/6/5 1945/6/5 1944/6/5
f 1948/6/5 1943/6/5 1942/6/5
f 1949/6/5 1945/6/5 1948/6/5
f 1951/6/5 1949/6/5 1948/6/5
f 1951/6/5 1950/6/5 1949/6/5
f 1951/6/5 1948/6/5 1947/6/5
f 1952/6/5 1950/6/5 1951/6/5
f 1953/6/5 1950/6/5 1952/6/5
f 1954/6/5 1950/6/5 1953/6/5
f 1956/6/5 1953/6/5 1952/6/5
f 1957/6/5 1953/6/5 1956/6/5
f 1958/6/5 1953/6/5 1957/6/5
f 1959/6/5 1953/6/5 1958/6/5
f 1961/6/5 1956/6/5 1955/6/5
f 1962/6/5 1956/6/5 1961/6/5
f 1963/6/5 1960/6/5 1959/6/5
f 1964/6/5 1960/6/5 1963/6/5
f 1965/6/5 1958/6/5 1957/6/5
f 1966/6/5 1958/6/5 1965/6/5
f 1971/6/5 1968/6/5 1967/6/5
f 1972/6/5 1968/6/5 1971/6/5
f 1973/6/5 1970/6/5 1969/6/5
f 1974/6/5 1970/6/5 1973/6/5
f 1979/6/5 1976/6/5 1975/6/5
f 1980/6/5 1976/6/5 1979/6/5
f 1981/6/5 1978/6/5 1977/6/5
f 1982/6/5 1978/6/5 1981/6/5
f 1989/6/5 1984/6/5 1983/6/5
f 1990/6/5 1984/6/5 1989/6/5
f 1991/6/5 1986/6/5 1985/6/5
f 1992/6/5 1986/6/5 1991/6/5
f 1993/6/5 1988/6/5 1987/6/5
f 1994/6/5 1988/6/5 1993/6/5
f 1997/1/5 1996/1/5 1995/1/5
f 1998/1/5 1996/1/5 1997/1/5
f 2001/1/5 2000/1/5 1999/1/5
f 2002/1/5 2000/1/5 2001/1/5
f 2005/1/5 2004/1/5 2003/1/5
f 2006/1/5 2004/1/5 2005/1/5
f 2019/3/5 2008/3/5 2007/3/5
f 2020/3/5 2008/3/5 2019/3/5
f 2021/3/5 2010/3/5 2009/3/5
f 2022/2/5 2011/2/5 2010/2/5
f 2022/3/5 2010/3/5 2021/3/5
f 2023/3/5 2012/3/5 2011/3/5
f 2023/2/5 2011/2/5 2022/2/5
f 2024/2/5 2013/2/5 2012/2/5
f 2024/3/5 2012/3/5 2023/3/5
f 2025/3/5 2014/3/5 2013/3/5
f 2025/2/5 2013/2/5 2024/2/5
f 2026/2/5 2015/2/5 2014/2/5
f 2026/3/5 2014/3/5 2025/3/5
f 2027/3/5 2016/3/5 2015/3/5
f 2027/2/5 2015/2/5 2026/2/5
f 2028/3/5 2016/3/5 2027/3/5
f 2029/3/5 2018/3/5 2017/3/5
f 2030/3/5 2018/3/5 2029/3/5
f 2031/3/5 2019/3/5 2007/3/5
f 2032/3/5 2019/3/5 2031/3/5
f 2034/3/5 2018/3/5 2030/3/5
f 2035/3/5 2018/3/5 2034/3/5
f 2037/5/5 2033/5/5 2032/5/5
f 2038/5/5 2033/5/5 2037/5/5
f 2041/3/5 2040/3/5 2039/3/5
f 2042/3/5 2040/3/5 2041/3/5
f 2043/1/5 2042/1/5 2041/1/5
f 2044/1/5 2042/1/5 2043/1/5
f 2045/3/5 2037/3/5 2036/3/5
f 2046/3/5 2037/3/5 2045/3/5
f 2047/3/5 2044/3/5 2043/3/5
f 2048/3/5 2044/3/5 2047/3/5
f 2049/1/5 2048/1/5 2047/1/5
f 2050/1/5 2048/1/5 2049/1/5
f 2051/2/5 2046/2/5 2045/2/5
f 2052/2/5 2046/2/5 2051/2/5
f 2053/3/5 2050/3/5 2049/3/5
f 2054/3/5 2050/3/5 2053/3/5
f 2055/1/5 2054/1/5 2053/1/5
f 2056/1/5 2054/1/5 2055/1/5
f 2057/3/5 2052/3/5 2051/3/5
f 2058/3/5 2052/3/5 2057/3/5
f 2059/2/5 2058/2/5 2057/2/5
f 2060/2/5 2058/2/5 2059/2/5
f 2061/3/5 2056/3/5 2055/3/5
f 2062/3/5 2056/3/5 2061/3/5
f 2063/3/5 2060/3/5 2059/3/5
f 2064/3/5 2060/3/5 2063/3/5
f 2066/1/5 2062/1/5 2061/1/5
f 2067/1/5 2062/1/5 2066/1/5
f 2069/5/5 2065/5/5 2064/5/5
f 2070/5/5 2065/5/5 2069/5/5
f 2073/3/5 2069/3/5 2068/3/5
f 2082/3/5 2072/3/5 2071/3/5
f 2083/3/5 2073/3/5 2068/3/5
f 2083/3/5 2074/3/5 2073/3/5
f 2084/3/5 2074/3/5 2083/3/5
f 2085/3/5 2076/3/5 2075/3/5
f 2086/3/5 2076/3/5 2085/3/5
f 2087/3/5 2078/3/5 2077/3/5
f 2088/1/5 2079/1/5 2078/1/5
f 2088/3/5 2078/3/5 2087/3/5
f 2089/3/5 2080/3/5 2079/3/5
f 2089/1/5 2079/1/5 2088/1/5
f 2090/3/5 2080/3/5 2089/3/5
f 2091/3/5 2082/3/5 2081/3/5
f 2092/3/5 2072/3/5 2082/3/5
f 2092/3/5 2082/3/5 2091/3/5
f 2095/3/5 2094/3/5 2093/3/5
f 2096/3/5 2094/3/5 2095/3/5
f 2099/3/5 2098/3/5 2097/3/5
f 2100/3/5 2098/3/5 2099/3/5
f 2103/3/5 2102/3/5 2101/3/5
f 2104/3/5 2102/3/5 2103/3/5
f 2107/3/5 2106/3/5 2105/3/5
f 2108/3/5 2106/3/5 2107/3/5
f 2111/3/5 2110/3/5 2109/3/5
f 2112/3/5 2110/3/5 2111/3/5
f 2115/3/5 2114/3/5 2113/3/5
f 2116/3/5 2114/3/5 2115/3/5
f 2119/3/5 2118/3/5 2117/3/5
f 2120/3/5 2118/3/5 2119/3/5
f 2123/3/5 2122/3/5 2121/3/5
f 2124/3/5 2122/3/5 2123/3/5
f 2127/3/5 2126/3/5 2125/3/5
f 2128/3/5 2126/3/5 2127/3/5
f 2131/3/5 2130/3/5 2129/3/5
f 2132/3/5 2130/3/5 2131/3/5
f 2141/3/5 2134/3/5 2133/3/5
f 2141/5/5 2135/5/5 2134/5/5
f 2142/5/5 2135/5/5 2141/5/5
f 2143/2/5 2137/2/5 2136/2/5
f 2144/3/5 2138/3/5 2137/3/5
f 2144/2/5 2137/2/5 2143/2/5
f 2145/3/5 2138/3/5 2144/3/5
f 2146/3/5 2140/3/5 2139/3/5
f 2147/3/5 2140/3/5 2146/3/5
f 2148/3/5 2141/3/5 2133/3/5
f 2149/3/5 2141/3/5 2148/3/5
f 2151/3/5 2140/3/5 2147/3/5
f 2152/3/5 2140/3/5 2151/3/5
f 2154/5/5 2150/5/5 2149/5/5
f 2155/5/5 2150/5/5 2154/5/5
f 2158/3/5 2154/3/5 2153/3/5
f 2159/3/5 2154/3/5 2158/3/5
f 2160/2/5 2159/2/5 2158/2/5
f 2161/2/5 2159/2/5 2160/2/5
f 2162/3/5 2161/3/5 2160/3/5
f 2163/3/5 2161/3/5 2162/3/5
f 2164/2/5 2163/2/5 2162/2/5
f 2165/2/5 2163/2/5 2164/2/5
f 2166/3/5 2165/3/5 2164/3/5
f 2167/3/5 2165/3/5 2166/3/5
f 2168/3/5 2157/3/5 2156/3/5
f 2169/3/5 2157/3/5 2168/3/5
f 2170/2/5 2167/2/5 2166/2/5
f 2171/2/5 2167/2/5 2170/2/5
f 2172/1/5 2169/1/5 2168/1/5
f 2173/1/5 2169/1/5 2172/1/5
f 2174/3/5 2173/3/5 2172/3/5
f 2175/3/5 2173/3/5 2174/3/5
f 2176/3/5 2171/3/5 2170/3/5
f 2177/3/5 2171/3/5 2176/3/5
f 2179/1/5 2175/1/5 2174/1/5
f 2180/1/5 2175/1/5 2179/1/5
f 2182/5/5 2178/5/5 2177/5/5
f 2183/5/5 2178/5/5 2182/5/5
f 2186/2/5 2182/2/5 2181/2/5
f 2187/2/5 2182/2/5 2186/2/5
f 2192/3/5 2185/3/5 2184/3/5
f 2193/3/5 2187/3/5 2186/3/5
f 2193/3/5 2188/3/5 2187/3/5
f 2194/3/5 2188/3/5 2193/3/5
f 2195/3/5 2190/3/5 2189/3/5
f 2196/3/5 2190/3/5 2195/3/5
f 2197/3/5 2192/3/5 2191/3/5
f 2198/3/5 2185/3/5 2192/3/5
f 2198/3/5 2192/3/5 2197/3/5
f 2201/6/6 2202/6/6 2205/6/6
f 2205/6/6 2202/6/6 2206/6/6
f 2206/6/6 2202/6/6 2207/6/6
f 2207/6/6 2202/6/6 2208/6/6
f 2201/6/6 2205/6/6 2209/6/6
f 2209/6/6 2205/6/6 2210/6/6
f 2206/6/6 2207/6/6 2211/6/6
f 2211/6/6 2207/6/6 2212/6/6
f 2208/6/6 2202/6/6 2213/6/6
f 2213/6/6 2202/6/6 2214/6/6
f 2199/6/6 2200/6/6 2215/6/6
f 2215/6/6 2200/6/6 2216/6/6
f 2203/6/6 2204/6/6 2217/6/6
f 2217/6/6 2204/6/6 2218/6/6
f 2219/6/6 2220/6/6 2223/6/6
f 2223/6/6 2220/6/6 2224/6/6
f 2221/6/6 2222/6/6 2225/6/6
f 2225/6/6 2222/6/6 2226/6/6
f 2227/6/6 2228/6/6 2233/6/6
f 2233/6/6 2228/6/6 2234/6/6
f 2231/6/6 2232/6/6 2235/6/6
f 2235/6/6 2232/6/6 2236/6/6
f 2229/6/6 2230/6/6 2237/6/6
f 2237/6/6 2230/6/6 2238/6/6
f 2239/1/6 2240/1/6 2241/1/6
f 2241/1/6 2240/1/6 2242/1/6
f 2243/1/6 2244/1/6 2245/1/6
f 2245/1/6 2244/1/6 2246/1/6
f 2247/1/6 2248/1/6 2249/1/6
f 2249/1/6 2248/1/6 2250/1/6
f 2251/1/6 2252/1/6 2256/1/6
f 2256/1/6 2252/1/6 2257/1/6
f 2253/6/6 2254/6/6 2261/6/6
f 2261/6/6 2254/6/6 2262/6/6
f 2255/6/6 2256/6/6 2263/6/6
f 2256/6/6 2257/6/6 2263/6/6
f 2257/6/6 2258/6/6 2263/6/6
f 2263/6/6 2258/6/6 2264/6/6
f 2259/6/6 2260/6/6 2265/6/6
f 2265/6/6 2260/6/6 2266/6/6
f 2263/6/6 2264/6/6 2268/6/6
f 2264/6/6 2265/6/6 2268/6/6
f 2262/6/6 2263/6/6 2268/6/6
f 2268/6/6 2265/6/6 2269/6/6
f 2267/6/6 2268/6/6 2271/6/6
f 2269/6/6 2270/6/6 2271/6/6
f 2268/6/6 2269/6/6 2271/6/6
f 2271/6/6 2270/6/6 2272/6/6
f 2272/6/6 2270/6/6 2273/6/6
f 2273/6/6 2270/6/6 2274/6/6
f 2274/6/6 2270/6/6 2275/6/6
f 2275/6/6 2270/6/6 2276/6/6
f 2276/6/6 2270/6/6 2277/6/6
f 2277/6/6 2270/6/6 2278/6/6
f 2278/6/6 2270/6/6 2279/6/6
f 2279/6/6 2270/6/6 2280/6/6
f 2280/6/6 2270/6/6 2281/6/6
f 2281/6/6 2270/6/6 2282/6/6
f 2282/6/6 2270/6/6 2283/6/6
f 2272/6/6 2273/6/6 2284/6/6
f 2284/6/6 2273/6/6 2285/6/6
f 2281/6/6 2282/6/6 2286/6/6
f 2286/6/6 2282/6/6 2287/6/6
f 2267/6/6 2271/6/6 2288/6/6
f 2283/6/6 2270/6/6 2291/6/6
f 2288/6/6 2289/6/6 2292/6/6
f 2267/6/6 2288/6/6 2292/6/6
f 2292/6/6 2289/6/6 2293/6/6
f 2290/6/6 2291/6/6 2294/6/6
f 2291/6/6 2270/6/6 2295/6/6
f 2294/6/6 2291/6/6 2295/6/6
f 2295/6/6 2270/6/6 2296/6/6
f 2267/6/6 2292/6/6 2297/6/6
f 2267/6/6 2297/6/6 2298/6/6
f 2267/6/6 2298/6/6 2299/6/6
f 2267/6/6 2299/6/6 2300/6/6
f 2296/6/6 2270/6/6 2301/6/6
f 2301/6/6 2270/6/6 2302/6/6
f 2267/6/6 2300/6/6 2303/6/6
f 2267/6/6 2303/6/6 2304/6/6
f 2267/6/6 2304/6/6 2305/6/6
f 2302/6/6 2270/6/6 2308/6/6
f 2305/6/6 2306/6/6 2309/6/6
f 2267/6/6 2305/6/6 2309/6/6
f 2309/6/6 2306/6/6 2310/6/6
f 2307/6/6 2308/6/6 2311/6/6
f 2308/6/6 2270/6/6 2312/6/6
f 2311/6/6 2308/6/6 2312/6/6
f 2267/6/6 2309/6/6 2317/6/6
f 2313/6/6 2314/6/6 2318/6/6
f 2318/6/6 2314/6/6 2319/6/6
f 2315/6/6 2316/6/6 2323/6/6
f 2323/6/6 2316/6/6 2324/6/6
f 2312/6/6 2270/6/6 2325/6/6
f 2323/6/6 2324/6/6 2326/6/6
f 2324/6/6 2325/6/6 2326/6/6
f 2321/6/6 2322/6/6 2326/6/6
f 2267/6/6 2317/6/6 2326/6/6
f 2322/6/6 2323/6/6 2326/6/6
f 2317/6/6 2318/6/6 2326/6/6
f 2320/6/6 2321/6/6 2326/6/6
f 2319/6/6 2320/6/6 2326/6/6
f 2318/6/6 2319/6/6 2326/6/6
f 2326/6/6 2325/6/6 2327/6/6
f 2325/6/6 2270/6/6 2328/6/6
f 2327/6/6 2325/6/6 2328/6/6
f 2328/6/6 2270/6/6 2329/6/6
f 2327/6/6 2328/6/6 2331/6/6
f 2331/6/6 2328/6/6 2332/6/6
f 2332/6/6 2328/6/6 2333/6/6
f 2333/6/6 2328/6/6 2334/6/6
f 2330/6/6 2331/6/6 2336/6/6
f 2336/6/6 2331/6/6 2337/6/6
f 2332/6/6 2333/6/6 2338/6/6
f 2338/6/6 2333/6/6 2339/6/6
f 2334/6/6 2335/6/6 2340/6/6
f 2340/6/6 2335/6/6 2341/6/6
f 2342/3/6 2343/3/6 2359/3/6
f 2359/3/6 2343/3/6 2360/3/6
f 2344/3/6 2345/3/6 2361/3/6
f 2345/2/6 2346/2/6 2362/2/6
f 2361/3/6 2345/3/6 2362/3/6
f 2346/3/6 2347/3/6 2363/3/6
f 2362/2/6 2346/2/6 2363/2/6
f 2347/2/6 2348/2/6 2364/2/6
f 2363/3/6 2347/3/6 2364/3/6
f 2348/3/6 2349/3/6 2365/3/6
f 2364/2/6 2348/2/6 2365/2/6
f 2349/2/6 2350/2/6 2366/2/6
f 2365/3/6 2349/3/6 2366/3/6
f 2350/3/6 2351/3/6 2367/3/6
f 2366/2/6 2350/2/6 2367/2/6
f 2351/1/6 2352/1/6 2368/1/6
f 2367/3/6 2351/3/6 2368/3/6
f 2352/3/6 2353/3/6 2369/3/6
f 2368/1/6 2352/1/6 2369/1/6
f 2353/1/6 2354/1/6 2370/1/6
f 2369/3/6 2353/3/6 2370/3/6
f 2354/3/6 2355/3/6 2371/3/6
f 2370/1/6 2354/1/6 2371/1/6
f 2371/3/6 2355/3/6 2372/3/6
f 2356/1/6 2357/1/6 2373/1/6
f 2357/3/6 2358/3/6 2374/3/6
f 2373/1/6 2357/1/6 2374/1/6
f 2342/3/6 2359/3/6 2375/3/6
f 2375/3/6 2359/3/6 2376/3/6
f 2374/3/6 2358/3/6 2378/3/6
f 2378/3/6 2358/3/6 2379/3/6
f 2376/5/6 2377/5/6 2381/5/6
f 2381/5/6 2377/5/6 2382/5/6
f 2380/3/6 2381/3/6 2385/3/6
f 2385/3/6 2381/3/6 2386/3/6
f 2383/3/6 2384/3/6 2387/3/6
f 2387/3/6 2384/3/6 2388/3/6
f 2387/1/6 2388/1/6 2389/1/6
f 2389/1/6 2388/1/6 2390/1/6
f 2385/2/6 2386/2/6 2391/2/6
f 2391/2/6 2386/2/6 2392/2/6
f 2389/3/6 2390/3/6 2393/3/6
f 2393/3/6 2390/3/6 2394/3/6
f 2393/1/6 2394/1/6 2395/1/6
f 2395/1/6 2394/1/6 2396/1/6
f 2391/3/6 2392/3/6 2397/3/6
f 2397/3/6 2392/3/6 2398/3/6
f 2397/2/6 2398/2/6 2399/2/6
f 2399/2/6 2398/2/6 2400/2/6
f 2395/3/6 2396/3/6 2401/3/6
f 2401/3/6 2396/3/6 2402/3/6
f 2399/3/6 2400/3/6 2403/3/6
f 2403/3/6 2400/3/6 2404/3/6
f 2401/1/6 2402/1/6 2406/1/6
f 2406/1/6 2402/1/6 2407/1/6
f 2404/5/6 2405/5/6 2409/5/6
f 2409/5/6 2405/5/6 2410/5/6
f 2408/3/6 2409/3/6 2413/3/6
f 2411/3/6 2412/3/6 2418/3/6
f 2408/3/6 2413/3/6 2419/3/6
f 2413/3/6 2414/3/6 2419/3/6
f 2419/3/6 2414/3/6 2420/3/6
f 2415/3/6 2416/3/6 2421/3/6
f 2421/3/6 2416/3/6 2422/3/6
f 2417/3/6 2418/3/6 2423/3/6
f 2418/3/6 2412/3/6 2424/3/6
f 2423/3/6 2418/3/6 2424/3/6
f 2425/3/6 2426/3/6 2427/3/6
f 2427/3/6 2426/3/6 2428/3/6
f 2429/1/6 2430/1/6 2431/1/6
f 2431/1/6 2430/1/6 2432/1/6
f 2433/3/6 2434/3/6 2435/3/6
f 2435/3/6 2434/3/6 2436/3/6
f 2437/3/6 2438/3/6 2439/3/6
f 2439/3/6 2438/3/6 2440/3/6
f 2441/3/6 2442/3/6 2443/3/6
f 2443/3/6 2442/3/6 2444/3/6
f 2445/3/6 2446/3/6 2447/3/6
f 2447/3/6 2446/3/6 2448/3/6
f 2449/3/6 2450/3/6 2451/3/6
f 2451/3/6 2450/3/6 2452/3/6
f 2453/3/6 2454/3/6 2455/3/6
f 2455/3/6 2454/3/6 2456/3/6
f 2457/3/6 2458/3/6 2459/3/6
f 2459/3/6 2458/3/6 2460/3/6
f 2461/3/6 2462/3/6 2469/3/6
f 2469/3/6 2462/3/6 2470/3/6
f 2463/3/6 2464/3/6 2471/3/6
f 2471/3/6 2464/3/6 2472/3/6
f 2465/3/6 2466/3/6 2473/3/6
f 2473/3/6 2466/3/6 2474/3/6
f 2467/3/6 2468/3/6 2475/3/6
f 2475/3/6 2468/3/6 2476/3/6
f 2477/3/6 2478/3/6 2492/3/6
f 2492/3/6 2478/3/6 2493/3/6
f 2493/3/6 2478/3/6 2494/3/6
f 2479/3/6 2480/3/6 2495/3/6
f 2480/2/6 2481/2/6 2496/2/6
f 2495/3/6 2480/3/6 2496/3/6
f 2481/3/6 2482/3/6 2497/3/6
f 2496/2/6 2481/2/6 2497/2/6
f 2482/2/6 2483/2/6 2498/2/6
f 2497/3/6 2482/3/6 2498/3/6
f 2483/3/6 2484/3/6 2499/3/6
f 2498/2/6 2483/2/6 2499/2/6
f 2484/2/6 2485/2/6 2500/2/6
f 2499/3/6 2484/3/6 2500/3/6
f 2485/3/6 2486/3/6 2501/3/6
f 2500/2/6 2485/2/6 2501/2/6
f 2486/2/6 2487/2/6 2502/2/6
f 2501/3/6 2486/3/6 2502/3/6
f 2487/3/6 2488/3/6 2503/3/6
f 2502/2/6 2487/2/6 2503/2/6
f 2503/3/6 2488/3/6 2504/3/6
f 2489/2/6 2490/2/6 2505/2/6
f 2490/3/6 2491/3/6 2506/3/6
f 2505/2/6 2490/2/6 2506/2/6
f 2506/3/6 2491/3/6 2507/3/6
f 2492/2/6 2493/2/6 2508/2/6
f 2508/2/6 2493/2/6 2509/2/6
f 2506/5/6 2507/5/6 2511/5/6
f 2511/5/6 2507/5/6 2512/5/6
f 2509/5/6 2510/5/6 2514/5/6
f 2514/5/6 2510/5/6 2515/5/6
f 2513/3/6 2514/3/6 2518/3/6
f 2518/3/6 2514/3/6 2519/3/6
f 2518/2/6 2519/2/6 2520/2/6
f 2520/2/6 2519/2/6 2521/2/6
f 2516/3/6 2517/3/6 2522/3/6
f 2522/3/6 2517/3/6 2523/3/6
f 2522/2/6 2523/2/6 2524/2/6
f 2524/2/6 2523/2/6 2525/2/6
f 2520/3/6 2521/3/6 2526/3/6
f 2526/3/6 2521/3/6 2527/3/6
f 2524/3/6 2525/3/6 2529/3/6
f 2529/3/6 2525/3/6 2530/3/6
f 2527/5/6 2528/5/6 2532/5/6
f 2532/5/6 2528/5/6 2533/5/6
f 2531/3/6 2532/3/6 2536/3/6
f 2534/3/6 2535/3/6 2544/3/6
f 2531/3/6 2536/3/6 2545/3/6
f 2536/3/6 2537/3/6 2545/3/6
f 2545/3/6 2537/3/6 2546/3/6
f 2538/3/6 2539/3/6 2547/3/6
f 2547/3/6 2539/3/6 2548/3/6
f 2540/3/6 2541/3/6 2549/3/6
f 2549/3/6 2541/3/6 2550/3/6
f 2542/3/6 2543/3/6 2551/3/6
f 2551/3/6 2543/3/6 2552/3/6
f 2544/3/6 2535/3/6 2553/3/6
f 2553/3/6 2535/3/6 2554/3/6
f 2555/5/6 2556/5/6 2560/5/6
f 2560/5/6 2556/5/6 2561/5/6
f 2557/5/6 2558/5/6 2566/5/6
f 2566/5/6 2558/5/6 2567/5/6
f 2564/5/6 2565/5/6 2569/5/6
f 2567/5/6 2568/5/6 2569/5/6
f 2566/5/6 2567/5/6 2569/5/6
f 2565/5/6 2566/5/6 2569/5/6
f 2559/5/6 2560/5/6 2569/5/6
f 2563/5/6 2564/5/6 2569/5/6
f 2562/5/6 2563/5/6 2569/5/6
f 2561/5/6 2562/5/6 2569/5/6
f 2560/5/6 2561/5/6 2569/5/6
f 2569/5/6 2568/5/6 2570/5/6
f 2570/5/6 2568/5/6 2571/5/6
f 2571/5/6 2568/5/6 2572/5/6
f 2572/5/6 2568/5/6 2573/5/6
f 2573/5/6 2568/5/6 2574/5/6
f 2574/5/6 2568/5/6 2575/5/6
f 2575/5/6 2568/5/6 2576/5/6
f 2576/5/6 2568/5/6 2577/5/6
f 2577/5/6 2568/5/6 2578/5/6
f 2570/5/6 2571/5/6 2579/5/6
f 2576/5/6 2577/5/6 2580/5/6
f 2570/5/6 2579/5/6 2581/5/6
f 2580/5/6 2577/5/6 2582/5/6
f 2582/5/6 2577/5/6 2583/5/6
f 2570/5/6 2581/5/6 2584/5/6
f 2582/1/6 2583/1/6 2585/1/6
f 2585/1/6 2583/1/6 2586/1/6
f 2584/5/6 2581/5/6 2587/5/6
f 2587/5/6 2581/5/6 2588/5/6
f 2585/5/6 2586/5/6 2589/5/6
f 2589/5/6 2586/5/6 2590/5/6
f 2587/5/6 2588/5/6 2591/5/6
f 2589/1/6 2590/1/6 2592/1/6
f 2592/1/6 2590/1/6 2593/1/6
f 2587/5/6 2591/5/6 2594/5/6
f 2592/5/6 2593/5/6 2595/5/6
f 2595/5/6 2593/5/6 2596/5/6
f 2587/5/6 2594/5/6 2597/5/6
f 2595/1/6 2596/1/6 2598/1/6
f 2598/1/6 2596/1/6 2599/1/6
f 2587/5/6 2597/5/6 2600/5/6
f 2598/5/6 2599/5/6 2601/5/6
f 2600/5/6 2597/5/6 2602/5/6
f 2601/5/6 2599/5/6 2603/5/6
f 2603/5/6 2599/5/6 2604/5/6
f 2602/5/6 2597/5/6 2606/5/6
f 2606/5/6 2597/5/6 2607/5/6
f 2604/5/6 2599/5/6 2611/5/6
f 2611/5/6 2599/5/6 2612/5/6
f 2608/5/6 2609/5/6 2614/5/6
f 2607/5/6 2608/5/6 2614/5/6
f 2605/5/6 2606/5/6 2614/5/6
f 2606/5/6 2607/5/6 2614/5/6
f 2609/5/6 2610/5/6 2614/5/6
f 2614/5/6 2610/5/6 2615/5/6
f 2615/5/6 2610/5/6 2616/5/6
f 2616/5/6 2610/5/6 2617/5/6
f 2617/5/6 2610/5/6 2618/5/6
f 2618/5/6 2610/5/6 2619/5/6
f 2619/5/6 2610/5/6 2620/5/6
f 2610/1/6 2611/1/6 2621/1/6
f 2620/5/6 2610/5/6 2621/5/6
f 2611/5/6 2612/5/6 2622/5/6
f 2621/1/6 2611/1/6 2622/1/6
f 2612/5/6 2613/5/6 2622/5/6
f 2622/5/6 2613/5/6 2623/5/6
f 2623/5/6 2613/5/6 2624/5/6
f 2615/5/6 2616/5/6 2625/5/6
f 2625/5/6 2616/5/6 2626/5/6
f 2627/3/6 2628/3/6 2629/3/6
f 2629/3/6 2628/3/6 2630/3/6
f 2631/2/6 2632/2/6 2644/2/6
f 2632/3/6 2633/3/6 2645/3/6
f 2644/2/6 2632/2/6 2645/2/6
f 2634/3/6 2635/3/6 2646/3/6
f 2646/3/6 2635/3/6 2647/3/6
f 2635/2/6 2636/2/6 2648/2/6
f 2647/3/6 2635/3/6 2648/3/6
f 2636/3/6 2637/3/6 2649/3/6
f 2648/2/6 2636/2/6 2649/2/6
f 2637/2/6 2638/2/6 2650/2/6
f 2649/3/6 2637/3/6 2650/3/6
f 2638/3/6 2639/3/6 2651/3/6
f 2650/2/6 2638/2/6 2651/2/6
f 2651/3/6 2639/3/6 2652/3/6
f 2639/2/6 2640/2/6 2653/2/6
f 2652/3/6 2639/3/6 2653/3/6
f 2640/3/6 2641/3/6 2654/3/6
f 2653/2/6 2640/2/6 2654/2/6
f 2644/3/6 2645/3/6 2655/3/6
f 2645/3/6 2633/3/6 2656/3/6
f 2655/3/6 2645/3/6 2656/3/6
f 2634/3/6 2646/3/6 2657/3/6
f 2646/2/6 2647/2/6 2658/2/6
f 2657/3/6 2646/3/6 2658/3/6
f 2647/3/6 2648/3/6 2659/3/6
f 2658/2/6 2647/2/6 2659/2/6
f 2648/3/6 2649/3/6 2659/3/6
f 2649/3/6 2650/3/6 2659/3/6
f 2650/3/6 2651/3/6 2659/3/6
f 2651/2/6 2652/2/6 2660/2/6
f 2659/3/6 2651/3/6 2660/3/6
f 2653/3/6 2654/3/6 2661/3/6
f 2660/2/6 2652/2/6 2661/2/6
f 2652/3/6 2653/3/6 2661/3/6
f 2654/3/6 2641/3/6 2662/3/6
f 2661/3/6 2654/3/6 2662/3/6
f 2642/3/6 2643/3/6 2663/3/6
f 2663/3/6 2643/3/6 2664/3/6
f 2668/1/6 2669/1/6 2675/1/6
f 2669/3/6 2670/3/6 2675/3/6
f 2675/3/6 2670/3/6 2676/3/6
f 2676/3/6 2670/3/6 2677/3/6
f 2677/3/6 2670/3/6 2678/3/6
f 2670/2/6 2671/2/6 2679/2/6
f 2678/3/6 2670/3/6 2679/3/6
f 2671/3/6 2672/3/6 2680/3/6
f 2679/2/6 2671/2/6 2680/2/6
f 2665/3/6 2666/3/6 2681/3/6
f 2681/3/6 2666/3/6 2682/3/6
f 2667/3/6 2668/3/6 2683/3/6
f 2668/1/6 2675/1/6 2683/1/6
f 2675/2/6 2676/2/6 2684/2/6
f 2683/1/6 2675/1/6 2684/1/6
f 2676/3/6 2677/3/6 2685/3/6
f 2684/2/6 2676/2/6 2685/2/6
f 2685/3/6 2677/3/6 2686/3/6
f 2677/2/6 2678/2/6 2687/2/6
f 2686/3/6 2677/3/6 2687/3/6
f 2678/3/6 2679/3/6 2688/3/6
f 2687/2/6 2678/2/6 2688/2/6
f 2679/3/6 2680/3/6 2688/3/6
f 2688/3/6 2680/3/6 2689/3/6
f 2680/3/6 2672/3/6 2690/3/6
f 2689/3/6 2680/3/6 2690/3/6
f 2690/3/6 2672/3/6 2691/3/6
f 2691/3/6 2672/3/6 2692/3/6
f 2692/3/6 2672/3/6 2693/3/6
f 2693/3/6 2672/3/6 2694/3/6
f 2673/3/6 2674/3/6 2695/3/6
f 2695/3/6 2674/3/6 2696/3/6
f 2681/2/6 2682/2/6 2697/2/6
f 2682/3/6 2666/3/6 2698/3/6
f 2697/2/6 2682/2/6 2698/2/6
f 2667/3/6 2683/3/6 2699/3/6
f 2683/3/6 2684/3/6 2699/3/6
f 2684/3/6 2685/3/6 2699/3/6
f 2699/3/6 2685/3/6 2700/3/6
f 2685/1/6 2686/1/6 2701/1/6
f 2700/3/6 2685/3/6 2701/3/6
f 2688/3/6 2689/3/6 2702/3/6
f 2701/1/6 2686/1/6 2702/1/6
f 2686/3/6 2687/3/6 2702/3/6
f 2687/3/6 2688/3/6 2702/3/6
f 2702/3/6 2689/3/6 2703/3/6
f 2703/3/6 2689/3/6 2704/3/6
f 2689/2/6 2690/2/6 2705/2/6
f 2704/3/6 2689/3/6 2705/3/6
f 2690/3/6 2691/3/6 2706/3/6
f 2705/2/6 2690/2/6 2706/2/6
f 2691/1/6 2692/1/6 2707/1/6
f 2706/3/6 2691/3/6 2707/3/6
f 2692/3/6 2693/3/6 2708/3/6
f 2707/1/6 2692/1/6 2708/1/6
f 2693/1/6 2694/1/6 2709/1/6
f 2708/3/6 2693/3/6 2709/3/6
f 2694/3/6 2672/3/6 2710/3/6
f 2709/1/6 2694/1/6 2710/1/6
f 2710/3/6 2672/3/6 2711/3/6
f 2695/1/6 2696/1/6 2712/1/6
f 2673/3/6 2695/3/6 2712/3/6
f 2712/1/6 2696/1/6 2713/1/6
f 2697/1/6 2698/1/6 2714/1/6
f 2698/3/6 2666/3/6 2715/3/6
f 2714/1/6 2698/1/6 2715/1/6
f 2699/1/6 2700/1/6 2716/1/6
f 2700/3/6 2701/3/6 2717/3/6
f 2716/1/6 2700/1/6 2717/1/6
f 2701/3/6 2702/3/6 2717/3/6
f 2702/3/6 2703/3/6 2717/3/6
f 2717/3/6 2703/3/6 2718/3/6
f 2718/3/6 2703/3/6 2719/3/6
f 2703/2/6 2704/2/6 2720/2/6
f 2719/3/6 2703/3/6 2720/3/6
f 2704/3/6 2705/3/6 2721/3/6
f 2720/2/6 2704/2/6 2721/2/6
f 2705/1/6 2706/1/6 2722/1/6
f 2721/3/6 2705/3/6 2722/3/6
f 2708/3/6 2709/3/6 2723/3/6
f 2722/1/6 2706/1/6 2723/1/6
f 2709/3/6 2710/3/6 2723/3/6
f 2706/3/6 2707/3/6 2723/3/6
f 2707/3/6 2708/3/6 2723/3/6
f 2723/3/6 2710/3/6 2724/3/6
f 2724/3/6 2710/3/6 2725/3/6
f 2725/3/6 2710/3/6 2726/3/6
f 2717/3/6 2718/3/6 2727/3/6
f 2716/3/6 2717/3/6 2727/3/6
f 2727/3/6 2718/3/6 2728/3/6
f 2718/1/6 2719/1/6 2729/1/6
f 2728/3/6 2718/3/6 2729/3/6
f 2721/3/6 2722/3/6 2730/3/6
f 2729/1/6 2719/1/6 2730/1/6
f 2719/3/6 2720/3/6 2730/3/6
f 2720/3/6 2721/3/6 2730/3/6
f 2722/3/6 2723/3/6 2730/3/6
f 2723/3/6 2724/3/6 2730/3/6
f 2730/3/6 2724/3/6 2731/3/6
f 2731/3/6 2724/3/6 2732/3/6
f 2724/2/6 2725/2/6 2733/2/6
f 2732/3/6 2724/3/6 2733/3/6
f 2725/1/6 2726/1/6 2734/1/6
f 2733/2/6 2725/2/6 2734/2/6
f 2726/3/6 2710/3/6 2735/3/6
f 2734/1/6 2726/1/6 2735/1/6
f 2710/1/6 2711/1/6 2736/1/6
f 2735/3/6 2710/3/6 2736/3/6
f 2736/1/6 2711/1/6 2737/1/6
f 2673/3/6 2712/3/6 2738/3/6
f 2712/3/6 2713/3/6 2738/3/6
f 2738/3/6 2713/3/6 2739/3/6
f 2715/3/6 2666/3/6 2740/3/6
f 2714/3/6 2715/3/6 2740/3/6
f 2740/3/6 2666/3/6 2741/3/6
f 2727/1/6 2728/1/6 2742/1/6
f 2716/3/6 2727/3/6 2742/3/6
f 2728/3/6 2729/3/6 2743/3/6
f 2742/1/6 2728/1/6 2743/1/6
f 2729/3/6 2730/3/6 2743/3/6
f 2730/3/6 2731/3/6 2743/3/6
f 2731/2/6 2732/2/6 2744/2/6
f 2743/3/6 2731/3/6 2744/3/6
f 2734/3/6 2735/3/6 2745/3/6
f 2744/2/6 2732/2/6 2745/2/6
f 2733/3/6 2734/3/6 2745/3/6
f 2732/3/6 2733/3/6 2745/3/6
f 2735/3/6 2736/3/6 2745/3/6
f 2736/3/6 2737/3/6 2745/3/6
f 2745/3/6 2737/3/6 2746/3/6
f 2746/3/6 2737/3/6 2747/3/6
f 2747/3/6 2737/3/6 2748/3/6
f 2748/3/6 2737/3/6 2749/3/6
f 2738/1/6 2739/1/6 2750/1/6
f 2739/3/6 2713/3/6 2751/3/6
f 2750/1/6 2739/1/6 2751/1/6
f 2740/1/6 2741/1/6 2752/1/6
f 2714/3/6 2740/3/6 2752/3/6
f 2752/1/6 2741/1/6 2753/1/6
f 2716/3/6 2742/3/6 2754/3/6
f 2743/3/6 2744/3/6 2754/3/6
f 2742/3/6 2743/3/6 2754/3/6
f 2754/3/6 2744/3/6 2755/3/6
f 2745/3/6 2746/3/6 2756/3/6
f 2746/1/6 2747/1/6 2756/1/6
f 2747/3/6 2748/3/6 2757/3/6
f 2756/1/6 2747/1/6 2757/1/6
f 2748/1/6 2749/1/6 2758/1/6
f 2757/3/6 2748/3/6 2758/3/6
f 2749/3/6 2737/3/6 2759/3/6
f 2758/1/6 2749/1/6 2759/1/6
f 2750/3/6 2751/3/6 2760/3/6
f 2751/3/6 2713/3/6 2761/3/6
f 2760/3/6 2751/3/6 2761/3/6
f 2752/3/6 2753/3/6 2762/3/6
f 2714/3/6 2752/3/6 2762/3/6
f 2762/3/6 2753/3/6 2763/3/6
f 2754/1/6 2755/1/6 2764/1/6
f 2755/3/6 2744/3/6 2765/3/6
f 2764/1/6 2755/1/6 2765/1/6
f 2765/3/6 2744/3/6 2766/3/6
f 2744/1/6 2745/1/6 2767/1/6
f 2766/3/6 2744/3/6 2767/3/6
f 2756/3/6 2757/3/6 2768/3/6
f 2767/1/6 2745/1/6 2768/1/6
f 2757/3/6 2758/3/6 2768/3/6
f 2745/3/6 2756/3/6 2768/3/6
f 2758/3/6 2759/3/6 2768/3/6
f 2768/3/6 2759/3/6 2769/3/6
f 2769/3/6 2759/3/6 2770/3/6
f 2770/3/6 2759/3/6 2771/3/6
f 2771/3/6 2759/3/6 2772/3/6
f 2759/3/6 2737/3/6 2773/3/6
f 2772/3/6 2759/3/6 2773/3/6
f 2773/3/6 2737/3/6 2774/3/6
f 2760/1/6 2761/1/6 2775/1/6
f 2761/3/6 2713/3/6 2776/3/6
f 2775/1/6 2761/1/6 2776/1/6
f 2762/1/6 2763/1/6 2777/1/6
f 2763/3/6 2753/3/6 2778/3/6
f 2777/1/6 2763/1/6 2778/1/6
f 2764/3/6 2765/3/6 2779/3/6
f 2779/3/6 2765/3/6 2780/3/6
f 2766/3/6 2767/3/6 2781/3/6
f 2767/3/6 2768/3/6 2781/3/6
f 2768/3/6 2769/3/6 2781/3/6
f 2781/3/6 2769/3/6 2782/3/6
f 2769/1/6 2770/1/6 2783/1/6
f 2782/3/6 2769/3/6 2783/3/6
f 2770/3/6 2771/3/6 2784/3/6
f 2783/1/6 2770/1/6 2784/1/6
f 2771/1/6 2772/1/6 2785/1/6
f 2772/3/6 2773/3/6 2785/3/6
f 2785/3/6 2773/3/6 2786/3/6
f 2773/1/6 2774/1/6 2787/1/6
f 2786/3/6 2773/3/6 2787/3/6
f 2787/1/6 2774/1/6 2788/1/6
f 2777/3/6 2778/3/6 2789/3/6
f 2778/3/6 2753/3/6 2790/3/6
f 2789/3/6 2778/3/6 2790/3/6
f 2779/1/6 2780/1/6 2791/1/6
f 2780/3/6 2765/3/6 2792/3/6
f 2791/1/6 2780/1/6 2792/1/6
f 2765/1/6 2766/1/6 2793/1/6
f 2792/3/6 2765/3/6 2793/3/6
f 2766/3/6 2781/3/6 2794/3/6
f 2793/1/6 2766/1/6 2794/1/6
f 2794/3/6 2781/3/6 2795/3/6
f 2795/3/6 2781/3/6 2796/3/6
f 2781/1/6 2782/1/6 2797/1/6
f 2796/3/6 2781/3/6 2797/3/6
f 2782/3/6 2783/3/6 2798/3/6
f 2797/1/6 2782/1/6 2798/1/6
f 2783/3/6 2784/3/6 2798/3/6
f 2784/3/6 2771/3/6 2799/3/6
f 2798/3/6 2784/3/6 2799/3/6
f 2785/1/6 2786/1/6 2800/1/6
f 2799/3/6 2771/3/6 2800/3/6
f 2771/1/6 2785/1/6 2800/1/6
f 2800/1/6 2786/1/6 2801/1/6
f 2786/3/6 2787/3/6 2802/3/6
f 2801/1/6 2786/1/6 2802/1/6
f 2787/3/6 2788/3/6 2802/3/6
f 2802/3/6 2788/3/6 2803/3/6
f 2789/2/6 2790/2/6 2804/2/6
f 2790/3/6 2753/3/6 2805/3/6
f 2804/2/6 2790/2/6 2805/2/6
f 2805/3/6 2753/3/6 2806/3/6
f 2791/3/6 2792/3/6 2807/3/6
f 2794/3/6 2795/3/6 2807/3/6
f 2792/3/6 2793/3/6 2807/3/6
f 2793/3/6 2794/3/6 2807/3/6
f 2807/3/6 2795/3/6 2808/3/6
f 2795/1/6 2796/1/6 2809/1/6
f 2808/3/6 2795/3/6 2809/3/6
f 2798/3/6 2799/3/6 2810/3/6
f 2809/1/6 2796/1/6 2810/1/6
f 2797/3/6 2798/3/6 2810/3/6
f 2796/3/6 2797/3/6 2810/3/6
f 2799/1/6 2800/1/6 2811/1/6
f 2810/3/6 2799/3/6 2811/3/6
f 2800/3/6 2801/3/6 2812/3/6
f 2811/1/6 2800/1/6 2812/1/6
f 2802/1/6 2803/1/6 2813/1/6
f 2812/3/6 2801/3/6 2813/3/6
f 2801/1/6 2802/1/6 2813/1/6
f 2803/3/6 2788/3/6 2814/3/6
f 2813/1/6 2803/1/6 2814/1/6
f 2814/3/6 2788/3/6 2815/3/6
f 2805/1/6 2806/1/6 2816/1/6
f 2804/3/6 2805/3/6 2816/3/6
f 2816/1/6 2806/1/6 2817/1/6
f 2791/3/6 2807/3/6 2818/3/6
f 2807/1/6 2808/1/6 2818/1/6
f 2808/3/6 2809/3/6 2819/3/6
f 2818/1/6 2808/1/6 2819/1/6
f 2812/3/6 2813/3/6 2819/3/6
f 2813/3/6 2814/3/6 2819/3/6
f 2810/3/6 2811/3/6 2819/3/6
f 2809/3/6 2810/3/6 2819/3/6
f 2811/3/6 2812/3/6 2819/3/6
f 2819/3/6 2814/3/6 2820/3/6
f 2820/3/6 2814/3/6 2821/3/6
f 2821/3/6 2814/3/6 2822/3/6
f 2822/3/6 2814/3/6 2823/3/6
f 2823/3/6 2814/3/6 2824/3/6
f 2824/3/6 2814/3/6 2825/3/6
f 2814/1/6 2815/1/6 2826/1/6
f 2825/3/6 2814/3/6 2826/3/6
f 2826/1/6 2815/1/6 2827/1/6
f 2818/3/6 2819/3/6 2828/3/6
f 2819/3/6 2820/3/6 2828/3/6
f 2828/3/6 2820/3/6 2829/3/6
f 2820/1/6 2821/1/6 2830/1/6
f 2829/3/6 2820/3/6 2830/3/6
f 2821/3/6 2822/3/6 2831/3/6
f 2830/1/6 2821/1/6 2831/1/6
f 2822/1/6 2823/1/6 2832/1/6
f 2831/3/6 2822/3/6 2832/3/6
f 2823/3/6 2824/3/6 2833/3/6
f 2832/1/6 2823/1/6 2833/1/6
f 2824/1/6 2825/1/6 2834/1/6
f 2833/3/6 2824/3/6 2834/3/6
f 2826/3/6 2827/3/6 2835/3/6
f 2834/1/6 2825/1/6 2835/1/6
f 2825/3/6 2826/3/6 2835/3/6
f 2835/3/6 2827/3/6 2836/3/6
f 2836/3/6 2827/3/6 2837/3/6
f 2816/3/6 2817/3/6 2838/3/6
f 2804/3/6 2816/3/6 2838/3/6
f 2838/3/6 2817/3/6 2839/3/6
f 2791/3/6 2818/3/6 2840/3/6
f 2818/3/6 2828/3/6 2840/3/6
f 2828/1/6 2829/1/6 2841/1/6
f 2840/3/6 2828/3/6 2841/3/6
f 2832/3/6 2833/3/6 2842/3/6
f 2841/1/6 2829/1/6 2842/1/6
f 2833/3/6 2834/3/6 2842/3/6
f 2835/3/6 2836/3/6 2842/3/6
f 2834/3/6 2835/3/6 2842/3/6
f 2829/3/6 2830/3/6 2842/3/6
f 2831/3/6 2832/3/6 2842/3/6
f 2830/3/6 2831/3/6 2842/3/6
f 2836/1/6 2837/1/6 2843/1/6
f 2842/3/6 2836/3/6 2843/3/6
f 2843/1/6 2837/1/6 2844/1/6
f 2775/3/6 2776/3/6 2845/3/6
f 2776/3/6 2713/3/6 2846/3/6
f 2845/3/6 2776/3/6 2846/3/6
f 2849/3/6 2850/3/6 2858/3/6
f 2850/1/6 2851/1/6 2858/1/6
f 2851/3/6 2852/3/6 2859/3/6
f 2858/1/6 2851/1/6 2859/1/6
f 2859/3/6 2852/3/6 2860/3/6
f 2852/1/6 2853/1/6 2861/1/6
f 2860/3/6 2852/3/6 2861/3/6
f 2853/3/6 2854/3/6 2862/3/6
f 2861/1/6 2853/1/6 2862/1/6
f 2862/3/6 2854/3/6 2863/3/6
f 2863/3/6 2854/3/6 2864/3/6
f 2854/5/6 2855/5/6 2865/5/6
f 2864/3/6 2854/3/6 2865/3/6
f 2855/1/6 2856/1/6 2866/1/6
f 2865/5/6 2855/5/6 2866/5/6
f 2856/3/6 2857/3/6 2867/3/6
f 2866/1/6 2856/1/6 2867/1/6
f 2847/3/6 2848/3/6 2868/3/6
f 2868/3/6 2848/3/6 2869/3/6
f 2849/3/6 2858/3/6 2870/3/6
f 2858/3/6 2859/3/6 2870/3/6
f 2870/3/6 2859/3/6 2871/3/6
f 2862/3/6 2863/3/6 2872/3/6
f 2860/3/6 2861/3/6 2872/3/6
f 2861/3/6 2862/3/6 2872/3/6
f 2863/1/6 2864/1/6 2873/1/6
f 2872/3/6 2863/3/6 2873/3/6
f 2864/3/6 2865/3/6 2874/3/6
f 2873/1/6 2864/1/6 2874/1/6
f 2874/3/6 2865/3/6 2875/3/6
f 2866/3/6 2867/3/6 2876/3/6
f 2867/3/6 2857/3/6 2877/3/6
f 2876/3/6 2867/3/6 2877/3/6
