# MagicaVoxel @ Ephtracy

# group
o 

# material
mtllib Treble_Clef_Stone.mtl
usemtl palette

# normals
vn -1 0 0
vn 1 0 0
vn 0 0 1
vn 0 0 -1
vn 0 -1 0
vn 0 1 0

# texcoords
vt 0.775391 0.5
vt 0.779297 0.5
vt 0.802734 0.5
vt 0.904297 0.5
vt 0.908203 0.5
vt 0.912109 0.5
vt 0.916016 0.5
vt 0.986328 0.5
vt 0.990234 0.5

# verts
v -1 0 0.3
v -1 0 -0.3
v -1 0.7 0.2
v -1 0.7 0.0999999
v -1 0.8 0.0999999
v -1 0.8 -0.1
v -1 0.9 0.2
v -1 0.9 -0.1
v -1 0.9 -0.2
v -1 1 -0.1
v -1 1 -0.2
v -1 1.1 0.3
v -1 1.1 0.0999999
v -1 1.2 0.3
v -1 1.2 0.0999999
v -1 1.6 -0.2
v -1 1.6 -0.3
v -1 1.7 -0.1
v -1 1.7 -0.2
v -1 1.7 -0.3
v -1 1.8 -1.19209e-07
v -1 1.8 -0.1
v -1 1.8 -0.2
v -1 1.9 0.0999999
v -1 1.9 -1.19209e-07
v -1 1.9 -0.1
v -1 2 0.3
v -1 2 0.0999999
v -1 2 -1.19209e-07
v -1 2.1 0.2
v -1 2.1 0.0999999
v -1 2.2 0.3
v -1 2.2 0.2
v -1 2.3 0.2
v -1 2.3 0.0999999
v -1 2.4 0.3
v -1 2.4 0.2
v -1 2.5 0.3
v -1 2.5 0.0999999
v -1 2.7 0.3
v -1 2.7 -0.3
v -0.9 0 0.4
v -0.9 0 0.3
v -0.9 0.7 0.2
v -0.9 0.7 0.0999999
v -0.9 0.8 0.0999999
v -0.9 0.8 -0.1
v -0.9 0.9 0.2
v -0.9 0.9 -0.1
v -0.9 0.9 -0.2
v -0.9 1 -0.1
v -0.9 1 -0.2
v -0.9 1.1 0.4
v -0.9 1.1 0.3
v -0.9 1.1 0.0999999
v -0.9 1.2 0.3
v -0.9 1.2 0.0999999
v -0.9 1.3 0.4
v -0.9 1.3 0.3
v -0.9 1.6 -0.2
v -0.9 1.6 -0.3
v -0.9 1.7 -0.1
v -0.9 1.7 -0.2
v -0.9 1.7 -0.3
v -0.9 1.8 -1.19209e-07
v -0.9 1.8 -0.1
v -0.9 1.8 -0.2
v -0.9 1.9 0.0999999
v -0.9 1.9 -1.19209e-07
v -0.9 1.9 -0.1
v -0.9 2 0.3
v -0.9 2 0.0999999
v -0.9 2 -1.19209e-07
v -0.9 2.1 0.4
v -0.9 2.1 0.3
v -0.9 2.1 0.2
v -0.9 2.1 0.0999999
v -0.9 2.2 0.4
v -0.9 2.2 0.3
v -0.9 2.2 0.2
v -0.9 2.3 0.2
v -0.9 2.3 0.0999999
v -0.9 2.4 0.4
v -0.9 2.4 0.3
v -0.9 2.4 0.2
v -0.9 2.5 0.4
v -0.9 2.5 0.3
v -0.9 2.5 0.0999999
v -0.9 2.7 0.4
v -0.9 2.7 0.3
v -0.9 2.7 -0.2
v -0.9 2.8 0.3
v -0.9 2.8 -0.2
v -0.8 0 0.6
v -0.8 0 0.4
v -0.8 0 -0.3
v -0.8 0 -0.4
v -0.8 0.5 0.6
v -0.8 0.5 0.4
v -0.8 0.6 0.6
v -0.8 0.6 0.5
v -0.8 0.6 -0.3
v -0.8 0.6 -0.4
v -0.8 0.7 0.5
v -0.8 0.7 0.4
v -0.8 0.7 -0.3
v -0.8 0.7 -0.4
v -0.8 1.1 0.4
v -0.8 1.1 0.3
v -0.8 1.2 0.6
v -0.8 1.2 0.4
v -0.8 1.3 0.5
v -0.8 1.3 0.4
v -0.8 1.3 0.3
v -0.8 1.4 0.6
v -0.8 1.4 0.5
v -0.8 1.5 -0.3
v -0.8 1.5 -0.4
v -0.8 1.7 -0.3
v -0.8 1.7 -0.4
v -0.8 2.1 0.5
v -0.8 2.1 0.4
v -0.8 2.1 0.3
v -0.8 2.2 0.4
v -0.8 2.2 0.3
v -0.8 2.4 0.4
v -0.8 2.4 0.3
v -0.8 2.5 0.4
v -0.8 2.5 0.3
v -0.8 2.7 0.6
v -0.8 2.7 0.5
v -0.8 2.7 -0.2
v -0.8 2.7 -0.3
v -0.8 2.7 -0.4
v -0.8 2.8 0.0999999
v -0.8 2.8 -0.2
v -0.8 2.8 -0.3
v -0.8 2.9 0.0999999
v -0.8 2.9 -0.2
v -0.7 0 0.8
v -0.7 0 0.6
v -0.7 0 -0.4
v -0.7 0 -0.5
v -0.7 0.3 0.8
v -0.7 0.3 0.7
v -0.7 0.4 0.8
v -0.7 0.4 0.7
v -0.7 0.5 0.7
v -0.7 0.5 0.6
v -0.7 0.5 0.4
v -0.7 0.5 -0.4
v -0.7 0.5 -0.5
v -0.7 0.6 0.8
v -0.7 0.6 0.7
v -0.7 0.6 0.6
v -0.7 0.6 0.5
v -0.7 0.6 -0.3
v -0.7 0.6 -0.4
v -0.7 0.7 0.8
v -0.7 0.7 0.7
v -0.7 0.7 0.5
v -0.7 0.7 0.4
v -0.7 0.7 -0.3
v -0.7 0.7 -0.4
v -0.7 0.7 -0.5
v -0.7 0.8 0.8
v -0.7 0.8 0.7
v -0.7 0.8 0.6
v -0.7 1.1 0.8
v -0.7 1.1 0.6
v -0.7 1.2 0.8
v -0.7 1.2 0.7
v -0.7 1.2 0.6
v -0.7 1.2 0.4
v -0.7 1.3 0.8
v -0.7 1.3 0.7
v -0.7 1.3 0.5
v -0.7 1.3 0.4
v -0.7 1.4 0.6
v -0.7 1.4 0.5
v -0.7 1.4 -0.4
v -0.7 1.4 -0.5
v -0.7 1.5 0.8
v -0.7 1.5 0.7
v -0.7 1.5 0.6
v -0.7 1.5 -0.3
v -0.7 1.5 -0.4
v -0.7 1.6 0.8
v -0.7 1.6 0.7
v -0.7 1.6 -0.4
v -0.7 1.6 -0.5
v -0.7 1.7 0.8
v -0.7 1.7 0.7
v -0.7 1.7 -0.3
v -0.7 1.7 -0.4
v -0.7 1.8 0.8
v -0.7 1.8 0.7
v -0.7 1.9 0.8
v -0.7 1.9 0.7
v -0.7 1.9 0.6
v -0.7 2 0.8
v -0.7 2 0.7
v -0.7 2.1 0.7
v -0.7 2.1 0.6
v -0.7 2.2 0.8
v -0.7 2.2 0.7
v -0.7 2.2 0.6
v -0.7 2.2 0.5
v -0.7 2.2 0.4
v -0.7 2.3 0.8
v -0.7 2.3 0.7
v -0.7 2.5 0.8
v -0.7 2.5 0.7
v -0.7 2.6 0.8
v -0.7 2.6 0.7
v -0.7 2.7 0.8
v -0.7 2.7 0.7
v -0.7 2.7 0.6
v -0.7 2.7 0.5
v -0.7 2.7 0.4
v -0.7 2.7 0.3
v -0.7 2.7 -0.3
v -0.7 2.7 -0.4
v -0.7 2.7 -0.5
v -0.7 2.8 0.5
v -0.7 2.8 0.3
v -0.7 2.8 0.2
v -0.7 2.8 0.0999999
v -0.7 2.8 -0.3
v -0.7 2.8 -0.4
v -0.7 2.9 0.2
v -0.7 2.9 0.0999999
v -0.7 2.9 -0.1
v -0.7 3 0.0999999
v -0.7 3 -0.1
v -0.6 0 -0.5
v -0.6 0 -0.7
v -0.6 0.5 -0.4
v -0.6 0.5 -0.5
v -0.6 0.5 -0.7
v -0.6 0.6 -0.5
v -0.6 0.6 -0.7
v -0.6 0.7 -0.4
v -0.6 0.7 -0.5
v -0.6 1.2 -0.6
v -0.6 1.2 -0.7
v -0.6 1.4 -0.4
v -0.6 1.4 -0.5
v -0.6 1.4 -0.6
v -0.6 1.4 -0.7
v -0.6 1.5 -0.5
v -0.6 1.5 -0.6
v -0.6 1.6 -0.4
v -0.6 1.6 -0.5
v -0.6 2 0.8
v -0.6 2 0.7
v -0.6 2.1 0.8
v -0.6 2.1 0.7
v -0.6 2.1 0.6
v -0.6 2.1 0.5
v -0.6 2.1 0.4
v -0.6 2.1 -0.6
v -0.6 2.1 -0.7
v -0.6 2.2 0.8
v -0.6 2.2 0.7
v -0.6 2.2 0.6
v -0.6 2.2 0.5
v -0.6 2.2 0.4
v -0.6 2.3 -0.6
v -0.6 2.3 -0.7
v -0.6 2.7 0.6
v -0.6 2.7 0.5
v -0.6 2.7 -0.4
v -0.6 2.7 -0.5
v -0.6 2.7 -0.7
v -0.6 2.8 0.6
v -0.6 2.8 0.5
v -0.6 2.8 0.2
v -0.6 2.8 -0.2
v -0.6 2.8 -0.3
v -0.6 2.8 -0.4
v -0.6 2.8 -0.5
v -0.6 2.9 0.5
v -0.6 2.9 0.2
v -0.6 2.9 0.0999999
v -0.6 2.9 -0.2
v -0.6 2.9 -0.3
v -0.6 3 0.2
v -0.6 3 0.0999999
v -0.6 3 -0.1
v -0.6 3.1 0.0999999
v -0.6 3.1 -0.1
v -0.5 0 0.9
v -0.5 0 0.8
v -0.5 0.1 0.9
v -0.5 0.1 0.8
v -0.5 0.2 0.9
v -0.5 0.2 0.8
v -0.5 0.2 0.7
v -0.5 0.3 1
v -0.5 0.3 0.9
v -0.5 0.3 0.8
v -0.5 0.3 0.7
v -0.5 0.5 1
v -0.5 0.5 0.9
v -0.5 0.5 0.8
v -0.5 0.5 -0.5
v -0.5 0.5 -0.6
v -0.5 0.6 0.9
v -0.5 0.6 0.8
v -0.5 0.6 -0.5
v -0.5 0.6 -0.6
v -0.5 0.7 0.9
v -0.5 0.7 0.8
v -0.5 0.8 0.8
v -0.5 0.9 0.9
v -0.5 0.9 0.8
v -0.5 1 0.9
v -0.5 1 0.8
v -0.5 1.1 0.8
v -0.5 1.2 1
v -0.5 1.2 0.9
v -0.5 1.2 0.8
v -0.5 1.2 -0.6
v -0.5 1.2 -0.7
v -0.5 1.3 1
v -0.5 1.3 0.9
v -0.5 1.3 0.8
v -0.5 1.4 1
v -0.5 1.4 0.9
v -0.5 1.4 0.8
v -0.5 1.4 -0.5
v -0.5 1.4 -0.6
v -0.5 1.4 -0.7
v -0.5 1.5 1
v -0.5 1.5 0.9
v -0.5 1.5 0.8
v -0.5 1.5 -0.5
v -0.5 1.5 -0.6
v -0.5 1.6 1
v -0.5 1.6 0.9
v -0.5 1.6 0.8
v -0.5 1.7 1
v -0.5 1.7 0.9
v -0.5 1.7 0.8
v -0.5 1.9 1
v -0.5 1.9 0.9
v -0.5 1.9 0.8
v -0.5 1.9 0.7
v -0.5 2 1
v -0.5 2 0.9
v -0.5 2 0.8
v -0.5 2 0.7
v -0.5 2.1 1
v -0.5 2.1 0.9
v -0.5 2.1 0.8
v -0.5 2.2 0.8
v -0.5 2.2 -0.6
v -0.5 2.2 -0.7
v -0.5 2.3 1
v -0.5 2.3 0.9
v -0.5 2.3 0.8
v -0.5 2.3 -0.6
v -0.5 2.3 -0.7
v -0.5 2.4 1
v -0.5 2.4 0.9
v -0.5 2.4 0.8
v -0.5 2.5 0.8
v -0.5 2.6 1
v -0.5 2.6 0.9
v -0.5 2.6 0.8
v -0.5 2.7 1
v -0.5 2.7 0.9
v -0.5 2.7 0.8
v -0.5 2.7 0.7
v -0.5 2.7 0.6
v -0.5 2.7 -0.5
v -0.5 2.7 -0.6
v -0.5 2.8 0.8
v -0.5 2.8 0.7
v -0.5 2.8 0.6
v -0.5 2.8 0.5
v -0.5 2.8 -0.3
v -0.5 2.8 -0.4
v -0.5 2.8 -0.5
v -0.5 2.8 -0.6
v -0.5 2.9 0.6
v -0.5 2.9 0.5
v -0.5 2.9 0.2
v -0.5 2.9 -0.1
v -0.5 2.9 -0.2
v -0.5 2.9 -0.3
v -0.5 2.9 -0.4
v -0.5 3 0.5
v -0.5 3 0.2
v -0.5 3 0.0999999
v -0.5 3 -0.1
v -0.5 3 -0.2
v -0.5 3.1 0.2
v -0.5 3.1 0.0999999
v -0.4 0 -0.7
v -0.4 0 -0.9
v -0.4 0.2 1
v -0.4 0.2 0.9
v -0.4 0.3 1
v -0.4 0.3 0.9
v -0.4 0.5 -0.6
v -0.4 0.5 -0.7
v -0.4 0.5 -0.9
v -0.4 0.6 1
v -0.4 0.6 0.9
v -0.4 0.6 -0.6
v -0.4 0.6 -0.7
v -0.4 0.6 -0.9
v -0.4 0.7 0.9
v -0.4 0.8 1
v -0.4 0.8 0.9
v -0.4 0.9 1
v -0.4 0.9 0.9
v -0.4 1 0.9
v -0.4 1 -0.8
v -0.4 1 -0.9
v -0.4 1.1 1
v -0.4 1.1 0.9
v -0.4 1.2 -0.7
v -0.4 1.2 -0.8
v -0.4 1.2 -0.9
v -0.4 1.3 -0.7
v -0.4 1.3 -0.8
v -0.4 1.8 1
v -0.4 1.8 0.9
v -0.4 1.9 1
v -0.4 1.9 0.9
v -0.4 1.9 0.8
v -0.4 2 0.9
v -0.4 2 0.8
v -0.4 2 -0.6
v -0.4 2 -0.7
v -0.4 2 -0.8
v -0.4 2 -0.9
v -0.4 2.2 -0.6
v -0.4 2.2 -0.7
v -0.4 2.2 -0.8
v -0.4 2.2 -0.9
v -0.4 2.7 0.9
v -0.4 2.7 0.8
v -0.4 2.7 -0.7
v -0.4 2.7 -0.9
v -0.4 2.8 0.9
v -0.4 2.8 0.8
v -0.4 2.8 0.7
v -0.4 2.8 0.6
v -0.4 2.8 -0.4
v -0.4 2.8 -0.5
v -0.4 2.9 0.7
v -0.4 2.9 0.6
v -0.4 2.9 -0.2
v -0.4 2.9 -0.3
v -0.4 2.9 -0.4
v -0.4 2.9 -0.5
v -0.4 3 0.4
v -0.4 3 0.2
v -0.4 3 -0.1
v -0.4 3 -0.2
v -0.4 3 -0.3
v -0.4 3.1 0.4
v -0.4 3.1 0.2
v -0.4 3.1 0.0999999
v -0.4 3.1 -1.19209e-07
v -0.4 3.1 -0.1
v -0.4 3.1 -0.2
v -0.4 3.2 0.0999999
v -0.4 3.2 -1.19209e-07
v -0.3 0 -0.9
v -0.3 0 -1
v -0.3 0.1 1
v -0.3 0.1 0.9
v -0.3 0.2 1
v -0.3 0.2 0.9
v -0.3 0.5 1
v -0.3 0.5 0.9
v -0.3 0.5 -0.7
v -0.3 0.5 -0.9
v -0.3 0.6 1
v -0.3 0.6 0.9
v -0.3 0.6 -0.7
v -0.3 0.6 -0.9
v -0.3 0.9 -0.9
v -0.3 0.9 -1
v -0.3 1 -0.8
v -0.3 1 -0.9
v -0.3 1.1 -0.9
v -0.3 1.1 -1
v -0.3 1.2 -0.7
v -0.3 1.2 -0.8
v -0.3 1.2 -0.9
v -0.3 1.3 -0.7
v -0.3 1.3 -0.8
v -0.3 1.8 -0.9
v -0.3 1.8 -1
v -0.3 2 -0.8
v -0.3 2 -0.9
v -0.3 2.1 -0.9
v -0.3 2.1 -1
v -0.3 2.2 -0.8
v -0.3 2.2 -0.9
v -0.3 2.4 -0.9
v -0.3 2.4 -1
v -0.3 2.5 -0.9
v -0.3 2.5 -1
v -0.3 2.7 -0.6
v -0.3 2.7 -0.8
v -0.3 2.7 -0.9
v -0.3 2.7 -1
v -0.3 2.8 0.8
v -0.3 2.8 0.7
v -0.3 2.8 -0.6
v -0.3 2.8 -0.8
v -0.3 2.9 0.8
v -0.3 2.9 0.7
v -0.3 2.9 0.6
v -0.3 2.9 0.5
v -0.3 2.9 -0.3
v -0.3 2.9 -0.4
v -0.3 3 0.6
v -0.3 3 0.5
v -0.3 3 0.4
v -0.3 3 -0.2
v -0.3 3 -0.3
v -0.3 3 -0.4
v -0.3 3.1 0.5
v -0.3 3.1 0.4
v -0.3 3.1 0.3
v -0.3 3.1 0.2
v -0.3 3.1 0.0999999
v -0.3 3.1 -1.19209e-07
v -0.3 3.1 -0.1
v -0.3 3.1 -0.2
v -0.3 3.1 -0.3
v -0.3 3.2 0.3
v -0.3 3.2 0.2
v -0.3 3.2 0.0999999
v -0.3 3.2 -1.19209e-07
v -0.3 3.2 -0.1
v -0.2 0.9 -0.9
v -0.2 0.9 -1
v -0.2 1.1 -0.9
v -0.2 1.1 -1
v -0.2 1.8 -0.9
v -0.2 1.8 -1
v -0.2 2.1 -0.9
v -0.2 2.1 -1
v -0.2 2.7 -0.8
v -0.2 2.7 -0.9
v -0.2 2.8 -0.5
v -0.2 2.8 -0.7
v -0.2 2.8 -0.8
v -0.2 2.8 -0.9
v -0.2 2.9 0.7
v -0.2 2.9 0.6
v -0.2 2.9 -0.5
v -0.2 2.9 -0.7
v -0.2 3 0.7
v -0.2 3 0.6
v -0.2 3.1 0.4
v -0.2 3.1 0.3
v -0.2 3.1 -0.1
v -0.2 3.1 -0.2
v -0.2 3.2 0.4
v -0.2 3.2 0.3
v -0.2 3.2 0.2
v -0.2 3.2 -1.19209e-07
v -0.2 3.2 -0.1
v -0.2 3.2 -0.2
v -0.2 3.3 0.3
v -0.2 3.3 0.2
v -0.2 3.3 -1.19209e-07
v -0.0999999 0 1
v -0.0999999 0 0.9
v -0.0999999 0.1 0.9
v -0.0999999 0.2 0.9
v -0.0999999 0.3 1
v -0.0999999 0.3 0.9
v -0.0999999 0.4 1
v -0.0999999 0.4 0.9
v -0.0999999 0.5 0.9
v -0.0999999 0.6 0.9
v -0.0999999 0.7 0.9
v -0.0999999 0.8 1
v -0.0999999 0.8 0.9
v -0.0999999 1.1 1
v -0.0999999 1.1 0.9
v -0.0999999 1.2 0.9
v -0.0999999 1.3 1
v -0.0999999 1.3 0.9
v -0.0999999 1.4 1
v -0.0999999 1.4 0.9
v -0.0999999 1.6 0.9
v -0.0999999 1.7 0.9
v -0.0999999 2 0.9
v -0.0999999 2.1 1
v -0.0999999 2.1 0.9
v -0.0999999 2.5 1
v -0.0999999 2.5 0.9
v -0.0999999 2.6 1
v -0.0999999 2.6 0.9
v -0.0999999 2.7 1
v -0.0999999 2.7 0.9
v -0.0999999 2.8 -0.7
v -0.0999999 2.8 -0.8
v -0.0999999 2.9 -0.4
v -0.0999999 2.9 -0.6
v -0.0999999 2.9 -0.7
v -0.0999999 2.9 -0.8
v -0.0999999 3 0.6
v -0.0999999 3 0.5
v -0.0999999 3 -0.4
v -0.0999999 3 -0.6
v -0.0999999 3.1 0.6
v -0.0999999 3.1 0.5
v -0.0999999 3.2 -1.19209e-07
v -0.0999999 3.2 -0.1
v -0.0999999 3.3 0.2
v -0.0999999 3.3 -1.19209e-07
v -0.0999999 3.3 -0.1
v -0.0999999 3.4 0.2
v -0.0999999 3.4 -1.19209e-07
v 1.19209e-07 0.9 1
v 1.19209e-07 0.9 0.9
v 1.19209e-07 0.9 0.8
v 1.19209e-07 1 1
v 1.19209e-07 1 0.9
v 1.19209e-07 1 0.8
v 1.19209e-07 2.2 1
v 1.19209e-07 2.2 0.9
v 1.19209e-07 2.3 1
v 1.19209e-07 2.3 0.9
v 1.19209e-07 2.4 -0.9
v 1.19209e-07 2.4 -1
v 1.19209e-07 2.5 1
v 1.19209e-07 2.5 0.9
v 1.19209e-07 2.5 -0.9
v 1.19209e-07 2.5 -1
v 1.19209e-07 3 -0.3
v 1.19209e-07 3 -0.4
v 1.19209e-07 3.1 -0.3
v 1.19209e-07 3.1 -0.4
v 0.1 0.3 1
v 0.1 0.3 0.9
v 0.1 0.4 1
v 0.1 0.4 0.9
v 0.1 0.8 1
v 0.1 0.8 0.9
v 0.1 0.9 1
v 0.1 0.9 0.9
v 0.1 1 1
v 0.1 1 0.9
v 0.1 1.1 1
v 0.1 1.1 0.9
v 0.1 1.3 1
v 0.1 1.3 0.9
v 0.1 1.4 1
v 0.1 1.4 0.9
v 0.1 2.1 1
v 0.1 2.1 0.9
v 0.1 2.2 1
v 0.1 2.2 0.9
v 0.1 2.3 -0.9
v 0.1 2.3 -1
v 0.1 2.4 -0.9
v 0.1 2.4 -1
v 0.1 2.5 1
v 0.1 2.5 0.9
v 0.1 2.6 1
v 0.1 2.6 0.9
v 0.1 3.1 -0.2
v 0.1 3.1 -0.3
v 0.1 3.2 -0.2
v 0.1 3.2 -0.3
v 0.2 0.1 1
v 0.2 0.1 0.9
v 0.2 0.2 1
v 0.2 0.2 0.9
v 0.2 0.4 1
v 0.2 0.4 0.9
v 0.2 0.5 1
v 0.2 0.5 0.9
v 0.2 0.6 0.9
v 0.2 0.7 0.9
v 0.2 0.7 -0.9
v 0.2 0.7 -1
v 0.2 0.8 1
v 0.2 0.8 0.9
v 0.2 0.9 -0.9
v 0.2 0.9 -1
v 0.2 1.1 1
v 0.2 1.1 0.9
v 0.2 1.1 -0.9
v 0.2 1.1 -1
v 0.2 1.2 -0.9
v 0.2 1.2 -1
v 0.2 1.3 1
v 0.2 1.3 0.9
v 0.2 1.4 1
v 0.2 1.4 0.9
v 0.2 1.5 1
v 0.2 1.5 0.9
v 0.2 1.6 1
v 0.2 1.6 0.9
v 0.2 1.7 0.9
v 0.2 1.8 1
v 0.2 1.8 0.9
v 0.2 1.9 1
v 0.2 1.9 0.9
v 0.2 2 0.9
v 0.2 2.1 1
v 0.2 2.1 0.9
v 0.5 1.9 -0.7
v 0.5 1.9 -0.8
v 0.5 2.1 -0.7
v 0.5 2.1 -0.8
v 0.6 2.3 0.7
v 0.6 2.3 0.6
v 0.6 2.4 0.7
v 0.6 2.4 0.6
v 0.6 2.5 0.7
v 0.6 2.5 0.6
v 0.7 1.6 0.7
v 0.7 1.6 0.6
v 0.7 1.7 0.7
v 0.7 1.7 0.6
v 0.7 2.5 0.7
v 0.7 2.5 0.6
v 0.7 2.6 0.7
v 0.7 2.6 0.6
v -0.6 0.2 0.8
v -0.6 0.2 0.7
v -0.6 0.3 0.8
v -0.6 0.3 0.7
v -0.6 1.9 0.8
v -0.6 1.9 0.7
v -0.6 2 0.8
v -0.6 2 0.7
v -0.5 2 -0.6
v -0.5 2 -0.7
v -0.5 2.1 -0.6
v -0.5 2.1 -0.7
v -0.4 0.4 1
v -0.4 0.4 0.9
v -0.4 0.5 1
v -0.4 0.5 0.9
v -0.3 0.3 1
v -0.3 0.3 0.9
v -0.3 0.4 1
v -0.3 0.4 0.9
v -0.3 0.8 1
v -0.3 0.8 0.9
v -0.3 0.9 1
v -0.3 0.9 0.9
v -0.3 1.2 1
v -0.3 1.2 0.9
v -0.3 1.3 1
v -0.3 1.3 0.9
v -0.2 0.1 1
v -0.2 0.1 0.9
v -0.2 0.2 0.9
v -0.2 0.3 1
v -0.2 0.3 0.9
v -0.2 0.5 1
v -0.2 0.5 0.9
v -0.2 0.6 0.9
v -0.2 0.7 0.9
v -0.2 0.8 1
v -0.2 0.8 0.9
v -0.2 0.9 1
v -0.2 0.9 0.9
v -0.2 1.1 1
v -0.2 1.1 0.9
v -0.2 1.3 1
v -0.2 1.3 0.9
v -0.2 1.4 0.9
v -0.2 1.5 1
v -0.2 1.5 0.9
v -0.2 1.6 1
v -0.2 1.6 0.9
v -0.2 1.7 1
v -0.2 1.7 0.9
v -0.2 1.8 1
v -0.2 1.8 0.9
v -0.2 1.9 1
v -0.2 1.9 0.9
v -0.2 2 0.9
v -0.2 2.1 1
v -0.2 2.1 0.9
v -0.2 2.2 1
v -0.2 2.2 0.9
v -0.2 2.4 0.9
v -0.2 2.5 1
v -0.2 2.5 0.9
v -0.2 2.6 1
v -0.2 2.6 0.9
v -0.2 2.7 1
v -0.2 2.7 0.9
v -0.0999999 0.9 0.9
v -0.0999999 0.9 0.8
v -0.0999999 1 0.9
v -0.0999999 1 0.8
v -0.0999999 2.3 -0.9
v -0.0999999 2.3 -1
v -0.0999999 2.4 -0.9
v -0.0999999 2.4 -1
v 1.19209e-07 0.1 1
v 1.19209e-07 0.1 0.9
v 1.19209e-07 0.2 1
v 1.19209e-07 0.2 0.9
v 1.19209e-07 0.4 1
v 1.19209e-07 0.4 0.9
v 1.19209e-07 0.5 1
v 1.19209e-07 0.5 0.9
v 1.19209e-07 0.7 1
v 1.19209e-07 0.7 0.9
v 1.19209e-07 0.7 -0.9
v 1.19209e-07 0.7 -1
v 1.19209e-07 0.8 1
v 1.19209e-07 0.8 0.9
v 1.19209e-07 0.8 -0.9
v 1.19209e-07 0.8 -1
v 1.19209e-07 1.1 1
v 1.19209e-07 1.1 0.9
v 1.19209e-07 1.2 1
v 1.19209e-07 1.2 0.9
v 1.19209e-07 1.4 1
v 1.19209e-07 1.4 0.9
v 1.19209e-07 1.5 1
v 1.19209e-07 1.5 0.9
v 1.19209e-07 2 1
v 1.19209e-07 2 0.9
v 1.19209e-07 2.1 1
v 1.19209e-07 2.1 0.9
v 1.19209e-07 2.5 1
v 1.19209e-07 2.5 0.9
v 1.19209e-07 2.6 1
v 1.19209e-07 2.6 0.9
v 1.19209e-07 3 0.6
v 1.19209e-07 3 0.5
v 1.19209e-07 3.1 0.6
v 1.19209e-07 3.1 0.5
v 0.1 0.5 1
v 0.1 0.5 0.9
v 0.1 0.6 0.9
v 0.1 0.7 1
v 0.1 0.7 0.9
v 0.1 0.8 -0.9
v 0.1 0.8 -1
v 0.1 0.9 -0.9
v 0.1 0.9 -1
v 0.1 1.1 -0.9
v 0.1 1.1 -1
v 0.1 1.2 1
v 0.1 1.2 0.9
v 0.1 1.2 -0.9
v 0.1 1.2 -1
v 0.1 1.3 1
v 0.1 1.3 0.9
v 0.1 1.5 1
v 0.1 1.5 0.9
v 0.1 1.6 0.9
v 0.1 1.7 0.9
v 0.1 1.8 0.9
v 0.1 2 1
v 0.1 2 0.9
v 0.1 2.8 0.8
v 0.1 2.8 0.7
v 0.1 2.9 0.8
v 0.1 2.9 0.7
v 0.1 2.9 0.6
v 0.1 2.9 0.5
v 0.1 3 0.7
v 0.1 3 0.6
v 0.1 3 0.5
v 0.1 3 0.4
v 0.1 3.1 0.5
v 0.1 3.1 0.4
v 0.1 3.1 0.3
v 0.1 3.2 0.4
v 0.1 3.2 0.3
v 0.1 3.2 0.2
v 0.1 3.3 0.3
v 0.1 3.3 0.2
v 0.1 3.3 0.0999999
v 0.1 3.4 0.2
v 0.1 3.4 0.0999999
v 0.2 0.2 1
v 0.2 0.2 0.9
v 0.2 0.3 1
v 0.2 0.3 0.9
v 0.2 1.2 -0.9
v 0.2 1.2 -1
v 0.2 1.3 -0.9
v 0.2 1.3 -1
v 0.2 2.7 0.9
v 0.2 2.7 0.8
v 0.2 2.8 0.9
v 0.2 2.8 0.8
v 0.2 2.8 0.7
v 0.2 2.8 0.6
v 0.2 2.8 -0.6
v 0.2 2.8 -0.8
v 0.2 2.9 0.7
v 0.2 2.9 0.6
v 0.2 2.9 -0.5
v 0.2 2.9 -0.6
v 0.2 2.9 -0.8
v 0.2 3 -0.5
v 0.2 3 -0.6
v 0.2 3.1 0.3
v 0.2 3.1 0.2
v 0.2 3.1 -0.2
v 0.2 3.1 -0.3
v 0.2 3.2 0.3
v 0.2 3.2 0.2
v 0.2 3.2 0.0999999
v 0.2 3.2 -0.2
v 0.2 3.2 -0.3
v 0.2 3.3 0.2
v 0.2 3.3 0.0999999
v 0.2 3.3 -1.19209e-07
v 0.2 3.4 0.0999999
v 0.2 3.4 -1.19209e-07
v 0.3 0 1
v 0.3 0 0.8
v 0.3 0 -0.9
v 0.3 0 -1
v 0.3 0.2 1
v 0.3 0.2 0.9
v 0.3 0.2 0.8
v 0.3 0.3 1
v 0.3 0.3 0.9
v 0.3 0.3 0.8
v 0.3 0.4 0.9
v 0.3 0.4 0.8
v 0.3 0.5 1
v 0.3 0.5 0.8
v 0.3 0.6 0.8
v 0.3 1.2 0.8
v 0.3 1.2 -0.8
v 0.3 1.2 -0.9
v 0.3 1.2 -1
v 0.3 1.3 0.8
v 0.3 1.3 -0.9
v 0.3 1.3 -1
v 0.3 1.4 0.8
v 0.3 1.4 -0.8
v 0.3 1.4 -0.9
v 0.3 1.5 1
v 0.3 1.5 0.9
v 0.3 1.5 0.8
v 0.3 1.6 1
v 0.3 1.6 0.9
v 0.3 1.6 0.8
v 0.3 1.6 -0.8
v 0.3 1.6 -0.9
v 0.3 1.7 0.8
v 0.3 1.8 1
v 0.3 1.8 0.8
v 0.3 1.9 1
v 0.3 1.9 0.9
v 0.3 2 0.9
v 0.3 2 0.8
v 0.3 2 -0.8
v 0.3 2 -0.9
v 0.3 2.1 0.8
v 0.3 2.1 0.7
v 0.3 2.2 0.8
v 0.3 2.2 0.7
v 0.3 2.7 1
v 0.3 2.7 0.8
v 0.3 2.7 0.7
v 0.3 2.7 -0.7
v 0.3 2.7 -0.9
v 0.3 2.7 -1
v 0.3 2.8 0.8
v 0.3 2.8 0.7
v 0.3 2.8 0.6
v 0.3 2.8 0.5
v 0.3 2.8 -0.7
v 0.3 2.8 -0.9
v 0.3 2.9 0.6
v 0.3 2.9 0.5
v 0.3 2.9 0.4
v 0.3 3 0.5
v 0.3 3 0.4
v 0.3 3 0.3
v 0.3 3 -0.3
v 0.3 3 -0.4
v 0.3 3.1 0.4
v 0.3 3.1 0.3
v 0.3 3.1 0.2
v 0.3 3.1 0.0999999
v 0.3 3.1 -0.3
v 0.3 3.1 -0.4
v 0.3 3.2 0.2
v 0.3 3.2 0.0999999
v 0.3 3.2 -1.19209e-07
v 0.3 3.2 -0.1
v 0.3 3.3 0.0999999
v 0.3 3.3 -1.19209e-07
v 0.3 3.3 -0.1
v 0.4 0 -0.8
v 0.4 0 -0.9
v 0.4 1.2 -0.8
v 0.4 1.2 -0.9
v 0.4 1.4 -0.8
v 0.4 1.4 -0.9
v 0.4 1.6 -0.8
v 0.4 1.6 -0.9
v 0.4 1.9 -0.7
v 0.4 1.9 -0.8
v 0.4 2 -0.8
v 0.4 2 -0.9
v 0.4 2.1 -0.7
v 0.4 2.1 -0.8
v 0.4 2.2 0.8
v 0.4 2.2 0.7
v 0.4 2.4 0.8
v 0.4 2.4 0.7
v 0.4 2.7 0.7
v 0.4 2.7 0.6
v 0.4 2.7 -0.8
v 0.4 2.7 -0.9
v 0.4 2.8 0.7
v 0.4 2.8 0.6
v 0.4 2.8 -0.5
v 0.4 2.8 -0.6
v 0.4 2.9 -0.4
v 0.4 2.9 -0.5
v 0.4 2.9 -0.6
v 0.4 3 -0.2
v 0.4 3 -0.3
v 0.4 3 -0.4
v 0.4 3 -0.5
v 0.4 3.1 0.0999999
v 0.4 3.1 -1.19209e-07
v 0.4 3.1 -0.1
v 0.4 3.1 -0.2
v 0.4 3.1 -0.3
v 0.4 3.2 0.0999999
v 0.4 3.2 -1.19209e-07
v 0.4 3.2 -0.1
v 0.4 3.2 -0.2
v 0.5 0 0.8
v 0.5 0 0.7
v 0.5 0.3 -0.7
v 0.5 0.3 -0.8
v 0.5 0.5 0.8
v 0.5 0.5 0.7
v 0.5 0.5 -0.7
v 0.5 0.5 -0.8
v 0.5 0.6 0.8
v 0.5 0.6 0.7
v 0.5 0.7 0.8
v 0.5 0.7 0.7
v 0.5 0.8 0.7
v 0.5 0.9 0.8
v 0.5 0.9 0.7
v 0.5 1 0.8
v 0.5 1 0.7
v 0.5 1.1 0.8
v 0.5 1.1 0.7
v 0.5 1.2 0.8
v 0.5 1.2 0.7
v 0.5 1.3 0.8
v 0.5 1.3 0.7
v 0.5 1.4 0.8
v 0.5 1.4 0.7
v 0.5 1.5 0.8
v 0.5 1.5 0.7
v 0.5 1.8 0.7
v 0.5 1.9 0.8
v 0.5 1.9 0.7
v 0.5 2 0.8
v 0.5 2 0.7
v 0.5 2.1 0.8
v 0.5 2.1 0.7
v 0.5 2.3 0.7
v 0.5 2.3 0.6
v 0.5 2.4 0.8
v 0.5 2.4 0.7
v 0.5 2.4 0.6
v 0.5 2.6 0.7
v 0.5 2.6 0.6
v 0.5 2.7 0.8
v 0.5 2.7 0.7
v 0.5 2.7 -0.6
v 0.5 2.7 -0.7
v 0.5 2.8 -0.6
v 0.5 2.8 -0.7
v 0.5 2.9 0.4
v 0.5 2.9 0.3
v 0.5 2.9 -0.2
v 0.5 2.9 -0.3
v 0.5 2.9 -0.4
v 0.5 3 0.4
v 0.5 3 0.3
v 0.5 3 0.2
v 0.5 3 0.0999999
v 0.5 3 -0.1
v 0.5 3 -0.2
v 0.5 3 -0.4
v 0.5 3.1 0.3
v 0.5 3.1 0.0999999
v 0.5 3.1 -1.19209e-07
v 0.5 3.1 -0.1
v 0.5 3.1 -0.2
v 0.5 3.2 -1.19209e-07
v 0.5 3.2 -0.1
v 0.6 0 -0.7
v 0.6 0 -0.8
v 0.6 0.3 -0.7
v 0.6 0.3 -0.8
v 0.6 0.4 -0.6
v 0.6 0.4 -0.7
v 0.6 0.5 -0.6
v 0.6 0.5 -0.7
v 0.6 0.5 -0.8
v 0.6 1.6 0.7
v 0.6 1.6 0.6
v 0.6 1.7 0.7
v 0.6 1.7 0.6
v 0.6 2.7 -0.7
v 0.6 2.7 -0.8
v 0.6 2.8 0.5
v 0.6 2.8 0.4
v 0.6 2.8 -0.2
v 0.6 2.8 -0.3
v 0.6 2.8 -0.5
v 0.6 2.9 0.5
v 0.6 2.9 0.4
v 0.6 2.9 0.3
v 0.6 2.9 0.2
v 0.6 2.9 0.0999999
v 0.6 2.9 -0.1
v 0.6 2.9 -0.2
v 0.6 2.9 -0.3
v 0.6 2.9 -0.5
v 0.6 3 0.3
v 0.6 3 0.2
v 0.6 3 0.0999999
v 0.6 3 -1.19209e-07
v 0.6 3 -0.1
v 0.6 3 -0.2
v 0.6 3.1 0.0999999
v 0.6 3.1 -1.19209e-07
v 0.6 3.1 -0.1
v 0.7 0.3 0.6
v 0.7 0.3 0.5
v 0.7 0.4 0.7
v 0.7 0.4 0.6
v 0.7 0.4 0.5
v 0.7 0.5 0.6
v 0.7 0.5 0.5
v 0.7 0.6 0.7
v 0.7 0.6 0.6
v 0.7 0.9 0.6
v 0.7 0.9 0.5
v 0.7 1 0.6
v 0.7 1 0.5
v 0.7 1.7 0.7
v 0.7 1.7 0.6
v 0.7 1.9 0.7
v 0.7 1.9 0.6
v 0.7 1.9 0.5
v 0.7 2 0.6
v 0.7 2 0.5
v 0.7 2.2 -0.5
v 0.7 2.2 -0.6
v 0.7 2.3 -0.5
v 0.7 2.3 -0.6
v 0.7 2.7 0.6
v 0.7 2.7 0.4
v 0.7 2.7 -0.3
v 0.7 2.7 -0.6
v 0.7 2.8 0.6
v 0.7 2.8 0.4
v 0.7 2.8 0.2
v 0.7 2.8 0.0999999
v 0.7 2.8 -0.1
v 0.7 2.8 -0.2
v 0.7 2.8 -0.3
v 0.7 2.8 -0.6
v 0.7 2.9 0.4
v 0.7 2.9 0.2
v 0.7 2.9 0.0999999
v 0.7 2.9 -0.1
v 0.7 2.9 -0.2
v 0.7 3 0.0999999
v 0.7 3 -0.1
v 0.8 0 0.7
v 0.8 0 0.5
v 0.8 0 -0.5
v 0.8 0 -0.7
v 0.8 0.3 0.6
v 0.8 0.3 0.5
v 0.8 0.4 0.7
v 0.8 0.4 0.6
v 0.8 0.4 -0.6
v 0.8 0.4 -0.7
v 0.8 0.5 0.6
v 0.8 0.5 0.5
v 0.8 0.5 -0.6
v 0.8 0.5 -0.7
v 0.8 0.6 0.7
v 0.8 0.6 0.6
v 0.8 0.6 0.5
v 0.8 0.9 0.6
v 0.8 0.9 0.5
v 0.8 0.9 0.4
v 0.8 0.9 -0.4
v 0.8 0.9 -0.5
v 0.8 1 0.6
v 0.8 1 0.5
v 0.8 1 -0.3
v 0.8 1 -0.4
v 0.8 1.1 -0.3
v 0.8 1.1 -0.4
v 0.8 1.2 -0.4
v 0.8 1.2 -0.5
v 0.8 1.3 0.5
v 0.8 1.3 0.4
v 0.8 1.6 -0.4
v 0.8 1.6 -0.5
v 0.8 1.7 0.7
v 0.8 1.7 0.6
v 0.8 1.7 0.5
v 0.8 1.8 -0.4
v 0.8 1.8 -0.5
v 0.8 1.9 0.7
v 0.8 1.9 0.6
v 0.8 1.9 0.5
v 0.8 1.9 0.4
v 0.8 2 0.6
v 0.8 2 0.5
v 0.8 2.1 0.5
v 0.8 2.1 0.4
v 0.8 2.2 -0.5
v 0.8 2.2 -0.6
v 0.8 2.3 -0.5
v 0.8 2.3 -0.6
v 0.8 2.7 0.7
v 0.8 2.7 0.5
v 0.8 2.7 0.4
v 0.8 2.7 0.2
v 0.8 2.7 -0.2
v 0.8 2.7 -0.3
v 0.8 2.7 -0.5
v 0.8 2.7 -0.7
v 0.8 2.8 0.4
v 0.8 2.8 0.2
v 0.8 2.8 0.0999999
v 0.8 2.8 -1.19209e-07
v 0.8 2.8 -0.1
v 0.8 2.8 -0.2
v 0.8 2.8 -0.3
v 0.8 2.9 0.0999999
v 0.8 2.9 -0.1
v 0.9 0 0.5
v 0.9 0 0.3
v 0.9 0 -0.3
v 0.9 0 -0.5
v 0.9 0.2 -0.1
v 0.9 0.2 -0.2
v 0.9 0.3 0.3
v 0.9 0.3 0.2
v 0.9 0.3 -0.1
v 0.9 0.3 -0.2
v 0.9 0.3 -0.3
v 0.9 0.4 0.3
v 0.9 0.4 0.2
v 0.9 0.5 0.3
v 0.9 0.6 -0.2
v 0.9 0.6 -0.3
v 0.9 0.8 0.2
v 0.9 0.8 0.0999999
v 0.9 0.8 -1.19209e-07
v 0.9 0.9 0.5
v 0.9 0.9 0.4
v 0.9 0.9 0.2
v 0.9 0.9 0.0999999
v 0.9 0.9 -1.19209e-07
v 0.9 0.9 -0.4
v 0.9 0.9 -0.5
v 0.9 1 0.2
v 0.9 1 0.0999999
v 0.9 1 -0.1
v 0.9 1 -0.2
v 0.9 1 -0.3
v 0.9 1 -0.4
v 0.9 1.1 -0.3
v 0.9 1.1 -0.4
v 0.9 1.2 -0.4
v 0.9 1.2 -0.5
v 0.9 1.3 0.5
v 0.9 1.3 0.4
v 0.9 1.3 0.0999999
v 0.9 1.3 -1.19209e-07
v 0.9 1.3 -0.1
v 0.9 1.3 -0.2
v 0.9 1.3 -0.3
v 0.9 1.4 0.0999999
v 0.9 1.4 -1.19209e-07
v 0.9 1.4 -0.2
v 0.9 1.4 -0.3
v 0.9 1.5 0.3
v 0.9 1.5 0.2
v 0.9 1.6 -0.4
v 0.9 1.6 -0.5
v 0.9 1.7 0.3
v 0.9 1.7 0.2
v 0.9 1.8 -0.4
v 0.9 1.8 -0.5
v 0.9 1.9 0.5
v 0.9 1.9 0.4
v 0.9 1.9 0.3
v 0.9 2.1 0.5
v 0.9 2.1 0.4
v 0.9 2.1 0.3
v 0.9 2.1 -1.19209e-07
v 0.9 2.1 -0.1
v 0.9 2.2 0.3
v 0.9 2.2 0.0999999
v 0.9 2.2 -1.19209e-07
v 0.9 2.2 -0.1
v 0.9 2.3 0.3
v 0.9 2.3 0.0999999
v 0.9 2.5 -0.2
v 0.9 2.5 -0.3
v 0.9 2.6 -0.2
v 0.9 2.6 -0.3
v 0.9 2.7 0.5
v 0.9 2.7 0.3
v 0.9 2.7 0.2
v 0.9 2.7 0.0999999
v 0.9 2.7 -1.19209e-07
v 0.9 2.7 -0.1
v 0.9 2.7 -0.2
v 0.9 2.7 -0.3
v 0.9 2.7 -0.5
v 0.9 2.8 0.2
v 0.9 2.8 0.0999999
v 0.9 2.8 -1.19209e-07
v 0.9 2.8 -0.1
v 0.9 2.8 -0.2
v 1 0 0.3
v 1 0 0.0999999
v 1 0 -1.19209e-07
v 1 0 -0.3
v 1 0.2 0.0999999
v 1 0.2 -1.19209e-07
v 1 0.2 -0.1
v 1 0.2 -0.2
v 1 0.3 0.3
v 1 0.3 0.2
v 1 0.3 -1.19209e-07
v 1 0.3 -0.1
v 1 0.3 -0.2
v 1 0.3 -0.3
v 1 0.4 0.3
v 1 0.4 0.2
v 1 0.4 -1.19209e-07
v 1 0.4 -0.1
v 1 0.5 0.3
v 1 0.5 0.2
v 1 0.5 0.0999999
v 1 0.5 -1.19209e-07
v 1 0.5 -0.1
v 1 0.6 0.0999999
v 1 0.6 -1.19209e-07
v 1 0.6 -0.1
v 1 0.6 -0.2
v 1 0.6 -0.3
v 1 0.7 0.0999999
v 1 0.7 -1.19209e-07
v 1 0.7 -0.1
v 1 0.8 0.2
v 1 0.8 0.0999999
v 1 0.8 -1.19209e-07
v 1 0.9 0.0999999
v 1 0.9 -1.19209e-07
v 1 1 0.2
v 1 1 0.0999999
v 1 1 -1.19209e-07
v 1 1 -0.1
v 1 1 -0.2
v 1 1.1 0.2
v 1 1.1 0.0999999
v 1 1.3 0.0999999
v 1 1.3 -1.19209e-07
v 1 1.3 -0.1
v 1 1.3 -0.2
v 1 1.3 -0.3
v 1 1.4 0.2
v 1 1.4 0.0999999
v 1 1.4 -1.19209e-07
v 1 1.4 -0.2
v 1 1.4 -0.3
v 1 1.5 0.3
v 1 1.5 0.2
v 1 1.5 0.0999999
v 1 1.6 -1.19209e-07
v 1 1.6 -0.1
v 1 1.7 0.3
v 1 1.7 0.2
v 1 1.7 0.0999999
v 1 1.7 -1.19209e-07
v 1 1.7 -0.1
v 1 1.8 0.2
v 1 1.8 0.0999999
v 1 1.8 -1.19209e-07
v 1 1.9 0.2
v 1 1.9 0.0999999
v 1 1.9 -1.19209e-07
v 1 1.9 -0.1
v 1 2 0.0999999
v 1 2 -1.19209e-07
v 1 2.1 0.0999999
v 1 2.1 -1.19209e-07
v 1 2.1 -0.1
v 1 2.1 -0.2
v 1 2.2 0.3
v 1 2.2 0.0999999
v 1 2.2 -1.19209e-07
v 1 2.2 -0.1
v 1 2.2 -0.2
v 1 2.3 0.3
v 1 2.3 0.0999999
v 1 2.3 -1.19209e-07
v 1 2.3 -0.1
v 1 2.3 -0.2
v 1 2.4 0.0999999
v 1 2.4 -1.19209e-07
v 1 2.4 -0.1
v 1 2.4 -0.2
v 1 2.5 0.0999999
v 1 2.5 -1.19209e-07
v 1 2.5 -0.1
v 1 2.5 -0.2
v 1 2.5 -0.3
v 1 2.6 -0.1
v 1 2.6 -0.2
v 1 2.6 -0.3
v 1 2.7 0.3
v 1 2.7 -1.19209e-07
v 1 2.7 -0.1
v 1 2.7 -0.2
v 1 2.7 -0.3
v -0.5 0.3 1
v -0.5 0.5 1
v -0.5 1.2 1
v -0.5 1.3 1
v -0.5 1.4 1
v -0.5 1.5 1
v -0.5 1.6 1
v -0.5 1.7 1
v -0.5 1.9 1
v -0.5 2 1
v -0.5 2.1 1
v -0.5 2.3 1
v -0.5 2.4 1
v -0.5 2.6 1
v -0.5 2.7 1
v -0.4 0.2 1
v -0.4 0.3 1
v -0.4 0.4 1
v -0.4 0.5 1
v -0.4 0.6 1
v -0.4 0.8 1
v -0.4 0.9 1
v -0.4 1.1 1
v -0.4 1.3 1
v -0.4 1.4 1
v -0.4 1.5 1
v -0.4 1.6 1
v -0.4 1.7 1
v -0.4 1.8 1
v -0.4 1.9 1
v -0.4 2 1
v -0.4 2.1 1
v -0.4 2.2 1
v -0.4 2.3 1
v -0.4 2.4 1
v -0.4 2.5 1
v -0.4 2.6 1
v -0.4 2.7 1
v -0.3 0.1 1
v -0.3 0.2 1
v -0.3 0.3 1
v -0.3 0.4 1
v -0.3 0.5 1
v -0.3 0.6 1
v -0.3 0.8 1
v -0.3 0.9 1
v -0.3 1.2 1
v -0.3 1.3 1
v -0.3 1.4 1
v -0.3 1.5 1
v -0.3 1.6 1
v -0.3 1.8 1
v -0.3 1.9 1
v -0.3 2.1 1
v -0.3 2.2 1
v -0.3 2.3 1
v -0.3 2.5 1
v -0.3 2.6 1
v -0.3 2.7 1
v -0.2 0.1 1
v -0.2 0.3 1
v -0.2 0.5 1
v -0.2 0.8 1
v -0.2 0.9 1
v -0.2 1.1 1
v -0.2 1.3 1
v -0.2 1.5 1
v -0.2 1.6 1
v -0.2 1.7 1
v -0.2 1.8 1
v -0.2 1.9 1
v -0.2 2.1 1
v -0.2 2.2 1
v -0.2 2.5 1
v -0.2 2.6 1
v -0.2 2.7 1
v -0.0999999 0 1
v -0.0999999 0.3 1
v -0.0999999 0.4 1
v -0.0999999 0.8 1
v -0.0999999 1.1 1
v -0.0999999 1.3 1
v -0.0999999 1.4 1
v -0.0999999 2.1 1
v -0.0999999 2.5 1
v -0.0999999 2.6 1
v -0.0999999 2.7 1
v 1.19209e-07 0.1 1
v 1.19209e-07 0.2 1
v 1.19209e-07 0.4 1
v 1.19209e-07 0.5 1
v 1.19209e-07 0.7 1
v 1.19209e-07 0.8 1
v 1.19209e-07 0.9 1
v 1.19209e-07 1 1
v 1.19209e-07 1.1 1
v 1.19209e-07 1.2 1
v 1.19209e-07 1.4 1
v 1.19209e-07 1.5 1
v 1.19209e-07 2 1
v 1.19209e-07 2.1 1
v 1.19209e-07 2.2 1
v 1.19209e-07 2.3 1
v 1.19209e-07 2.5 1
v 1.19209e-07 2.6 1
v 1.19209e-07 2.7 1
v 0.1 0.2 1
v 0.1 0.3 1
v 0.1 0.4 1
v 0.1 0.5 1
v 0.1 0.7 1
v 0.1 0.8 1
v 0.1 0.9 1
v 0.1 1 1
v 0.1 1.1 1
v 0.1 1.2 1
v 0.1 1.3 1
v 0.1 1.4 1
v 0.1 1.5 1
v 0.1 2 1
v 0.1 2.1 1
v 0.1 2.2 1
v 0.1 2.3 1
v 0.1 2.4 1
v 0.1 2.5 1
v 0.1 2.6 1
v 0.1 2.7 1
v 0.2 0.1 1
v 0.2 0.2 1
v 0.2 0.3 1
v 0.2 0.4 1
v 0.2 0.5 1
v 0.2 0.8 1
v 0.2 1.1 1
v 0.2 1.3 1
v 0.2 1.4 1
v 0.2 1.5 1
v 0.2 1.6 1
v 0.2 1.8 1
v 0.2 1.9 1
v 0.2 2.1 1
v 0.2 2.3 1
v 0.2 2.4 1
v 0.2 2.5 1
v 0.2 2.6 1
v 0.3 0 1
v 0.3 0.2 1
v 0.3 0.3 1
v 0.3 0.5 1
v 0.3 1.5 1
v 0.3 1.6 1
v 0.3 1.8 1
v 0.3 1.9 1
v 0.3 2.7 1
v -0.5 0 0.9
v -0.5 0.1 0.9
v -0.5 0.2 0.9
v -0.5 0.3 0.9
v -0.5 0.5 0.9
v -0.5 0.6 0.9
v -0.5 0.7 0.9
v -0.5 0.9 0.9
v -0.5 1 0.9
v -0.5 1.2 0.9
v -0.5 1.7 0.9
v -0.5 1.9 0.9
v -0.4 0.1 0.9
v -0.4 0.2 0.9
v -0.4 0.3 0.9
v -0.4 0.4 0.9
v -0.4 0.5 0.9
v -0.4 0.6 0.9
v -0.4 0.7 0.9
v -0.4 0.8 0.9
v -0.4 0.9 0.9
v -0.4 1 0.9
v -0.4 1.1 0.9
v -0.4 1.2 0.9
v -0.4 1.7 0.9
v -0.4 1.8 0.9
v -0.4 1.9 0.9
v -0.4 2.7 0.9
v -0.4 2.8 0.9
v -0.3 0 0.9
v -0.3 0.1 0.9
v -0.3 0.2 0.9
v -0.3 0.3 0.9
v -0.3 0.4 0.9
v -0.3 0.5 0.9
v -0.3 0.6 0.9
v -0.3 0.8 0.9
v -0.3 0.9 0.9
v -0.3 1.1 0.9
v -0.3 1.2 0.9
v -0.3 1.3 0.9
v -0.3 1.8 0.9
v -0.3 2.7 0.9
v -0.2 0 0.9
v -0.2 0.1 0.9
v -0.2 0.2 0.9
v -0.2 0.3 0.9
v -0.2 0.4 0.9
v -0.2 0.5 0.9
v -0.2 0.6 0.9
v -0.2 0.7 0.9
v -0.2 0.8 0.9
v -0.2 0.9 0.9
v -0.2 1.1 0.9
v -0.2 1.2 0.9
v -0.2 1.3 0.9
v -0.2 1.4 0.9
v -0.2 1.5 0.9
v -0.2 1.6 0.9
v -0.2 1.7 0.9
v -0.2 1.8 0.9
v -0.2 1.9 0.9
v -0.2 2 0.9
v -0.2 2.1 0.9
v -0.2 2.2 0.9
v -0.2 2.4 0.9
v -0.2 2.5 0.9
v -0.2 2.6 0.9
v -0.2 2.7 0.9
v -0.0999999 0 0.9
v -0.0999999 0.1 0.9
v -0.0999999 0.2 0.9
v -0.0999999 0.3 0.9
v -0.0999999 0.4 0.9
v -0.0999999 0.5 0.9
v -0.0999999 0.6 0.9
v -0.0999999 0.7 0.9
v -0.0999999 0.8 0.9
v -0.0999999 0.9 0.9
v -0.0999999 1 0.9
v -0.0999999 1.1 0.9
v -0.0999999 1.2 0.9
v -0.0999999 1.3 0.9
v -0.0999999 1.4 0.9
v -0.0999999 1.6 0.9
v -0.0999999 1.7 0.9
v -0.0999999 2 0.9
v -0.0999999 2.1 0.9
v -0.0999999 2.2 0.9
v -0.0999999 2.4 0.9
v -0.0999999 2.5 0.9
v -0.0999999 2.6 0.9
v -0.0999999 2.7 0.9
v -0.0999999 2.8 0.9
v 1.19209e-07 0.1 0.9
v 1.19209e-07 0.2 0.9
v 1.19209e-07 0.3 0.9
v 1.19209e-07 0.4 0.9
v 1.19209e-07 0.5 0.9
v 1.19209e-07 0.7 0.9
v 1.19209e-07 0.8 0.9
v 1.19209e-07 0.9 0.9
v 1.19209e-07 1 0.9
v 1.19209e-07 1.1 0.9
v 1.19209e-07 1.2 0.9
v 1.19209e-07 1.4 0.9
v 1.19209e-07 1.5 0.9
v 1.19209e-07 2 0.9
v 1.19209e-07 2.1 0.9
v 1.19209e-07 2.2 0.9
v 1.19209e-07 2.3 0.9
v 1.19209e-07 2.5 0.9
v 1.19209e-07 2.6 0.9
v 1.19209e-07 2.7 0.9
v 1.19209e-07 2.8 0.9
v 0.1 0.2 0.9
v 0.1 0.3 0.9
v 0.1 0.4 0.9
v 0.1 0.5 0.9
v 0.1 0.6 0.9
v 0.1 0.7 0.9
v 0.1 0.8 0.9
v 0.1 0.9 0.9
v 0.1 1 0.9
v 0.1 1.1 0.9
v 0.1 1.2 0.9
v 0.1 1.3 0.9
v 0.1 1.4 0.9
v 0.1 1.5 0.9
v 0.1 1.6 0.9
v 0.1 1.7 0.9
v 0.1 1.8 0.9
v 0.1 2 0.9
v 0.1 2.1 0.9
v 0.1 2.2 0.9
v 0.1 2.5 0.9
v 0.1 2.6 0.9
v 0.1 2.7 0.9
v 0.1 2.8 0.9
v 0.2 0.1 0.9
v 0.2 0.2 0.9
v 0.2 0.3 0.9
v 0.2 0.4 0.9
v 0.2 0.5 0.9
v 0.2 0.6 0.9
v 0.2 0.7 0.9
v 0.2 0.8 0.9
v 0.2 1.1 0.9
v 0.2 1.3 0.9
v 0.2 1.4 0.9
v 0.2 1.5 0.9
v 0.2 1.6 0.9
v 0.2 1.7 0.9
v 0.2 1.8 0.9
v 0.2 1.9 0.9
v 0.2 2 0.9
v 0.2 2.1 0.9
v 0.2 2.7 0.9
v 0.2 2.8 0.9
v 0.3 0.2 0.9
v 0.3 0.3 0.9
v -0.7 0 0.8
v -0.7 0.3 0.8
v -0.7 0.4 0.8
v -0.7 0.6 0.8
v -0.7 0.7 0.8
v -0.7 0.8 0.8
v -0.7 1.1 0.8
v -0.7 1.2 0.8
v -0.7 1.3 0.8
v -0.7 1.5 0.8
v -0.7 1.6 0.8
v -0.7 1.7 0.8
v -0.7 1.8 0.8
v -0.7 1.9 0.8
v -0.7 2 0.8
v -0.7 2.2 0.8
v -0.7 2.3 0.8
v -0.7 2.5 0.8
v -0.7 2.6 0.8
v -0.7 2.7 0.8
v -0.6 0 0.8
v -0.6 0.1 0.8
v -0.6 0.2 0.8
v -0.6 0.3 0.8
v -0.6 0.4 0.8
v -0.6 0.6 0.8
v -0.6 0.7 0.8
v -0.6 0.8 0.8
v -0.6 0.9 0.8
v -0.6 1.1 0.8
v -0.6 1.2 0.8
v -0.6 1.3 0.8
v -0.6 1.4 0.8
v -0.6 1.5 0.8
v -0.6 1.6 0.8
v -0.6 1.7 0.8
v -0.6 1.8 0.8
v -0.6 1.9 0.8
v -0.6 2 0.8
v -0.6 2.1 0.8
v -0.6 2.2 0.8
v -0.6 2.3 0.8
v -0.6 2.4 0.8
v -0.6 2.5 0.8
v -0.6 2.6 0.8
v -0.5 0 0.8
v -0.5 0.1 0.8
v -0.5 0.2 0.8
v -0.5 0.3 0.8
v -0.5 0.5 0.8
v -0.5 0.6 0.8
v -0.5 0.7 0.8
v -0.5 0.8 0.8
v -0.5 0.9 0.8
v -0.5 1 0.8
v -0.5 1.1 0.8
v -0.5 1.2 0.8
v -0.5 1.3 0.8
v -0.5 1.4 0.8
v -0.5 1.5 0.8
v -0.5 1.6 0.8
v -0.5 1.7 0.8
v -0.5 1.9 0.8
v -0.5 2 0.8
v -0.5 2.1 0.8
v -0.5 2.2 0.8
v -0.5 2.3 0.8
v -0.5 2.4 0.8
v -0.5 2.5 0.8
v -0.5 2.6 0.8
v -0.5 2.7 0.8
v -0.5 2.8 0.8
v -0.4 1.9 0.8
v -0.4 2 0.8
v -0.4 2.7 0.8
v -0.4 2.8 0.8
v -0.3 2.8 0.8
v -0.3 2.9 0.8
v -0.0999999 0.9 0.8
v -0.0999999 1 0.8
v -0.0999999 2.8 0.8
v -0.0999999 2.9 0.8
v 1.19209e-07 0.9 0.8
v 1.19209e-07 1 0.8
v 1.19209e-07 2.8 0.8
v 1.19209e-07 2.9 0.8
v 0.1 2.8 0.8
v 0.1 2.9 0.8
v 0.2 2.7 0.8
v 0.2 2.8 0.8
v 0.3 0 0.8
v 0.3 0.2 0.8
v 0.3 0.3 0.8
v 0.3 0.4 0.8
v 0.3 0.5 0.8
v 0.3 0.6 0.8
v 0.3 1.2 0.8
v 0.3 1.3 0.8
v 0.3 1.4 0.8
v 0.3 1.5 0.8
v 0.3 1.6 0.8
v 0.3 1.7 0.8
v 0.3 1.8 0.8
v 0.3 2 0.8
v 0.3 2.1 0.8
v 0.3 2.2 0.8
v 0.3 2.7 0.8
v 0.3 2.8 0.8
v 0.4 0.4 0.8
v 0.4 0.5 0.8
v 0.4 0.6 0.8
v 0.4 0.7 0.8
v 0.4 0.9 0.8
v 0.4 1 0.8
v 0.4 1.1 0.8
v 0.4 1.2 0.8
v 0.4 1.3 0.8
v 0.4 1.4 0.8
v 0.4 1.5 0.8
v 0.4 1.6 0.8
v 0.4 1.7 0.8
v 0.4 1.8 0.8
v 0.4 1.9 0.8
v 0.4 2 0.8
v 0.4 2.1 0.8
v 0.4 2.2 0.8
v 0.4 2.4 0.8
v 0.5 0 0.8
v 0.5 0.5 0.8
v 0.5 0.6 0.8
v 0.5 0.7 0.8
v 0.5 0.9 0.8
v 0.5 1 0.8
v 0.5 1.1 0.8
v 0.5 1.2 0.8
v 0.5 1.3 0.8
v 0.5 1.4 0.8
v 0.5 1.5 0.8
v 0.5 1.9 0.8
v 0.5 2 0.8
v 0.5 2.1 0.8
v 0.5 2.4 0.8
v 0.5 2.7 0.8
v -0.7 2 0.7
v -0.7 2.1 0.7
v -0.6 0.2 0.7
v -0.6 0.3 0.7
v -0.6 1.9 0.7
v -0.6 2 0.7
v -0.6 2.1 0.7
v -0.5 0.2 0.7
v -0.5 0.3 0.7
v -0.5 1.9 0.7
v -0.5 2 0.7
v -0.4 2.8 0.7
v -0.4 2.9 0.7
v -0.3 2.8 0.7
v -0.3 2.9 0.7
v -0.2 2.9 0.7
v -0.2 3 0.7
v -0.0999999 2.9 0.7
v 1.19209e-07 2.9 0.7
v 1.19209e-07 3 0.7
v 0.1 2.8 0.7
v 0.1 2.9 0.7
v 0.1 3 0.7
v 0.2 2.8 0.7
v 0.2 2.9 0.7
v 0.3 2.1 0.7
v 0.3 2.2 0.7
v 0.3 2.7 0.7
v 0.3 2.8 0.7
v 0.4 2.1 0.7
v 0.4 2.2 0.7
v 0.4 2.4 0.7
v 0.4 2.7 0.7
v 0.4 2.8 0.7
v 0.5 0 0.7
v 0.5 0.5 0.7
v 0.5 0.6 0.7
v 0.5 0.7 0.7
v 0.5 0.8 0.7
v 0.5 0.9 0.7
v 0.5 1 0.7
v 0.5 1.1 0.7
v 0.5 1.2 0.7
v 0.5 1.3 0.7
v 0.5 1.4 0.7
v 0.5 1.5 0.7
v 0.5 1.8 0.7
v 0.5 1.9 0.7
v 0.5 2 0.7
v 0.5 2.1 0.7
v 0.5 2.2 0.7
v 0.5 2.3 0.7
v 0.5 2.4 0.7
v 0.5 2.6 0.7
v 0.5 2.7 0.7
v 0.6 0.4 0.7
v 0.6 0.5 0.7
v 0.6 0.6 0.7
v 0.6 0.7 0.7
v 0.6 0.8 0.7
v 0.6 0.9 0.7
v 0.6 1 0.7
v 0.6 1.1 0.7
v 0.6 1.2 0.7
v 0.6 1.6 0.7
v 0.6 1.7 0.7
v 0.6 1.8 0.7
v 0.6 1.9 0.7
v 0.6 2 0.7
v 0.6 2.1 0.7
v 0.6 2.2 0.7
v 0.6 2.3 0.7
v 0.6 2.4 0.7
v 0.6 2.5 0.7
v 0.7 0.4 0.7
v 0.7 0.6 0.7
v 0.7 0.7 0.7
v 0.7 0.8 0.7
v 0.7 0.9 0.7
v 0.7 1 0.7
v 0.7 1.6 0.7
v 0.7 1.7 0.7
v 0.7 1.9 0.7
v 0.7 2 0.7
v 0.7 2.2 0.7
v 0.7 2.3 0.7
v 0.7 2.4 0.7
v 0.7 2.5 0.7
v 0.7 2.6 0.7
v 0.7 2.7 0.7
v 0.8 0 0.7
v 0.8 0.4 0.7
v 0.8 0.6 0.7
v 0.8 1.7 0.7
v 0.8 1.9 0.7
v 0.8 2.7 0.7
v -0.8 0 0.6
v -0.8 0.5 0.6
v -0.8 0.6 0.6
v -0.8 1.2 0.6
v -0.8 1.4 0.6
v -0.8 2.7 0.6
v -0.7 0 0.6
v -0.7 0.5 0.6
v -0.7 0.6 0.6
v -0.7 0.8 0.6
v -0.7 1.1 0.6
v -0.7 1.2 0.6
v -0.7 1.4 0.6
v -0.7 1.5 0.6
v -0.7 1.9 0.6
v -0.7 2.1 0.6
v -0.7 2.2 0.6
v -0.7 2.7 0.6
v -0.6 2.1 0.6
v -0.6 2.2 0.6
v -0.6 2.7 0.6
v -0.6 2.8 0.6
v -0.5 2.7 0.6
v -0.5 2.8 0.6
v -0.5 2.9 0.6
v -0.4 2.8 0.6
v -0.4 2.9 0.6
v -0.3 2.9 0.6
v -0.3 3 0.6
v -0.2 2.9 0.6
v -0.2 3 0.6
v -0.0999999 3 0.6
v -0.0999999 3.1 0.6
v 1.19209e-07 3 0.6
v 1.19209e-07 3.1 0.6
v 0.2 2.8 0.6
v 0.2 2.9 0.6
v 0.3 2.8 0.6
v 0.3 2.9 0.6
v 0.4 2.7 0.6
v 0.4 2.8 0.6
v 0.5 2.3 0.6
v 0.5 2.4 0.6
v 0.5 2.6 0.6
v 0.5 2.7 0.6
v 0.5 2.8 0.6
v 0.6 1.6 0.6
v 0.6 1.7 0.6
v 0.6 2.3 0.6
v 0.6 2.4 0.6
v 0.6 2.5 0.6
v 0.6 2.6 0.6
v 0.7 0.5 0.6
v 0.7 0.6 0.6
v 0.7 1.6 0.6
v 0.7 1.7 0.6
v 0.7 1.9 0.6
v 0.7 2.5 0.6
v 0.7 2.6 0.6
v 0.7 2.7 0.6
v 0.7 2.8 0.6
v 0.8 0.5 0.6
v 0.8 0.6 0.6
v 0.8 1.7 0.6
v 0.8 1.9 0.6
v -0.8 1.3 0.5
v -0.8 1.4 0.5
v -0.7 1.3 0.5
v -0.7 1.4 0.5
v -0.7 2.7 0.5
v -0.7 2.8 0.5
v -0.6 2.7 0.5
v -0.6 2.8 0.5
v -0.6 2.9 0.5
v -0.5 2.8 0.5
v -0.5 2.9 0.5
v -0.5 3 0.5
v -0.4 2.9 0.5
v -0.4 3 0.5
v -0.3 2.9 0.5
v -0.3 3 0.5
v -0.3 3.1 0.5
v -0.2 3 0.5
v -0.2 3.1 0.5
v -0.0999999 3 0.5
v -0.0999999 3.1 0.5
v 1.19209e-07 3 0.5
v 1.19209e-07 3.1 0.5
v 0.1 2.9 0.5
v 0.1 3 0.5
v 0.1 3.1 0.5
v 0.3 2.8 0.5
v 0.3 2.9 0.5
v 0.3 3 0.5
v 0.4 2.8 0.5
v 0.4 2.9 0.5
v 0.5 2.8 0.5
v 0.5 2.9 0.5
v 0.6 2.8 0.5
v 0.6 2.9 0.5
v 0.7 0.3 0.5
v 0.7 0.4 0.5
v 0.7 0.5 0.5
v 0.7 0.9 0.5
v 0.7 1 0.5
v 0.7 1.9 0.5
v 0.7 2 0.5
v 0.8 0 0.5
v 0.8 0.3 0.5
v 0.8 0.4 0.5
v 0.8 0.5 0.5
v 0.8 0.6 0.5
v 0.8 0.9 0.5
v 0.8 1 0.5
v 0.8 1.3 0.5
v 0.8 1.7 0.5
v 0.8 1.9 0.5
v 0.8 2 0.5
v 0.8 2.1 0.5
v 0.8 2.7 0.5
v 0.9 0 0.5
v 0.9 0.9 0.5
v 0.9 1.3 0.5
v 0.9 1.9 0.5
v 0.9 2.1 0.5
v 0.9 2.7 0.5
v -0.9 0 0.4
v -0.9 1.1 0.4
v -0.9 1.3 0.4
v -0.9 2.1 0.4
v -0.9 2.2 0.4
v -0.9 2.4 0.4
v -0.9 2.5 0.4
v -0.9 2.7 0.4
v -0.8 0 0.4
v -0.8 0.5 0.4
v -0.8 0.7 0.4
v -0.8 1.1 0.4
v -0.8 1.2 0.4
v -0.8 1.3 0.4
v -0.8 2.1 0.4
v -0.8 2.2 0.4
v -0.8 2.4 0.4
v -0.8 2.5 0.4
v -0.7 0.5 0.4
v -0.7 0.7 0.4
v -0.7 1.2 0.4
v -0.7 1.3 0.4
v -0.7 2.2 0.4
v -0.7 2.7 0.4
v -0.6 2.1 0.4
v -0.6 2.2 0.4
v -0.4 3 0.4
v -0.4 3.1 0.4
v -0.3 3 0.4
v -0.3 3.1 0.4
v -0.2 3.1 0.4
v -0.2 3.2 0.4
v -0.0999999 3.1 0.4
v -0.0999999 3.2 0.4
v 1.19209e-07 3.1 0.4
v 1.19209e-07 3.2 0.4
v 0.1 3 0.4
v 0.1 3.1 0.4
v 0.1 3.2 0.4
v 0.3 2.9 0.4
v 0.3 3 0.4
v 0.3 3.1 0.4
v 0.4 2.9 0.4
v 0.5 2.9 0.4
v 0.5 3 0.4
v 0.6 2.8 0.4
v 0.6 2.9 0.4
v 0.7 2.7 0.4
v 0.7 2.8 0.4
v 0.7 2.9 0.4
v 0.8 0.9 0.4
v 0.8 1.3 0.4
v 0.8 1.9 0.4
v 0.8 2.1 0.4
v 0.8 2.7 0.4
v 0.8 2.8 0.4
v 0.9 0.9 0.4
v 0.9 1.3 0.4
v 0.9 1.9 0.4
v 0.9 2.1 0.4
v -1 0 0.3
v -1 1.1 0.3
v -1 1.2 0.3
v -1 2 0.3
v -1 2.2 0.3
v -1 2.4 0.3
v -1 2.5 0.3
v -1 2.7 0.3
v -0.9 0 0.3
v -0.9 1.1 0.3
v -0.9 1.2 0.3
v -0.9 1.3 0.3
v -0.9 2 0.3
v -0.9 2.1 0.3
v -0.9 2.2 0.3
v -0.9 2.4 0.3
v -0.9 2.5 0.3
v -0.9 2.7 0.3
v -0.9 2.8 0.3
v -0.8 1.1 0.3
v -0.8 1.3 0.3
v -0.8 2.1 0.3
v -0.8 2.2 0.3
v -0.8 2.4 0.3
v -0.8 2.5 0.3
v -0.7 2.7 0.3
v -0.7 2.8 0.3
v -0.3 3.1 0.3
v -0.3 3.2 0.3
v -0.2 3.1 0.3
v -0.2 3.2 0.3
v -0.2 3.3 0.3
v -0.0999999 3.2 0.3
v -0.0999999 3.3 0.3
v 1.19209e-07 3.2 0.3
v 1.19209e-07 3.3 0.3
v 0.1 3.1 0.3
v 0.1 3.2 0.3
v 0.1 3.3 0.3
v 0.2 3.1 0.3
v 0.2 3.2 0.3
v 0.3 3 0.3
v 0.3 3.1 0.3
v 0.4 3 0.3
v 0.4 3.1 0.3
v 0.5 2.9 0.3
v 0.5 3 0.3
v 0.5 3.1 0.3
v 0.6 2.9 0.3
v 0.6 3 0.3
v 0.9 0 0.3
v 0.9 0.3 0.3
v 0.9 0.4 0.3
v 0.9 0.5 0.3
v 0.9 1.5 0.3
v 0.9 1.7 0.3
v 0.9 1.9 0.3
v 0.9 2.1 0.3
v 0.9 2.2 0.3
v 0.9 2.3 0.3
v 0.9 2.7 0.3
v 1 0 0.3
v 1 0.3 0.3
v 1 0.4 0.3
v 1 0.5 0.3
v 1 1.5 0.3
v 1 1.7 0.3
v 1 2.2 0.3
v 1 2.3 0.3
v 1 2.7 0.3
v -1 2.1 0.2
v -1 2.2 0.2
v -0.9 2.1 0.2
v -0.9 2.2 0.2
v -0.7 2.8 0.2
v -0.7 2.9 0.2
v -0.6 2.8 0.2
v -0.6 2.9 0.2
v -0.6 3 0.2
v -0.5 2.9 0.2
v -0.5 3 0.2
v -0.5 3.1 0.2
v -0.4 3 0.2
v -0.4 3.1 0.2
v -0.0999999 3.3 0.2
v -0.0999999 3.4 0.2
v 1.19209e-07 3.3 0.2
v 0.1 3.2 0.2
v 0.1 3.3 0.2
v 0.1 3.4 0.2
v 0.2 3.1 0.2
v 0.2 3.2 0.2
v 0.2 3.3 0.2
v 0.3 3.1 0.2
v 0.3 3.2 0.2
v 0.8 2.7 0.2
v 0.8 2.8 0.2
v 0.9 0.3 0.2
v 0.9 0.4 0.2
v 0.9 1.5 0.2
v 0.9 1.7 0.2
v 0.9 2.7 0.2
v 0.9 2.8 0.2
v 1 0.3 0.2
v 1 0.4 0.2
v 1 1.5 0.2
v 1 1.7 0.2
v -1 0.7 0.0999999
v -1 0.8 0.0999999
v -1 1.1 0.0999999
v -1 1.2 0.0999999
v -1 2 0.0999999
v -1 2.1 0.0999999
v -1 2.3 0.0999999
v -1 2.5 0.0999999
v -0.9 0.7 0.0999999
v -0.9 0.8 0.0999999
v -0.9 1.1 0.0999999
v -0.9 1.2 0.0999999
v -0.9 2 0.0999999
v -0.9 2.1 0.0999999
v -0.9 2.3 0.0999999
v -0.9 2.5 0.0999999
v -0.8 2.8 0.0999999
v -0.8 2.9 0.0999999
v -0.7 2.8 0.0999999
v -0.7 2.9 0.0999999
v -0.7 3 0.0999999
v -0.6 2.9 0.0999999
v -0.6 3 0.0999999
v -0.6 3.1 0.0999999
v -0.5 3 0.0999999
v -0.5 3.1 0.0999999
v -0.4 3.1 0.0999999
v -0.4 3.2 0.0999999
v -0.3 3.1 0.0999999
v -0.3 3.2 0.0999999
v 0.1 3.3 0.0999999
v 0.1 3.4 0.0999999
v 0.2 3.2 0.0999999
v 0.2 3.3 0.0999999
v 0.2 3.4 0.0999999
v 0.3 3.1 0.0999999
v 0.3 3.2 0.0999999
v 0.3 3.3 0.0999999
v 0.4 3.1 0.0999999
v 0.4 3.2 0.0999999
v 0.5 3 0.0999999
v 0.5 3.1 0.0999999
v 0.6 2.9 0.0999999
v 0.6 3 0.0999999
v 0.6 3.1 0.0999999
v 0.7 2.8 0.0999999
v 0.7 2.9 0.0999999
v 0.7 3 0.0999999
v 0.8 2.8 0.0999999
v 0.8 2.9 0.0999999
v 0.9 0.9 0.0999999
v 0.9 1 0.0999999
v 0.9 2.2 0.0999999
v 0.9 2.3 0.0999999
v 1 0.9 0.0999999
v 1 1 0.0999999
v 1 2.2 0.0999999
v 1 2.3 0.0999999
v -1 1.9 -1.19209e-07
v -1 2 -1.19209e-07
v -0.9 1.9 -1.19209e-07
v -0.9 2 -1.19209e-07
v 0.4 3.1 -1.19209e-07
v 0.4 3.2 -1.19209e-07
v 0.5 3.1 -1.19209e-07
v 0.5 3.2 -1.19209e-07
v 0.9 0.8 -1.19209e-07
v 0.9 0.9 -1.19209e-07
v 0.9 1.3 -1.19209e-07
v 0.9 1.4 -1.19209e-07
v 1 0.8 -1.19209e-07
v 1 0.9 -1.19209e-07
v 1 1.3 -1.19209e-07
v 1 1.4 -1.19209e-07
v -1 0.8 -0.1
v -1 0.9 -0.1
v -1 1.8 -0.1
v -1 1.9 -0.1
v -0.9 0.8 -0.1
v -0.9 0.9 -0.1
v -0.9 1.8 -0.1
v -0.9 1.9 -0.1
v 0.9 2.1 -0.1
v 0.9 2.2 -0.1
v 1 2.1 -0.1
v 1 2.2 -0.1
v -1 0.9 -0.2
v -1 1 -0.2
v -1 1.7 -0.2
v -1 1.8 -0.2
v -0.9 0.9 -0.2
v -0.9 1 -0.2
v -0.9 1.7 -0.2
v -0.9 1.8 -0.2
v 0.9 0.2 -0.2
v 0.9 0.3 -0.2
v 0.9 1 -0.2
v 0.9 1.3 -0.2
v 1 0.2 -0.2
v 1 0.3 -0.2
v 1 1 -0.2
v 1 1.3 -0.2
v -0.6 1.4 -0.6
v -0.6 1.5 -0.6
v -0.5 1.4 -0.6
v -0.5 1.5 -0.6
v 0.7 2.2 -0.6
v 0.7 2.3 -0.6
v 0.8 2.2 -0.6
v 0.8 2.3 -0.6
v -0.4 1.2 -0.8
v -0.4 1.3 -0.8
v -0.3 1.2 -0.8
v -0.3 1.3 -0.8
v -0.5 1.9 0.9
v -0.5 2 0.9
v -0.4 1.9 0.9
v -0.4 2 0.9
v 0.7 0.3 0.6
v 0.7 0.4 0.6
v 0.7 0.9 0.6
v 0.7 1 0.6
v 0.7 1.9 0.6
v 0.7 2 0.6
v 0.8 0.3 0.6
v 0.8 0.4 0.6
v 0.8 0.9 0.6
v 0.8 1 0.6
v 0.8 1.9 0.6
v 0.8 2 0.6
v -0.8 0.6 0.5
v -0.8 0.7 0.5
v -0.8 2.1 0.5
v -0.8 2.7 0.5
v -0.7 0.6 0.5
v -0.7 0.7 0.5
v -0.7 2.2 0.5
v -0.7 2.7 0.5
v -0.6 2.1 0.5
v -0.6 2.2 0.5
v -1 0.7 0.2
v -1 0.9 0.2
v -1 2.3 0.2
v -1 2.4 0.2
v -0.9 0.7 0.2
v -0.9 0.9 0.2
v -0.9 2.3 0.2
v -0.9 2.4 0.2
v 0.9 0.8 0.2
v 0.9 0.9 0.2
v 0.9 1 0.2
v 1 0.8 0.2
v 1 1 0.2
v -1 1.9 0.0999999
v -1 2 0.0999999
v -0.9 1.9 0.0999999
v -0.9 2 0.0999999
v 0.9 1.3 0.0999999
v 0.9 1.4 0.0999999
v 1 1.3 0.0999999
v 1 1.4 0.0999999
v -1 1.8 -1.19209e-07
v -1 1.9 -1.19209e-07
v -0.9 1.8 -1.19209e-07
v -0.9 1.9 -1.19209e-07
v -0.4 3.1 -1.19209e-07
v -0.4 3.2 -1.19209e-07
v -0.3 3.1 -1.19209e-07
v -0.3 3.2 -1.19209e-07
v -0.2 3.2 -1.19209e-07
v -0.2 3.3 -1.19209e-07
v -0.0999999 3.2 -1.19209e-07
v -0.0999999 3.3 -1.19209e-07
v -0.0999999 3.4 -1.19209e-07
v 1.19209e-07 3.3 -1.19209e-07
v 0.1 3.3 -1.19209e-07
v 0.2 3.3 -1.19209e-07
v 0.2 3.4 -1.19209e-07
v 0.9 2.1 -1.19209e-07
v 0.9 2.2 -1.19209e-07
v 1 2.1 -1.19209e-07
v 1 2.2 -1.19209e-07
v -1 0.9 -0.1
v -1 1 -0.1
v -1 1.7 -0.1
v -1 1.8 -0.1
v -0.9 0.9 -0.1
v -0.9 1 -0.1
v -0.9 1.7 -0.1
v -0.9 1.8 -0.1
v -0.7 2.9 -0.1
v -0.7 3 -0.1
v -0.6 3 -0.1
v -0.6 3.1 -0.1
v -0.5 2.9 -0.1
v -0.5 3 -0.1
v -0.4 3 -0.1
v -0.4 3.1 -0.1
v -0.3 3.1 -0.1
v -0.3 3.2 -0.1
v -0.2 3.1 -0.1
v -0.2 3.2 -0.1
v -0.0999999 3.2 -0.1
v -0.0999999 3.3 -0.1
v 1.19209e-07 3.2 -0.1
v 1.19209e-07 3.3 -0.1
v 0.1 3.2 -0.1
v 0.1 3.3 -0.1
v 0.2 3.2 -0.1
v 0.2 3.3 -0.1
v 0.3 3.2 -0.1
v 0.3 3.3 -0.1
v 0.4 3.1 -0.1
v 0.4 3.2 -0.1
v 0.5 3 -0.1
v 0.5 3.1 -0.1
v 0.5 3.2 -0.1
v 0.6 2.9 -0.1
v 0.6 3 -0.1
v 0.6 3.1 -0.1
v 0.7 2.8 -0.1
v 0.7 2.9 -0.1
v 0.7 3 -0.1
v 0.8 2.8 -0.1
v 0.8 2.9 -0.1
v 0.9 0.2 -0.1
v 0.9 0.3 -0.1
v 0.9 1 -0.1
v 0.9 1.3 -0.1
v 1 0.2 -0.1
v 1 0.3 -0.1
v 1 1 -0.1
v 1 1.3 -0.1
v -1 1.6 -0.2
v -1 1.7 -0.2
v -0.9 1.6 -0.2
v -0.9 1.7 -0.2
v -0.9 2.7 -0.2
v -0.9 2.8 -0.2
v -0.8 2.7 -0.2
v -0.8 2.8 -0.2
v -0.8 2.9 -0.2
v -0.6 2.8 -0.2
v -0.6 2.9 -0.2
v -0.5 2.9 -0.2
v -0.5 3 -0.2
v -0.4 2.9 -0.2
v -0.4 3 -0.2
v -0.4 3.1 -0.2
v -0.3 3 -0.2
v -0.3 3.1 -0.2
v -0.2 3.1 -0.2
v -0.2 3.2 -0.2
v 0.1 3.1 -0.2
v 0.1 3.2 -0.2
v 0.2 3.1 -0.2
v 0.2 3.2 -0.2
v 0.4 3 -0.2
v 0.4 3.1 -0.2
v 0.4 3.2 -0.2
v 0.5 2.9 -0.2
v 0.5 3 -0.2
v 0.5 3.1 -0.2
v 0.6 2.8 -0.2
v 0.6 2.9 -0.2
v 0.6 3 -0.2
v 0.7 2.8 -0.2
v 0.7 2.9 -0.2
v 0.8 2.7 -0.2
v 0.8 2.8 -0.2
v 0.9 0.3 -0.2
v 0.9 0.6 -0.2
v 0.9 1.3 -0.2
v 0.9 1.4 -0.2
v 0.9 2.5 -0.2
v 0.9 2.6 -0.2
v 0.9 2.7 -0.2
v 0.9 2.8 -0.2
v 1 0.3 -0.2
v 1 0.6 -0.2
v 1 1.3 -0.2
v 1 1.4 -0.2
v 1 2.5 -0.2
v 1 2.6 -0.2
v -1 0 -0.3
v -1 1.6 -0.3
v -1 1.7 -0.3
v -1 2.7 -0.3
v -0.9 1.6 -0.3
v -0.9 1.7 -0.3
v -0.8 0 -0.3
v -0.8 0.6 -0.3
v -0.8 0.7 -0.3
v -0.8 1.5 -0.3
v -0.8 1.7 -0.3
v -0.8 2.7 -0.3
v -0.8 2.8 -0.3
v -0.7 0.6 -0.3
v -0.7 0.7 -0.3
v -0.7 1.5 -0.3
v -0.7 1.7 -0.3
v -0.7 2.7 -0.3
v -0.7 2.8 -0.3
v -0.6 2.8 -0.3
v -0.6 2.9 -0.3
v -0.5 2.8 -0.3
v -0.5 2.9 -0.3
v -0.4 2.9 -0.3
v -0.4 3 -0.3
v -0.3 2.9 -0.3
v -0.3 3 -0.3
v -0.3 3.1 -0.3
v 1.19209e-07 3 -0.3
v 1.19209e-07 3.1 -0.3
v 0.1 3.1 -0.3
v 0.1 3.2 -0.3
v 0.2 3.1 -0.3
v 0.2 3.2 -0.3
v 0.3 3 -0.3
v 0.3 3.1 -0.3
v 0.4 3 -0.3
v 0.4 3.1 -0.3
v 0.7 2.7 -0.3
v 0.7 2.8 -0.3
v 0.8 1 -0.3
v 0.8 1.1 -0.3
v 0.8 2.7 -0.3
v 0.8 2.8 -0.3
v 0.9 0 -0.3
v 0.9 0.3 -0.3
v 0.9 0.6 -0.3
v 0.9 1 -0.3
v 0.9 1.1 -0.3
v 0.9 1.3 -0.3
v 0.9 1.4 -0.3
v 0.9 2.5 -0.3
v 0.9 2.6 -0.3
v 0.9 2.7 -0.3
v 1 0 -0.3
v 1 0.3 -0.3
v 1 0.6 -0.3
v 1 1.3 -0.3
v 1 1.4 -0.3
v 1 2.5 -0.3
v 1 2.6 -0.3
v 1 2.7 -0.3
v -0.8 0 -0.4
v -0.8 0.6 -0.4
v -0.8 0.7 -0.4
v -0.8 1.5 -0.4
v -0.8 1.7 -0.4
v -0.8 2.7 -0.4
v -0.7 0 -0.4
v -0.7 0.5 -0.4
v -0.7 0.6 -0.4
v -0.7 0.7 -0.4
v -0.7 1.4 -0.4
v -0.7 1.5 -0.4
v -0.7 1.6 -0.4
v -0.7 1.7 -0.4
v -0.7 2.7 -0.4
v -0.7 2.8 -0.4
v -0.6 0.5 -0.4
v -0.6 0.7 -0.4
v -0.6 1.4 -0.4
v -0.6 1.6 -0.4
v -0.6 2.7 -0.4
v -0.6 2.8 -0.4
v -0.5 2.8 -0.4
v -0.5 2.9 -0.4
v -0.4 2.8 -0.4
v -0.4 2.9 -0.4
v -0.3 2.9 -0.4
v -0.3 3 -0.4
v -0.0999999 2.9 -0.4
v -0.0999999 3 -0.4
v 1.19209e-07 3 -0.4
v 1.19209e-07 3.1 -0.4
v 0.3 3 -0.4
v 0.3 3.1 -0.4
v 0.4 2.9 -0.4
v 0.4 3 -0.4
v 0.5 2.9 -0.4
v 0.5 3 -0.4
v 0.8 0.9 -0.4
v 0.8 1 -0.4
v 0.8 1.1 -0.4
v 0.8 1.2 -0.4
v 0.8 1.6 -0.4
v 0.8 1.8 -0.4
v 0.9 0.9 -0.4
v 0.9 1 -0.4
v 0.9 1.1 -0.4
v 0.9 1.2 -0.4
v 0.9 1.6 -0.4
v 0.9 1.8 -0.4
v -0.7 0 -0.5
v -0.7 0.5 -0.5
v -0.7 0.7 -0.5
v -0.7 1.4 -0.5
v -0.7 1.6 -0.5
v -0.7 2.7 -0.5
v -0.6 0 -0.5
v -0.6 0.5 -0.5
v -0.6 0.6 -0.5
v -0.6 0.7 -0.5
v -0.6 1.4 -0.5
v -0.6 1.5 -0.5
v -0.6 1.6 -0.5
v -0.6 2.7 -0.5
v -0.6 2.8 -0.5
v -0.5 0.5 -0.5
v -0.5 0.6 -0.5
v -0.5 1.4 -0.5
v -0.5 1.5 -0.5
v -0.5 2.7 -0.5
v -0.5 2.8 -0.5
v -0.4 2.8 -0.5
v -0.4 2.9 -0.5
v -0.2 2.8 -0.5
v -0.2 2.9 -0.5
v 0.2 2.9 -0.5
v 0.2 3 -0.5
v 0.4 2.8 -0.5
v 0.4 2.9 -0.5
v 0.4 3 -0.5
v 0.6 2.8 -0.5
v 0.6 2.9 -0.5
v 0.7 2.2 -0.5
v 0.7 2.3 -0.5
v 0.8 0 -0.5
v 0.8 0.9 -0.5
v 0.8 1.2 -0.5
v 0.8 1.6 -0.5
v 0.8 1.8 -0.5
v 0.8 2.2 -0.5
v 0.8 2.3 -0.5
v 0.8 2.7 -0.5
v 0.9 0 -0.5
v 0.9 0.9 -0.5
v 0.9 1.2 -0.5
v 0.9 1.6 -0.5
v 0.9 1.8 -0.5
v 0.9 2.7 -0.5
v -0.6 1.2 -0.6
v -0.6 1.4 -0.6
v -0.6 2.1 -0.6
v -0.6 2.3 -0.6
v -0.5 0.5 -0.6
v -0.5 0.6 -0.6
v -0.5 1.2 -0.6
v -0.5 1.4 -0.6
v -0.5 2 -0.6
v -0.5 2.1 -0.6
v -0.5 2.2 -0.6
v -0.5 2.3 -0.6
v -0.5 2.7 -0.6
v -0.5 2.8 -0.6
v -0.4 0.5 -0.6
v -0.4 0.6 -0.6
v -0.4 2 -0.6
v -0.4 2.2 -0.6
v -0.3 2.7 -0.6
v -0.3 2.8 -0.6
v -0.0999999 2.9 -0.6
v -0.0999999 3 -0.6
v 0.2 2.8 -0.6
v 0.2 2.9 -0.6
v 0.2 3 -0.6
v 0.4 2.8 -0.6
v 0.4 2.9 -0.6
v 0.5 2.7 -0.6
v 0.5 2.8 -0.6
v 0.6 0.4 -0.6
v 0.6 0.5 -0.6
v 0.7 2.7 -0.6
v 0.7 2.8 -0.6
v 0.8 0.4 -0.6
v 0.8 0.5 -0.6
v -0.6 0 -0.7
v -0.6 0.5 -0.7
v -0.6 0.6 -0.7
v -0.6 1.2 -0.7
v -0.6 1.4 -0.7
v -0.6 2.1 -0.7
v -0.6 2.3 -0.7
v -0.6 2.7 -0.7
v -0.5 1.2 -0.7
v -0.5 1.4 -0.7
v -0.5 2 -0.7
v -0.5 2.1 -0.7
v -0.5 2.2 -0.7
v -0.5 2.3 -0.7
v -0.4 0 -0.7
v -0.4 0.5 -0.7
v -0.4 0.6 -0.7
v -0.4 1.2 -0.7
v -0.4 1.3 -0.7
v -0.4 2 -0.7
v -0.4 2.2 -0.7
v -0.4 2.7 -0.7
v -0.3 0.5 -0.7
v -0.3 0.6 -0.7
v -0.3 1.2 -0.7
v -0.3 1.3 -0.7
v -0.2 2.8 -0.7
v -0.2 2.9 -0.7
v -0.0999999 2.8 -0.7
v -0.0999999 2.9 -0.7
v 0.3 2.7 -0.7
v 0.3 2.8 -0.7
v 0.4 1.9 -0.7
v 0.4 2.1 -0.7
v 0.5 0.3 -0.7
v 0.5 0.5 -0.7
v 0.5 1.9 -0.7
v 0.5 2.1 -0.7
v 0.5 2.7 -0.7
v 0.5 2.8 -0.7
v 0.6 0 -0.7
v 0.6 0.3 -0.7
v 0.6 0.4 -0.7
v 0.6 0.5 -0.7
v 0.6 2.7 -0.7
v 0.8 0 -0.7
v 0.8 0.4 -0.7
v 0.8 0.5 -0.7
v 0.8 2.7 -0.7
v -0.4 1 -0.8
v -0.4 1.2 -0.8
v -0.4 2 -0.8
v -0.4 2.2 -0.8
v -0.3 1 -0.8
v -0.3 1.2 -0.8
v -0.3 2 -0.8
v -0.3 2.2 -0.8
v -0.3 2.7 -0.8
v -0.3 2.8 -0.8
v -0.2 2.7 -0.8
v -0.2 2.8 -0.8
v -0.0999999 2.8 -0.8
v -0.0999999 2.9 -0.8
v 0.2 2.8 -0.8
v 0.2 2.9 -0.8
v 0.3 1.2 -0.8
v 0.3 1.4 -0.8
v 0.3 1.6 -0.8
v 0.3 2 -0.8
v 0.4 0 -0.8
v 0.4 1.2 -0.8
v 0.4 1.4 -0.8
v 0.4 1.6 -0.8
v 0.4 1.9 -0.8
v 0.4 2 -0.8
v 0.4 2.1 -0.8
v 0.4 2.7 -0.8
v 0.5 0.3 -0.8
v 0.5 0.5 -0.8
v 0.5 1.9 -0.8
v 0.5 2.1 -0.8
v 0.6 0 -0.8
v 0.6 0.3 -0.8
v 0.6 0.5 -0.8
v 0.6 2.7 -0.8
v -0.4 0 -0.9
v -0.4 0.5 -0.9
v -0.4 0.6 -0.9
v -0.4 1 -0.9
v -0.4 1.2 -0.9
v -0.4 2 -0.9
v -0.4 2.2 -0.9
v -0.4 2.7 -0.9
v -0.3 0 -0.9
v -0.3 0.5 -0.9
v -0.3 0.6 -0.9
v -0.3 0.9 -0.9
v -0.3 1 -0.9
v -0.3 1.1 -0.9
v -0.3 1.2 -0.9
v -0.3 1.8 -0.9
v -0.3 2 -0.9
v -0.3 2.1 -0.9
v -0.3 2.2 -0.9
v -0.3 2.4 -0.9
v -0.3 2.5 -0.9
v -0.3 2.7 -0.9
v -0.2 0.9 -0.9
v -0.2 1.1 -0.9
v -0.2 1.8 -0.9
v -0.2 2.1 -0.9
v -0.2 2.7 -0.9
v -0.2 2.8 -0.9
v -0.0999999 2.3 -0.9
v -0.0999999 2.4 -0.9
v 1.19209e-07 0.7 -0.9
v 1.19209e-07 0.8 -0.9
v 1.19209e-07 2.4 -0.9
v 1.19209e-07 2.5 -0.9
v 0.1 0.8 -0.9
v 0.1 0.9 -0.9
v 0.1 1.1 -0.9
v 0.1 1.2 -0.9
v 0.1 2.3 -0.9
v 0.1 2.4 -0.9
v 0.2 0.7 -0.9
v 0.2 0.9 -0.9
v 0.2 1.1 -0.9
v 0.2 1.2 -0.9
v 0.2 1.3 -0.9
v 0.3 0 -0.9
v 0.3 1.2 -0.9
v 0.3 1.3 -0.9
v 0.3 1.4 -0.9
v 0.3 1.6 -0.9
v 0.3 2 -0.9
v 0.3 2.7 -0.9
v 0.3 2.8 -0.9
v 0.4 0 -0.9
v 0.4 1.2 -0.9
v 0.4 1.4 -0.9
v 0.4 1.6 -0.9
v 0.4 2 -0.9
v 0.4 2.7 -0.9
v -0.3 0 -1
v -0.3 0.9 -1
v -0.3 1.1 -1
v -0.3 1.8 -1
v -0.3 2.1 -1
v -0.3 2.4 -1
v -0.3 2.5 -1
v -0.3 2.7 -1
v -0.2 0.9 -1
v -0.2 1.1 -1
v -0.2 1.8 -1
v -0.2 2.1 -1
v -0.0999999 2.3 -1
v -0.0999999 2.4 -1
v 1.19209e-07 0.7 -1
v 1.19209e-07 0.8 -1
v 1.19209e-07 2.4 -1
v 1.19209e-07 2.5 -1
v 0.1 0.8 -1
v 0.1 0.9 -1
v 0.1 1.1 -1
v 0.1 1.2 -1
v 0.1 2.3 -1
v 0.1 2.4 -1
v 0.2 0.7 -1
v 0.2 0.9 -1
v 0.2 1.1 -1
v 0.2 1.2 -1
v 0.2 1.3 -1
v 0.3 0 -1
v 0.3 1.2 -1
v 0.3 1.3 -1
v 0.3 2.7 -1
v -0.0999999 0 1
v 0.3 0 1
v -0.5 0 0.9
v -0.3 0 0.9
v -0.2 0 0.9
v -0.0999999 0 0.9
v -0.7 0 0.8
v -0.6 0 0.8
v -0.5 0 0.8
v -0.3 0 0.8
v -0.2 0 0.8
v -0.0999999 0 0.8
v 0.3 0 0.8
v 0.5 0 0.8
v -0.6 0 0.7
v -0.5 0 0.7
v 0.5 0 0.7
v 0.8 0 0.7
v -0.8 0 0.6
v -0.7 0 0.6
v 0.8 0 0.5
v 0.9 0 0.5
v -0.9 0 0.4
v -0.8 0 0.4
v -1 0 0.3
v -0.9 0 0.3
v 0.9 0 0.3
v 1 0 0.3
v 0.9 0 0.0999999
v 1 0 0.0999999
v 0.9 0 -1.19209e-07
v 1 0 -1.19209e-07
v -1 0 -0.3
v -0.8 0 -0.3
v 0.9 0 -0.3
v 1 0 -0.3
v -0.8 0 -0.4
v -0.7 0 -0.4
v -0.7 0 -0.5
v -0.6 0 -0.5
v 0.8 0 -0.5
v 0.9 0 -0.5
v -0.6 0 -0.7
v -0.4 0 -0.7
v 0.6 0 -0.7
v 0.8 0 -0.7
v 0.4 0 -0.8
v 0.6 0 -0.8
v -0.4 0 -0.9
v -0.3 0 -0.9
v 0.3 0 -0.9
v 0.4 0 -0.9
v -0.3 0 -1
v 0.3 0 -1
v -0.3 0.1 1
v -0.2 0.1 1
v -0.3 0.1 0.9
v -0.2 0.1 0.9
v -0.4 0.2 1
v -0.3 0.2 1
v 1.19209e-07 0.2 1
v 0.1 0.2 1
v 0.2 0.2 1
v -0.4 0.2 0.9
v -0.3 0.2 0.9
v 1.19209e-07 0.2 0.9
v 0.1 0.2 0.9
v 0.2 0.2 0.9
v -0.5 0.3 1
v -0.4 0.3 1
v 0.2 0.3 1
v 0.3 0.3 1
v -0.5 0.3 0.9
v -0.4 0.3 0.9
v 0.2 0.3 0.9
v 0.3 0.3 0.9
v -0.6 0.3 0.8
v -0.5 0.3 0.8
v -0.6 0.3 0.7
v -0.5 0.3 0.7
v 0.9 0.3 -0.1
v 1 0.3 -0.1
v 0.9 0.3 -0.2
v 1 0.3 -0.2
v -0.0999999 0.4 1
v 1.19209e-07 0.4 1
v -0.0999999 0.4 0.9
v 1.19209e-07 0.4 0.9
v 0.9 0.4 0.3
v 1 0.4 0.3
v 0.9 0.4 0.2
v 1 0.4 0.2
v -0.3 0.5 1
v -0.2 0.5 1
v 1.19209e-07 0.5 1
v 0.1 0.5 1
v -0.3 0.5 0.9
v -0.2 0.5 0.9
v 1.19209e-07 0.5 0.9
v 0.1 0.5 0.9
v 0.7 0.5 0.6
v 0.8 0.5 0.6
v 0.7 0.5 0.5
v 0.8 0.5 0.5
v 0.6 0.5 -0.6
v 0.8 0.5 -0.6
v 0.5 0.5 -0.7
v 0.6 0.5 -0.7
v 0.8 0.5 -0.7
v 0.5 0.5 -0.8
v 0.6 0.5 -0.8
v -0.4 0.6 1
v -0.3 0.6 1
v -0.4 0.6 0.9
v -0.3 0.6 0.9
v 0.7 0.6 0.7
v 0.8 0.6 0.7
v -0.8 0.6 0.6
v -0.7 0.6 0.6
v 0.7 0.6 0.6
v 0.8 0.6 0.6
v -0.8 0.6 0.5
v -0.7 0.6 0.5
v 0.9 0.6 -0.2
v 1 0.6 -0.2
v 0.9 0.6 -0.3
v 1 0.6 -0.3
v -0.6 0.6 -0.5
v -0.5 0.6 -0.5
v -0.5 0.6 -0.6
v -0.4 0.6 -0.6
v -0.6 0.6 -0.7
v -0.4 0.6 -0.7
v -0.3 0.6 -0.7
v -0.4 0.6 -0.9
v -0.3 0.6 -0.9
v -0.8 0.7 0.5
v -0.7 0.7 0.5
v -0.8 0.7 0.4
v -0.7 0.7 0.4
v -0.8 0.7 -0.3
v -0.7 0.7 -0.3
v -0.8 0.7 -0.4
v -0.7 0.7 -0.4
v -0.6 0.7 -0.4
v -0.7 0.7 -0.5
v -0.6 0.7 -0.5
v 0.1 0.8 1
v 0.2 0.8 1
v 0.1 0.8 0.9
v 0.2 0.8 0.9
v 1.19209e-07 0.8 -0.9
v 0.1 0.8 -0.9
v 1.19209e-07 0.8 -1
v 0.1 0.8 -1
v -0.3 0.9 1
v -0.2 0.9 1
v 1.19209e-07 0.9 1
v 0.1 0.9 1
v -0.3 0.9 0.9
v -0.2 0.9 0.9
v 1.19209e-07 0.9 0.9
v 0.1 0.9 0.9
v -1 0.9 0.2
v -0.9 0.9 0.2
v 0.9 0.9 0.0999999
v 1 0.9 0.0999999
v 0.9 0.9 -1.19209e-07
v 1 0.9 -1.19209e-07
v -1 0.9 -0.1
v -0.9 0.9 -0.1
v 0.1 0.9 -0.9
v 0.2 0.9 -0.9
v 0.1 0.9 -1
v 0.2 0.9 -1
v -0.0999999 1 0.9
v 1.19209e-07 1 0.9
v -0.0999999 1 0.8
v 1.19209e-07 1 0.8
v 0.7 1 0.6
v 0.8 1 0.6
v 0.7 1 0.5
v 0.8 1 0.5
v 0.9 1 0.2
v 1 1 0.2
v 0.9 1 0.0999999
v 1 1 0.0999999
v -1 1 -0.1
v -0.9 1 -0.1
v -1 1 -0.2
v -0.9 1 -0.2
v -0.0999999 1.1 1
v 1.19209e-07 1.1 1
v -0.0999999 1.1 0.9
v 1.19209e-07 1.1 0.9
v 0.8 1.1 -0.3
v 0.9 1.1 -0.3
v 0.8 1.1 -0.4
v 0.9 1.1 -0.4
v -0.3 1.1 -0.9
v -0.2 1.1 -0.9
v -0.3 1.1 -1
v -0.2 1.1 -1
v -0.5 1.2 1
v -0.3 1.2 1
v 1.19209e-07 1.2 1
v 0.1 1.2 1
v -0.5 1.2 0.9
v -0.4 1.2 0.9
v -0.3 1.2 0.9
v 1.19209e-07 1.2 0.9
v 0.1 1.2 0.9
v -1 1.2 0.3
v -0.9 1.2 0.3
v -1 1.2 0.0999999
v -0.9 1.2 0.0999999
v 0.8 1.2 -0.4
v 0.9 1.2 -0.4
v 0.8 1.2 -0.5
v 0.9 1.2 -0.5
v -0.4 1.2 -0.8
v -0.3 1.2 -0.8
v -0.4 1.2 -0.9
v -0.3 1.2 -0.9
v 0.1 1.2 -0.9
v 0.2 1.2 -0.9
v 0.1 1.2 -1
v 0.2 1.2 -1
v -0.3 1.3 1
v -0.2 1.3 1
v 0.1 1.3 1
v 0.2 1.3 1
v -0.3 1.3 0.9
v -0.2 1.3 0.9
v 0.1 1.3 0.9
v 0.2 1.3 0.9
v -0.8 1.3 0.5
v -0.7 1.3 0.5
v 0.8 1.3 0.5
v 0.9 1.3 0.5
v -0.9 1.3 0.4
v -0.8 1.3 0.4
v -0.7 1.3 0.4
v 0.8 1.3 0.4
v 0.9 1.3 0.4
v -0.9 1.3 0.3
v -0.8 1.3 0.3
v 0.9 1.3 -0.1
v 1 1.3 -0.1
v 0.9 1.3 -0.2
v 1 1.3 -0.2
v -0.4 1.3 -0.7
v -0.3 1.3 -0.7
v -0.4 1.3 -0.8
v -0.3 1.3 -0.8
v 0.2 1.3 -0.9
v 0.3 1.3 -0.9
v 0.2 1.3 -1
v 0.3 1.3 -1
v -0.0999999 1.4 1
v 1.19209e-07 1.4 1
v -0.0999999 1.4 0.9
v 1.19209e-07 1.4 0.9
v -0.8 1.4 0.6
v -0.7 1.4 0.6
v -0.8 1.4 0.5
v -0.7 1.4 0.5
v 0.9 1.4 0.0999999
v 1 1.4 0.0999999
v 0.9 1.4 -1.19209e-07
v 1 1.4 -1.19209e-07
v 0.9 1.4 -0.2
v 1 1.4 -0.2
v 0.9 1.4 -0.3
v 1 1.4 -0.3
v -0.6 1.4 -0.6
v -0.5 1.4 -0.6
v -0.6 1.4 -0.7
v -0.5 1.4 -0.7
v 0.3 1.4 -0.8
v 0.4 1.4 -0.8
v 0.3 1.4 -0.9
v 0.4 1.4 -0.9
v 1.19209e-07 1.5 1
v 0.1 1.5 1
v 1.19209e-07 1.5 0.9
v 0.1 1.5 0.9
v -0.6 1.5 -0.5
v -0.5 1.5 -0.5
v -0.6 1.5 -0.6
v -0.5 1.5 -0.6
v -0.7 1.6 -0.4
v -0.6 1.6 -0.4
v -0.7 1.6 -0.5
v -0.6 1.6 -0.5
v 0.6 1.7 0.7
v 0.7 1.7 0.7
v 0.6 1.7 0.6
v 0.7 1.7 0.6
v 0.9 1.7 0.3
v 1 1.7 0.3
v 0.9 1.7 0.2
v 1 1.7 0.2
v -1 1.7 -0.2
v -0.9 1.7 -0.2
v -1 1.7 -0.3
v -0.9 1.7 -0.3
v -0.8 1.7 -0.3
v -0.7 1.7 -0.3
v -0.8 1.7 -0.4
v -0.7 1.7 -0.4
v -0.4 1.8 1
v -0.3 1.8 1
v -0.2 1.8 1
v -0.4 1.8 0.9
v -0.3 1.8 0.9
v -0.2 1.8 0.9
v -1 1.8 -0.1
v -0.9 1.8 -0.1
v -1 1.8 -0.2
v -0.9 1.8 -0.2
v 0.8 1.8 -0.4
v 0.9 1.8 -0.4
v 0.8 1.8 -0.5
v 0.9 1.8 -0.5
v -0.5 1.9 1
v -0.4 1.9 1
v -0.5 1.9 0.9
v -0.4 1.9 0.9
v 0.7 1.9 0.7
v 0.8 1.9 0.7
v 0.7 1.9 0.6
v 0.8 1.9 0.6
v -1 1.9 -1.19209e-07
v -0.9 1.9 -1.19209e-07
v -1 1.9 -0.1
v -0.9 1.9 -0.1
v -0.5 2 0.9
v -0.4 2 0.9
v -0.6 2 0.8
v -0.5 2 0.8
v -0.4 2 0.8
v -0.6 2 0.7
v -0.5 2 0.7
v 0.7 2 0.6
v 0.8 2 0.6
v 0.7 2 0.5
v 0.8 2 0.5
v -1 2 0.0999999
v -0.9 2 0.0999999
v -1 2 -1.19209e-07
v -0.9 2 -1.19209e-07
v 0.3 2 -0.8
v 0.4 2 -0.8
v 0.3 2 -0.9
v 0.4 2 -0.9
v 0.1 2.1 1
v 0.2 2.1 1
v 0.1 2.1 0.9
v 0.2 2.1 0.9
v 0.8 2.1 0.5
v 0.9 2.1 0.5
v 0.8 2.1 0.4
v 0.9 2.1 0.4
v -1 2.1 0.2
v -0.9 2.1 0.2
v -1 2.1 0.0999999
v -0.9 2.1 0.0999999
v 0.4 2.1 -0.7
v 0.5 2.1 -0.7
v 0.4 2.1 -0.8
v 0.5 2.1 -0.8
v -0.3 2.1 -0.9
v -0.2 2.1 -0.9
v -0.3 2.1 -1
v -0.2 2.1 -1
v 1.19209e-07 2.2 1
v 0.1 2.2 1
v 1.19209e-07 2.2 0.9
v 0.1 2.2 0.9
v -0.7 2.2 0.8
v -0.6 2.2 0.8
v 0.3 2.2 0.8
v 0.4 2.2 0.8
v -0.7 2.2 0.7
v -0.6 2.2 0.7
v 0.3 2.2 0.7
v 0.4 2.2 0.7
v -0.7 2.2 0.6
v -0.6 2.2 0.6
v -0.7 2.2 0.5
v -0.6 2.2 0.5
v -0.9 2.2 0.4
v -0.8 2.2 0.4
v -0.7 2.2 0.4
v -0.6 2.2 0.4
v -1 2.2 0.3
v -0.9 2.2 0.3
v -0.8 2.2 0.3
v -1 2.2 0.2
v -0.9 2.2 0.2
v 0.9 2.2 -1.19209e-07
v 1 2.2 -1.19209e-07
v 0.9 2.2 -0.1
v 1 2.2 -0.1
v -0.5 2.2 -0.6
v -0.4 2.2 -0.6
v -0.5 2.2 -0.7
v -0.4 2.2 -0.7
v -0.4 2.2 -0.8
v -0.3 2.2 -0.8
v -0.4 2.2 -0.9
v -0.3 2.2 -0.9
v 0.9 2.3 0.3
v 1 2.3 0.3
v 0.9 2.3 0.0999999
v 1 2.3 0.0999999
v 0.7 2.3 -0.5
v 0.8 2.3 -0.5
v -0.6 2.3 -0.6
v -0.5 2.3 -0.6
v 0.7 2.3 -0.6
v 0.8 2.3 -0.6
v -0.6 2.3 -0.7
v -0.5 2.3 -0.7
v 0.4 2.4 0.8
v 0.5 2.4 0.8
v 0.4 2.4 0.7
v 0.5 2.4 0.7
v 1.19209e-07 2.4 -0.9
v 0.1 2.4 -0.9
v 1.19209e-07 2.4 -1
v 0.1 2.4 -1
v -0.0999999 2.5 1
v 1.19209e-07 2.5 1
v -0.0999999 2.5 0.9
v 1.19209e-07 2.5 0.9
v -0.9 2.5 0.4
v -0.8 2.5 0.4
v -1 2.5 0.3
v -0.9 2.5 0.3
v -0.8 2.5 0.3
v -1 2.5 0.0999999
v -0.9 2.5 0.0999999
v -0.3 2.5 -0.9
v 1.19209e-07 2.5 -0.9
v -0.3 2.5 -1
v 1.19209e-07 2.5 -1
v 1.19209e-07 2.6 1
v 0.1 2.6 1
v 1.19209e-07 2.6 0.9
v 0.1 2.6 0.9
v 0.5 2.6 0.7
v 0.7 2.6 0.7
v 0.5 2.6 0.6
v 0.6 2.6 0.6
v 0.7 2.6 0.6
v 0.9 2.6 -0.2
v 1 2.6 -0.2
v 0.9 2.6 -0.3
v 1 2.6 -0.3
v 1.19209e-07 0.1 1
v 0.2 0.1 1
v 1.19209e-07 0.1 0.9
v 0.2 0.1 0.9
v 0.2 0.2 1
v 0.3 0.2 1
v 0.2 0.2 0.9
v 0.3 0.2 0.9
v -0.6 0.2 0.8
v -0.5 0.2 0.8
v -0.6 0.2 0.7
v -0.5 0.2 0.7
v 0.9 0.2 -0.1
v 1 0.2 -0.1
v 0.9 0.2 -0.2
v 1 0.2 -0.2
v -0.3 0.3 1
v -0.2 0.3 1
v -0.0999999 0.3 1
v 0.1 0.3 1
v -0.3 0.3 0.9
v -0.2 0.3 0.9
v -0.0999999 0.3 0.9
v 1.19209e-07 0.3 0.9
v 0.1 0.3 0.9
v 0.7 0.3 0.6
v 0.8 0.3 0.6
v 0.7 0.3 0.5
v 0.8 0.3 0.5
v 0.9 0.3 0.3
v 1 0.3 0.3
v 0.9 0.3 0.2
v 1 0.3 0.2
v 0.9 0.3 -0.2
v 1 0.3 -0.2
v 0.9 0.3 -0.3
v 1 0.3 -0.3
v 0.5 0.3 -0.7
v 0.6 0.3 -0.7
v 0.5 0.3 -0.8
v 0.6 0.3 -0.8
v -0.4 0.4 1
v -0.3 0.4 1
v 0.1 0.4 1
v 0.2 0.4 1
v -0.4 0.4 0.9
v -0.3 0.4 0.9
v 0.1 0.4 0.9
v 0.2 0.4 0.9
v 0.7 0.4 0.7
v 0.8 0.4 0.7
v 0.7 0.4 0.6
v 0.8 0.4 0.6
v 0.6 0.4 -0.6
v 0.8 0.4 -0.6
v 0.6 0.4 -0.7
v 0.8 0.4 -0.7
v -0.5 0.5 1
v -0.4 0.5 1
v -0.5 0.5 0.9
v -0.4 0.5 0.9
v -0.8 0.5 0.6
v -0.7 0.5 0.6
v -0.8 0.5 0.4
v -0.7 0.5 0.4
v -0.7 0.5 -0.4
v -0.6 0.5 -0.4
v -0.7 0.5 -0.5
v -0.6 0.5 -0.5
v -0.5 0.5 -0.5
v -0.5 0.5 -0.6
v -0.4 0.5 -0.6
v -0.6 0.5 -0.7
v -0.4 0.5 -0.7
v -0.3 0.5 -0.7
v -0.4 0.5 -0.9
v -0.3 0.5 -0.9
v -0.8 0.6 -0.3
v -0.7 0.6 -0.3
v -0.8 0.6 -0.4
v -0.7 0.6 -0.4
v 1.19209e-07 0.7 1
v 0.1 0.7 1
v 1.19209e-07 0.7 0.9
v 0.1 0.7 0.9
v -1 0.7 0.2
v -0.9 0.7 0.2
v -1 0.7 0.0999999
v -0.9 0.7 0.0999999
v 1.19209e-07 0.7 -0.9
v 0.2 0.7 -0.9
v 1.19209e-07 0.7 -1
v 0.2 0.7 -1
v -0.3 0.8 1
v -0.2 0.8 1
v -0.0999999 0.8 1
v 1.19209e-07 0.8 1
v -0.3 0.8 0.9
v -0.2 0.8 0.9
v -0.0999999 0.8 0.9
v 1.19209e-07 0.8 0.9
v 0.9 0.8 0.2
v 1 0.8 0.2
v -1 0.8 0.0999999
v -0.9 0.8 0.0999999
v 0.9 0.8 0.0999999
v 1 0.8 0.0999999
v 0.9 0.8 -1.19209e-07
v 1 0.8 -1.19209e-07
v -1 0.8 -0.1
v -0.9 0.8 -0.1
v -0.0999999 0.9 0.9
v 1.19209e-07 0.9 0.9
v -0.0999999 0.9 0.8
v 1.19209e-07 0.9 0.8
v 0.7 0.9 0.6
v 0.8 0.9 0.6
v 0.7 0.9 0.5
v 0.8 0.9 0.5
v 0.9 0.9 0.5
v 0.8 0.9 0.4
v 0.9 0.9 0.4
v -1 0.9 -0.1
v -0.9 0.9 -0.1
v -1 0.9 -0.2
v -0.9 0.9 -0.2
v 0.8 0.9 -0.4
v 0.9 0.9 -0.4
v 0.8 0.9 -0.5
v 0.9 0.9 -0.5
v -0.3 0.9 -0.9
v -0.2 0.9 -0.9
v -0.3 0.9 -1
v -0.2 0.9 -1
v 1.19209e-07 1 1
v 0.1 1 1
v 1.19209e-07 1 0.9
v 0.1 1 0.9
v 0.9 1 -0.1
v 1 1 -0.1
v 0.9 1 -0.2
v 1 1 -0.2
v 0.8 1 -0.3
v 0.9 1 -0.3
v 0.8 1 -0.4
v 0.9 1 -0.4
v -0.4 1 -0.8
v -0.3 1 -0.8
v -0.4 1 -0.9
v -0.3 1 -0.9
v -0.4 1.1 1
v -0.2 1.1 1
v 0.1 1.1 1
v 0.2 1.1 1
v -0.4 1.1 0.9
v -0.3 1.1 0.9
v -0.2 1.1 0.9
v 0.1 1.1 0.9
v 0.2 1.1 0.9
v -0.9 1.1 0.4
v -0.8 1.1 0.4
v -1 1.1 0.3
v -0.9 1.1 0.3
v -0.8 1.1 0.3
v -1 1.1 0.0999999
v -0.9 1.1 0.0999999
v 0.1 1.1 -0.9
v 0.2 1.1 -0.9
v 0.1 1.1 -1
v 0.2 1.1 -1
v -0.8 1.2 0.6
v -0.7 1.2 0.6
v -0.8 1.2 0.4
v -0.7 1.2 0.4
v -0.6 1.2 -0.6
v -0.5 1.2 -0.6
v -0.6 1.2 -0.7
v -0.5 1.2 -0.7
v -0.4 1.2 -0.7
v -0.3 1.2 -0.7
v -0.4 1.2 -0.8
v -0.3 1.2 -0.8
v 0.3 1.2 -0.8
v 0.4 1.2 -0.8
v 0.2 1.2 -0.9
v 0.3 1.2 -0.9
v 0.4 1.2 -0.9
v 0.2 1.2 -1
v 0.3 1.2 -1
v -0.0999999 1.3 1
v 0.1 1.3 1
v -0.0999999 1.3 0.9
v 0.1 1.3 0.9
v 0.9 1.3 0.0999999
v 1 1.3 0.0999999
v 0.9 1.3 -1.19209e-07
v 1 1.3 -1.19209e-07
v 0.9 1.3 -0.2
v 1 1.3 -0.2
v 0.9 1.3 -0.3
v 1 1.3 -0.3
v 0.1 1.4 1
v 0.2 1.4 1
v 0.1 1.4 0.9
v 0.2 1.4 0.9
v -0.7 1.4 -0.4
v -0.6 1.4 -0.4
v -0.7 1.4 -0.5
v -0.6 1.4 -0.5
v -0.5 1.4 -0.5
v -0.6 1.4 -0.6
v -0.5 1.4 -0.6
v 0.9 1.5 0.3
v 1 1.5 0.3
v 0.9 1.5 0.2
v 1 1.5 0.2
v -0.8 1.5 -0.3
v -0.7 1.5 -0.3
v -0.8 1.5 -0.4
v -0.7 1.5 -0.4
v 0.6 1.6 0.7
v 0.7 1.6 0.7
v 0.6 1.6 0.6
v 0.7 1.6 0.6
v -1 1.6 -0.2
v -0.9 1.6 -0.2
v -1 1.6 -0.3
v -0.9 1.6 -0.3
v 0.8 1.6 -0.4
v 0.9 1.6 -0.4
v 0.8 1.6 -0.5
v 0.9 1.6 -0.5
v 0.3 1.6 -0.8
v 0.4 1.6 -0.8
v 0.3 1.6 -0.9
v 0.4 1.6 -0.9
v -0.5 1.7 1
v -0.4 1.7 1
v -0.2 1.7 1
v -0.5 1.7 0.9
v -0.4 1.7 0.9
v -0.2 1.7 0.9
v 0.7 1.7 0.7
v 0.8 1.7 0.7
v 0.7 1.7 0.6
v 0.8 1.7 0.6
v -1 1.7 -0.1
v -0.9 1.7 -0.1
v -1 1.7 -0.2
v -0.9 1.7 -0.2
v -1 1.8 -1.19209e-07
v -0.9 1.8 -1.19209e-07
v -1 1.8 -0.1
v -0.9 1.8 -0.1
v -0.3 1.8 -0.9
v -0.2 1.8 -0.9
v -0.3 1.8 -1
v -0.2 1.8 -1
v -0.5 1.9 0.9
v -0.4 1.9 0.9
v -0.6 1.9 0.8
v -0.5 1.9 0.8
v -0.4 1.9 0.8
v -0.6 1.9 0.7
v -0.5 1.9 0.7
v 0.7 1.9 0.6
v 0.8 1.9 0.6
v 0.7 1.9 0.5
v 0.8 1.9 0.5
v 0.9 1.9 0.5
v 0.8 1.9 0.4
v 0.9 1.9 0.4
v -1 1.9 0.0999999
v -0.9 1.9 0.0999999
v -1 1.9 -1.19209e-07
v -0.9 1.9 -1.19209e-07
v 0.4 1.9 -0.7
v 0.5 1.9 -0.7
v 0.4 1.9 -0.8
v 0.5 1.9 -0.8
v 1.19209e-07 2 1
v 0.1 2 1
v 1.19209e-07 2 0.9
v 0.1 2 0.9
v -0.7 2 0.8
v -0.6 2 0.8
v -0.7 2 0.7
v -0.6 2 0.7
v -1 2 0.3
v -0.9 2 0.3
v -1 2 0.0999999
v -0.9 2 0.0999999
v -0.5 2 -0.6
v -0.4 2 -0.6
v -0.5 2 -0.7
v -0.4 2 -0.7
v -0.4 2 -0.8
v -0.3 2 -0.8
v -0.4 2 -0.9
v -0.3 2 -0.9
v -0.0999999 2.1 1
v 1.19209e-07 2.1 1
v -0.0999999 2.1 0.9
v 1.19209e-07 2.1 0.9
v 0.3 2.1 0.8
v 0.4 2.1 0.8
v 0.5 2.1 0.8
v -0.7 2.1 0.7
v -0.6 2.1 0.7
v 0.3 2.1 0.7
v 0.4 2.1 0.7
v 0.5 2.1 0.7
v -0.7 2.1 0.6
v -0.6 2.1 0.6
v -0.8 2.1 0.5
v -0.6 2.1 0.5
v -0.9 2.1 0.4
v -0.8 2.1 0.4
v -0.6 2.1 0.4
v -0.9 2.1 0.3
v -0.8 2.1 0.3
v 0.9 2.1 -1.19209e-07
v 1 2.1 -1.19209e-07
v 0.9 2.1 -0.1
v 1 2.1 -0.1
v -0.6 2.1 -0.6
v -0.5 2.1 -0.6
v -0.6 2.1 -0.7
v -0.5 2.1 -0.7
v 0.9 2.2 0.3
v 1 2.2 0.3
v 0.9 2.2 0.0999999
v 1 2.2 0.0999999
v 0.7 2.2 -0.5
v 0.8 2.2 -0.5
v 0.7 2.2 -0.6
v 0.8 2.2 -0.6
v 0.5 2.3 0.7
v 0.6 2.3 0.7
v 0.5 2.3 0.6
v 0.6 2.3 0.6
v -1 2.3 0.2
v -0.9 2.3 0.2
v -1 2.3 0.0999999
v -0.9 2.3 0.0999999
v -0.0999999 2.3 -0.9
v 0.1 2.3 -0.9
v -0.0999999 2.3 -1
v 0.1 2.3 -1
v -0.9 2.4 0.4
v -0.8 2.4 0.4
v -1 2.4 0.3
v -0.9 2.4 0.3
v -0.8 2.4 0.3
v -1 2.4 0.2
v -0.9 2.4 0.2
v -0.3 2.4 -0.9
v -0.0999999 2.4 -0.9
v -0.3 2.4 -1
v -0.0999999 2.4 -1
v 1.19209e-07 2.5 1
v 0.1 2.5 1
v 1.19209e-07 2.5 0.9
v 0.1 2.5 0.9
v 0.6 2.5 0.7
v 0.7 2.5 0.7
v 0.6 2.5 0.6
v 0.7 2.5 0.6
v 0.9 2.5 -0.2
v 1 2.5 -0.2
v 0.9 2.5 -0.3
v 1 2.5 -0.3
v -0.5 2.7 1
v -0.4 2.7 1
v -0.3 2.7 1
v -0.2 2.7 1
v -0.0999999 2.7 1
v 1.19209e-07 2.7 1
v 0.1 2.7 1
v 0.3 2.7 1
v -0.5 2.7 0.9
v -0.4 2.7 0.9
v -0.3 2.7 0.9
v -0.2 2.7 0.9
v -0.0999999 2.7 0.9
v 1.19209e-07 2.7 0.9
v 0.1 2.7 0.9
v 0.2 2.7 0.9
v -0.7 2.7 0.8
v -0.5 2.7 0.8
v -0.4 2.7 0.8
v 0.2 2.7 0.8
v 0.3 2.7 0.8
v 0.5 2.7 0.8
v -0.7 2.7 0.7
v -0.6 2.7 0.7
v -0.5 2.7 0.7
v 0.3 2.7 0.7
v 0.4 2.7 0.7
v 0.5 2.7 0.7
v 0.7 2.7 0.7
v 0.8 2.7 0.7
v -0.8 2.7 0.6
v -0.7 2.7 0.6
v -0.6 2.7 0.6
v -0.5 2.7 0.6
v 0.4 2.7 0.6
v 0.5 2.7 0.6
v 0.7 2.7 0.6
v -0.8 2.7 0.5
v -0.7 2.7 0.5
v -0.6 2.7 0.5
v 0.8 2.7 0.5
v 0.9 2.7 0.5
v -0.9 2.7 0.4
v -0.7 2.7 0.4
v 0.7 2.7 0.4
v 0.8 2.7 0.4
v -1 2.7 0.3
v -0.9 2.7 0.3
v -0.7 2.7 0.3
v 0.9 2.7 0.3
v 1 2.7 0.3
v 0.8 2.7 0.2
v 0.9 2.7 0.2
v 0.9 2.7 0.0999999
v 0.9 2.7 -1.19209e-07
v 1 2.7 -1.19209e-07
v 0.9 2.7 -0.1
v 1 2.7 -0.1
v -0.9 2.7 -0.2
v -0.8 2.7 -0.2
v 0.8 2.7 -0.2
v 0.9 2.7 -0.2
v 1 2.7 -0.2
v -1 2.7 -0.3
v -0.8 2.7 -0.3
v -0.7 2.7 -0.3
v 0.7 2.7 -0.3
v 0.8 2.7 -0.3
v 0.9 2.7 -0.3
v 1 2.7 -0.3
v -0.8 2.7 -0.4
v -0.7 2.7 -0.4
v -0.6 2.7 -0.4
v -0.7 2.7 -0.5
v -0.6 2.7 -0.5
v -0.5 2.7 -0.5
v 0.8 2.7 -0.5
v 0.9 2.7 -0.5
v -0.5 2.7 -0.6
v -0.3 2.7 -0.6
v 0.5 2.7 -0.6
v 0.7 2.7 -0.6
v -0.6 2.7 -0.7
v -0.4 2.7 -0.7
v 0.3 2.7 -0.7
v 0.5 2.7 -0.7
v 0.6 2.7 -0.7
v 0.8 2.7 -0.7
v -0.3 2.7 -0.8
v -0.2 2.7 -0.8
v 0.4 2.7 -0.8
v 0.6 2.7 -0.8
v -0.4 2.7 -0.9
v -0.3 2.7 -0.9
v -0.2 2.7 -0.9
v 0.3 2.7 -0.9
v 0.4 2.7 -0.9
v -0.3 2.7 -1
v 0.3 2.7 -1
v -0.4 2.8 0.9
v -0.0999999 2.8 0.9
v 1.19209e-07 2.8 0.9
v 0.1 2.8 0.9
v 0.2 2.8 0.9
v -0.5 2.8 0.8
v -0.4 2.8 0.8
v -0.3 2.8 0.8
v -0.0999999 2.8 0.8
v 1.19209e-07 2.8 0.8
v 0.1 2.8 0.8
v 0.2 2.8 0.8
v 0.3 2.8 0.8
v -0.5 2.8 0.7
v -0.4 2.8 0.7
v -0.3 2.8 0.7
v 0.1 2.8 0.7
v 0.2 2.8 0.7
v 0.3 2.8 0.7
v 0.4 2.8 0.7
v -0.6 2.8 0.6
v -0.5 2.8 0.6
v -0.4 2.8 0.6
v 0.2 2.8 0.6
v 0.3 2.8 0.6
v 0.4 2.8 0.6
v 0.5 2.8 0.6
v 0.7 2.8 0.6
v -0.7 2.8 0.5
v -0.6 2.8 0.5
v -0.5 2.8 0.5
v 0.3 2.8 0.5
v 0.4 2.8 0.5
v 0.5 2.8 0.5
v 0.6 2.8 0.5
v 0.6 2.8 0.4
v 0.7 2.8 0.4
v 0.8 2.8 0.4
v -0.9 2.8 0.3
v -0.7 2.8 0.3
v -0.7 2.8 0.2
v -0.6 2.8 0.2
v 0.7 2.8 0.2
v 0.8 2.8 0.2
v 0.9 2.8 0.2
v -0.8 2.8 0.0999999
v -0.7 2.8 0.0999999
v 0.7 2.8 0.0999999
v 0.8 2.8 0.0999999
v 0.9 2.8 0.0999999
v 0.8 2.8 -1.19209e-07
v 0.9 2.8 -1.19209e-07
v 0.7 2.8 -0.1
v 0.8 2.8 -0.1
v 0.9 2.8 -0.1
v -0.9 2.8 -0.2
v -0.8 2.8 -0.2
v -0.6 2.8 -0.2
v 0.6 2.8 -0.2
v 0.7 2.8 -0.2
v 0.8 2.8 -0.2
v 0.9 2.8 -0.2
v -0.8 2.8 -0.3
v -0.7 2.8 -0.3
v -0.6 2.8 -0.3
v -0.5 2.8 -0.3
v 0.6 2.8 -0.3
v 0.7 2.8 -0.3
v 0.8 2.8 -0.3
v -0.7 2.8 -0.4
v -0.6 2.8 -0.4
v -0.5 2.8 -0.4
v -0.4 2.8 -0.4
v -0.6 2.8 -0.5
v -0.5 2.8 -0.5
v -0.4 2.8 -0.5
v -0.2 2.8 -0.5
v 0.4 2.8 -0.5
v 0.6 2.8 -0.5
v -0.5 2.8 -0.6
v -0.3 2.8 -0.6
v 0.2 2.8 -0.6
v 0.4 2.8 -0.6
v 0.5 2.8 -0.6
v 0.7 2.8 -0.6
v -0.2 2.8 -0.7
v -0.0999999 2.8 -0.7
v 0.3 2.8 -0.7
v 0.5 2.8 -0.7
v -0.3 2.8 -0.8
v -0.2 2.8 -0.8
v -0.0999999 2.8 -0.8
v 0.2 2.8 -0.8
v -0.2 2.8 -0.9
v 0.3 2.8 -0.9
v -0.3 2.9 0.8
v -0.0999999 2.9 0.8
v 1.19209e-07 2.9 0.8
v 0.1 2.9 0.8
v -0.4 2.9 0.7
v -0.3 2.9 0.7
v -0.2 2.9 0.7
v -0.0999999 2.9 0.7
v 1.19209e-07 2.9 0.7
v 0.1 2.9 0.7
v 0.2 2.9 0.7
v -0.5 2.9 0.6
v -0.4 2.9 0.6
v -0.3 2.9 0.6
v -0.2 2.9 0.6
v 0.1 2.9 0.6
v 0.2 2.9 0.6
v 0.3 2.9 0.6
v -0.6 2.9 0.5
v -0.5 2.9 0.5
v -0.4 2.9 0.5
v -0.3 2.9 0.5
v 0.1 2.9 0.5
v 0.3 2.9 0.5
v 0.4 2.9 0.5
v 0.5 2.9 0.5
v 0.6 2.9 0.5
v 0.3 2.9 0.4
v 0.4 2.9 0.4
v 0.5 2.9 0.4
v 0.6 2.9 0.4
v 0.7 2.9 0.4
v 0.5 2.9 0.3
v 0.6 2.9 0.3
v -0.7 2.9 0.2
v -0.6 2.9 0.2
v -0.5 2.9 0.2
v 0.6 2.9 0.2
v 0.7 2.9 0.2
v -0.8 2.9 0.0999999
v -0.7 2.9 0.0999999
v -0.6 2.9 0.0999999
v 0.6 2.9 0.0999999
v 0.7 2.9 0.0999999
v 0.8 2.9 0.0999999
v -0.7 2.9 -0.1
v -0.5 2.9 -0.1
v 0.6 2.9 -0.1
v 0.7 2.9 -0.1
v 0.8 2.9 -0.1
v -0.8 2.9 -0.2
v -0.6 2.9 -0.2
v -0.5 2.9 -0.2
v -0.4 2.9 -0.2
v 0.5 2.9 -0.2
v 0.6 2.9 -0.2
v 0.7 2.9 -0.2
v -0.6 2.9 -0.3
v -0.5 2.9 -0.3
v -0.4 2.9 -0.3
v -0.3 2.9 -0.3
v 0.5 2.9 -0.3
v 0.6 2.9 -0.3
v -0.5 2.9 -0.4
v -0.4 2.9 -0.4
v -0.3 2.9 -0.4
v -0.0999999 2.9 -0.4
v 0.4 2.9 -0.4
v 0.5 2.9 -0.4
v -0.4 2.9 -0.5
v -0.2 2.9 -0.5
v 0.2 2.9 -0.5
v 0.4 2.9 -0.5
v 0.6 2.9 -0.5
v -0.0999999 2.9 -0.6
v 0.2 2.9 -0.6
v 0.4 2.9 -0.6
v -0.2 2.9 -0.7
v -0.0999999 2.9 -0.7
v -0.0999999 2.9 -0.8
v 0.2 2.9 -0.8
v -0.2 3 0.7
v 1.19209e-07 3 0.7
v 0.1 3 0.7
v -0.3 3 0.6
v -0.2 3 0.6
v -0.0999999 3 0.6
v 1.19209e-07 3 0.6
v 0.1 3 0.6
v -0.5 3 0.5
v -0.4 3 0.5
v -0.3 3 0.5
v -0.2 3 0.5
v -0.0999999 3 0.5
v 1.19209e-07 3 0.5
v 0.1 3 0.5
v 0.3 3 0.5
v -0.4 3 0.4
v -0.3 3 0.4
v 0.1 3 0.4
v 0.3 3 0.4
v 0.5 3 0.4
v 0.3 3 0.3
v 0.4 3 0.3
v 0.5 3 0.3
v 0.6 3 0.3
v -0.6 3 0.2
v -0.5 3 0.2
v -0.4 3 0.2
v 0.5 3 0.2
v 0.6 3 0.2
v -0.7 3 0.0999999
v -0.6 3 0.0999999
v -0.5 3 0.0999999
v 0.5 3 0.0999999
v 0.6 3 0.0999999
v 0.7 3 0.0999999
v 0.6 3 -1.19209e-07
v -0.7 3 -0.1
v -0.6 3 -0.1
v -0.5 3 -0.1
v -0.4 3 -0.1
v 0.5 3 -0.1
v 0.6 3 -0.1
v 0.7 3 -0.1
v -0.5 3 -0.2
v -0.4 3 -0.2
v -0.3 3 -0.2
v 0.4 3 -0.2
v 0.5 3 -0.2
v 0.6 3 -0.2
v -0.4 3 -0.3
v -0.3 3 -0.3
v 1.19209e-07 3 -0.3
v 0.3 3 -0.3
v 0.4 3 -0.3
v -0.3 3 -0.4
v -0.0999999 3 -0.4
v 1.19209e-07 3 -0.4
v 0.3 3 -0.4
v 0.4 3 -0.4
v 0.5 3 -0.4
v 0.2 3 -0.5
v 0.4 3 -0.5
v -0.0999999 3 -0.6
v 0.2 3 -0.6
v -0.0999999 3.1 0.6
v 1.19209e-07 3.1 0.6
v -0.3 3.1 0.5
v -0.2 3.1 0.5
v -0.0999999 3.1 0.5
v 1.19209e-07 3.1 0.5
v 0.1 3.1 0.5
v -0.4 3.1 0.4
v -0.3 3.1 0.4
v -0.2 3.1 0.4
v -0.0999999 3.1 0.4
v 1.19209e-07 3.1 0.4
v 0.1 3.1 0.4
v 0.3 3.1 0.4
v -0.3 3.1 0.3
v -0.2 3.1 0.3
v 0.1 3.1 0.3
v 0.2 3.1 0.3
v 0.3 3.1 0.3
v 0.4 3.1 0.3
v 0.5 3.1 0.3
v -0.5 3.1 0.2
v -0.4 3.1 0.2
v -0.3 3.1 0.2
v 0.2 3.1 0.2
v 0.3 3.1 0.2
v 0.4 3.1 0.2
v -0.6 3.1 0.0999999
v -0.5 3.1 0.0999999
v -0.4 3.1 0.0999999
v -0.3 3.1 0.0999999
v 0.3 3.1 0.0999999
v 0.4 3.1 0.0999999
v 0.5 3.1 0.0999999
v 0.6 3.1 0.0999999
v -0.4 3.1 -1.19209e-07
v -0.3 3.1 -1.19209e-07
v 0.4 3.1 -1.19209e-07
v 0.5 3.1 -1.19209e-07
v 0.6 3.1 -1.19209e-07
v -0.6 3.1 -0.1
v -0.4 3.1 -0.1
v -0.3 3.1 -0.1
v -0.2 3.1 -0.1
v 0.4 3.1 -0.1
v 0.5 3.1 -0.1
v 0.6 3.1 -0.1
v -0.4 3.1 -0.2
v -0.3 3.1 -0.2
v -0.2 3.1 -0.2
v 0.1 3.1 -0.2
v 0.2 3.1 -0.2
v 0.4 3.1 -0.2
v 0.5 3.1 -0.2
v -0.3 3.1 -0.3
v 1.19209e-07 3.1 -0.3
v 0.1 3.1 -0.3
v 0.2 3.1 -0.3
v 0.3 3.1 -0.3
v 0.4 3.1 -0.3
v 1.19209e-07 3.1 -0.4
v 0.3 3.1 -0.4
v -0.2 3.2 0.4
v -0.0999999 3.2 0.4
v 1.19209e-07 3.2 0.4
v 0.1 3.2 0.4
v -0.3 3.2 0.3
v -0.2 3.2 0.3
v -0.0999999 3.2 0.3
v 1.19209e-07 3.2 0.3
v 0.1 3.2 0.3
v 0.2 3.2 0.3
v -0.3 3.2 0.2
v -0.2 3.2 0.2
v 0.1 3.2 0.2
v 0.2 3.2 0.2
v 0.3 3.2 0.2
v -0.4 3.2 0.0999999
v -0.3 3.2 0.0999999
v 0.2 3.2 0.0999999
v 0.3 3.2 0.0999999
v 0.4 3.2 0.0999999
v -0.4 3.2 -1.19209e-07
v -0.3 3.2 -1.19209e-07
v -0.2 3.2 -1.19209e-07
v -0.0999999 3.2 -1.19209e-07
v 0.3 3.2 -1.19209e-07
v 0.4 3.2 -1.19209e-07
v 0.5 3.2 -1.19209e-07
v -0.3 3.2 -0.1
v -0.2 3.2 -0.1
v -0.0999999 3.2 -0.1
v 1.19209e-07 3.2 -0.1
v 0.1 3.2 -0.1
v 0.2 3.2 -0.1
v 0.3 3.2 -0.1
v 0.4 3.2 -0.1
v 0.5 3.2 -0.1
v -0.2 3.2 -0.2
v 0.1 3.2 -0.2
v 0.2 3.2 -0.2
v 0.4 3.2 -0.2
v 0.1 3.2 -0.3
v 0.2 3.2 -0.3
v -0.2 3.3 0.3
v -0.0999999 3.3 0.3
v 1.19209e-07 3.3 0.3
v 0.1 3.3 0.3
v -0.2 3.3 0.2
v -0.0999999 3.3 0.2
v 1.19209e-07 3.3 0.2
v 0.1 3.3 0.2
v 0.2 3.3 0.2
v 0.1 3.3 0.0999999
v 0.2 3.3 0.0999999
v 0.3 3.3 0.0999999
v -0.2 3.3 -1.19209e-07
v -0.0999999 3.3 -1.19209e-07
v 1.19209e-07 3.3 -1.19209e-07
v 0.1 3.3 -1.19209e-07
v 0.2 3.3 -1.19209e-07
v 0.3 3.3 -1.19209e-07
v -0.0999999 3.3 -0.1
v 1.19209e-07 3.3 -0.1
v 0.1 3.3 -0.1
v 0.2 3.3 -0.1
v 0.3 3.3 -0.1
v -0.0999999 3.4 0.2
v 0.1 3.4 0.2
v 0.1 3.4 0.0999999
v 0.2 3.4 0.0999999
v -0.0999999 3.4 -1.19209e-07
v 0.2 3.4 -1.19209e-07

# faces
f 3/8/1 2/8/1 1/8/1
f 4/8/1 2/8/1 3/8/1
f 5/8/1 2/8/1 4/8/1
f 6/8/1 2/8/1 5/8/1
f 7/8/1 3/8/1 1/8/1
f 8/8/1 2/8/1 6/8/1
f 9/8/1 2/8/1 8/8/1
f 10/8/1 8/8/1 7/8/1
f 11/8/1 2/8/1 9/8/1
f 12/8/1 7/8/1 1/8/1
f 12/8/1 11/8/1 10/8/1
f 12/8/1 10/8/1 7/8/1
f 13/8/1 11/8/1 12/8/1
f 15/8/1 11/8/1 13/8/1
f 16/8/1 2/8/1 11/8/1
f 16/8/1 15/8/1 14/8/1
f 16/8/1 11/8/1 15/8/1
f 17/8/1 2/8/1 16/8/1
f 18/8/1 16/8/1 14/8/1
f 19/8/1 16/8/1 18/8/1
f 21/8/1 18/8/1 14/8/1
f 22/8/1 18/8/1 21/8/1
f 23/8/1 20/8/1 19/8/1
f 24/8/1 21/8/1 14/8/1
f 25/8/1 21/8/1 24/8/1
f 26/8/1 23/8/1 22/8/1
f 27/8/1 24/8/1 14/8/1
f 28/8/1 24/8/1 27/8/1
f 29/8/1 26/8/1 25/8/1
f 31/8/1 29/8/1 28/8/1
f 33/8/1 31/8/1 30/8/1
f 34/8/1 31/8/1 33/8/1
f 34/8/1 33/8/1 32/8/1
f 35/8/1 29/8/1 31/8/1
f 35/8/1 31/8/1 34/8/1
f 36/8/1 34/8/1 32/8/1
f 37/8/1 34/8/1 36/8/1
f 39/8/1 29/8/1 35/8/1
f 40/8/1 39/8/1 38/8/1
f 41/8/1 26/8/1 29/8/1
f 41/8/1 39/8/1 40/8/1
f 41/8/1 20/8/1 23/8/1
f 41/8/1 29/8/1 39/8/1
f 41/8/1 23/8/1 26/8/1
f 46/8/1 45/8/1 44/8/1
f 48/8/1 46/8/1 44/8/1
f 48/8/1 47/8/1 46/8/1
f 49/8/1 47/8/1 48/8/1
f 51/8/1 50/8/1 49/8/1
f 52/8/1 50/8/1 51/8/1
f 53/8/1 43/8/1 42/8/1
f 54/8/1 43/8/1 53/8/1
f 56/8/1 55/8/1 54/8/1
f 57/8/1 55/8/1 56/8/1
f 63/8/1 61/8/1 60/8/1
f 64/8/1 61/8/1 63/8/1
f 66/8/1 63/8/1 62/8/1
f 67/8/1 63/8/1 66/8/1
f 69/8/1 66/8/1 65/8/1
f 70/8/1 66/8/1 69/8/1
f 71/8/1 59/8/1 58/8/1
f 72/8/1 69/8/1 68/8/1
f 73/8/1 69/8/1 72/8/1
f 74/8/1 71/8/1 58/8/1
f 74/8/1 72/8/1 71/8/1
f 75/8/1 72/8/1 74/8/1
f 76/8/1 72/8/1 75/8/1
f 77/8/1 72/8/1 76/8/1
f 79/8/1 76/8/1 75/8/1
f 80/8/1 76/8/1 79/8/1
f 83/8/1 79/8/1 78/8/1
f 84/8/1 79/8/1 83/8/1
f 85/8/1 82/8/1 81/8/1
f 87/8/1 85/8/1 84/8/1
f 88/8/1 82/8/1 85/8/1
f 88/8/1 85/8/1 87/8/1
f 89/8/1 87/8/1 86/8/1
f 90/8/1 87/8/1 89/8/1
f 92/8/1 91/8/1 90/8/1
f 93/8/1 91/8/1 92/8/1
f 98/8/1 95/8/1 94/8/1
f 99/8/1 95/8/1 98/8/1
f 102/8/1 97/8/1 96/8/1
f 103/8/1 97/8/1 102/8/1
f 104/8/1 101/8/1 100/8/1
f 108/8/1 105/8/1 104/8/1
f 110/8/1 104/8/1 100/8/1
f 110/8/1 109/8/1 108/8/1
f 110/8/1 108/8/1 104/8/1
f 111/8/1 109/8/1 110/8/1
f 113/8/1 109/8/1 111/8/1
f 114/8/1 109/8/1 113/8/1
f 116/8/1 113/8/1 112/8/1
f 117/8/1 107/8/1 106/8/1
f 118/8/1 107/8/1 117/8/1
f 121/8/1 116/8/1 115/8/1
f 121/8/1 113/8/1 116/8/1
f 122/8/1 113/8/1 121/8/1
f 124/8/1 123/8/1 122/8/1
f 125/8/1 123/8/1 124/8/1
f 128/8/1 127/8/1 126/8/1
f 129/8/1 127/8/1 128/8/1
f 130/8/1 121/8/1 115/8/1
f 131/8/1 121/8/1 130/8/1
f 133/8/1 120/8/1 119/8/1
f 134/8/1 120/8/1 133/8/1
f 136/8/1 133/8/1 132/8/1
f 137/8/1 133/8/1 136/8/1
f 138/8/1 136/8/1 135/8/1
f 139/8/1 136/8/1 138/8/1
f 144/8/1 141/8/1 140/8/1
f 145/8/1 141/8/1 144/8/1
f 146/7/1 145/7/1 144/7/1
f 147/8/1 141/8/1 145/8/1
f 147/7/1 145/7/1 146/7/1
f 148/5/1 147/5/1 146/5/1
f 148/8/1 141/8/1 147/8/1
f 149/8/1 141/8/1 148/8/1
f 151/8/1 143/8/1 142/8/1
f 152/8/1 143/8/1 151/8/1
f 153/5/1 148/5/1 146/5/1
f 154/7/1 149/7/1 148/7/1
f 154/5/1 148/5/1 153/5/1
f 155/8/1 150/8/1 149/8/1
f 155/7/1 149/7/1 154/7/1
f 156/8/1 150/8/1 155/8/1
f 159/8/1 154/8/1 153/8/1
f 160/7/1 155/7/1 154/7/1
f 160/8/1 154/8/1 159/8/1
f 161/8/1 150/8/1 156/8/1
f 162/8/1 150/8/1 161/8/1
f 163/8/1 158/8/1 157/8/1
f 164/8/1 158/8/1 163/8/1
f 166/5/1 160/5/1 159/5/1
f 167/7/1 155/7/1 160/7/1
f 167/5/1 160/5/1 166/5/1
f 168/7/1 155/7/1 167/7/1
f 169/8/1 167/8/1 166/8/1
f 169/8/1 168/8/1 167/8/1
f 170/8/1 168/8/1 169/8/1
f 171/7/1 170/7/1 169/7/1
f 172/7/1 170/7/1 171/7/1
f 173/7/1 170/7/1 172/7/1
f 175/8/1 172/8/1 171/8/1
f 176/7/1 173/7/1 172/7/1
f 176/8/1 172/8/1 175/8/1
f 177/8/1 174/8/1 173/8/1
f 178/8/1 174/8/1 177/8/1
f 179/7/1 173/7/1 176/7/1
f 179/8/1 177/8/1 173/8/1
f 180/8/1 177/8/1 179/8/1
f 181/8/1 165/8/1 164/8/1
f 182/8/1 165/8/1 181/8/1
f 183/5/1 176/5/1 175/5/1
f 184/7/1 179/7/1 176/7/1
f 184/5/1 176/5/1 183/5/1
f 185/7/1 179/7/1 184/7/1
f 188/8/1 184/8/1 183/8/1
f 188/8/1 185/8/1 184/8/1
f 189/8/1 185/8/1 188/8/1
f 190/8/1 187/8/1 186/8/1
f 192/7/1 189/7/1 188/7/1
f 193/8/1 185/8/1 189/8/1
f 193/7/1 189/7/1 192/7/1
f 194/8/1 191/8/1 190/8/1
f 194/8/1 190/8/1 186/8/1
f 195/8/1 191/8/1 194/8/1
f 196/5/1 193/5/1 192/5/1
f 197/8/1 185/8/1 193/8/1
f 197/5/1 193/5/1 196/5/1
f 198/7/1 197/7/1 196/7/1
f 199/8/1 185/8/1 197/8/1
f 199/7/1 197/7/1 198/7/1
f 200/8/1 185/8/1 199/8/1
f 201/5/1 199/5/1 198/5/1
f 202/7/1 200/7/1 199/7/1
f 202/5/1 199/5/1 201/5/1
f 203/7/1 200/7/1 202/7/1
f 204/7/1 200/7/1 203/7/1
f 210/7/1 206/7/1 205/7/1
f 211/8/1 207/8/1 206/8/1
f 211/7/1 206/7/1 210/7/1
f 212/8/1 211/8/1 210/8/1
f 213/8/1 207/8/1 211/8/1
f 213/8/1 211/8/1 212/8/1
f 214/7/1 213/7/1 212/7/1
f 215/8/1 207/8/1 213/8/1
f 215/7/1 213/7/1 214/7/1
f 216/5/1 215/5/1 214/5/1
f 217/8/1 207/8/1 215/8/1
f 217/5/1 215/5/1 216/5/1
f 218/8/1 207/8/1 217/8/1
f 219/8/1 209/8/1 208/8/1
f 220/8/1 209/8/1 219/8/1
f 223/8/1 191/8/1 195/8/1
f 224/8/1 191/8/1 223/8/1
f 225/8/1 221/8/1 220/8/1
f 225/8/1 220/8/1 219/8/1
f 226/8/1 221/8/1 225/8/1
f 229/8/1 223/8/1 222/8/1
f 230/8/1 223/8/1 229/8/1
f 231/8/1 228/8/1 227/8/1
f 232/8/1 228/8/1 231/8/1
f 234/8/1 233/8/1 232/8/1
f 235/8/1 233/8/1 234/8/1
f 239/8/1 237/8/1 236/8/1
f 240/8/1 237/8/1 239/8/1
f 241/8/1 239/8/1 238/8/1
f 243/8/1 241/8/1 238/8/1
f 243/8/1 242/8/1 241/8/1
f 244/8/1 242/8/1 243/8/1
f 245/8/1 242/8/1 244/8/1
f 246/8/1 242/8/1 245/8/1
f 248/8/1 245/8/1 244/8/1
f 249/8/1 245/8/1 248/8/1
f 251/8/1 248/8/1 247/8/1
f 252/8/1 250/8/1 249/8/1
f 253/8/1 251/8/1 247/8/1
f 253/8/1 252/8/1 251/8/1
f 254/8/1 252/8/1 253/8/1
f 257/8/1 256/8/1 255/8/1
f 258/8/1 256/8/1 257/8/1
f 262/8/1 250/8/1 252/8/1
f 262/8/1 252/8/1 254/8/1
f 263/8/1 250/8/1 262/8/1
f 264/5/1 258/5/1 257/5/1
f 265/7/1 259/7/1 258/7/1
f 265/5/1 258/5/1 264/5/1
f 266/7/1 259/7/1 265/7/1
f 267/8/1 261/8/1 260/8/1
f 268/8/1 261/8/1 267/8/1
f 269/8/1 262/8/1 254/8/1
f 274/8/1 269/8/1 254/8/1
f 274/8/1 270/8/1 269/8/1
f 275/8/1 270/8/1 274/8/1
f 276/8/1 272/8/1 271/8/1
f 277/8/1 272/8/1 276/8/1
f 281/8/1 274/8/1 273/8/1
f 282/8/1 274/8/1 281/8/1
f 283/8/1 278/8/1 277/8/1
f 284/8/1 278/8/1 283/8/1
f 286/8/1 280/8/1 279/8/1
f 287/8/1 280/8/1 286/8/1
f 288/8/1 285/8/1 284/8/1
f 289/8/1 285/8/1 288/8/1
f 291/8/1 290/8/1 289/8/1
f 292/8/1 290/8/1 291/8/1
f 295/1/1 294/1/1 293/1/1
f 296/1/1 294/1/1 295/1/1
f 297/3/1 296/3/1 295/3/1
f 298/3/1 296/3/1 297/3/1
f 301/8/1 298/8/1 297/8/1
f 301/8/1 299/8/1 298/8/1
f 302/8/1 299/8/1 301/8/1
f 303/8/1 299/8/1 302/8/1
f 304/8/1 301/8/1 300/8/1
f 304/8/1 302/8/1 301/8/1
f 305/8/1 302/8/1 304/8/1
f 306/8/1 302/8/1 305/8/1
f 309/1/1 306/1/1 305/1/1
f 310/1/1 306/1/1 309/1/1
f 311/8/1 308/8/1 307/8/1
f 312/8/1 308/8/1 311/8/1
f 313/3/1 310/3/1 309/3/1
f 314/3/1 310/3/1 313/3/1
f 315/1/1 314/1/1 313/1/1
f 316/1/1 315/1/1 313/1/1
f 317/1/1 315/1/1 316/1/1
f 318/2/1 317/2/1 316/2/1
f 319/2/1 317/2/1 318/2/1
f 320/3/1 319/3/1 318/3/1
f 322/3/1 320/3/1 318/3/1
f 323/3/1 320/3/1 322/3/1
f 326/8/1 323/8/1 322/8/1
f 326/8/1 322/8/1 321/8/1
f 327/8/1 323/8/1 326/8/1
f 328/8/1 323/8/1 327/8/1
f 329/5/1 327/5/1 326/5/1
f 330/8/1 328/8/1 327/8/1
f 330/5/1 327/5/1 329/5/1
f 331/8/1 328/8/1 330/8/1
f 333/8/1 325/8/1 324/8/1
f 334/8/1 325/8/1 333/8/1
f 335/8/1 330/8/1 329/8/1
f 335/8/1 331/8/1 330/8/1
f 336/8/1 331/8/1 335/8/1
f 337/8/1 331/8/1 336/8/1
f 338/8/1 333/8/1 332/8/1
f 339/8/1 333/8/1 338/8/1
f 340/7/1 336/7/1 335/7/1
f 341/8/1 337/8/1 336/8/1
f 341/7/1 336/7/1 340/7/1
f 342/8/1 337/8/1 341/8/1
f 343/6/1 341/6/1 340/6/1
f 344/8/1 342/8/1 341/8/1
f 344/6/1 341/6/1 343/6/1
f 345/8/1 342/8/1 344/8/1
f 347/7/1 345/7/1 344/7/1
f 348/7/1 345/7/1 347/7/1
f 350/8/1 347/8/1 346/8/1
f 351/8/1 347/8/1 350/8/1
f 352/8/1 349/8/1 348/8/1
f 353/8/1 349/8/1 352/8/1
f 354/5/1 351/5/1 350/5/1
f 355/8/1 352/8/1 351/8/1
f 355/5/1 351/5/1 354/5/1
f 356/8/1 352/8/1 355/8/1
f 357/8/1 355/8/1 354/8/1
f 357/8/1 356/8/1 355/8/1
f 360/8/1 357/8/1 354/8/1
f 361/8/1 357/8/1 360/8/1
f 362/8/1 357/8/1 361/8/1
f 363/8/1 359/8/1 358/8/1
f 364/8/1 359/8/1 363/8/1
f 365/6/1 361/6/1 360/6/1
f 366/8/1 362/8/1 361/8/1
f 366/6/1 361/6/1 365/6/1
f 367/8/1 362/8/1 366/8/1
f 368/8/1 366/8/1 365/8/1
f 368/8/1 367/8/1 366/8/1
f 369/8/1 368/8/1 365/8/1
f 370/8/1 368/8/1 369/8/1
f 371/8/1 368/8/1 370/8/1
f 372/5/1 370/5/1 369/5/1
f 373/6/1 371/6/1 370/6/1
f 373/5/1 370/5/1 372/5/1
f 374/6/1 371/6/1 373/6/1
f 379/5/1 375/5/1 374/5/1
f 380/7/1 376/7/1 375/7/1
f 380/5/1 375/5/1 379/5/1
f 381/7/1 376/7/1 380/7/1
f 385/8/1 378/8/1 377/8/1
f 386/8/1 378/8/1 385/8/1
f 387/7/1 382/7/1 381/7/1
f 388/7/1 382/7/1 387/7/1
f 392/8/1 384/8/1 383/8/1
f 393/8/1 384/8/1 392/8/1
f 394/8/1 389/8/1 388/8/1
f 395/8/1 389/8/1 394/8/1
f 397/8/1 391/8/1 390/8/1
f 398/8/1 391/8/1 397/8/1
f 399/8/1 396/8/1 395/8/1
f 400/8/1 396/8/1 399/8/1
f 405/8/1 404/8/1 403/8/1
f 406/8/1 404/8/1 405/8/1
f 408/8/1 402/8/1 401/8/1
f 409/8/1 402/8/1 408/8/1
f 412/8/1 408/8/1 407/8/1
f 413/8/1 408/8/1 412/8/1
f 415/8/1 411/8/1 410/8/1
f 416/8/1 415/8/1 410/8/1
f 417/8/1 415/8/1 416/8/1
f 418/3/1 417/3/1 416/3/1
f 419/3/1 417/3/1 418/3/1
f 420/8/1 419/8/1 418/8/1
f 421/8/1 414/8/1 413/8/1
f 422/8/1 414/8/1 421/8/1
f 423/8/1 420/8/1 418/8/1
f 424/8/1 420/8/1 423/8/1
f 425/8/1 421/8/1 413/8/1
f 426/8/1 421/8/1 425/8/1
f 429/8/1 427/8/1 426/8/1
f 432/6/1 431/6/1 430/6/1
f 433/6/1 431/6/1 432/6/1
f 435/8/1 434/8/1 433/8/1
f 436/8/1 434/8/1 435/8/1
f 438/8/1 429/8/1 428/8/1
f 439/8/1 427/8/1 429/8/1
f 439/8/1 429/8/1 438/8/1
f 440/8/1 427/8/1 439/8/1
f 441/8/1 438/8/1 437/8/1
f 441/8/1 439/8/1 438/8/1
f 442/8/1 439/8/1 441/8/1
f 443/8/1 439/8/1 442/8/1
f 447/8/1 444/8/1 443/8/1
f 447/8/1 443/8/1 442/8/1
f 448/8/1 444/8/1 447/8/1
f 449/8/1 446/8/1 445/8/1
f 450/8/1 446/8/1 449/8/1
f 455/8/1 452/8/1 451/8/1
f 456/8/1 452/8/1 455/8/1
f 459/8/1 454/8/1 453/8/1
f 460/8/1 454/8/1 459/8/1
f 464/8/1 458/8/1 457/8/1
f 465/8/1 458/8/1 464/8/1
f 466/8/1 462/8/1 461/8/1
f 467/8/1 462/8/1 466/8/1
f 470/8/1 464/8/1 463/8/1
f 471/8/1 464/8/1 470/8/1
f 472/8/1 469/8/1 468/8/1
f 473/8/1 469/8/1 472/8/1
f 478/8/1 477/8/1 476/8/1
f 479/8/1 477/8/1 478/8/1
f 483/8/1 475/8/1 474/8/1
f 484/8/1 481/8/1 480/8/1
f 485/8/1 481/8/1 484/8/1
f 486/8/1 483/8/1 482/8/1
f 487/8/1 475/8/1 483/8/1
f 487/8/1 483/8/1 486/8/1
f 488/8/1 475/8/1 487/8/1
f 489/8/1 475/8/1 488/8/1
f 492/8/1 491/8/1 490/8/1
f 495/8/1 492/8/1 490/8/1
f 495/8/1 493/8/1 492/8/1
f 496/8/1 493/8/1 495/8/1
f 497/8/1 495/8/1 494/8/1
f 498/8/1 495/8/1 497/8/1
f 499/8/1 493/8/1 496/8/1
f 500/8/1 493/8/1 499/8/1
f 503/8/1 502/8/1 501/8/1
f 505/8/1 503/8/1 501/8/1
f 505/8/1 504/8/1 503/8/1
f 506/8/1 504/8/1 505/8/1
f 507/8/1 504/8/1 506/8/1
f 508/8/1 504/8/1 507/8/1
f 513/8/1 510/8/1 509/8/1
f 514/8/1 510/8/1 513/8/1
f 517/8/1 512/8/1 511/8/1
f 518/8/1 512/8/1 517/8/1
f 519/8/1 516/8/1 515/8/1
f 520/8/1 516/8/1 519/8/1
f 525/8/1 522/8/1 521/8/1
f 526/8/1 522/8/1 525/8/1
f 529/8/1 524/8/1 523/8/1
f 530/8/1 524/8/1 529/8/1
f 531/7/1 527/7/1 526/7/1
f 532/7/1 527/7/1 531/7/1
f 538/8/1 529/8/1 528/8/1
f 539/8/1 529/8/1 538/8/1
f 540/7/1 534/7/1 533/7/1
f 541/8/1 535/8/1 534/8/1
f 541/7/1 534/7/1 540/7/1
f 542/8/1 535/8/1 541/8/1
f 543/8/1 537/8/1 536/8/1
f 544/8/1 537/8/1 543/8/1
f 547/8/1 546/8/1 545/8/1
f 548/8/1 546/8/1 547/8/1
f 551/8/1 550/8/1 549/8/1
f 552/8/1 550/8/1 551/8/1
f 557/8/1 554/8/1 553/8/1
f 558/8/1 554/8/1 557/8/1
f 561/8/1 556/8/1 555/8/1
f 562/8/1 556/8/1 561/8/1
f 563/8/1 560/8/1 559/8/1
f 564/8/1 560/8/1 563/8/1
f 569/8/1 566/8/1 565/8/1
f 570/8/1 566/8/1 569/8/1
f 573/8/1 568/8/1 567/8/1
f 574/8/1 568/8/1 573/8/1
f 575/7/1 571/7/1 570/7/1
f 576/8/1 572/8/1 571/8/1
f 576/7/1 571/7/1 575/7/1
f 577/8/1 572/8/1 576/8/1
f 580/8/1 579/8/1 578/8/1
f 581/8/1 580/8/1 578/8/1
f 582/8/1 581/8/1 578/8/1
f 583/8/1 581/8/1 582/8/1
f 586/8/1 585/8/1 584/8/1
f 587/8/1 586/8/1 584/8/1
f 588/8/1 587/8/1 584/8/1
f 589/8/1 588/8/1 584/8/1
f 590/8/1 588/8/1 589/8/1
f 593/8/1 592/8/1 591/8/1
f 594/8/1 593/8/1 591/8/1
f 595/8/1 593/8/1 594/8/1
f 598/8/1 597/8/1 596/8/1
f 599/8/1 598/8/1 596/8/1
f 600/8/1 599/8/1 596/8/1
f 601/8/1 600/8/1 596/8/1
f 602/8/1 600/8/1 601/8/1
f 605/8/1 604/8/1 603/8/1
f 606/8/1 604/8/1 605/8/1
f 607/5/1 606/5/1 605/5/1
f 608/5/1 606/5/1 607/5/1
f 613/8/1 610/8/1 609/8/1
f 614/8/1 610/8/1 613/8/1
f 617/8/1 612/8/1 611/8/1
f 618/8/1 612/8/1 617/8/1
f 619/5/1 616/5/1 615/5/1
f 620/5/1 616/5/1 619/5/1
f 624/5/1 622/5/1 621/5/1
f 625/5/1 622/5/1 624/5/1
f 626/5/1 624/5/1 623/5/1
f 627/5/1 624/5/1 626/5/1
f 631/8/1 629/8/1 628/8/1
f 631/8/1 630/8/1 629/8/1
f 632/8/1 630/8/1 631/8/1
f 633/8/1 630/8/1 632/8/1
f 636/5/1 635/5/1 634/5/1
f 637/5/1 635/5/1 636/5/1
f 640/7/1 637/7/1 636/7/1
f 641/7/1 637/7/1 640/7/1
f 642/8/1 639/8/1 638/8/1
f 643/8/1 639/8/1 642/8/1
f 646/8/1 645/8/1 644/8/1
f 647/8/1 645/8/1 646/8/1
f 650/8/1 649/8/1 648/8/1
f 651/8/1 649/8/1 650/8/1
f 654/8/1 653/8/1 652/8/1
f 655/8/1 653/8/1 654/8/1
f 658/8/1 657/8/1 656/8/1
f 659/8/1 657/8/1 658/8/1
f 662/8/1 661/8/1 660/8/1
f 663/8/1 661/8/1 662/8/1
f 666/8/1 665/8/1 664/8/1
f 667/8/1 665/8/1 666/8/1
f 670/8/1 669/8/1 668/8/1
f 671/8/1 669/8/1 670/8/1
f 674/5/1 673/5/1 672/5/1
f 675/5/1 673/5/1 674/5/1
f 678/8/1 677/8/1 676/8/1
f 679/8/1 677/8/1 678/8/1
f 682/8/1 681/8/1 680/8/1
f 683/8/1 681/8/1 682/8/1
f 686/7/1 685/7/1 684/7/1
f 687/7/1 685/7/1 686/7/1
f 688/8/1 687/8/1 686/8/1
f 689/8/1 688/8/1 686/8/1
f 692/8/1 689/8/1 686/8/1
f 693/8/1 689/8/1 692/8/1
f 694/8/1 691/8/1 690/8/1
f 695/8/1 691/8/1 694/8/1
f 700/8/1 699/8/1 698/8/1
f 701/8/1 699/8/1 700/8/1
f 702/8/1 697/8/1 696/8/1
f 703/8/1 697/8/1 702/8/1
f 706/8/1 705/8/1 704/8/1
f 707/8/1 705/8/1 706/8/1
f 708/5/1 707/5/1 706/5/1
f 709/5/1 707/5/1 708/5/1
f 710/8/1 709/8/1 708/8/1
f 711/8/1 710/8/1 708/8/1
f 712/8/1 710/8/1 711/8/1
f 713/7/1 712/7/1 711/7/1
f 714/7/1 712/7/1 713/7/1
f 715/8/1 714/8/1 713/8/1
f 716/8/1 715/8/1 713/8/1
f 717/8/1 715/8/1 716/8/1
f 720/8/1 719/8/1 718/8/1
f 721/8/1 719/8/1 720/8/1
f 724/5/1 723/5/1 722/5/1
f 725/5/1 723/5/1 724/5/1
f 726/7/1 725/7/1 724/7/1
f 727/7/1 725/7/1 726/7/1
f 730/8/1 729/8/1 728/8/1
f 731/8/1 729/8/1 730/8/1
f 734/8/1 733/8/1 732/8/1
f 735/8/1 733/8/1 734/8/1
f 736/8/2 737/8/2 738/8/2
f 738/8/2 737/8/2 739/8/2
f 740/5/2 741/5/2 742/5/2
f 742/5/2 741/5/2 743/5/2
f 744/8/2 745/8/2 746/8/2
f 746/8/2 745/8/2 747/8/2
f 748/8/2 749/8/2 750/8/2
f 750/8/2 749/8/2 751/8/2
f 752/8/2 753/8/2 754/8/2
f 754/8/2 753/8/2 755/8/2
f 756/3/2 757/3/2 758/3/2
f 758/3/2 757/3/2 759/3/2
f 760/8/2 761/8/2 762/8/2
f 762/8/2 761/8/2 763/8/2
f 764/8/2 765/8/2 766/8/2
f 764/8/2 766/8/2 767/8/2
f 767/8/2 766/8/2 768/8/2
f 769/8/2 770/8/2 771/8/2
f 769/8/2 771/8/2 772/8/2
f 769/8/2 772/8/2 773/8/2
f 773/8/2 772/8/2 774/8/2
f 775/8/2 776/8/2 777/8/2
f 777/8/2 776/8/2 778/8/2
f 779/8/2 780/8/2 781/8/2
f 779/8/2 781/8/2 782/8/2
f 782/8/2 781/8/2 783/8/2
f 782/5/2 783/5/2 784/5/2
f 784/5/2 783/5/2 785/5/2
f 784/8/2 785/8/2 786/8/2
f 786/8/2 785/8/2 787/8/2
f 788/5/2 789/5/2 790/5/2
f 790/5/2 789/5/2 791/5/2
f 790/8/2 791/8/2 792/8/2
f 790/8/2 792/8/2 793/8/2
f 793/8/2 792/8/2 794/8/2
f 793/5/2 794/5/2 795/5/2
f 795/5/2 794/5/2 796/5/2
f 795/8/2 796/8/2 797/8/2
f 795/8/2 797/8/2 798/8/2
f 798/8/2 797/8/2 799/8/2
f 798/5/2 799/5/2 800/5/2
f 800/5/2 799/5/2 801/5/2
f 800/8/2 801/8/2 802/8/2
f 802/8/2 801/8/2 803/8/2
f 804/2/2 805/2/2 806/2/2
f 806/2/2 805/2/2 807/2/2
f 808/8/2 809/8/2 810/8/2
f 810/8/2 809/8/2 811/8/2
f 812/8/2 813/8/2 814/8/2
f 814/8/2 813/8/2 815/8/2
f 816/8/2 817/8/2 818/8/2
f 818/8/2 817/8/2 819/8/2
f 820/8/2 821/8/2 824/8/2
f 824/8/2 821/8/2 825/8/2
f 822/8/2 823/8/2 826/8/2
f 826/8/2 823/8/2 827/8/2
f 828/8/2 829/8/2 830/8/2
f 830/8/2 829/8/2 831/8/2
f 832/8/2 833/8/2 834/8/2
f 834/8/2 833/8/2 835/8/2
f 836/8/2 837/8/2 838/8/2
f 838/8/2 837/8/2 839/8/2
f 840/8/2 841/8/2 842/8/2
f 842/8/2 841/8/2 843/8/2
f 844/5/2 845/5/2 846/5/2
f 846/5/2 845/5/2 847/5/2
f 848/8/2 849/8/2 850/8/2
f 848/8/2 850/8/2 851/8/2
f 851/8/2 850/8/2 852/8/2
f 853/8/2 854/8/2 855/8/2
f 855/8/2 854/8/2 856/8/2
f 857/8/2 858/8/2 861/8/2
f 861/8/2 858/8/2 862/8/2
f 859/8/2 860/8/2 863/8/2
f 863/8/2 860/8/2 864/8/2
f 865/8/2 866/8/2 867/8/2
f 865/8/2 867/8/2 868/8/2
f 865/8/2 868/8/2 869/8/2
f 865/8/2 869/8/2 870/8/2
f 870/8/2 869/8/2 871/8/2
f 872/5/2 873/5/2 874/5/2
f 874/5/2 873/5/2 875/5/2
f 875/5/2 876/5/2 878/5/2
f 876/6/2 877/6/2 879/6/2
f 878/5/2 876/5/2 879/5/2
f 879/6/2 877/6/2 880/6/2
f 880/6/2 881/6/2 882/6/2
f 882/6/2 881/6/2 883/6/2
f 883/5/2 884/5/2 885/5/2
f 885/5/2 884/5/2 886/5/2
f 886/5/2 887/5/2 888/5/2
f 888/5/2 887/5/2 889/5/2
f 889/5/2 890/5/2 891/5/2
f 891/5/2 890/5/2 892/5/2
f 893/9/2 894/9/2 895/9/2
f 895/9/2 894/9/2 896/9/2
f 897/8/2 898/8/2 899/8/2
f 899/8/2 898/8/2 900/8/2
f 901/8/2 902/8/2 903/8/2
f 903/8/2 902/8/2 904/8/2
f 905/8/2 906/8/2 909/8/2
f 909/8/2 906/8/2 910/8/2
f 907/8/2 908/8/2 912/8/2
f 912/8/2 908/8/2 913/8/2
f 911/8/2 912/8/2 914/8/2
f 914/8/2 912/8/2 915/8/2
f 916/8/2 917/8/2 920/8/2
f 920/8/2 917/8/2 921/8/2
f 918/8/2 919/8/2 923/8/2
f 923/8/2 919/8/2 924/8/2
f 921/5/2 922/5/2 925/5/2
f 925/5/2 922/5/2 926/5/2
f 926/5/2 927/5/2 928/5/2
f 928/5/2 927/5/2 929/5/2
f 930/8/2 931/8/2 934/8/2
f 934/8/2 931/8/2 935/8/2
f 935/8/2 931/8/2 936/8/2
f 935/9/2 936/9/2 938/9/2
f 938/9/2 936/9/2 939/9/2
f 937/7/2 938/7/2 940/7/2
f 938/8/2 939/8/2 940/8/2
f 940/8/2 939/8/2 941/8/2
f 937/7/2 940/7/2 942/7/2
f 940/7/2 941/7/2 942/7/2
f 942/7/2 941/7/2 943/7/2
f 942/8/2 943/8/2 944/8/2
f 942/8/2 944/8/2 945/8/2
f 932/8/2 933/8/2 947/8/2
f 947/8/2 933/8/2 948/8/2
f 942/8/2 945/8/2 949/8/2
f 946/8/2 947/8/2 950/8/2
f 942/8/2 949/8/2 952/8/2
f 950/8/2 951/8/2 953/8/2
f 946/8/2 950/8/2 953/8/2
f 953/8/2 951/8/2 954/8/2
f 942/8/2 952/8/2 955/8/2
f 955/8/2 952/8/2 956/8/2
f 956/8/2 952/8/2 957/8/2
f 955/5/2 956/5/2 958/5/2
f 956/7/2 957/7/2 959/7/2
f 958/5/2 956/5/2 959/5/2
f 959/7/2 957/7/2 960/7/2
f 954/8/2 951/8/2 962/8/2
f 958/8/2 959/8/2 963/8/2
f 959/8/2 960/8/2 963/8/2
f 958/8/2 963/8/2 964/8/2
f 964/8/2 963/8/2 965/8/2
f 964/7/2 965/7/2 966/7/2
f 966/7/2 965/7/2 967/7/2
f 966/8/2 967/8/2 968/8/2
f 967/7/2 965/7/2 968/7/2
f 968/7/2 965/7/2 969/7/2
f 961/8/2 962/8/2 970/8/2
f 962/8/2 951/8/2 971/8/2
f 970/8/2 962/8/2 971/8/2
f 968/8/2 969/8/2 972/8/2
f 968/8/2 972/8/2 974/8/2
f 972/8/2 973/8/2 974/8/2
f 974/8/2 973/8/2 975/8/2
f 966/8/2 968/8/2 976/8/2
f 968/8/2 974/8/2 976/8/2
f 976/8/2 974/8/2 977/8/2
f 971/8/2 951/8/2 980/8/2
f 980/8/2 951/8/2 981/8/2
f 977/8/2 978/8/2 982/8/2
f 982/8/2 978/8/2 983/8/2
f 979/8/2 980/8/2 986/8/2
f 986/8/2 980/8/2 987/8/2
f 984/8/2 985/8/2 988/8/2
f 988/8/2 985/8/2 989/8/2
f 989/8/2 990/8/2 991/8/2
f 991/8/2 990/8/2 992/8/2
f 992/8/2 993/8/2 996/8/2
f 996/8/2 993/8/2 997/8/2
f 994/8/2 995/8/2 1000/8/2
f 1000/8/2 995/8/2 1001/8/2
f 998/8/2 999/8/2 1002/8/2
f 1002/8/2 999/8/2 1003/8/2
f 1003/5/2 1004/5/2 1006/5/2
f 1004/8/2 1005/8/2 1007/8/2
f 1006/5/2 1004/5/2 1007/5/2
f 1007/8/2 1005/8/2 1008/8/2
f 1009/8/2 1010/8/2 1011/8/2
f 1011/8/2 1010/8/2 1012/8/2
f 1013/8/2 1014/8/2 1015/8/2
f 1015/8/2 1014/8/2 1016/8/2
f 1017/8/2 1018/8/2 1019/8/2
f 1017/8/2 1019/8/2 1021/8/2
f 1019/8/2 1020/8/2 1021/8/2
f 1021/8/2 1020/8/2 1022/8/2
f 1023/8/2 1024/8/2 1025/8/2
f 1025/8/2 1024/8/2 1026/8/2
f 1022/8/2 1020/8/2 1029/8/2
f 1029/8/2 1020/8/2 1030/8/2
f 1027/8/2 1028/8/2 1031/8/2
f 1031/8/2 1028/8/2 1032/8/2
f 1033/8/2 1034/8/2 1036/8/2
f 1036/8/2 1034/8/2 1037/8/2
f 1035/8/2 1036/8/2 1040/8/2
f 1040/8/2 1036/8/2 1041/8/2
f 1038/8/2 1039/8/2 1045/8/2
f 1045/8/2 1039/8/2 1046/8/2
f 1042/5/2 1043/5/2 1047/5/2
f 1047/5/2 1043/5/2 1048/5/2
f 1044/8/2 1045/8/2 1049/8/2
f 1049/8/2 1045/8/2 1050/8/2
f 1051/8/2 1052/8/2 1055/8/2
f 1055/8/2 1052/8/2 1056/8/2
f 1053/8/2 1054/8/2 1057/8/2
f 1057/8/2 1054/8/2 1058/8/2
f 1055/7/2 1056/7/2 1059/7/2
f 1059/7/2 1056/7/2 1060/7/2
f 1059/5/2 1060/5/2 1061/5/2
f 1061/5/2 1060/5/2 1062/5/2
f 1061/8/2 1062/8/2 1063/8/2
f 1061/8/2 1063/8/2 1064/8/2
f 1064/8/2 1063/8/2 1065/8/2
f 1064/5/2 1065/5/2 1066/5/2
f 1066/5/2 1065/5/2 1067/5/2
f 1066/8/2 1067/8/2 1068/8/2
f 1068/8/2 1067/8/2 1069/8/2
f 1068/7/2 1069/7/2 1070/7/2
f 1070/7/2 1069/7/2 1071/7/2
f 1070/5/2 1071/5/2 1072/5/2
f 1072/5/2 1071/5/2 1073/5/2
f 1072/8/2 1073/8/2 1074/8/2
f 1074/8/2 1073/8/2 1075/8/2
f 1074/5/2 1075/5/2 1076/5/2
f 1076/5/2 1075/5/2 1077/5/2
f 1076/8/2 1077/8/2 1078/8/2
f 1076/8/2 1078/8/2 1079/8/2
f 1079/8/2 1078/8/2 1080/8/2
f 1079/7/2 1080/7/2 1081/7/2
f 1081/7/2 1080/7/2 1082/7/2
f 1081/8/2 1082/8/2 1083/8/2
f 1083/8/2 1082/8/2 1084/8/2
f 1085/9/2 1086/9/2 1088/9/2
f 1088/9/2 1086/9/2 1089/9/2
f 1087/8/2 1088/8/2 1090/8/2
f 1088/8/2 1089/8/2 1090/8/2
f 1090/8/2 1089/8/2 1091/8/2
f 1087/8/2 1090/8/2 1092/8/2
f 1092/8/2 1090/8/2 1093/8/2
f 1094/8/2 1095/8/2 1096/8/2
f 1096/8/2 1095/8/2 1097/8/2
f 1098/8/2 1099/8/2 1103/8/2
f 1103/8/2 1099/8/2 1104/8/2
f 1101/8/2 1102/8/2 1108/8/2
f 1100/8/2 1101/8/2 1108/8/2
f 1108/8/2 1102/8/2 1109/8/2
f 1105/7/2 1106/7/2 1110/7/2
f 1104/7/2 1105/7/2 1110/7/2
f 1110/7/2 1106/7/2 1111/7/2
f 1107/8/2 1108/8/2 1113/8/2
f 1113/8/2 1108/8/2 1114/8/2
f 1112/5/2 1113/5/2 1115/5/2
f 1115/5/2 1113/5/2 1116/5/2
f 1117/8/2 1118/8/2 1119/8/2
f 1119/8/2 1118/8/2 1120/8/2
f 1121/8/2 1122/8/2 1123/8/2
f 1123/8/2 1122/8/2 1124/8/2
f 1126/8/2 1127/8/2 1128/8/2
f 1128/8/2 1127/8/2 1129/8/2
f 1124/8/2 1125/8/2 1130/8/2
f 1130/8/2 1125/8/2 1131/8/2
f 1132/7/2 1133/7/2 1137/7/2
f 1137/7/2 1133/7/2 1138/7/2
f 1134/7/2 1135/7/2 1143/7/2
f 1135/8/2 1136/8/2 1144/8/2
f 1143/7/2 1135/7/2 1144/7/2
f 1144/8/2 1136/8/2 1145/8/2
f 1139/5/2 1140/5/2 1146/5/2
f 1140/8/2 1141/8/2 1147/8/2
f 1146/5/2 1140/5/2 1147/5/2
f 1147/8/2 1141/8/2 1148/8/2
f 1142/4/2 1143/4/2 1150/4/2
f 1150/4/2 1143/4/2 1151/4/2
f 1148/7/2 1149/7/2 1152/7/2
f 1149/8/2 1150/8/2 1153/8/2
f 1152/7/2 1149/7/2 1153/7/2
f 1153/8/2 1150/8/2 1154/8/2
f 1155/9/2 1156/9/2 1158/9/2
f 1158/9/2 1156/9/2 1159/9/2
f 1157/9/2 1158/9/2 1160/9/2
f 1158/9/2 1159/9/2 1160/9/2
f 1160/9/2 1159/9/2 1161/9/2
f 1157/9/2 1160/9/2 1162/9/2
f 1162/9/2 1160/9/2 1163/9/2
f 1164/9/2 1165/9/2 1166/9/2
f 1166/9/2 1165/9/2 1167/9/2
f 1168/9/2 1169/9/2 1170/9/2
f 1170/9/2 1169/9/2 1171/9/2
f 1171/9/2 1172/9/2 1173/9/2
f 1173/9/2 1172/9/2 1174/9/2
f 1175/9/2 1176/9/2 1177/9/2
f 1177/9/2 1176/9/2 1178/9/2
f 1179/8/2 1180/8/2 1183/8/2
f 1183/8/2 1180/8/2 1184/8/2
f 1181/8/2 1182/8/2 1189/8/2
f 1189/8/2 1182/8/2 1190/8/2
f 1184/8/2 1185/8/2 1191/8/2
f 1185/7/2 1186/7/2 1192/7/2
f 1191/8/2 1185/8/2 1192/8/2
f 1192/7/2 1186/7/2 1193/7/2
f 1187/4/2 1188/4/2 1194/4/2
f 1194/4/2 1188/4/2 1195/4/2
f 1193/4/2 1194/4/2 1196/4/2
f 1196/4/2 1194/4/2 1197/4/2
f 1198/8/2 1199/8/2 1202/8/2
f 1202/8/2 1199/8/2 1203/8/2
f 1198/8/2 1202/8/2 1204/8/2
f 1204/8/2 1202/8/2 1205/8/2
f 1200/8/2 1201/8/2 1206/8/2
f 1206/8/2 1201/8/2 1207/8/2
f 1200/8/2 1206/8/2 1210/8/2
f 1208/9/2 1209/9/2 1213/9/2
f 1213/9/2 1209/9/2 1214/9/2
f 1212/8/2 1213/8/2 1215/8/2
f 1213/8/2 1214/8/2 1215/8/2
f 1215/8/2 1214/8/2 1216/8/2
f 1210/8/2 1211/8/2 1219/8/2
f 1200/8/2 1210/8/2 1219/8/2
f 1212/8/2 1215/8/2 1220/8/2
f 1216/9/2 1217/9/2 1221/9/2
f 1218/9/2 1219/9/2 1223/9/2
f 1222/9/2 1223/9/2 1224/9/2
f 1223/9/2 1219/9/2 1225/9/2
f 1224/9/2 1223/9/2 1225/9/2
f 1225/9/2 1219/9/2 1226/9/2
f 1219/8/2 1211/8/2 1227/8/2
f 1226/9/2 1219/9/2 1227/9/2
f 1220/8/2 1221/8/2 1228/8/2
f 1221/9/2 1217/9/2 1228/9/2
f 1228/9/2 1217/9/2 1229/9/2
f 1227/8/2 1211/8/2 1231/8/2
f 1212/8/2 1220/8/2 1232/8/2
f 1220/8/2 1228/8/2 1232/8/2
f 1232/8/2 1228/8/2 1233/8/2
f 1233/8/2 1228/8/2 1234/8/2
f 1230/9/2 1231/9/2 1235/9/2
f 1231/8/2 1211/8/2 1236/8/2
f 1235/9/2 1231/9/2 1236/9/2
f 1233/9/2 1234/9/2 1238/9/2
f 1238/9/2 1234/9/2 1239/9/2
f 1237/8/2 1238/8/2 1241/8/2
f 1239/8/2 1240/8/2 1242/8/2
f 1242/8/2 1240/8/2 1243/8/2
f 1241/8/2 1242/8/2 1243/8/2
f 1243/8/2 1240/8/2 1244/8/2
f 1236/8/2 1211/8/2 1245/8/2
f 1245/8/2 1211/8/2 1246/8/2
f 1246/8/2 1211/8/2 1248/8/2
f 1241/8/2 1243/8/2 1249/8/2
f 1237/8/2 1241/8/2 1249/8/2
f 1249/8/2 1243/8/2 1250/8/2
f 1247/8/2 1248/8/2 1255/8/2
f 1248/8/2 1211/8/2 1256/8/2
f 1255/8/2 1248/8/2 1256/8/2
f 1251/8/2 1252/8/2 1257/8/2
f 1257/8/2 1252/8/2 1258/8/2
f 1253/7/2 1254/7/2 1262/7/2
f 1262/7/2 1254/7/2 1263/7/2
f 1260/4/2 1261/4/2 1264/4/2
f 1259/4/2 1260/4/2 1264/4/2
f 1264/4/2 1261/4/2 1265/4/2
f 1266/8/2 1267/8/2 1272/8/2
f 1270/9/2 1271/9/2 1274/9/2
f 1274/9/2 1271/9/2 1275/9/2
f 1268/8/2 1269/8/2 1276/8/2
f 1272/7/2 1273/7/2 1277/7/2
f 1266/8/2 1272/8/2 1277/8/2
f 1277/7/2 1273/7/2 1278/7/2
f 1266/8/2 1277/8/2 1279/8/2
f 1275/9/2 1276/9/2 1280/9/2
f 1276/8/2 1269/8/2 1281/8/2
f 1280/9/2 1276/9/2 1281/9/2
f 1266/8/2 1279/8/2 1285/8/2
f 1285/8/2 1279/8/2 1286/8/2
f 1282/7/2 1283/7/2 1287/7/2
f 1283/4/2 1284/4/2 1288/4/2
f 1287/7/2 1283/7/2 1288/7/2
f 1288/4/2 1284/4/2 1289/4/2
f 1281/8/2 1269/8/2 1290/8/2
f 1290/8/2 1269/8/2 1291/8/2
f 1287/4/2 1288/4/2 1292/4/2
f 1292/4/2 1288/4/2 1293/4/2
f 1281/8/2 1290/8/2 1296/8/2
f 1296/8/2 1290/8/2 1297/8/2
f 1298/8/2 1299/8/2 1300/8/2
f 1286/8/2 1279/8/2 1303/8/2
f 1294/9/2 1295/9/2 1306/9/2
f 1306/9/2 1295/9/2 1307/9/2
f 1300/8/2 1301/8/2 1308/8/2
f 1298/8/2 1300/8/2 1308/8/2
f 1304/5/2 1305/5/2 1309/5/2
f 1309/5/2 1305/5/2 1310/5/2
f 1307/9/2 1308/9/2 1311/9/2
f 1308/8/2 1301/8/2 1312/8/2
f 1311/9/2 1308/9/2 1312/9/2
f 1303/8/2 1279/8/2 1313/8/2
f 1302/8/2 1303/8/2 1313/8/2
f 1312/8/2 1301/8/2 1315/8/2
f 1315/8/2 1301/8/2 1316/8/2
f 1313/9/2 1314/9/2 1317/9/2
f 1302/8/2 1313/8/2 1317/8/2
f 1317/9/2 1314/9/2 1318/9/2
f 1312/8/2 1315/8/2 1319/8/2
f 1302/8/2 1317/8/2 1321/8/2
f 1321/8/2 1317/8/2 1322/8/2
f 1322/8/2 1317/8/2 1323/8/2
f 1322/9/2 1323/9/2 1325/9/2
f 1325/9/2 1323/9/2 1326/9/2
f 1325/8/2 1326/8/2 1329/8/2
f 1324/8/2 1325/8/2 1329/8/2
f 1327/6/2 1328/6/2 1331/6/2
f 1331/6/2 1328/6/2 1332/6/2
f 1329/9/2 1330/9/2 1333/9/2
f 1324/8/2 1329/8/2 1333/8/2
f 1333/9/2 1330/9/2 1334/9/2
f 1319/8/2 1320/8/2 1336/8/2
f 1312/8/2 1319/8/2 1336/8/2
f 1335/9/2 1336/9/2 1337/9/2
f 1336/8/2 1320/8/2 1338/8/2
f 1337/9/2 1336/9/2 1338/9/2
f 1324/8/2 1333/8/2 1339/8/2
f 1339/8/2 1333/8/2 1340/8/2
f 1338/8/2 1320/8/2 1346/8/2
f 1346/8/2 1320/8/2 1347/8/2
f 1341/5/2 1342/5/2 1348/5/2
f 1342/7/2 1343/7/2 1349/7/2
f 1348/5/2 1342/5/2 1349/5/2
f 1343/4/2 1344/4/2 1350/4/2
f 1349/7/2 1343/7/2 1350/7/2
f 1344/7/2 1345/7/2 1351/7/2
f 1350/4/2 1344/4/2 1351/4/2
f 1351/7/2 1345/7/2 1352/7/2
f 1353/8/2 1354/8/2 1357/8/2
f 1354/5/2 1355/5/2 1357/5/2
f 1355/8/2 1356/8/2 1358/8/2
f 1357/5/2 1355/5/2 1358/5/2
f 1358/8/2 1356/8/2 1359/8/2
f 1359/8/2 1356/8/2 1360/8/2
f 1353/8/2 1357/8/2 1361/8/2
f 1357/8/2 1358/8/2 1361/8/2
f 1361/8/2 1358/8/2 1362/8/2
f 1358/6/2 1359/6/2 1363/6/2
f 1362/8/2 1358/8/2 1363/8/2
f 1363/6/2 1359/6/2 1364/6/2
f 1360/8/2 1356/8/2 1365/8/2
f 1365/8/2 1356/8/2 1366/8/2
f 1362/8/2 1363/8/2 1368/8/2
f 1363/4/2 1364/4/2 1369/4/2
f 1368/8/2 1363/8/2 1369/8/2
f 1364/8/2 1365/8/2 1370/8/2
f 1369/4/2 1364/4/2 1370/4/2
f 1367/4/2 1368/4/2 1371/4/2
f 1368/7/2 1369/7/2 1372/7/2
f 1371/4/2 1368/4/2 1372/4/2
f 1372/7/2 1369/7/2 1373/7/2
f 1369/6/2 1370/6/2 1374/6/2
f 1373/7/2 1369/7/2 1374/7/2
f 1370/8/2 1365/8/2 1375/8/2
f 1374/6/2 1370/6/2 1375/6/2
f 1373/7/2 1374/7/2 1376/7/2
f 1372/8/2 1373/8/2 1376/8/2
f 1371/8/2 1372/8/2 1376/8/2
f 1374/8/2 1375/8/2 1377/8/2
f 1376/7/2 1374/7/2 1377/7/2
f 1375/8/2 1365/8/2 1378/8/2
f 1377/8/2 1375/8/2 1378/8/2
f 1378/8/2 1365/8/2 1379/8/2
f 1376/4/2 1377/4/2 1381/4/2
f 1371/8/2 1376/8/2 1381/8/2
f 1377/7/2 1378/7/2 1382/7/2
f 1381/4/2 1377/4/2 1382/4/2
f 1379/8/2 1380/8/2 1383/8/2
f 1382/7/2 1378/7/2 1383/7/2
f 1378/8/2 1379/8/2 1383/8/2
f 1371/8/2 1381/8/2 1384/8/2
f 1381/7/2 1382/7/2 1385/7/2
f 1384/8/2 1381/8/2 1385/8/2
f 1382/8/2 1383/8/2 1386/8/2
f 1385/7/2 1382/7/2 1386/7/2
f 1386/8/2 1383/8/2 1388/8/2
f 1371/8/2 1384/8/2 1389/8/2
f 1387/8/2 1388/8/2 1390/8/2
f 1388/8/2 1383/8/2 1391/8/2
f 1390/8/2 1388/8/2 1391/8/2
f 1383/8/2 1380/8/2 1392/8/2
f 1391/8/2 1383/8/2 1392/8/2
f 1392/8/2 1380/8/2 1393/8/2
f 1371/8/2 1389/8/2 1394/8/2
f 1390/7/2 1391/7/2 1394/7/2
f 1389/7/2 1390/7/2 1394/7/2
f 1394/7/2 1391/7/2 1395/7/2
f 1394/8/2 1395/8/2 1396/8/2
f 1395/7/2 1391/7/2 1396/7/2
f 1391/8/2 1392/8/2 1397/8/2
f 1396/7/2 1391/7/2 1397/7/2
f 1397/8/2 1392/8/2 1398/8/2
f 1393/8/2 1380/8/2 1399/8/2
f 1399/8/2 1380/8/2 1400/8/2
f 1394/8/2 1396/8/2 1401/8/2
f 1371/8/2 1394/8/2 1401/8/2
f 1401/8/2 1396/8/2 1402/8/2
f 1397/8/2 1398/8/2 1403/8/2
f 1398/8/2 1399/8/2 1403/8/2
f 1403/8/2 1399/8/2 1404/8/2
f 1371/8/2 1401/8/2 1406/8/2
f 1401/4/2 1402/4/2 1407/4/2
f 1406/8/2 1401/8/2 1407/8/2
f 1402/5/2 1403/5/2 1408/5/2
f 1407/4/2 1402/4/2 1408/4/2
f 1404/8/2 1405/8/2 1409/8/2
f 1408/5/2 1403/5/2 1409/5/2
f 1403/8/2 1404/8/2 1409/8/2
f 1409/8/2 1405/8/2 1410/8/2
f 1407/8/2 1408/8/2 1412/8/2
f 1408/5/2 1409/5/2 1413/5/2
f 1412/8/2 1408/8/2 1413/8/2
f 1409/7/2 1410/7/2 1414/7/2
f 1413/5/2 1409/5/2 1414/5/2
f 1410/8/2 1405/8/2 1415/8/2
f 1414/7/2 1410/7/2 1415/7/2
f 1411/8/2 1412/8/2 1416/8/2
f 1412/8/2 1413/8/2 1416/8/2
f 1413/7/2 1414/7/2 1417/7/2
f 1416/8/2 1413/8/2 1417/8/2
f 1414/8/2 1415/8/2 1418/8/2
f 1417/7/2 1414/7/2 1418/7/2
f 1411/8/2 1416/8/2 1419/8/2
f 1416/7/2 1417/7/2 1419/7/2
f 1417/5/2 1418/5/2 1420/5/2
f 1419/7/2 1417/7/2 1420/7/2
f 1418/8/2 1415/8/2 1421/8/2
f 1420/5/2 1418/5/2 1421/5/2
f 1415/8/2 1405/8/2 1422/8/2
f 1421/8/2 1415/8/2 1422/8/2
f 1419/8/2 1420/8/2 1423/8/2
f 1420/8/2 1421/8/2 1423/8/2
f 1421/5/2 1422/5/2 1424/5/2
f 1423/8/2 1421/8/2 1424/8/2
f 1419/8/2 1423/8/2 1425/8/2
f 1423/7/2 1424/7/2 1425/7/2
f 1424/5/2 1422/5/2 1426/5/2
f 1425/7/2 1424/7/2 1426/7/2
f 1422/8/2 1405/8/2 1427/8/2
f 1426/5/2 1422/5/2 1427/5/2
f 1427/8/2 1405/8/2 1428/8/2
f 1425/8/2 1426/8/2 1429/8/2
f 1419/8/2 1425/8/2 1429/8/2
f 1411/8/2 1419/8/2 1429/8/2
f 1429/8/2 1426/8/2 1430/8/2
f 1430/8/2 1426/8/2 1431/8/2
f 1427/7/2 1428/7/2 1432/7/2
f 1428/8/2 1405/8/2 1433/8/2
f 1432/7/2 1428/7/2 1433/7/2
f 1430/8/2 1431/8/2 1435/8/2
f 1431/5/2 1432/5/2 1436/5/2
f 1435/8/2 1431/8/2 1436/8/2
f 1432/8/2 1433/8/2 1437/8/2
f 1436/5/2 1432/5/2 1437/5/2
f 1433/8/2 1405/8/2 1438/8/2
f 1437/8/2 1433/8/2 1438/8/2
f 1434/8/2 1435/8/2 1439/8/2
f 1435/8/2 1436/8/2 1439/8/2
f 1437/6/2 1438/6/2 1440/6/2
f 1439/8/2 1436/8/2 1440/8/2
f 1436/6/2 1437/6/2 1440/6/2
f 1440/6/2 1438/6/2 1441/6/2
f 1438/8/2 1405/8/2 1442/8/2
f 1441/6/2 1438/6/2 1442/6/2
f 1434/8/2 1439/8/2 1443/8/2
f 1439/6/2 1440/6/2 1443/6/2
f 1440/5/2 1441/5/2 1444/5/2
f 1443/6/2 1440/6/2 1444/6/2
f 1441/8/2 1442/8/2 1445/8/2
f 1444/5/2 1441/5/2 1445/5/2
f 1442/8/2 1405/8/2 1446/8/2
f 1445/8/2 1442/8/2 1446/8/2
f 1446/8/2 1405/8/2 1447/8/2
f 1444/6/2 1445/6/2 1448/6/2
f 1445/8/2 1446/8/2 1448/8/2
f 1448/8/2 1446/8/2 1449/8/2
f 1434/8/2 1443/8/2 1451/8/2
f 1443/8/2 1444/8/2 1451/8/2
f 1444/6/2 1448/6/2 1452/6/2
f 1451/8/2 1444/8/2 1452/8/2
f 1448/5/2 1449/5/2 1453/5/2
f 1452/6/2 1448/6/2 1453/6/2
f 1449/8/2 1450/8/2 1454/8/2
f 1453/5/2 1449/5/2 1454/5/2
f 1454/8/2 1450/8/2 1455/8/2
f 1472/8/3 1457/8/3 1456/8/3
f 1473/8/3 1457/8/3 1472/8/3
f 1474/8/3 1457/8/3 1473/8/3
f 1479/8/3 1459/8/3 1458/8/3
f 1479/5/3 1460/5/3 1459/5/3
f 1480/8/3 1461/8/3 1460/8/3
f 1480/5/3 1460/5/3 1479/5/3
f 1481/7/3 1462/7/3 1461/7/3
f 1481/8/3 1461/8/3 1480/8/3
f 1482/6/3 1463/6/3 1462/6/3
f 1482/7/3 1462/7/3 1481/7/3
f 1483/6/3 1463/6/3 1482/6/3
f 1485/8/3 1465/8/3 1464/8/3
f 1486/5/3 1466/5/3 1465/5/3
f 1486/8/3 1465/8/3 1485/8/3
f 1487/8/3 1467/8/3 1466/8/3
f 1487/5/3 1466/5/3 1486/5/3
f 1488/8/3 1467/8/3 1487/8/3
f 1489/6/3 1468/6/3 1467/6/3
f 1489/8/3 1467/8/3 1488/8/3
f 1490/8/3 1469/8/3 1468/8/3
f 1490/6/3 1468/6/3 1489/6/3
f 1491/8/3 1469/8/3 1490/8/3
f 1492/5/3 1470/5/3 1469/5/3
f 1492/8/3 1469/8/3 1491/8/3
f 1493/5/3 1470/5/3 1492/5/3
f 1495/8/3 1472/8/3 1471/8/3
f 1495/8/3 1473/8/3 1472/8/3
f 1496/8/3 1473/8/3 1495/8/3
f 1497/8/3 1473/8/3 1496/8/3
f 1499/8/3 1476/8/3 1475/8/3
f 1500/3/3 1477/3/3 1476/3/3
f 1500/8/3 1476/8/3 1499/8/3
f 1501/8/3 1478/8/3 1477/8/3
f 1501/3/3 1477/3/3 1500/3/3
f 1502/8/3 1479/8/3 1458/8/3
f 1503/6/3 1480/6/3 1479/6/3
f 1503/8/3 1479/8/3 1502/8/3
f 1504/7/3 1481/7/3 1480/7/3
f 1504/6/3 1480/6/3 1503/6/3
f 1504/7/3 1482/7/3 1481/7/3
f 1505/7/3 1482/7/3 1504/7/3
f 1506/8/3 1483/8/3 1482/8/3
f 1506/7/3 1482/7/3 1505/7/3
f 1507/6/3 1485/6/3 1484/6/3
f 1508/7/3 1486/7/3 1485/7/3
f 1508/6/3 1485/6/3 1507/6/3
f 1508/7/3 1488/7/3 1487/7/3
f 1508/7/3 1487/7/3 1486/7/3
f 1509/7/3 1488/7/3 1508/7/3
f 1510/6/3 1489/6/3 1488/6/3
f 1510/7/3 1488/7/3 1509/7/3
f 1511/7/3 1491/7/3 1490/7/3
f 1511/6/3 1489/6/3 1510/6/3
f 1511/7/3 1490/7/3 1489/7/3
f 1512/6/3 1492/6/3 1491/6/3
f 1512/7/3 1491/7/3 1511/7/3
f 1513/7/3 1493/7/3 1492/7/3
f 1513/6/3 1492/6/3 1512/6/3
f 1514/7/3 1493/7/3 1513/7/3
f 1515/8/3 1495/8/3 1494/8/3
f 1515/8/3 1496/8/3 1495/8/3
f 1516/8/3 1496/8/3 1515/8/3
f 1517/8/3 1500/8/3 1499/8/3
f 1517/8/3 1499/8/3 1498/8/3
f 1518/8/3 1500/8/3 1517/8/3
f 1519/8/3 1478/8/3 1501/8/3
f 1520/8/3 1478/8/3 1519/8/3
f 1521/8/3 1505/8/3 1504/8/3
f 1521/8/3 1504/8/3 1503/8/3
f 1522/5/3 1506/5/3 1505/5/3
f 1522/8/3 1505/8/3 1521/8/3
f 1523/8/3 1483/8/3 1506/8/3
f 1523/5/3 1506/5/3 1522/5/3
f 1524/8/3 1483/8/3 1523/8/3
f 1525/5/3 1508/5/3 1507/5/3
f 1526/8/3 1509/8/3 1508/8/3
f 1526/5/3 1508/5/3 1525/5/3
f 1527/5/3 1510/5/3 1509/5/3
f 1527/8/3 1509/8/3 1526/8/3
f 1528/8/3 1512/8/3 1511/8/3
f 1528/5/3 1510/5/3 1527/5/3
f 1528/8/3 1511/8/3 1510/8/3
f 1529/5/3 1513/5/3 1512/5/3
f 1529/8/3 1512/8/3 1528/8/3
f 1530/8/3 1514/8/3 1513/8/3
f 1530/5/3 1513/5/3 1529/5/3
f 1531/8/3 1514/8/3 1530/8/3
f 1543/8/3 1533/8/3 1532/8/3
f 1544/8/3 1533/8/3 1543/8/3
f 1545/8/3 1535/8/3 1534/8/3
f 1546/8/3 1535/8/3 1545/8/3
f 1547/8/3 1535/8/3 1546/8/3
f 1548/8/3 1535/8/3 1547/8/3
f 1551/8/3 1537/8/3 1536/8/3
f 1552/8/3 1537/8/3 1551/8/3
f 1553/8/3 1539/8/3 1538/8/3
f 1554/8/3 1539/8/3 1553/8/3
f 1555/8/3 1539/8/3 1554/8/3
f 1556/8/3 1539/8/3 1555/8/3
f 1559/8/3 1541/8/3 1540/8/3
f 1560/5/3 1542/5/3 1541/5/3
f 1560/8/3 1541/8/3 1559/8/3
f 1561/5/3 1542/5/3 1560/5/3
f 1562/8/3 1533/8/3 1544/8/3
f 1563/8/3 1533/8/3 1562/8/3
f 1565/8/3 1547/8/3 1546/8/3
f 1566/8/3 1547/8/3 1565/8/3
f 1568/8/3 1550/8/3 1549/8/3
f 1569/8/3 1550/8/3 1568/8/3
f 1571/8/3 1537/8/3 1552/8/3
f 1572/8/3 1537/8/3 1571/8/3
f 1574/8/3 1555/8/3 1554/8/3
f 1575/8/3 1555/8/3 1574/8/3
f 1577/5/3 1558/5/3 1557/5/3
f 1578/7/3 1559/7/3 1558/7/3
f 1578/5/3 1558/5/3 1577/5/3
f 1579/7/3 1559/7/3 1578/7/3
f 1580/7/3 1559/7/3 1579/7/3
f 1581/7/3 1561/7/3 1560/7/3
f 1582/7/3 1561/7/3 1581/7/3
f 1583/8/3 1543/8/3 1532/8/3
f 1584/9/3 1563/9/3 1562/9/3
f 1585/8/3 1564/8/3 1563/8/3
f 1585/9/3 1563/9/3 1584/9/3
f 1586/8/3 1564/8/3 1585/8/3
f 1588/8/3 1570/8/3 1569/8/3
f 1588/8/3 1568/8/3 1567/8/3
f 1588/8/3 1569/8/3 1568/8/3
f 1589/8/3 1570/8/3 1588/8/3
f 1590/8/3 1573/8/3 1572/8/3
f 1591/8/3 1573/8/3 1590/8/3
f 1596/8/3 1577/8/3 1576/8/3
f 1596/8/3 1578/8/3 1577/8/3
f 1597/5/3 1579/5/3 1578/5/3
f 1597/8/3 1578/8/3 1596/8/3
f 1598/8/3 1580/8/3 1579/8/3
f 1598/5/3 1579/5/3 1597/5/3
f 1599/5/3 1581/5/3 1580/5/3
f 1599/8/3 1580/8/3 1598/8/3
f 1600/8/3 1582/8/3 1581/8/3
f 1600/5/3 1581/5/3 1599/5/3
f 1601/8/3 1584/8/3 1583/8/3
f 1601/8/3 1583/8/3 1532/8/3
f 1602/8/3 1584/8/3 1601/8/3
f 1603/7/3 1587/7/3 1586/7/3
f 1603/7/3 1586/7/3 1585/7/3
f 1604/8/3 1589/8/3 1588/8/3
f 1604/7/3 1587/7/3 1603/7/3
f 1604/8/3 1588/8/3 1587/8/3
f 1604/8/3 1590/8/3 1589/8/3
f 1604/8/3 1592/8/3 1591/8/3
f 1604/8/3 1591/8/3 1590/8/3
f 1605/5/3 1593/5/3 1592/5/3
f 1605/8/3 1592/8/3 1604/8/3
f 1606/8/3 1594/8/3 1593/8/3
f 1606/5/3 1593/5/3 1605/5/3
f 1607/7/3 1595/7/3 1594/7/3
f 1607/8/3 1594/8/3 1606/8/3
f 1608/8/3 1599/8/3 1598/8/3
f 1608/7/3 1595/7/3 1607/7/3
f 1608/8/3 1598/8/3 1597/8/3
f 1608/8/3 1597/8/3 1596/8/3
f 1608/8/3 1600/8/3 1599/8/3
f 1608/8/3 1596/8/3 1595/8/3
f 1609/8/3 1582/8/3 1600/8/3
f 1609/8/3 1600/8/3 1608/8/3
f 1622/1/3 1611/1/3 1610/1/3
f 1622/3/3 1612/3/3 1611/3/3
f 1623/8/3 1613/8/3 1612/8/3
f 1623/3/3 1612/3/3 1622/3/3
f 1624/8/3 1613/8/3 1623/8/3
f 1626/1/3 1615/1/3 1614/1/3
f 1627/3/3 1616/3/3 1615/3/3
f 1627/1/3 1615/1/3 1626/1/3
f 1628/1/3 1617/1/3 1616/1/3
f 1628/3/3 1616/3/3 1627/3/3
f 1629/1/3 1617/1/3 1628/1/3
f 1630/2/3 1618/2/3 1617/2/3
f 1630/1/3 1617/1/3 1629/1/3
f 1631/3/3 1619/3/3 1618/3/3
f 1631/2/3 1618/2/3 1630/2/3
f 1632/3/3 1619/3/3 1631/3/3
f 1633/3/3 1619/3/3 1632/3/3
f 1634/7/3 1621/7/3 1620/7/3
f 1635/7/3 1621/7/3 1634/7/3
f 1636/7/3 1621/7/3 1635/7/3
f 1639/1/3 1622/1/3 1610/1/3
f 1640/2/3 1623/2/3 1622/2/3
f 1640/1/3 1622/1/3 1639/1/3
f 1641/2/3 1623/2/3 1640/2/3
f 1643/2/3 1626/2/3 1625/2/3
f 1643/2/3 1627/2/3 1626/2/3
f 1644/2/3 1627/2/3 1643/2/3
f 1645/2/3 1627/2/3 1644/2/3
f 1648/2/3 1633/2/3 1632/2/3
f 1649/2/3 1633/2/3 1648/2/3
f 1651/9/3 1635/9/3 1634/9/3
f 1652/8/3 1638/8/3 1637/8/3
f 1653/2/3 1640/2/3 1639/2/3
f 1654/2/3 1640/2/3 1653/2/3
f 1656/1/3 1643/1/3 1642/1/3
f 1657/2/3 1644/2/3 1643/2/3
f 1657/1/3 1643/1/3 1656/1/3
f 1658/2/3 1644/2/3 1657/2/3
f 1661/1/3 1647/1/3 1646/1/3
f 1662/1/3 1647/1/3 1661/1/3
f 1663/8/3 1649/8/3 1648/8/3
f 1664/2/3 1650/2/3 1649/2/3
f 1664/8/3 1649/8/3 1663/8/3
f 1665/2/3 1650/2/3 1664/2/3
f 1669/9/3 1651/9/3 1634/9/3
f 1670/9/3 1651/9/3 1669/9/3
f 1678/8/3 1638/8/3 1652/8/3
f 1679/3/3 1654/3/3 1653/3/3
f 1680/1/3 1655/1/3 1654/1/3
f 1680/3/3 1654/3/3 1679/3/3
f 1681/2/3 1656/2/3 1655/2/3
f 1681/1/3 1655/1/3 1680/1/3
f 1682/3/3 1657/3/3 1656/3/3
f 1682/2/3 1656/2/3 1681/2/3
f 1683/1/3 1658/1/3 1657/1/3
f 1683/3/3 1657/3/3 1682/3/3
f 1684/2/3 1659/2/3 1658/2/3
f 1684/1/3 1658/1/3 1683/1/3
f 1685/1/3 1660/1/3 1659/1/3
f 1685/2/3 1659/2/3 1684/2/3
f 1686/2/3 1663/2/3 1662/2/3
f 1686/1/3 1660/1/3 1685/1/3
f 1686/2/3 1662/2/3 1661/2/3
f 1686/2/3 1661/2/3 1660/2/3
f 1687/2/3 1663/2/3 1686/2/3
f 1688/2/3 1663/2/3 1687/2/3
f 1689/2/3 1663/2/3 1688/2/3
f 1690/1/3 1664/1/3 1663/1/3
f 1690/2/3 1663/2/3 1689/2/3
f 1691/3/3 1665/3/3 1664/3/3
f 1691/1/3 1664/1/3 1690/1/3
f 1691/3/3 1666/3/3 1665/3/3
f 1692/3/3 1666/3/3 1691/3/3
f 1693/2/3 1668/2/3 1667/2/3
f 1693/3/3 1666/3/3 1692/3/3
f 1693/2/3 1667/2/3 1666/2/3
f 1694/3/3 1669/3/3 1668/3/3
f 1694/2/3 1668/2/3 1693/2/3
f 1695/2/3 1670/2/3 1669/2/3
f 1695/3/3 1669/3/3 1694/3/3
f 1695/2/3 1671/2/3 1670/2/3
f 1695/2/3 1672/2/3 1671/2/3
f 1696/1/3 1673/1/3 1672/1/3
f 1696/2/3 1672/2/3 1695/2/3
f 1697/2/3 1674/2/3 1673/2/3
f 1697/1/3 1673/1/3 1696/1/3
f 1698/3/3 1675/3/3 1674/3/3
f 1698/2/3 1674/2/3 1697/2/3
f 1699/1/3 1676/1/3 1675/1/3
f 1699/3/3 1675/3/3 1698/3/3
f 1700/2/3 1677/2/3 1676/2/3
f 1700/1/3 1676/1/3 1699/1/3
f 1701/1/3 1678/1/3 1677/1/3
f 1701/2/3 1677/2/3 1700/2/3
f 1702/8/3 1638/8/3 1678/8/3
f 1702/1/3 1678/1/3 1701/1/3
f 1703/8/3 1638/8/3 1702/8/3
f 1706/2/3 1683/2/3 1682/2/3
f 1707/2/3 1683/2/3 1706/2/3
f 1710/2/3 1688/2/3 1687/2/3
f 1711/2/3 1688/2/3 1710/2/3
f 1712/9/3 1690/9/3 1689/9/3
f 1713/9/3 1690/9/3 1712/9/3
f 1715/2/3 1693/2/3 1692/2/3
f 1718/2/3 1698/2/3 1697/2/3
f 1719/9/3 1699/9/3 1698/9/3
f 1719/9/3 1700/9/3 1699/9/3
f 1719/2/3 1698/2/3 1718/2/3
f 1720/9/3 1700/9/3 1719/9/3
f 1721/9/3 1700/9/3 1720/9/3
f 1723/5/3 1703/5/3 1702/5/3
f 1724/5/3 1703/5/3 1723/5/3
f 1725/9/3 1705/9/3 1704/9/3
f 1726/3/3 1707/3/3 1706/3/3
f 1727/2/3 1708/2/3 1707/2/3
f 1727/3/3 1707/3/3 1726/3/3
f 1728/2/3 1708/2/3 1727/2/3
f 1730/3/3 1710/3/3 1709/3/3
f 1731/2/3 1711/2/3 1710/2/3
f 1731/3/3 1710/3/3 1730/3/3
f 1732/2/3 1711/2/3 1731/2/3
f 1733/9/3 1714/9/3 1713/9/3
f 1733/9/3 1713/9/3 1712/9/3
f 1734/9/3 1714/9/3 1733/9/3
f 1735/9/3 1714/9/3 1734/9/3
f 1736/2/3 1716/2/3 1715/2/3
f 1736/2/3 1715/2/3 1692/2/3
f 1737/2/3 1716/2/3 1736/2/3
f 1738/2/3 1716/2/3 1737/2/3
f 1742/3/3 1718/3/3 1717/3/3
f 1743/2/3 1719/2/3 1718/2/3
f 1743/3/3 1718/3/3 1742/3/3
f 1744/2/3 1719/2/3 1743/2/3
f 1745/7/3 1722/7/3 1721/7/3
f 1746/7/3 1722/7/3 1745/7/3
f 1747/6/3 1724/6/3 1723/6/3
f 1748/6/3 1724/6/3 1747/6/3
f 1749/9/3 1725/9/3 1704/9/3
f 1750/9/3 1725/9/3 1749/9/3
f 1752/2/3 1728/2/3 1727/2/3
f 1753/3/3 1729/3/3 1728/3/3
f 1753/2/3 1728/2/3 1752/2/3
f 1754/1/3 1730/1/3 1729/1/3
f 1754/3/3 1729/3/3 1753/3/3
f 1755/2/3 1731/2/3 1730/2/3
f 1755/1/3 1730/1/3 1754/1/3
f 1756/2/3 1731/2/3 1755/2/3
f 1757/9/3 1735/9/3 1734/9/3
f 1757/9/3 1736/9/3 1735/9/3
f 1758/9/3 1736/9/3 1757/9/3
f 1759/3/3 1738/3/3 1737/3/3
f 1760/2/3 1739/2/3 1738/2/3
f 1760/3/3 1738/3/3 1759/3/3
f 1761/1/3 1740/1/3 1739/1/3
f 1761/2/3 1739/2/3 1760/2/3
f 1762/3/3 1741/3/3 1740/3/3
f 1762/1/3 1740/1/3 1761/1/3
f 1763/2/3 1742/2/3 1741/2/3
f 1763/3/3 1741/3/3 1762/3/3
f 1764/2/3 1742/2/3 1763/2/3
f 1765/1/3 1743/1/3 1742/1/3
f 1765/2/3 1742/2/3 1764/2/3
f 1766/1/3 1743/1/3 1765/1/3
f 1767/8/3 1748/8/3 1747/8/3
f 1768/8/3 1748/8/3 1767/8/3
f 1769/9/3 1751/9/3 1750/9/3
f 1770/9/3 1751/9/3 1769/9/3
f 1791/8/3 1772/8/3 1771/8/3
f 1792/8/3 1772/8/3 1791/8/3
f 1793/8/3 1772/8/3 1792/8/3
f 1794/7/3 1773/7/3 1772/7/3
f 1794/8/3 1772/8/3 1793/8/3
f 1795/5/3 1774/5/3 1773/5/3
f 1795/7/3 1773/7/3 1794/7/3
f 1796/8/3 1775/8/3 1774/8/3
f 1796/5/3 1774/5/3 1795/5/3
f 1797/5/3 1776/5/3 1775/5/3
f 1797/8/3 1775/8/3 1796/8/3
f 1798/8/3 1777/8/3 1776/8/3
f 1798/5/3 1776/5/3 1797/5/3
f 1799/8/3 1777/8/3 1798/8/3
f 1800/7/3 1778/7/3 1777/7/3
f 1800/8/3 1777/8/3 1799/8/3
f 1801/8/3 1779/8/3 1778/8/3
f 1801/7/3 1778/7/3 1800/7/3
f 1802/5/3 1780/5/3 1779/5/3
f 1802/8/3 1779/8/3 1801/8/3
f 1803/5/3 1780/5/3 1802/5/3
f 1804/8/3 1781/8/3 1780/8/3
f 1804/5/3 1780/5/3 1803/5/3
f 1805/7/3 1782/7/3 1781/7/3
f 1805/8/3 1781/8/3 1804/8/3
f 1806/5/3 1783/5/3 1782/5/3
f 1806/7/3 1782/7/3 1805/7/3
f 1807/7/3 1784/7/3 1783/7/3
f 1807/5/3 1783/5/3 1806/5/3
f 1808/5/3 1785/5/3 1784/5/3
f 1808/7/3 1784/7/3 1807/7/3
f 1809/5/3 1785/5/3 1808/5/3
f 1811/7/3 1787/7/3 1786/7/3
f 1812/8/3 1788/8/3 1787/8/3
f 1812/7/3 1787/7/3 1811/7/3
f 1813/8/3 1788/8/3 1812/8/3
f 1814/7/3 1789/7/3 1788/7/3
f 1814/8/3 1788/8/3 1813/8/3
f 1815/5/3 1790/5/3 1789/5/3
f 1815/7/3 1789/7/3 1814/7/3
f 1816/7/3 1792/7/3 1791/7/3
f 1817/8/3 1793/8/3 1792/8/3
f 1817/7/3 1792/7/3 1816/7/3
f 1818/8/3 1793/8/3 1817/8/3
f 1819/8/3 1795/8/3 1794/8/3
f 1819/8/3 1796/8/3 1795/8/3
f 1820/8/3 1796/8/3 1819/8/3
f 1821/5/3 1797/5/3 1796/5/3
f 1821/8/3 1796/8/3 1820/8/3
f 1822/7/3 1798/7/3 1797/7/3
f 1822/5/3 1797/5/3 1821/5/3
f 1823/5/3 1799/5/3 1798/5/3
f 1823/7/3 1798/7/3 1822/7/3
f 1824/7/3 1800/7/3 1799/7/3
f 1824/5/3 1799/5/3 1823/5/3
f 1825/7/3 1800/7/3 1824/7/3
f 1826/5/3 1801/5/3 1800/5/3
f 1826/7/3 1800/7/3 1825/7/3
f 1826/5/3 1802/5/3 1801/5/3
f 1827/5/3 1802/5/3 1826/5/3
f 1828/8/3 1803/8/3 1802/8/3
f 1828/5/3 1802/5/3 1827/5/3
f 1829/7/3 1804/7/3 1803/7/3
f 1829/8/3 1803/8/3 1828/8/3
f 1830/5/3 1805/5/3 1804/5/3
f 1830/7/3 1804/7/3 1829/7/3
f 1831/7/3 1806/7/3 1805/7/3
f 1831/5/3 1805/5/3 1830/5/3
f 1832/8/3 1807/8/3 1806/8/3
f 1832/7/3 1806/7/3 1831/7/3
f 1832/8/3 1808/8/3 1807/8/3
f 1833/8/3 1808/8/3 1832/8/3
f 1834/8/3 1810/8/3 1809/8/3
f 1835/5/3 1811/5/3 1810/5/3
f 1835/8/3 1810/8/3 1834/8/3
f 1836/7/3 1812/7/3 1811/7/3
f 1836/5/3 1811/5/3 1835/5/3
f 1837/5/3 1813/5/3 1812/5/3
f 1837/7/3 1812/7/3 1836/7/3
f 1838/7/3 1814/7/3 1813/7/3
f 1838/5/3 1813/5/3 1837/5/3
f 1839/8/3 1815/8/3 1814/8/3
f 1839/7/3 1814/7/3 1838/7/3
f 1840/5/3 1790/5/3 1815/5/3
f 1840/8/3 1815/8/3 1839/8/3
f 1841/5/3 1790/5/3 1840/5/3
f 1843/8/3 1834/8/3 1833/8/3
f 1844/8/3 1834/8/3 1843/8/3
f 1845/5/3 1842/5/3 1841/5/3
f 1846/5/3 1842/5/3 1845/5/3
f 1851/8/3 1848/8/3 1847/8/3
f 1852/8/3 1848/8/3 1851/8/3
f 1853/9/3 1850/9/3 1849/9/3
f 1854/9/3 1850/9/3 1853/9/3
f 1855/6/3 1852/6/3 1851/6/3
f 1856/6/3 1852/6/3 1855/6/3
f 1857/5/3 1856/5/3 1855/5/3
f 1858/5/3 1856/5/3 1857/5/3
f 1877/8/3 1860/8/3 1859/8/3
f 1878/8/3 1860/8/3 1877/8/3
f 1879/8/3 1862/8/3 1861/8/3
f 1879/8/3 1863/8/3 1862/8/3
f 1879/8/3 1864/8/3 1863/8/3
f 1879/5/3 1865/5/3 1864/5/3
f 1880/7/3 1866/7/3 1865/7/3
f 1880/5/3 1865/5/3 1879/5/3
f 1881/8/3 1867/8/3 1866/8/3
f 1881/7/3 1866/7/3 1880/7/3
f 1882/8/3 1867/8/3 1881/8/3
f 1883/8/3 1867/8/3 1882/8/3
f 1884/8/3 1867/8/3 1883/8/3
f 1885/8/3 1867/8/3 1884/8/3
f 1886/7/3 1868/7/3 1867/7/3
f 1886/8/3 1867/8/3 1885/8/3
f 1887/6/3 1869/6/3 1868/6/3
f 1887/7/3 1868/7/3 1886/7/3
f 1888/7/3 1870/7/3 1869/7/3
f 1888/6/3 1869/6/3 1887/6/3
f 1888/7/3 1871/7/3 1870/7/3
f 1889/7/3 1871/7/3 1888/7/3
f 1890/6/3 1872/6/3 1871/6/3
f 1890/7/3 1871/7/3 1889/7/3
f 1891/5/3 1873/5/3 1872/5/3
f 1891/6/3 1872/6/3 1890/6/3
f 1892/7/3 1874/7/3 1873/7/3
f 1892/5/3 1873/5/3 1891/5/3
f 1893/7/3 1874/7/3 1892/7/3
f 1894/5/3 1875/5/3 1874/5/3
f 1894/7/3 1874/7/3 1893/7/3
f 1895/5/3 1875/5/3 1894/5/3
f 1896/8/3 1877/8/3 1876/8/3
f 1897/8/3 1877/8/3 1896/8/3
f 1898/8/3 1879/8/3 1861/8/3
f 1898/8/3 1880/8/3 1879/8/3
f 1899/7/3 1881/7/3 1880/7/3
f 1899/8/3 1880/8/3 1898/8/3
f 1900/5/3 1882/5/3 1881/5/3
f 1900/7/3 1881/7/3 1899/7/3
f 1901/8/3 1883/8/3 1882/8/3
f 1901/5/3 1882/5/3 1900/5/3
f 1902/5/3 1884/5/3 1883/5/3
f 1902/8/3 1883/8/3 1901/8/3
f 1903/8/3 1885/8/3 1884/8/3
f 1903/5/3 1884/5/3 1902/5/3
f 1904/7/3 1886/7/3 1885/7/3
f 1904/8/3 1885/8/3 1903/8/3
f 1905/5/3 1887/5/3 1886/5/3
f 1905/7/3 1886/7/3 1904/7/3
f 1906/8/3 1888/8/3 1887/8/3
f 1906/5/3 1887/5/3 1905/5/3
f 1907/5/3 1889/5/3 1888/5/3
f 1907/8/3 1888/8/3 1906/8/3
f 1908/8/3 1893/8/3 1892/8/3
f 1908/5/3 1889/5/3 1907/5/3
f 1908/8/3 1891/8/3 1890/8/3
f 1908/8/3 1890/8/3 1889/8/3
f 1908/8/3 1892/8/3 1891/8/3
f 1909/7/3 1894/7/3 1893/7/3
f 1909/8/3 1893/8/3 1908/8/3
f 1910/8/3 1895/8/3 1894/8/3
f 1910/7/3 1894/7/3 1909/7/3
f 1911/8/3 1895/8/3 1910/8/3
f 1912/8/3 1877/8/3 1897/8/3
f 1913/8/3 1877/8/3 1912/8/3
f 1919/7/3 1915/7/3 1914/7/3
f 1920/7/3 1915/7/3 1919/7/3
f 1921/8/3 1917/8/3 1916/8/3
f 1922/8/3 1917/8/3 1921/8/3
f 1923/8/3 1919/8/3 1918/8/3
f 1924/8/3 1919/8/3 1923/8/3
f 1927/8/3 1926/8/3 1925/8/3
f 1928/8/3 1926/8/3 1927/8/3
f 1931/8/3 1930/8/3 1929/8/3
f 1932/8/3 1930/8/3 1931/8/3
f 1933/8/3 1930/8/3 1932/8/3
f 1935/5/3 1933/5/3 1932/5/3
f 1936/5/3 1933/5/3 1935/5/3
f 1937/8/3 1935/8/3 1934/8/3
f 1938/8/3 1935/8/3 1937/8/3
f 1943/9/3 1940/9/3 1939/9/3
f 1944/9/3 1940/9/3 1943/9/3
f 1946/8/3 1942/8/3 1941/8/3
f 1947/8/3 1942/8/3 1946/8/3
f 1963/9/3 1945/9/3 1944/9/3
f 1963/9/3 1944/9/3 1943/9/3
f 1964/9/3 1945/9/3 1963/9/3
f 1965/9/3 1945/9/3 1964/9/3
f 1966/9/3 1945/9/3 1965/9/3
f 1969/8/3 1949/8/3 1948/8/3
f 1970/7/3 1950/7/3 1949/7/3
f 1970/8/3 1949/8/3 1969/8/3
f 1970/7/3 1951/7/3 1950/7/3
f 1971/7/3 1951/7/3 1970/7/3
f 1972/6/3 1952/6/3 1951/6/3
f 1972/7/3 1951/7/3 1971/7/3
f 1973/8/3 1953/8/3 1952/8/3
f 1973/6/3 1952/6/3 1972/6/3
f 1974/7/3 1954/7/3 1953/7/3
f 1974/8/3 1953/8/3 1973/8/3
f 1974/7/3 1955/7/3 1954/7/3
f 1975/7/3 1955/7/3 1974/7/3
f 1976/5/3 1956/5/3 1955/5/3
f 1976/7/3 1955/7/3 1975/7/3
f 1977/8/3 1957/8/3 1956/8/3
f 1977/5/3 1956/5/3 1976/5/3
f 1977/8/3 1958/8/3 1957/8/3
f 1977/8/3 1959/8/3 1958/8/3
f 1977/8/3 1960/8/3 1959/8/3
f 1978/8/3 1960/8/3 1977/8/3
f 1979/8/3 1960/8/3 1978/8/3
f 1980/7/3 1962/7/3 1961/7/3
f 1980/8/3 1960/8/3 1979/8/3
f 1980/7/3 1961/7/3 1960/7/3
f 1980/7/3 1963/7/3 1962/7/3
f 1981/7/3 1963/7/3 1980/7/3
f 1982/7/3 1963/7/3 1981/7/3
f 1983/5/3 1964/5/3 1963/5/3
f 1983/7/3 1963/7/3 1982/7/3
f 1984/7/3 1965/7/3 1964/7/3
f 1984/5/3 1964/5/3 1983/5/3
f 1985/7/3 1965/7/3 1984/7/3
f 1988/8/3 1969/8/3 1948/8/3
f 1988/9/3 1971/9/3 1970/9/3
f 1988/9/3 1970/9/3 1969/9/3
f 1989/5/3 1972/5/3 1971/5/3
f 1989/9/3 1971/9/3 1988/9/3
f 1990/6/3 1973/6/3 1972/6/3
f 1990/5/3 1972/5/3 1989/5/3
f 1991/7/3 1974/7/3 1973/7/3
f 1991/6/3 1973/6/3 1990/6/3
f 1992/5/3 1975/5/3 1974/5/3
f 1992/7/3 1974/7/3 1991/7/3
f 1993/8/3 1978/8/3 1977/8/3
f 1993/5/3 1975/5/3 1992/5/3
f 1993/8/3 1976/8/3 1975/8/3
f 1993/8/3 1977/8/3 1976/8/3
f 1994/8/3 1978/8/3 1993/8/3
f 1995/9/3 1981/9/3 1980/9/3
f 1995/9/3 1980/9/3 1979/9/3
f 1996/5/3 1982/5/3 1981/5/3
f 1996/9/3 1981/9/3 1995/9/3
f 1997/8/3 1983/8/3 1982/8/3
f 1997/5/3 1982/5/3 1996/5/3
f 1997/8/3 1984/8/3 1983/8/3
f 1998/7/3 1985/7/3 1984/7/3
f 1998/8/3 1984/8/3 1997/8/3
f 1999/5/3 1986/5/3 1985/5/3
f 1999/7/3 1985/7/3 1998/7/3
f 2000/7/3 1987/7/3 1986/7/3
f 2000/5/3 1986/5/3 1999/5/3
f 2001/7/3 1987/7/3 2000/7/3
f 2002/7/3 1968/7/3 1967/7/3
f 2003/7/3 1968/7/3 2002/7/3
f 2004/8/3 1988/8/3 1948/8/3
f 2005/8/3 1988/8/3 2004/8/3
f 2006/8/3 1992/8/3 1991/8/3
f 2006/8/3 1991/8/3 1990/8/3
f 2006/8/3 1994/8/3 1993/8/3
f 2006/8/3 1990/8/3 1989/8/3
f 2006/8/3 1995/8/3 1994/8/3
f 2006/8/3 1993/8/3 1992/8/3
f 2007/8/3 1995/8/3 2006/8/3
f 2008/8/3 1999/8/3 1998/8/3
f 2008/8/3 2001/8/3 2000/8/3
f 2008/8/3 1998/8/3 1997/8/3
f 2008/8/3 1997/8/3 1996/8/3
f 2008/8/3 2000/8/3 1999/8/3
f 2008/8/3 2003/8/3 2002/8/3
f 2008/8/3 2002/8/3 2001/8/3
f 2009/8/3 2003/8/3 2008/8/3
f 2016/8/3 2011/8/3 2010/8/3
f 2017/8/3 2011/8/3 2016/8/3
f 2018/8/3 2013/8/3 2012/8/3
f 2019/8/3 2013/8/3 2018/8/3
f 2020/8/3 2013/8/3 2019/8/3
f 2021/8/3 2013/8/3 2020/8/3
f 2022/8/3 2015/8/3 2014/8/3
f 2023/8/3 2015/8/3 2022/8/3
f 2024/8/3 2015/8/3 2023/8/3
f 2025/8/3 2015/8/3 2024/8/3
f 2026/8/3 2015/8/3 2025/8/3
f 2027/8/3 2015/8/3 2026/8/3
f 2028/8/3 2026/8/3 2025/8/3
f 2029/8/3 2026/8/3 2028/8/3
f 2032/8/3 2031/8/3 2030/8/3
f 2033/8/3 2031/8/3 2032/8/3
f 2035/7/3 2034/7/3 2033/7/3
f 2036/7/3 2034/7/3 2035/7/3
f 2039/8/3 2038/8/3 2037/8/3
f 2040/8/3 2038/8/3 2039/8/3
f 2043/5/3 2042/5/3 2041/5/3
f 2044/5/3 2042/5/3 2043/5/3
f 2047/8/3 2046/8/3 2045/8/3
f 2048/8/3 2046/8/3 2047/8/3
f 2054/7/3 2050/7/3 2049/7/3
f 2055/7/3 2050/7/3 2054/7/3
f 2058/9/3 2053/9/3 2052/9/3
f 2058/9/3 2052/9/3 2051/9/3
f 2059/9/3 2053/9/3 2058/9/3
f 2060/9/3 2053/9/3 2059/9/3
f 2061/9/3 2053/9/3 2060/9/3
f 2064/9/3 2057/9/3 2056/9/3
f 2065/9/3 2057/9/3 2064/9/3
f 2067/5/3 2061/5/3 2060/5/3
f 2068/5/3 2061/5/3 2067/5/3
f 2069/8/3 2055/8/3 2054/8/3
f 2070/8/3 2055/8/3 2069/8/3
f 2071/9/3 2063/9/3 2062/9/3
f 2072/9/3 2063/9/3 2071/9/3
f 2073/9/3 2066/9/3 2065/9/3
f 2074/9/3 2066/9/3 2073/9/3
f 2077/8/3 2076/8/3 2075/8/3
f 2078/8/3 2076/8/3 2077/8/3
f 2081/8/3 2080/8/3 2079/8/3
f 2082/8/3 2080/8/3 2081/8/3
f 2084/8/3 2083/8/3 2082/8/3
f 2085/8/3 2083/8/3 2084/8/3
f 2087/8/3 2086/8/3 2085/8/3
f 2088/8/3 2086/8/3 2087/8/3
f 2089/7/3 2088/7/3 2087/7/3
f 2090/7/3 2088/7/3 2089/7/3
f 2092/7/3 2091/7/3 2090/7/3
f 2093/7/3 2091/7/3 2092/7/3
f 2094/8/3 2093/8/3 2092/8/3
f 2095/8/3 2093/8/3 2094/8/3
f 2099/6/3 2097/6/3 2096/6/3
f 2100/6/3 2097/6/3 2099/6/3
f 2102/8/3 2099/8/3 2098/8/3
f 2103/8/3 2099/8/3 2102/8/3
f 2104/8/3 2102/8/3 2101/8/3
f 2105/8/3 2102/8/3 2104/8/3
f 2106/5/3 2105/5/3 2104/5/3
f 2107/5/3 2105/5/3 2106/5/3
f 2108/7/3 2107/7/3 2106/7/3
f 2109/7/3 2107/7/3 2108/7/3
f 2118/8/3 2111/8/3 2110/8/3
f 2119/9/3 2112/9/3 2111/9/3
f 2119/8/3 2111/8/3 2118/8/3
f 2120/9/3 2112/9/3 2119/9/3
f 2122/9/3 2114/9/3 2113/9/3
f 2123/9/3 2114/9/3 2122/9/3
f 2126/8/3 2116/8/3 2115/8/3
f 2127/8/3 2116/8/3 2126/8/3
f 2130/8/3 2118/8/3 2117/8/3
f 2130/8/3 2121/8/3 2120/8/3
f 2130/8/3 2119/8/3 2118/8/3
f 2130/8/3 2120/8/3 2119/8/3
f 2130/8/3 2122/8/3 2121/8/3
f 2131/8/3 2122/8/3 2130/8/3
f 2132/8/3 2125/8/3 2124/8/3
f 2132/8/3 2126/8/3 2125/8/3
f 2133/8/3 2126/8/3 2132/8/3
f 2134/8/3 2129/8/3 2128/8/3
f 2135/8/3 2129/8/3 2134/8/3
f 2144/8/3 2137/8/3 2136/8/3
f 2145/8/3 2137/8/3 2144/8/3
f 2146/8/3 2137/8/3 2145/8/3
f 2147/8/3 2137/8/3 2146/8/3
f 2149/8/3 2139/8/3 2138/8/3
f 2150/8/3 2139/8/3 2149/8/3
f 2151/8/3 2141/8/3 2140/8/3
f 2152/8/3 2141/8/3 2151/8/3
f 2153/8/3 2143/8/3 2142/8/3
f 2154/8/3 2146/8/3 2145/8/3
f 2155/8/3 2146/8/3 2154/8/3
f 2156/8/3 2149/8/3 2148/8/3
f 2157/8/3 2149/8/3 2156/8/3
f 2158/8/3 2152/8/3 2151/8/3
f 2158/8/3 2153/8/3 2152/8/3
f 2158/8/3 2151/8/3 2150/8/3
f 2159/8/3 2143/8/3 2153/8/3
f 2159/8/3 2153/8/3 2158/8/3
f 2160/8/3 2158/8/3 2150/8/3
f 2161/8/3 2158/8/3 2160/8/3
f 2164/8/3 2163/8/3 2162/8/3
f 2165/8/3 2163/8/3 2164/8/3
f 2168/8/3 2167/8/3 2166/8/3
f 2169/8/3 2167/8/3 2168/8/3
f 2170/6/3 2169/6/3 2168/6/3
f 2171/6/3 2169/6/3 2170/6/3
f 2173/5/3 2171/5/3 2170/5/3
f 2174/5/3 2171/5/3 2173/5/3
f 2176/8/3 2173/8/3 2172/8/3
f 2177/8/3 2173/8/3 2176/8/3
f 2178/8/3 2176/8/3 2175/8/3
f 2179/8/3 2176/8/3 2178/8/3
f 2180/8/3 2176/8/3 2179/8/3
f 2184/8/3 2182/8/3 2181/8/3
f 2185/8/3 2182/8/3 2184/8/3
f 2190/8/3 2184/8/3 2183/8/3
f 2191/8/3 2184/8/3 2190/8/3
f 2192/8/3 2187/8/3 2186/8/3
f 2193/8/3 2187/8/3 2192/8/3
f 2194/9/3 2189/9/3 2188/9/3
f 2195/9/3 2189/9/3 2194/9/3
f 2204/8/3 2197/8/3 2196/8/3
f 2205/8/3 2197/8/3 2204/8/3
f 2206/8/3 2199/8/3 2198/8/3
f 2207/8/3 2199/8/3 2206/8/3
f 2208/8/3 2199/8/3 2207/8/3
f 2210/8/3 2201/8/3 2200/8/3
f 2211/8/3 2201/8/3 2210/8/3
f 2212/8/3 2203/8/3 2202/8/3
f 2213/8/3 2203/8/3 2212/8/3
f 2215/8/3 2206/8/3 2205/8/3
f 2215/8/3 2207/8/3 2206/8/3
f 2216/8/3 2207/8/3 2215/8/3
f 2217/8/3 2210/8/3 2209/8/3
f 2218/8/3 2210/8/3 2217/8/3
f 2219/8/3 2212/8/3 2211/8/3
f 2220/8/3 2212/8/3 2219/8/3
f 2221/8/3 2214/8/3 2213/8/3
f 2222/8/3 2214/8/3 2221/8/3
f 2225/7/3 2224/7/3 2223/7/3
f 2226/7/3 2224/7/3 2225/7/3
f 2228/7/3 2227/7/3 2226/7/3
f 2229/7/3 2227/7/3 2228/7/3
f 2230/8/3 2229/8/3 2228/8/3
f 2231/8/3 2229/8/3 2230/8/3
f 2233/5/3 2231/5/3 2230/5/3
f 2234/5/3 2231/5/3 2233/5/3
f 2235/8/3 2233/8/3 2232/8/3
f 2236/8/3 2233/8/3 2235/8/3
f 2239/8/3 2238/8/3 2237/8/3
f 2240/8/3 2238/8/3 2239/8/3
f 2242/7/3 2240/7/3 2239/7/3
f 2243/7/3 2240/7/3 2242/7/3
f 2244/5/3 2242/5/3 2241/5/3
f 2245/5/3 2242/5/3 2244/5/3
f 2257/8/3 2247/8/3 2246/8/3
f 2258/8/3 2247/8/3 2257/8/3
f 2259/4/3 2249/4/3 2248/4/3
f 2260/8/3 2250/8/3 2249/8/3
f 2260/4/3 2249/4/3 2259/4/3
f 2261/8/3 2250/8/3 2260/8/3
f 2262/8/3 2252/8/3 2251/8/3
f 2262/8/3 2253/8/3 2252/8/3
f 2262/8/3 2254/8/3 2253/8/3
f 2263/8/3 2254/8/3 2262/8/3
f 2264/8/3 2256/8/3 2255/8/3
f 2265/8/3 2256/8/3 2264/8/3
f 2268/8/3 2267/8/3 2266/8/3
f 2269/8/3 2267/8/3 2268/8/3
f 2272/8/3 2271/8/3 2270/8/3
f 2273/8/3 2271/8/3 2272/8/3
f 2275/8/3 2274/8/3 2273/8/3
f 2276/8/3 2274/8/3 2275/8/3
f 2278/8/3 2277/8/3 2276/8/3
f 2279/8/3 2277/8/3 2278/8/3
f 2282/5/3 2281/5/3 2280/5/3
f 2284/5/3 2281/5/3 2282/5/3
f 2285/5/3 2281/5/3 2284/5/3
f 2287/5/3 2284/5/3 2283/5/3
f 2288/5/3 2284/5/3 2287/5/3
f 2289/8/3 2287/8/3 2286/8/3
f 2290/8/3 2287/8/3 2289/8/3
f 2297/5/3 2292/5/3 2291/5/3
f 2298/5/3 2292/5/3 2297/5/3
f 2299/8/3 2294/8/3 2293/8/3
f 2300/8/3 2294/8/3 2299/8/3
f 2301/8/3 2296/8/3 2295/8/3
f 2302/8/3 2296/8/3 2301/8/3
f 2311/8/3 2304/8/3 2303/8/3
f 2312/8/3 2304/8/3 2311/8/3
f 2313/8/3 2306/8/3 2305/8/3
f 2314/8/3 2306/8/3 2313/8/3
f 2315/8/3 2308/8/3 2307/8/3
f 2316/8/3 2308/8/3 2315/8/3
f 2317/8/3 2310/8/3 2309/8/3
f 2318/8/3 2310/8/3 2317/8/3
f 2321/8/3 2320/8/3 2319/8/3
f 2322/8/3 2320/8/3 2321/8/3
f 2324/8/3 2323/8/3 2322/8/3
f 2325/8/3 2323/8/3 2324/8/3
f 2327/8/3 2326/8/3 2325/8/3
f 2328/8/3 2326/8/3 2327/8/3
f 2331/8/3 2330/8/3 2329/8/3
f 2332/8/3 2330/8/3 2331/8/3
f 2336/5/3 2334/5/3 2333/5/3
f 2337/5/3 2334/5/3 2336/5/3
f 2339/5/3 2336/5/3 2335/5/3
f 2340/5/3 2336/5/3 2339/5/3
f 2341/5/3 2339/5/3 2338/5/3
f 2342/5/3 2339/5/3 2341/5/3
f 2346/7/3 2344/7/3 2343/7/3
f 2347/7/3 2344/7/3 2346/7/3
f 2349/4/3 2346/4/3 2345/4/3
f 2350/4/3 2346/4/3 2349/4/3
f 2351/4/3 2349/4/3 2348/4/3
f 2352/4/3 2349/4/3 2351/4/3
f 2357/8/3 2354/8/3 2353/8/3
f 2358/8/3 2354/8/3 2357/8/3
f 2359/8/3 2356/8/3 2355/8/3
f 2360/8/3 2356/8/3 2359/8/3
f 2363/8/3 2362/8/3 2361/8/3
f 2364/8/3 2362/8/3 2363/8/3
f 2367/5/3 2366/5/3 2365/5/3
f 2368/5/3 2366/5/3 2367/5/3
f 2373/8/3 2370/8/3 2369/8/3
f 2374/8/3 2370/8/3 2373/8/3
f 2375/8/3 2372/8/3 2371/8/3
f 2376/8/3 2372/8/3 2375/8/3
f 2381/8/3 2378/8/3 2377/8/3
f 2382/8/3 2378/8/3 2381/8/3
f 2383/8/3 2380/8/3 2379/8/3
f 2384/8/3 2380/8/3 2383/8/3
f 2387/7/3 2386/7/3 2385/7/3
f 2388/7/3 2386/7/3 2387/7/3
f 2393/8/3 2390/8/3 2389/8/3
f 2394/8/3 2390/8/3 2393/8/3
f 2395/8/3 2392/8/3 2391/8/3
f 2396/8/3 2392/8/3 2395/8/3
f 2401/8/3 2398/8/3 2397/8/3
f 2402/8/3 2398/8/3 2401/8/3
f 2403/8/3 2400/8/3 2399/8/3
f 2404/8/3 2400/8/3 2403/8/3
f 2407/8/3 2406/8/3 2405/8/3
f 2408/8/3 2406/8/3 2407/8/3
f 2411/8/3 2410/8/3 2409/8/3
f 2412/8/3 2410/8/3 2411/8/3
f 2415/8/3 2414/8/3 2413/8/3
f 2416/8/3 2414/8/3 2415/8/3
f 2417/8/4 2418/8/4 2419/8/4
f 2419/8/4 2418/8/4 2420/8/4
f 2421/8/4 2422/8/4 2427/8/4
f 2427/8/4 2422/8/4 2428/8/4
f 2423/8/4 2424/8/4 2429/8/4
f 2429/8/4 2424/8/4 2430/8/4
f 2425/8/4 2426/8/4 2431/8/4
f 2431/8/4 2426/8/4 2432/8/4
f 2433/8/4 2434/8/4 2437/8/4
f 2437/8/4 2434/8/4 2438/8/4
f 2435/8/4 2436/8/4 2439/8/4
f 2439/8/4 2436/8/4 2440/8/4
f 2435/8/4 2439/8/4 2441/8/4
f 2441/8/4 2439/8/4 2442/8/4
f 2443/8/4 2444/8/4 2447/8/4
f 2447/8/4 2444/8/4 2448/8/4
f 2445/8/4 2446/8/4 2449/8/4
f 2449/8/4 2446/8/4 2450/8/4
f 2451/8/4 2452/8/4 2454/8/4
f 2452/8/4 2453/8/4 2454/8/4
f 2454/8/4 2453/8/4 2455/8/4
f 2456/8/4 2457/8/4 2458/8/4
f 2458/8/4 2457/8/4 2459/8/4
f 2460/8/4 2461/8/4 2462/8/4
f 2462/8/4 2461/8/4 2463/8/4
f 2464/8/4 2465/8/4 2466/8/4
f 2466/8/4 2465/8/4 2467/8/4
f 2468/8/4 2469/8/4 2470/8/4
f 2470/8/4 2469/8/4 2471/8/4
f 2472/8/4 2473/8/4 2474/8/4
f 2474/8/4 2473/8/4 2475/8/4
f 2475/5/4 2476/5/4 2477/5/4
f 2477/5/4 2476/5/4 2478/5/4
f 2478/5/4 2476/5/4 2479/5/4
f 2479/5/4 2476/5/4 2480/5/4
f 2481/8/4 2482/8/4 2483/8/4
f 2483/8/4 2482/8/4 2484/8/4
f 2485/8/4 2486/8/4 2489/8/4
f 2489/8/4 2486/8/4 2490/8/4
f 2487/8/4 2488/8/4 2491/8/4
f 2491/8/4 2488/8/4 2492/8/4
f 2493/8/4 2494/8/4 2495/8/4
f 2493/8/4 2495/8/4 2497/8/4
f 2495/8/4 2496/8/4 2497/8/4
f 2497/8/4 2496/8/4 2498/8/4
f 2498/8/4 2496/8/4 2499/8/4
f 2499/8/4 2496/8/4 2500/8/4
f 2501/8/4 2502/8/4 2503/8/4
f 2503/8/4 2502/8/4 2504/8/4
f 2505/5/4 2506/5/4 2507/5/4
f 2507/5/4 2506/5/4 2508/5/4
f 2507/8/4 2508/8/4 2509/8/4
f 2509/8/4 2508/8/4 2510/8/4
f 2509/5/4 2510/5/4 2511/5/4
f 2511/5/4 2510/5/4 2512/5/4
f 2511/8/4 2512/8/4 2513/8/4
f 2513/8/4 2512/8/4 2514/8/4
f 2515/5/4 2516/5/4 2518/5/4
f 2518/5/4 2516/5/4 2519/5/4
f 2517/8/4 2518/8/4 2521/8/4
f 2521/8/4 2518/8/4 2522/8/4
f 2520/4/4 2521/4/4 2524/4/4
f 2524/4/4 2521/4/4 2525/4/4
f 2523/4/4 2524/4/4 2526/4/4
f 2526/4/4 2524/4/4 2527/4/4
f 2528/6/4 2529/6/4 2532/6/4
f 2532/6/4 2529/6/4 2533/6/4
f 2530/8/4 2531/8/4 2534/8/4
f 2534/8/4 2531/8/4 2535/8/4
f 2536/8/4 2537/8/4 2538/8/4
f 2538/8/4 2537/8/4 2539/8/4
f 2540/8/4 2541/8/4 2542/8/4
f 2542/8/4 2541/8/4 2543/8/4
f 2543/8/4 2544/8/4 2545/8/4
f 2545/8/4 2544/8/4 2546/8/4
f 2547/8/4 2548/8/4 2549/8/4
f 2549/8/4 2548/8/4 2550/8/4
f 2550/8/4 2551/8/4 2552/8/4
f 2552/8/4 2551/8/4 2553/8/4
f 2554/8/4 2555/8/4 2556/8/4
f 2556/8/4 2555/8/4 2557/8/4
f 2558/8/4 2559/8/4 2561/8/4
f 2561/8/4 2559/8/4 2562/8/4
f 2560/8/4 2561/8/4 2564/8/4
f 2564/8/4 2561/8/4 2565/8/4
f 2563/4/4 2564/4/4 2567/4/4
f 2567/4/4 2564/4/4 2568/4/4
f 2566/4/4 2567/4/4 2569/4/4
f 2569/4/4 2567/4/4 2570/4/4
f 2571/7/4 2572/7/4 2579/7/4
f 2579/7/4 2572/7/4 2580/7/4
f 2573/8/4 2574/8/4 2581/8/4
f 2581/8/4 2574/8/4 2582/8/4
f 2575/8/4 2576/8/4 2583/8/4
f 2583/8/4 2576/8/4 2584/8/4
f 2577/8/4 2578/8/4 2585/8/4
f 2585/8/4 2578/8/4 2586/8/4
f 2587/8/4 2588/8/4 2591/8/4
f 2589/8/4 2590/8/4 2592/8/4
f 2587/8/4 2591/8/4 2593/8/4
f 2591/8/4 2592/8/4 2593/8/4
f 2593/8/4 2592/8/4 2594/8/4
f 2594/8/4 2592/8/4 2595/8/4
f 2595/8/4 2592/8/4 2596/8/4
f 2592/8/4 2590/8/4 2597/8/4
f 2596/8/4 2592/8/4 2597/8/4
f 2597/8/4 2590/8/4 2598/8/4
f 2594/8/4 2595/8/4 2600/8/4
f 2600/8/4 2595/8/4 2601/8/4
f 2596/8/4 2597/8/4 2602/8/4
f 2602/8/4 2597/8/4 2603/8/4
f 2598/8/4 2599/8/4 2604/8/4
f 2604/8/4 2599/8/4 2605/8/4
f 2606/8/4 2607/8/4 2608/8/4
f 2608/8/4 2607/8/4 2609/8/4
f 2610/8/4 2611/8/4 2612/8/4
f 2612/8/4 2611/8/4 2613/8/4
f 2613/8/4 2614/8/4 2615/8/4
f 2615/8/4 2614/8/4 2616/8/4
f 2617/8/4 2618/8/4 2619/8/4
f 2619/8/4 2618/8/4 2620/8/4
f 2621/8/4 2622/8/4 2623/8/4
f 2623/8/4 2622/8/4 2624/8/4
f 2625/7/4 2626/7/4 2629/7/4
f 2629/7/4 2626/7/4 2630/7/4
f 2627/8/4 2628/8/4 2634/8/4
f 2634/8/4 2628/8/4 2635/8/4
f 2631/8/4 2632/8/4 2641/8/4
f 2641/8/4 2632/8/4 2642/8/4
f 2633/8/4 2634/8/4 2643/8/4
f 2634/8/4 2635/8/4 2643/8/4
f 2635/8/4 2636/8/4 2643/8/4
f 2643/8/4 2636/8/4 2644/8/4
f 2637/8/4 2638/8/4 2645/8/4
f 2645/8/4 2638/8/4 2646/8/4
f 2639/8/4 2640/8/4 2647/8/4
f 2647/8/4 2640/8/4 2648/8/4
f 2649/8/4 2650/8/4 2655/8/4
f 2655/8/4 2650/8/4 2656/8/4
f 2656/8/4 2650/8/4 2657/8/4
f 2651/8/4 2652/8/4 2658/8/4
f 2658/8/4 2652/8/4 2659/8/4
f 2659/8/4 2652/8/4 2660/8/4
f 2653/8/4 2654/8/4 2662/8/4
f 2662/8/4 2654/8/4 2663/8/4
f 2656/8/4 2657/8/4 2665/8/4
f 2657/8/4 2658/8/4 2665/8/4
f 2665/8/4 2658/8/4 2666/8/4
f 2660/8/4 2661/8/4 2667/8/4
f 2659/8/4 2660/8/4 2667/8/4
f 2667/8/4 2661/8/4 2668/8/4
f 2663/8/4 2664/8/4 2669/8/4
f 2669/8/4 2664/8/4 2670/8/4
f 2671/8/4 2672/8/4 2673/8/4
f 2673/8/4 2672/8/4 2674/8/4
f 2675/8/4 2676/8/4 2677/8/4
f 2677/8/4 2676/8/4 2678/8/4
f 2679/8/4 2680/8/4 2681/8/4
f 2681/8/4 2680/8/4 2682/8/4
f 2683/8/4 2684/8/4 2685/8/4
f 2685/8/4 2684/8/4 2686/8/4
f 2687/8/4 2688/8/4 2693/8/4
f 2693/8/4 2688/8/4 2694/8/4
f 2689/8/4 2690/8/4 2695/8/4
f 2695/8/4 2690/8/4 2696/8/4
f 2691/8/4 2692/8/4 2697/8/4
f 2697/8/4 2692/8/4 2698/8/4
f 2699/8/4 2700/8/4 2705/8/4
f 2705/8/4 2700/8/4 2706/8/4
f 2701/8/4 2702/8/4 2708/8/4
f 2708/8/4 2702/8/4 2709/8/4
f 2703/8/4 2704/8/4 2711/8/4
f 2711/8/4 2704/8/4 2712/8/4
f 2706/8/4 2707/8/4 2714/8/4
f 2714/8/4 2707/8/4 2715/8/4
f 2709/8/4 2710/8/4 2716/8/4
f 2716/8/4 2710/8/4 2717/8/4
f 2712/8/4 2713/8/4 2718/8/4
f 2718/8/4 2713/8/4 2719/8/4
f 2720/8/4 2721/8/4 2722/8/4
f 2722/8/4 2721/8/4 2723/8/4
f 2724/8/4 2725/8/4 2727/8/4
f 2727/8/4 2725/8/4 2728/8/4
f 2726/8/4 2727/8/4 2729/8/4
f 2729/8/4 2727/8/4 2730/8/4
f 2731/8/4 2732/8/4 2738/8/4
f 2738/8/4 2732/8/4 2739/8/4
f 2733/8/4 2734/8/4 2741/8/4
f 2741/8/4 2734/8/4 2742/8/4
f 2735/8/4 2736/8/4 2743/8/4
f 2743/8/4 2736/8/4 2744/8/4
f 2739/8/4 2740/8/4 2745/8/4
f 2737/8/4 2738/8/4 2745/8/4
f 2738/8/4 2739/8/4 2745/8/4
f 2745/8/4 2740/8/4 2746/8/4
f 2747/8/4 2748/8/4 2753/8/4
f 2753/8/4 2748/8/4 2754/8/4
f 2749/8/4 2750/8/4 2756/8/4
f 2756/8/4 2750/8/4 2757/8/4
f 2757/8/4 2750/8/4 2758/8/4
f 2751/8/4 2752/8/4 2761/8/4
f 2761/8/4 2752/8/4 2762/8/4
f 2756/8/4 2757/8/4 2763/8/4
f 2755/8/4 2756/8/4 2763/8/4
f 2763/8/4 2757/8/4 2764/8/4
f 2759/8/4 2760/8/4 2765/8/4
f 2765/8/4 2760/8/4 2766/8/4
f 2767/8/4 2768/8/4 2770/8/4
f 2770/8/4 2768/8/4 2771/8/4
f 2769/8/4 2770/8/4 2772/8/4
f 2772/8/4 2770/8/4 2773/8/4
f 2774/8/4 2775/8/4 2778/8/4
f 2778/8/4 2775/8/4 2779/8/4
f 2776/8/4 2777/8/4 2780/8/4
f 2780/8/4 2777/8/4 2781/8/4
f 2784/8/4 2785/8/4 2790/8/4
f 2786/8/4 2787/8/4 2791/8/4
f 2791/8/4 2787/8/4 2792/8/4
f 2792/8/4 2787/8/4 2793/8/4
f 2788/8/4 2789/8/4 2795/8/4
f 2782/8/4 2783/8/4 2796/8/4
f 2796/8/4 2783/8/4 2797/8/4
f 2784/8/4 2790/8/4 2798/8/4
f 2790/8/4 2791/8/4 2798/8/4
f 2791/8/4 2792/8/4 2798/8/4
f 2798/8/4 2792/8/4 2799/8/4
f 2799/8/4 2792/8/4 2800/8/4
f 2800/8/4 2792/8/4 2801/8/4
f 2794/8/4 2795/8/4 2802/8/4
f 2795/8/4 2789/8/4 2803/8/4
f 2802/8/4 2795/8/4 2803/8/4
f 2797/8/4 2798/8/4 2804/8/4
f 2804/8/4 2798/8/4 2805/8/4
f 2799/8/4 2800/8/4 2806/8/4
f 2806/8/4 2800/8/4 2807/8/4
f 2808/8/4 2809/8/4 2810/8/4
f 2810/8/4 2809/8/4 2811/8/4
f 2814/8/4 2815/8/4 2818/8/4
f 2818/8/4 2815/8/4 2819/8/4
f 2812/8/4 2813/8/4 2820/8/4
f 2820/8/4 2813/8/4 2821/8/4
f 2816/8/4 2817/8/4 2823/8/4
f 2823/8/4 2817/8/4 2824/8/4
f 2824/8/4 2817/8/4 2825/8/4
f 2822/8/4 2823/8/4 2827/8/4
f 2823/8/4 2824/8/4 2827/8/4
f 2827/8/4 2824/8/4 2828/8/4
f 2825/8/4 2826/8/4 2829/8/4
f 2829/8/4 2826/8/4 2830/8/4
f 2831/8/4 2832/8/4 2835/8/4
f 2835/8/4 2832/8/4 2836/8/4
f 2833/8/4 2834/8/4 2837/8/4
f 2837/8/4 2834/8/4 2838/8/4
f 2839/8/4 2840/8/4 2841/8/4
f 2841/8/4 2840/8/4 2842/8/4
f 2843/8/4 2844/8/4 2845/8/4
f 2845/8/4 2844/8/4 2846/8/4
f 2847/8/4 2848/8/4 2852/8/4
f 2852/8/4 2848/8/4 2853/8/4
f 2849/8/4 2850/8/4 2854/8/4
f 2854/8/4 2850/8/4 2855/8/4
f 2855/8/4 2850/8/4 2856/8/4
f 2852/8/4 2853/8/4 2859/8/4
f 2851/8/4 2852/8/4 2859/8/4
f 2854/8/4 2855/8/4 2859/8/4
f 2853/8/4 2854/8/4 2859/8/4
f 2859/8/4 2855/8/4 2860/8/4
f 2860/8/4 2855/8/4 2861/8/4
f 2857/8/4 2858/8/4 2862/8/4
f 2851/8/4 2859/8/4 2863/8/4
f 2863/8/4 2859/8/4 2864/8/4
f 2860/8/4 2861/8/4 2865/8/4
f 2861/8/4 2862/8/4 2865/8/4
f 2862/8/4 2858/8/4 2866/8/4
f 2865/8/4 2862/8/4 2866/8/4
f 2867/8/4 2868/8/4 2875/8/4
f 2875/8/4 2868/8/4 2876/8/4
f 2869/8/4 2870/8/4 2877/8/4
f 2877/8/4 2870/8/4 2878/8/4
f 2878/8/4 2870/8/4 2879/8/4
f 2871/8/4 2872/8/4 2881/8/4
f 2881/8/4 2872/8/4 2882/8/4
f 2882/8/4 2872/8/4 2883/8/4
f 2873/8/4 2874/8/4 2885/8/4
f 2885/8/4 2874/8/4 2886/8/4
f 2886/8/4 2874/8/4 2887/8/4
f 2887/8/4 2874/8/4 2888/8/4
f 2879/8/4 2880/8/4 2889/8/4
f 2878/8/4 2879/8/4 2889/8/4
f 2889/8/4 2880/8/4 2890/8/4
f 2883/8/4 2884/8/4 2891/8/4
f 2882/8/4 2883/8/4 2891/8/4
f 2891/8/4 2884/8/4 2892/8/4
f 2886/8/4 2887/8/4 2896/8/4
f 2896/8/4 2887/8/4 2899/8/4
f 2895/8/4 2896/8/4 2899/8/4
f 2899/8/4 2887/8/4 2900/8/4
f 2897/8/4 2898/8/4 2901/8/4
f 2895/8/4 2899/8/4 2905/8/4
f 2905/8/4 2899/8/4 2906/8/4
f 2897/8/4 2901/8/4 2907/8/4
f 2901/8/4 2902/8/4 2907/8/4
f 2907/8/4 2902/8/4 2908/8/4
f 2903/8/4 2904/8/4 2909/8/4
f 2909/8/4 2904/8/4 2910/8/4
f 2910/8/4 2911/8/4 2913/8/4
f 2913/8/4 2911/8/4 2914/8/4
f 2893/8/4 2894/8/4 2918/8/4
f 2918/8/4 2894/8/4 2919/8/4
f 2912/8/4 2913/8/4 2920/8/4
f 2920/8/4 2913/8/4 2921/8/4
f 2915/8/4 2916/8/4 2922/8/4
f 2922/8/4 2916/8/4 2923/8/4
f 2917/8/4 2918/8/4 2924/8/4
f 2924/8/4 2918/8/4 2925/8/4
f 2926/8/4 2927/8/4 2934/8/4
f 2928/8/4 2929/8/4 2935/8/4
f 2935/8/4 2929/8/4 2936/8/4
f 2930/8/4 2931/8/4 2937/8/4
f 2935/8/4 2936/8/4 2938/8/4
f 2936/8/4 2937/8/4 2938/8/4
f 2937/8/4 2931/8/4 2938/8/4
f 2934/8/4 2935/8/4 2938/8/4
f 2938/8/4 2931/8/4 2939/8/4
f 2926/8/4 2934/8/4 2940/8/4
f 2934/8/4 2938/8/4 2940/8/4
f 2940/8/4 2938/8/4 2941/8/4
f 2932/8/4 2933/8/4 2943/8/4
f 2941/8/4 2938/8/4 2944/8/4
f 2944/8/4 2938/8/4 2945/8/4
f 2945/8/4 2938/8/4 2946/8/4
f 2946/8/4 2938/8/4 2947/8/4
f 2947/8/4 2938/8/4 2948/8/4
f 2942/8/4 2943/8/4 2949/8/4
f 2926/8/4 2940/8/4 2950/8/4
f 2945/8/4 2946/8/4 2951/8/4
f 2951/8/4 2946/8/4 2952/8/4
f 2947/8/4 2948/8/4 2953/8/4
f 2948/8/4 2949/8/4 2953/8/4
f 2953/8/4 2949/8/4 2954/8/4
f 2951/8/4 2952/8/4 2955/8/4
f 2950/8/4 2951/8/4 2955/8/4
f 2952/8/4 2953/8/4 2955/8/4
f 2926/8/4 2950/8/4 2955/8/4
f 2955/8/4 2953/8/4 2956/8/4
f 2954/8/4 2949/8/4 2957/8/4
f 2943/8/4 2933/8/4 2958/8/4
f 2957/8/4 2949/8/4 2958/8/4
f 2949/8/4 2943/8/4 2958/8/4
f 2964/8/5 2960/8/5 2959/8/5
f 2967/1/5 2962/1/5 2961/1/5
f 2968/2/5 2963/2/5 2962/2/5
f 2968/1/5 2962/1/5 2967/1/5
f 2969/3/5 2964/3/5 2963/3/5
f 2969/2/5 2963/2/5 2968/2/5
f 2970/8/5 2960/8/5 2964/8/5
f 2970/3/5 2964/3/5 2969/3/5
f 2971/8/5 2960/8/5 2970/8/5
f 2973/7/5 2967/7/5 2966/7/5
f 2973/8/5 2966/8/5 2965/8/5
f 2974/8/5 2972/8/5 2971/8/5
f 2974/7/5 2967/7/5 2973/7/5
f 2974/8/5 2971/8/5 2970/8/5
f 2974/8/5 2970/8/5 2969/8/5
f 2974/8/5 2969/8/5 2968/8/5
f 2974/8/5 2968/8/5 2967/8/5
f 2975/8/5 2972/8/5 2974/8/5
f 2978/8/5 2973/8/5 2965/8/5
f 2978/8/5 2976/8/5 2975/8/5
f 2978/8/5 2975/8/5 2974/8/5
f 2978/8/5 2974/8/5 2973/8/5
f 2979/8/5 2976/8/5 2978/8/5
f 2979/8/5 2978/8/5 2977/8/5
f 2982/8/5 2979/8/5 2977/8/5
f 2982/8/5 2980/8/5 2979/8/5
f 2984/8/5 2982/8/5 2981/8/5
f 2985/8/5 2980/8/5 2982/8/5
f 2985/8/5 2982/8/5 2984/8/5
f 2987/8/5 2984/8/5 2983/8/5
f 2987/8/5 2986/8/5 2985/8/5
f 2987/8/5 2985/8/5 2984/8/5
f 2988/8/5 2986/8/5 2987/8/5
f 2989/8/5 2987/8/5 2983/8/5
f 2989/5/5 2988/5/5 2987/5/5
f 2990/5/5 2988/5/5 2989/5/5
f 2991/8/5 2989/8/5 2983/8/5
f 2991/8/5 2990/8/5 2989/8/5
f 2992/8/5 2990/8/5 2991/8/5
f 2993/8/5 2990/8/5 2992/8/5
f 2994/8/5 2990/8/5 2993/8/5
f 2995/8/5 2993/8/5 2992/8/5
f 2996/8/5 2993/8/5 2995/8/5
f 2997/8/5 2993/8/5 2996/8/5
f 2998/8/5 2993/8/5 2997/8/5
f 2999/8/5 2993/8/5 2998/8/5
f 3000/8/5 2993/8/5 2999/8/5
f 3001/8/5 2999/8/5 2998/8/5
f 3002/8/5 2999/8/5 3001/8/5
f 3003/8/5 2999/8/5 3002/8/5
f 3004/8/5 2999/8/5 3003/8/5
f 3005/8/5 3003/8/5 3002/8/5
f 3006/8/5 3003/8/5 3005/8/5
f 3007/8/5 3005/8/5 3002/8/5
f 3008/8/5 3005/8/5 3007/8/5
f 3009/8/5 3005/8/5 3008/8/5
f 3010/8/5 3005/8/5 3009/8/5
f 3011/8/5 3009/8/5 3008/8/5
f 3012/8/5 3009/8/5 3011/8/5
f 3015/8/5 3014/8/5 3013/8/5
f 3016/8/5 3014/8/5 3015/8/5
f 3022/8/5 3018/8/5 3017/8/5
f 3023/8/5 3018/8/5 3022/8/5
f 3024/8/5 3020/8/5 3019/8/5
f 3025/9/5 3021/9/5 3020/9/5
f 3025/8/5 3020/8/5 3024/8/5
f 3026/9/5 3021/9/5 3025/9/5
f 3031/8/5 3028/8/5 3027/8/5
f 3032/8/5 3028/8/5 3031/8/5
f 3033/7/5 3030/7/5 3029/7/5
f 3034/7/5 3030/7/5 3033/7/5
f 3037/8/5 3036/8/5 3035/8/5
f 3038/8/5 3036/8/5 3037/8/5
f 3041/8/5 3040/8/5 3039/8/5
f 3042/8/5 3040/8/5 3041/8/5
f 3045/8/5 3044/8/5 3043/8/5
f 3046/8/5 3044/8/5 3045/8/5
f 3049/4/5 3048/4/5 3047/4/5
f 3050/4/5 3048/4/5 3049/4/5
f 3055/8/5 3052/8/5 3051/8/5
f 3056/8/5 3052/8/5 3055/8/5
f 3057/8/5 3054/8/5 3053/8/5
f 3058/8/5 3054/8/5 3057/8/5
f 3061/9/5 3060/9/5 3059/9/5
f 3062/9/5 3060/9/5 3061/9/5
f 3066/8/5 3064/8/5 3063/8/5
f 3067/8/5 3064/8/5 3066/8/5
f 3068/8/5 3066/8/5 3065/8/5
f 3069/8/5 3066/8/5 3068/8/5
f 3072/8/5 3071/8/5 3070/8/5
f 3073/8/5 3071/8/5 3072/8/5
f 3078/8/5 3075/8/5 3074/8/5
f 3079/8/5 3075/8/5 3078/8/5
f 3080/8/5 3077/8/5 3076/8/5
f 3081/8/5 3077/8/5 3080/8/5
f 3084/8/5 3083/8/5 3082/8/5
f 3085/8/5 3083/8/5 3084/8/5
f 3088/8/5 3087/8/5 3086/8/5
f 3090/8/5 3088/8/5 3086/8/5
f 3090/8/5 3089/8/5 3088/8/5
f 3091/8/5 3089/8/5 3090/8/5
f 3093/8/5 3092/8/5 3091/8/5
f 3094/8/5 3092/8/5 3093/8/5
f 3097/8/5 3096/8/5 3095/8/5
f 3098/8/5 3096/8/5 3097/8/5
f 3101/8/5 3100/8/5 3099/8/5
f 3102/8/5 3100/8/5 3101/8/5
f 3104/8/5 3103/8/5 3102/8/5
f 3105/8/5 3103/8/5 3104/8/5
f 3108/8/5 3107/8/5 3106/8/5
f 3109/8/5 3107/8/5 3108/8/5
f 3112/8/5 3111/8/5 3110/8/5
f 3113/8/5 3111/8/5 3112/8/5
f 3118/8/5 3115/8/5 3114/8/5
f 3119/8/5 3115/8/5 3118/8/5
f 3120/8/5 3117/8/5 3116/8/5
f 3121/8/5 3117/8/5 3120/8/5
f 3126/8/5 3125/8/5 3124/8/5
f 3127/8/5 3125/8/5 3126/8/5
f 3128/8/5 3123/8/5 3122/8/5
f 3129/8/5 3123/8/5 3128/8/5
f 3132/8/5 3131/8/5 3130/8/5
f 3133/8/5 3131/8/5 3132/8/5
f 3136/9/5 3135/9/5 3134/9/5
f 3137/9/5 3135/9/5 3136/9/5
f 3140/8/5 3139/8/5 3138/8/5
f 3141/8/5 3139/8/5 3140/8/5
f 3144/7/5 3143/7/5 3142/7/5
f 3145/7/5 3143/7/5 3144/7/5
f 3148/8/5 3147/8/5 3146/8/5
f 3149/8/5 3147/8/5 3148/8/5
f 3152/8/5 3151/8/5 3150/8/5
f 3153/8/5 3151/8/5 3152/8/5
f 3156/8/5 3155/8/5 3154/8/5
f 3157/8/5 3155/8/5 3156/8/5
f 3160/8/5 3159/8/5 3158/8/5
f 3161/8/5 3159/8/5 3160/8/5
f 3166/8/5 3163/8/5 3162/8/5
f 3167/8/5 3163/8/5 3166/8/5
f 3168/8/5 3163/8/5 3167/8/5
f 3169/8/5 3165/8/5 3164/8/5
f 3170/8/5 3165/8/5 3169/8/5
f 3173/8/5 3172/8/5 3171/8/5
f 3174/8/5 3172/8/5 3173/8/5
f 3177/8/5 3176/8/5 3175/8/5
f 3178/8/5 3176/8/5 3177/8/5
f 3181/8/5 3180/8/5 3179/8/5
f 3182/8/5 3180/8/5 3181/8/5
f 3185/8/5 3184/8/5 3183/8/5
f 3186/8/5 3184/8/5 3185/8/5
f 3191/8/5 3188/8/5 3187/8/5
f 3192/8/5 3188/8/5 3191/8/5
f 3193/8/5 3190/8/5 3189/8/5
f 3194/8/5 3190/8/5 3193/8/5
f 3200/8/5 3196/8/5 3195/8/5
f 3201/8/5 3196/8/5 3200/8/5
f 3202/8/5 3198/8/5 3197/8/5
f 3203/8/5 3198/8/5 3202/8/5
f 3204/8/5 3200/8/5 3199/8/5
f 3205/8/5 3200/8/5 3204/8/5
f 3208/8/5 3207/8/5 3206/8/5
f 3209/8/5 3207/8/5 3208/8/5
f 3212/8/5 3211/8/5 3210/8/5
f 3213/8/5 3211/8/5 3212/8/5
f 3216/8/5 3215/8/5 3214/8/5
f 3217/8/5 3215/8/5 3216/8/5
f 3220/8/5 3219/8/5 3218/8/5
f 3221/8/5 3219/8/5 3220/8/5
f 3224/8/5 3223/8/5 3222/8/5
f 3225/8/5 3223/8/5 3224/8/5
f 3228/5/5 3227/5/5 3226/5/5
f 3229/5/5 3227/5/5 3228/5/5
f 3232/8/5 3231/8/5 3230/8/5
f 3233/8/5 3231/8/5 3232/8/5
f 3236/8/5 3235/8/5 3234/8/5
f 3237/8/5 3235/8/5 3236/8/5
f 3240/8/5 3239/8/5 3238/8/5
f 3241/8/5 3239/8/5 3240/8/5
f 3244/8/5 3243/8/5 3242/8/5
f 3245/8/5 3243/8/5 3244/8/5
f 3248/8/5 3247/8/5 3246/8/5
f 3249/8/5 3247/8/5 3248/8/5
f 3252/8/5 3251/8/5 3250/8/5
f 3253/8/5 3251/8/5 3252/8/5
f 3256/9/5 3255/9/5 3254/9/5
f 3257/9/5 3255/9/5 3256/9/5
f 3260/8/5 3259/8/5 3258/8/5
f 3261/8/5 3259/8/5 3260/8/5
f 3264/8/5 3263/8/5 3262/8/5
f 3265/8/5 3263/8/5 3264/8/5
f 3268/8/5 3267/8/5 3266/8/5
f 3269/8/5 3267/8/5 3268/8/5
f 3273/6/5 3271/6/5 3270/6/5
f 3274/5/5 3272/5/5 3271/5/5
f 3274/6/5 3271/6/5 3273/6/5
f 3275/5/5 3272/5/5 3274/5/5
f 3278/8/5 3277/8/5 3276/8/5
f 3279/8/5 3277/8/5 3278/8/5
f 3282/8/5 3281/8/5 3280/8/5
f 3283/8/5 3281/8/5 3282/8/5
f 3286/8/5 3285/8/5 3284/8/5
f 3287/8/5 3285/8/5 3286/8/5
f 3290/8/5 3289/8/5 3288/8/5
f 3291/8/5 3289/8/5 3290/8/5
f 3294/8/5 3293/8/5 3292/8/5
f 3295/8/5 3293/8/5 3294/8/5
f 3299/8/5 3297/8/5 3296/8/5
f 3300/8/5 3297/8/5 3299/8/5
f 3301/8/5 3299/8/5 3298/8/5
f 3302/8/5 3299/8/5 3301/8/5
f 3305/8/5 3304/8/5 3303/8/5
f 3306/8/5 3304/8/5 3305/8/5
f 3309/8/5 3308/8/5 3307/8/5
f 3310/8/5 3308/8/5 3309/8/5
f 3313/8/5 3312/8/5 3311/8/5
f 3314/8/5 3312/8/5 3313/8/5
f 3317/8/5 3316/8/5 3315/8/5
f 3318/8/5 3316/8/5 3317/8/5
f 3321/8/5 3320/8/5 3319/8/5
f 3322/8/5 3320/8/5 3321/8/5
f 3325/8/5 3324/8/5 3323/8/5
f 3326/8/5 3324/8/5 3325/8/5
f 3329/8/5 3328/8/5 3327/8/5
f 3330/8/5 3328/8/5 3329/8/5
f 3333/8/5 3332/8/5 3331/8/5
f 3334/8/5 3332/8/5 3333/8/5
f 3337/5/5 3336/5/5 3335/5/5
f 3338/5/5 3336/5/5 3337/5/5
f 3343/7/5 3340/7/5 3339/7/5
f 3344/7/5 3340/7/5 3343/7/5
f 3345/8/5 3342/8/5 3341/8/5
f 3346/8/5 3342/8/5 3345/8/5
f 3347/8/5 3344/8/5 3343/8/5
f 3348/8/5 3344/8/5 3347/8/5
f 3353/8/5 3350/8/5 3349/8/5
f 3354/8/5 3350/8/5 3353/8/5
f 3356/8/5 3352/8/5 3351/8/5
f 3357/8/5 3352/8/5 3356/8/5
f 3358/8/5 3356/8/5 3355/8/5
f 3359/8/5 3356/8/5 3358/8/5
f 3362/5/5 3361/5/5 3360/5/5
f 3363/5/5 3361/5/5 3362/5/5
f 3366/8/5 3365/8/5 3364/8/5
f 3367/8/5 3365/8/5 3366/8/5
f 3370/8/5 3369/8/5 3368/8/5
f 3371/8/5 3369/8/5 3370/8/5
f 3374/8/5 3373/8/5 3372/8/5
f 3375/8/5 3373/8/5 3374/8/5
f 3380/8/5 3377/8/5 3376/8/5
f 3381/8/5 3377/8/5 3380/8/5
f 3382/8/5 3379/8/5 3378/8/5
f 3383/8/5 3379/8/5 3382/8/5
f 3386/8/5 3385/8/5 3384/8/5
f 3387/8/5 3385/8/5 3386/8/5
f 3390/8/5 3389/8/5 3388/8/5
f 3391/8/5 3389/8/5 3390/8/5
f 3394/8/5 3393/8/5 3392/8/5
f 3395/8/5 3393/8/5 3394/8/5
f 3399/8/5 3397/8/5 3396/8/5
f 3400/8/5 3397/8/5 3399/8/5
f 3401/8/5 3399/8/5 3398/8/5
f 3402/8/5 3399/8/5 3401/8/5
f 3405/8/5 3404/8/5 3403/8/5
f 3406/8/5 3404/8/5 3405/8/5
f 3409/7/5 3408/7/5 3407/7/5
f 3410/7/5 3408/7/5 3409/7/5
f 3413/7/5 3412/7/5 3411/7/5
f 3414/7/5 3412/7/5 3413/7/5
f 3415/7/5 3412/7/5 3414/7/5
f 3418/8/5 3417/8/5 3416/8/5
f 3419/8/5 3417/8/5 3418/8/5
f 3420/8/6 3421/8/6 3422/8/6
f 3422/8/6 3421/8/6 3423/8/6
f 3424/8/6 3425/8/6 3426/8/6
f 3426/8/6 3425/8/6 3427/8/6
f 3428/8/6 3429/8/6 3430/8/6
f 3430/8/6 3429/8/6 3431/8/6
f 3432/8/6 3433/8/6 3434/8/6
f 3434/8/6 3433/8/6 3435/8/6
f 3436/8/6 3437/8/6 3440/8/6
f 3440/8/6 3437/8/6 3441/8/6
f 3438/8/6 3439/8/6 3442/8/6
f 3442/8/6 3439/8/6 3443/8/6
f 3443/8/6 3439/8/6 3444/8/6
f 3445/8/6 3446/8/6 3447/8/6
f 3447/8/6 3446/8/6 3448/8/6
f 3449/8/6 3450/8/6 3451/8/6
f 3451/8/6 3450/8/6 3452/8/6
f 3453/8/6 3454/8/6 3455/8/6
f 3455/8/6 3454/8/6 3456/8/6
f 3457/8/6 3458/8/6 3459/8/6
f 3459/8/6 3458/8/6 3460/8/6
f 3461/8/6 3462/8/6 3465/8/6
f 3465/8/6 3462/8/6 3466/8/6
f 3463/8/6 3464/8/6 3467/8/6
f 3467/8/6 3464/8/6 3468/8/6
f 3469/8/6 3470/8/6 3471/8/6
f 3471/8/6 3470/8/6 3472/8/6
f 3473/8/6 3474/8/6 3475/8/6
f 3475/8/6 3474/8/6 3476/8/6
f 3477/8/6 3478/8/6 3479/8/6
f 3479/8/6 3478/8/6 3480/8/6
f 3481/8/6 3482/8/6 3483/8/6
f 3483/8/6 3482/8/6 3484/8/6
f 3485/8/6 3486/8/6 3487/8/6
f 3487/8/6 3486/8/6 3488/8/6
f 3488/8/6 3489/8/6 3490/8/6
f 3488/8/6 3490/8/6 3492/8/6
f 3490/8/6 3491/8/6 3492/8/6
f 3492/8/6 3491/8/6 3493/8/6
f 3493/8/6 3494/8/6 3495/8/6
f 3495/8/6 3494/8/6 3496/8/6
f 3497/8/6 3498/8/6 3499/8/6
f 3499/8/6 3498/8/6 3500/8/6
f 3501/8/6 3502/8/6 3503/8/6
f 3503/8/6 3502/8/6 3504/8/6
f 3505/8/6 3506/8/6 3507/8/6
f 3507/8/6 3506/8/6 3508/8/6
f 3509/8/6 3510/8/6 3511/8/6
f 3511/8/6 3510/8/6 3512/8/6
f 3513/8/6 3514/8/6 3517/8/6
f 3517/8/6 3514/8/6 3518/8/6
f 3515/8/6 3516/8/6 3519/8/6
f 3519/8/6 3516/8/6 3520/8/6
f 3521/8/6 3522/8/6 3525/8/6
f 3525/8/6 3522/8/6 3526/8/6
f 3525/7/6 3526/7/6 3527/7/6
f 3527/7/6 3526/7/6 3528/7/6
f 3523/8/6 3524/8/6 3529/8/6
f 3529/8/6 3524/8/6 3530/8/6
f 3531/2/6 3532/2/6 3533/2/6
f 3533/2/6 3532/2/6 3534/2/6
f 3535/8/6 3536/8/6 3537/8/6
f 3537/8/6 3536/8/6 3538/8/6
f 3538/8/6 3539/8/6 3540/8/6
f 3540/8/6 3539/8/6 3541/8/6
f 3542/8/6 3543/8/6 3544/8/6
f 3544/8/6 3543/8/6 3545/8/6
f 3546/8/6 3547/8/6 3548/8/6
f 3548/8/6 3547/8/6 3549/8/6
f 3550/8/6 3551/8/6 3552/8/6
f 3552/8/6 3551/8/6 3553/8/6
f 3554/8/6 3555/8/6 3556/8/6
f 3556/8/6 3555/8/6 3557/8/6
f 3558/8/6 3559/8/6 3560/8/6
f 3560/8/6 3559/8/6 3561/8/6
f 3562/8/6 3563/8/6 3564/8/6
f 3564/8/6 3563/8/6 3565/8/6
f 3566/8/6 3567/8/6 3568/8/6
f 3568/8/6 3567/8/6 3569/8/6
f 3570/8/6 3571/8/6 3574/8/6
f 3574/8/6 3571/8/6 3575/8/6
f 3575/8/6 3571/8/6 3576/8/6
f 3572/8/6 3573/8/6 3577/8/6
f 3577/8/6 3573/8/6 3578/8/6
f 3579/8/6 3580/8/6 3582/8/6
f 3582/8/6 3580/8/6 3583/8/6
f 3581/8/6 3582/8/6 3584/8/6
f 3584/8/6 3582/8/6 3585/8/6
f 3586/8/6 3587/8/6 3588/8/6
f 3588/8/6 3587/8/6 3589/8/6
f 3590/8/6 3591/8/6 3592/8/6
f 3592/8/6 3591/8/6 3593/8/6
f 3594/8/6 3595/8/6 3596/8/6
f 3596/8/6 3595/8/6 3597/8/6
f 3598/8/6 3599/8/6 3600/8/6
f 3600/8/6 3599/8/6 3601/8/6
f 3602/8/6 3603/8/6 3605/8/6
f 3605/8/6 3603/8/6 3606/8/6
f 3604/8/6 3605/8/6 3607/8/6
f 3607/8/6 3605/8/6 3608/8/6
f 3609/8/6 3610/8/6 3611/8/6
f 3611/8/6 3610/8/6 3612/8/6
f 3613/7/6 3614/7/6 3615/7/6
f 3615/7/6 3614/7/6 3616/7/6
f 3617/8/6 3618/8/6 3619/8/6
f 3619/8/6 3618/8/6 3620/8/6
f 3621/8/6 3622/8/6 3623/8/6
f 3623/8/6 3622/8/6 3624/8/6
f 3625/8/6 3626/8/6 3627/8/6
f 3627/8/6 3626/8/6 3628/8/6
f 3628/8/6 3629/8/6 3630/8/6
f 3630/8/6 3629/8/6 3631/8/6
f 3632/8/6 3633/8/6 3634/8/6
f 3634/8/6 3633/8/6 3635/8/6
f 3636/8/6 3637/8/6 3638/8/6
f 3638/8/6 3637/8/6 3639/8/6
f 3640/8/6 3641/8/6 3642/8/6
f 3642/8/6 3641/8/6 3643/8/6
f 3644/8/6 3645/8/6 3646/8/6
f 3646/8/6 3645/8/6 3647/8/6
f 3648/8/6 3649/8/6 3650/8/6
f 3650/8/6 3649/8/6 3651/8/6
f 3652/8/6 3653/8/6 3654/8/6
f 3654/8/6 3653/8/6 3655/8/6
f 3656/6/6 3657/6/6 3659/6/6
f 3657/8/6 3658/8/6 3660/8/6
f 3659/6/6 3657/6/6 3660/6/6
f 3660/8/6 3658/8/6 3661/8/6
f 3662/8/6 3663/8/6 3664/8/6
f 3664/8/6 3663/8/6 3665/8/6
f 3666/8/6 3667/8/6 3668/8/6
f 3668/8/6 3667/8/6 3669/8/6
f 3670/8/6 3671/8/6 3672/8/6
f 3672/8/6 3671/8/6 3673/8/6
f 3674/8/6 3675/8/6 3676/8/6
f 3676/8/6 3675/8/6 3677/8/6
f 3678/7/6 3679/7/6 3681/7/6
f 3681/7/6 3679/7/6 3682/7/6
f 3680/8/6 3681/8/6 3683/8/6
f 3683/8/6 3681/8/6 3684/8/6
f 3685/9/6 3686/9/6 3687/9/6
f 3687/9/6 3686/9/6 3688/9/6
f 3688/8/6 3689/8/6 3690/8/6
f 3690/8/6 3689/8/6 3691/8/6
f 3692/8/6 3693/8/6 3694/8/6
f 3694/8/6 3693/8/6 3695/8/6
f 3696/8/6 3697/8/6 3698/8/6
f 3698/8/6 3697/8/6 3699/8/6
f 3700/8/6 3701/8/6 3702/8/6
f 3702/8/6 3701/8/6 3703/8/6
f 3704/5/6 3705/5/6 3706/5/6
f 3706/5/6 3705/5/6 3707/5/6
f 3708/8/6 3709/8/6 3710/8/6
f 3710/8/6 3709/8/6 3711/8/6
f 3712/8/6 3713/8/6 3714/8/6
f 3714/8/6 3713/8/6 3715/8/6
f 3716/8/6 3717/8/6 3718/8/6
f 3718/8/6 3717/8/6 3719/8/6
f 3720/8/6 3721/8/6 3722/8/6
f 3722/8/6 3721/8/6 3723/8/6
f 3724/5/6 3725/5/6 3729/5/6
f 3725/8/6 3726/8/6 3730/8/6
f 3729/5/6 3725/5/6 3730/5/6
f 3730/8/6 3726/8/6 3731/8/6
f 3727/7/6 3728/7/6 3732/7/6
f 3732/7/6 3728/7/6 3733/7/6
f 3734/8/6 3735/8/6 3737/8/6
f 3737/8/6 3735/8/6 3738/8/6
f 3736/8/6 3737/8/6 3739/8/6
f 3739/8/6 3737/8/6 3740/8/6
f 3741/5/6 3742/5/6 3743/5/6
f 3743/5/6 3742/5/6 3744/5/6
f 3745/8/6 3746/8/6 3747/8/6
f 3747/8/6 3746/8/6 3748/8/6
f 3749/8/6 3750/8/6 3751/8/6
f 3751/8/6 3750/8/6 3752/8/6
f 3753/8/6 3754/8/6 3755/8/6
f 3755/8/6 3754/8/6 3756/8/6
f 3757/7/6 3758/7/6 3759/7/6
f 3759/7/6 3758/7/6 3760/7/6
f 3761/8/6 3762/8/6 3763/8/6
f 3763/8/6 3762/8/6 3764/8/6
f 3765/8/6 3766/8/6 3767/8/6
f 3767/8/6 3766/8/6 3768/8/6
f 3769/8/6 3770/8/6 3772/8/6
f 3772/8/6 3770/8/6 3773/8/6
f 3771/8/6 3772/8/6 3774/8/6
f 3774/8/6 3772/8/6 3775/8/6
f 3776/8/6 3777/8/6 3778/8/6
f 3778/8/6 3777/8/6 3779/8/6
f 3780/7/6 3781/7/6 3782/7/6
f 3782/7/6 3781/7/6 3783/7/6
f 3784/7/6 3785/7/6 3786/7/6
f 3786/7/6 3785/7/6 3787/7/6
f 3788/8/6 3789/8/6 3790/8/6
f 3790/8/6 3789/8/6 3791/8/6
f 3792/5/6 3793/5/6 3800/5/6
f 3793/7/6 3794/7/6 3801/7/6
f 3800/5/6 3793/5/6 3801/5/6
f 3794/8/6 3795/8/6 3802/8/6
f 3801/7/6 3794/7/6 3802/7/6
f 3802/8/6 3795/8/6 3803/8/6
f 3796/5/6 3797/5/6 3804/5/6
f 3797/7/6 3798/7/6 3805/7/6
f 3804/5/6 3797/5/6 3805/5/6
f 3798/8/6 3799/8/6 3806/8/6
f 3805/7/6 3798/7/6 3806/7/6
f 3806/8/6 3799/8/6 3807/8/6
f 3800/6/6 3801/6/6 3809/6/6
f 3809/6/6 3801/6/6 3810/6/6
f 3807/8/6 3799/8/6 3811/8/6
f 3811/8/6 3799/8/6 3812/8/6
f 3808/5/6 3809/5/6 3814/5/6
f 3814/5/6 3809/5/6 3815/5/6
f 3815/5/6 3809/5/6 3816/5/6
f 3812/8/6 3813/8/6 3817/8/6
f 3817/8/6 3813/8/6 3818/8/6
f 3818/8/6 3813/8/6 3819/8/6
f 3814/8/6 3815/8/6 3823/8/6
f 3815/7/6 3816/7/6 3824/7/6
f 3823/8/6 3815/8/6 3824/8/6
f 3824/7/6 3816/7/6 3825/7/6
f 3818/8/6 3819/8/6 3826/8/6
f 3819/7/6 3820/7/6 3827/7/6
f 3826/8/6 3819/8/6 3827/8/6
f 3820/8/6 3821/8/6 3828/8/6
f 3827/7/6 3820/7/6 3828/7/6
f 3822/8/6 3823/8/6 3829/8/6
f 3823/8/6 3824/8/6 3829/8/6
f 3829/8/6 3824/8/6 3830/8/6
f 3830/8/6 3824/8/6 3831/8/6
f 3828/8/6 3821/8/6 3832/8/6
f 3832/8/6 3833/8/6 3836/8/6
f 3828/8/6 3832/8/6 3836/8/6
f 3836/8/6 3833/8/6 3837/8/6
f 3834/8/6 3835/8/6 3839/8/6
f 3839/8/6 3835/8/6 3840/8/6
f 3837/8/6 3833/8/6 3841/8/6
f 3841/8/6 3842/8/6 3843/8/6
f 3837/8/6 3841/8/6 3843/8/6
f 3843/8/6 3842/8/6 3844/8/6
f 3844/8/6 3842/8/6 3845/8/6
f 3845/8/6 3842/8/6 3846/8/6
f 3846/8/6 3842/8/6 3847/8/6
f 3846/6/6 3847/6/6 3848/6/6
f 3848/6/6 3847/6/6 3849/6/6
f 3838/8/6 3839/8/6 3850/8/6
f 3848/5/6 3849/5/6 3853/5/6
f 3853/5/6 3849/5/6 3854/5/6
f 3850/8/6 3851/8/6 3855/8/6
f 3838/8/6 3850/8/6 3855/8/6
f 3855/8/6 3851/8/6 3856/8/6
f 3853/8/6 3854/8/6 3859/8/6
f 3852/8/6 3853/8/6 3859/8/6
f 3859/8/6 3854/8/6 3860/8/6
f 3860/8/6 3854/8/6 3861/8/6
f 3856/8/6 3857/8/6 3862/8/6
f 3862/8/6 3857/8/6 3863/8/6
f 3863/8/6 3864/8/6 3865/8/6
f 3865/8/6 3864/8/6 3866/8/6
f 3859/8/6 3860/8/6 3868/8/6
f 3858/8/6 3859/8/6 3868/8/6
f 3868/8/6 3860/8/6 3869/8/6
f 3866/8/6 3867/8/6 3870/8/6
f 3858/8/6 3868/8/6 3873/8/6
f 3870/8/6 3871/8/6 3874/8/6
f 3866/8/6 3870/8/6 3874/8/6
f 3874/8/6 3871/8/6 3875/8/6
f 3872/8/6 3873/8/6 3877/8/6
f 3877/8/6 3873/8/6 3878/8/6
f 3873/8/6 3868/8/6 3879/8/6
f 3878/8/6 3873/8/6 3879/8/6
f 3875/8/6 3871/8/6 3880/8/6
f 3877/8/6 3878/8/6 3882/8/6
f 3876/8/6 3877/8/6 3882/8/6
f 3882/8/6 3878/8/6 3883/8/6
f 3880/8/6 3881/8/6 3884/8/6
f 3875/8/6 3880/8/6 3884/8/6
f 3884/8/6 3881/8/6 3885/8/6
f 3885/8/6 3881/8/6 3886/8/6
f 3876/8/6 3882/8/6 3887/8/6
f 3887/8/6 3882/8/6 3888/8/6
f 3885/8/6 3886/8/6 3889/8/6
f 3886/8/6 3887/8/6 3889/8/6
f 3889/8/6 3887/8/6 3890/8/6
f 3891/8/6 3892/8/6 3897/8/6
f 3897/8/6 3892/8/6 3898/8/6
f 3892/5/6 3893/5/6 3899/5/6
f 3898/8/6 3892/8/6 3899/8/6
f 3893/6/6 3894/6/6 3900/6/6
f 3899/5/6 3893/5/6 3900/5/6
f 3894/8/6 3895/8/6 3901/8/6
f 3900/6/6 3894/6/6 3901/6/6
f 3901/8/6 3895/8/6 3902/8/6
f 3896/5/6 3897/5/6 3904/5/6
f 3897/8/6 3898/8/6 3905/8/6
f 3904/5/6 3897/5/6 3905/5/6
f 3905/8/6 3898/8/6 3906/8/6
f 3902/8/6 3903/8/6 3907/8/6
f 3901/8/6 3902/8/6 3907/8/6
f 3907/8/6 3903/8/6 3908/8/6
f 3908/8/6 3903/8/6 3909/8/6
f 3904/7/6 3905/7/6 3912/7/6
f 3912/7/6 3905/7/6 3913/7/6
f 3909/8/6 3910/8/6 3914/8/6
f 3908/8/6 3909/8/6 3914/8/6
f 3914/8/6 3910/8/6 3915/8/6
f 3915/8/6 3910/8/6 3916/8/6
f 3911/8/6 3912/8/6 3920/8/6
f 3920/8/6 3912/8/6 3921/8/6
f 3915/8/6 3916/8/6 3922/8/6
f 3916/7/6 3917/7/6 3923/7/6
f 3922/8/6 3916/8/6 3923/8/6
f 3917/8/6 3918/8/6 3924/8/6
f 3923/7/6 3917/7/6 3924/7/6
f 3924/8/6 3918/8/6 3925/8/6
f 3925/8/6 3918/8/6 3926/8/6
f 3926/8/6 3918/8/6 3927/8/6
f 3919/8/6 3920/8/6 3930/8/6
f 3930/8/6 3920/8/6 3931/8/6
f 3929/8/6 3930/8/6 3931/8/6
f 3931/8/6 3920/8/6 3932/8/6
f 3927/8/6 3928/8/6 3933/8/6
f 3933/8/6 3928/8/6 3934/8/6
f 3929/8/6 3931/8/6 3936/8/6
f 3936/8/6 3931/8/6 3937/8/6
f 3933/7/6 3934/7/6 3938/7/6
f 3934/5/6 3935/5/6 3939/5/6
f 3938/7/6 3934/7/6 3939/7/6
f 3939/5/6 3935/5/6 3940/5/6
f 3939/7/6 3940/7/6 3941/7/6
f 3941/7/6 3940/7/6 3942/7/6
f 3941/4/6 3942/4/6 3944/4/6
f 3944/4/6 3942/4/6 3945/4/6
f 3929/8/6 3936/8/6 3946/8/6
f 3946/8/6 3936/8/6 3947/8/6
f 3943/4/6 3944/4/6 3950/4/6
f 3944/7/6 3945/7/6 3951/7/6
f 3950/4/6 3944/4/6 3951/4/6
f 3951/7/6 3945/7/6 3952/7/6
f 3947/8/6 3948/8/6 3953/8/6
f 3953/8/6 3948/8/6 3954/8/6
f 3954/8/6 3948/8/6 3955/8/6
f 3949/5/6 3950/5/6 3957/5/6
f 3950/7/6 3951/7/6 3958/7/6
f 3957/5/6 3950/5/6 3958/5/6
f 3958/7/6 3951/7/6 3959/7/6
f 3955/8/6 3956/8/6 3960/8/6
f 3954/8/6 3955/8/6 3960/8/6
f 3960/8/6 3956/8/6 3961/8/6
f 3961/8/6 3956/8/6 3962/8/6
f 3962/8/6 3963/8/6 3964/8/6
f 3961/8/6 3962/8/6 3964/8/6
f 3964/8/6 3963/8/6 3965/8/6
f 3965/8/6 3963/8/6 3966/8/6
f 3957/8/6 3958/8/6 3969/8/6
f 3966/8/6 3967/8/6 3970/8/6
f 3965/8/6 3966/8/6 3970/8/6
f 3970/8/6 3967/8/6 3971/8/6
f 3968/8/6 3969/8/6 3973/8/6
f 3973/8/6 3969/8/6 3974/8/6
f 3969/8/6 3958/8/6 3975/8/6
f 3974/8/6 3969/8/6 3975/8/6
f 3971/8/6 3967/8/6 3976/8/6
f 3973/8/6 3974/8/6 3978/8/6
f 3972/8/6 3973/8/6 3978/8/6
f 3978/8/6 3974/8/6 3979/8/6
f 3976/8/6 3977/8/6 3980/8/6
f 3971/8/6 3976/8/6 3980/8/6
f 3980/8/6 3977/8/6 3981/8/6
f 3981/8/6 3977/8/6 3982/8/6
f 3972/8/6 3978/8/6 3983/8/6
f 3981/8/6 3982/8/6 3984/8/6
f 3982/8/6 3983/8/6 3984/8/6
f 3983/8/6 3978/8/6 3985/8/6
f 3984/8/6 3983/8/6 3985/8/6
f 3986/8/6 3987/8/6 3991/8/6
f 3991/8/6 3987/8/6 3992/8/6
f 3987/6/6 3988/6/6 3993/6/6
f 3992/8/6 3987/8/6 3993/8/6
f 3988/5/6 3989/5/6 3994/5/6
f 3993/6/6 3988/6/6 3994/6/6
f 3994/5/6 3989/5/6 3995/5/6
f 3991/8/6 3992/8/6 3998/8/6
f 3990/8/6 3991/8/6 3998/8/6
f 3998/8/6 3992/8/6 3999/8/6
f 3999/8/6 3992/8/6 4000/8/6
f 3995/8/6 3996/8/6 4001/8/6
f 4001/8/6 3996/8/6 4002/8/6
f 3997/7/6 3998/7/6 4005/7/6
f 3998/7/6 3999/7/6 4005/7/6
f 4005/7/6 3999/7/6 4006/7/6
f 4006/7/6 3999/7/6 4007/7/6
f 4002/8/6 4003/8/6 4008/8/6
f 4001/8/6 4002/8/6 4008/8/6
f 4008/8/6 4003/8/6 4009/8/6
f 4009/8/6 4010/8/6 4013/8/6
f 4010/5/6 4011/5/6 4014/5/6
f 4013/8/6 4010/8/6 4014/8/6
f 4011/7/6 4012/7/6 4015/7/6
f 4014/5/6 4011/5/6 4015/5/6
f 4015/7/6 4012/7/6 4016/7/6
f 4016/8/6 4017/8/6 4018/8/6
f 4015/8/6 4016/8/6 4018/8/6
f 4018/8/6 4017/8/6 4019/8/6
f 4004/8/6 4005/8/6 4021/8/6
f 4021/8/6 4005/8/6 4022/8/6
f 4019/8/6 4017/8/6 4023/8/6
f 4023/8/6 4017/8/6 4024/8/6
f 4020/8/6 4021/8/6 4026/8/6
f 4026/8/6 4021/8/6 4027/8/6
f 4023/7/6 4024/7/6 4028/7/6
f 4028/7/6 4024/7/6 4029/7/6
f 4025/8/6 4026/8/6 4031/8/6
f 4029/4/6 4030/4/6 4034/4/6
f 4034/4/6 4030/4/6 4035/4/6
f 4031/8/6 4032/8/6 4036/8/6
f 4025/8/6 4031/8/6 4036/8/6
f 4036/8/6 4032/8/6 4037/8/6
f 4037/8/6 4032/8/6 4038/8/6
f 4033/4/6 4034/4/6 4041/4/6
f 4041/4/6 4034/4/6 4042/4/6
f 4038/8/6 4039/8/6 4043/8/6
f 4037/8/6 4038/8/6 4043/8/6
f 4043/8/6 4039/8/6 4044/8/6
f 4044/8/6 4039/8/6 4045/8/6
f 4040/7/6 4041/7/6 4047/7/6
f 4047/7/6 4041/7/6 4048/7/6
f 4045/8/6 4046/8/6 4049/8/6
f 4044/8/6 4045/8/6 4049/8/6
f 4049/8/6 4046/8/6 4050/8/6
f 4050/8/6 4046/8/6 4051/8/6
f 4047/8/6 4048/8/6 4054/8/6
f 4051/8/6 4052/8/6 4055/8/6
f 4050/8/6 4051/8/6 4055/8/6
f 4055/8/6 4052/8/6 4056/8/6
f 4053/8/6 4054/8/6 4058/8/6
f 4054/8/6 4048/8/6 4059/8/6
f 4058/8/6 4054/8/6 4059/8/6
f 4056/8/6 4052/8/6 4060/8/6
f 4057/8/6 4058/8/6 4061/8/6
f 4061/8/6 4058/8/6 4062/8/6
f 4056/8/6 4060/8/6 4063/8/6
f 4060/8/6 4061/8/6 4063/8/6
f 4063/8/6 4061/8/6 4064/8/6
f 4064/8/6 4061/8/6 4065/8/6
f 4065/8/6 4061/8/6 4066/8/6
f 4067/8/6 4068/8/6 4071/8/6
f 4071/8/6 4068/8/6 4072/8/6
f 4068/5/6 4069/5/6 4073/5/6
f 4072/8/6 4068/8/6 4073/8/6
f 4073/5/6 4069/5/6 4074/5/6
f 4071/8/6 4072/8/6 4077/8/6
f 4070/8/6 4071/8/6 4077/8/6
f 4077/8/6 4072/8/6 4078/8/6
f 4078/8/6 4072/8/6 4079/8/6
f 4073/6/6 4074/6/6 4080/6/6
f 4080/6/6 4074/6/6 4081/6/6
f 4075/8/6 4076/8/6 4083/8/6
f 4076/7/6 4077/7/6 4083/7/6
f 4083/7/6 4077/7/6 4084/7/6
f 4081/8/6 4082/8/6 4085/8/6
f 4085/8/6 4082/8/6 4086/8/6
f 4086/8/6 4087/8/6 4088/8/6
f 4088/8/6 4087/8/6 4089/8/6
f 4089/8/6 4087/8/6 4090/8/6
f 4075/8/6 4083/8/6 4093/8/6
f 4093/8/6 4083/8/6 4094/8/6
f 4090/5/6 4091/5/6 4095/5/6
f 4095/5/6 4091/5/6 4096/5/6
f 4092/8/6 4093/8/6 4098/8/6
f 4098/8/6 4093/8/6 4099/8/6
f 4095/8/6 4096/8/6 4100/8/6
f 4100/8/6 4096/8/6 4101/8/6
f 4101/4/6 4102/4/6 4103/4/6
f 4097/8/6 4098/8/6 4104/8/6
f 4104/8/6 4098/8/6 4105/8/6
f 4103/4/6 4102/4/6 4109/4/6
f 4109/4/6 4102/4/6 4110/4/6
f 4106/8/6 4107/8/6 4111/8/6
f 4111/8/6 4107/8/6 4112/8/6
f 4108/4/6 4109/4/6 4115/4/6
f 4115/4/6 4109/4/6 4116/4/6
f 4112/8/6 4113/8/6 4117/8/6
f 4117/8/6 4113/8/6 4118/8/6
f 4114/8/6 4115/8/6 4121/8/6
f 4118/8/6 4119/8/6 4122/8/6
f 4122/8/6 4119/8/6 4123/8/6
f 4123/8/6 4119/8/6 4124/8/6
f 4120/8/6 4121/8/6 4125/8/6
f 4121/8/6 4115/8/6 4126/8/6
f 4125/8/6 4121/8/6 4126/8/6
f 4126/8/6 4115/8/6 4127/8/6
f 4123/8/6 4124/8/6 4128/8/6
f 4124/8/6 4125/8/6 4128/8/6
f 4125/8/6 4126/8/6 4128/8/6
f 4128/8/6 4126/8/6 4129/8/6
f 4123/8/6 4128/8/6 4130/8/6
f 4130/8/6 4128/8/6 4131/8/6
f 4132/5/6 4133/5/6 4136/5/6
f 4136/5/6 4133/5/6 4137/5/6
f 4134/7/6 4135/7/6 4140/7/6
f 4135/8/6 4136/8/6 4141/8/6
f 4136/8/6 4137/8/6 4141/8/6
f 4140/7/6 4135/7/6 4141/7/6
f 4141/8/6 4137/8/6 4142/8/6
f 4137/6/6 4138/6/6 4143/6/6
f 4142/8/6 4137/8/6 4143/8/6
f 4143/6/6 4138/6/6 4144/6/6
f 4139/8/6 4140/8/6 4146/8/6
f 4140/7/6 4141/7/6 4146/7/6
f 4146/7/6 4141/7/6 4147/7/6
f 4144/8/6 4145/8/6 4148/8/6
f 4148/8/6 4145/8/6 4149/8/6
f 4149/8/6 4145/8/6 4150/8/6
f 4139/8/6 4146/8/6 4154/8/6
f 4154/8/6 4146/8/6 4155/8/6
f 4149/8/6 4150/8/6 4156/8/6
f 4150/8/6 4151/8/6 4156/8/6
f 4156/8/6 4151/8/6 4157/8/6
f 4151/7/6 4152/7/6 4158/7/6
f 4157/8/6 4151/8/6 4158/8/6
f 4154/8/6 4155/8/6 4160/8/6
f 4153/8/6 4154/8/6 4160/8/6
f 4160/8/6 4155/8/6 4161/8/6
f 4161/8/6 4155/8/6 4162/8/6
f 4157/5/6 4158/5/6 4163/5/6
f 4158/7/6 4152/7/6 4164/7/6
f 4163/5/6 4158/5/6 4164/5/6
f 4164/7/6 4152/7/6 4165/7/6
f 4159/8/6 4160/8/6 4167/8/6
f 4160/8/6 4161/8/6 4167/8/6
f 4164/6/6 4165/6/6 4169/6/6
f 4165/7/6 4166/7/6 4170/7/6
f 4169/6/6 4165/6/6 4170/6/6
f 4170/7/6 4166/7/6 4171/7/6
f 4167/8/6 4168/8/6 4172/8/6
f 4159/8/6 4167/8/6 4172/8/6
f 4172/8/6 4168/8/6 4173/8/6
f 4173/8/6 4168/8/6 4174/8/6
f 4170/8/6 4171/8/6 4177/8/6
f 4177/8/6 4171/8/6 4178/8/6
f 4174/8/6 4175/8/6 4179/8/6
f 4173/8/6 4174/8/6 4179/8/6
f 4179/8/6 4175/8/6 4180/8/6
f 4180/8/6 4175/8/6 4181/8/6
f 4176/8/6 4177/8/6 4184/8/6
f 4184/8/6 4177/8/6 4185/8/6
f 4181/8/6 4182/8/6 4186/8/6
f 4180/8/6 4181/8/6 4186/8/6
f 4186/8/6 4182/8/6 4187/8/6
f 4187/8/6 4182/8/6 4188/8/6
f 4183/8/6 4184/8/6 4189/8/6
f 4189/8/6 4184/8/6 4190/8/6
f 4190/8/6 4184/8/6 4191/8/6
f 4187/8/6 4188/8/6 4192/8/6
f 4189/8/6 4190/8/6 4192/8/6
f 4188/8/6 4189/8/6 4192/8/6
f 4192/8/6 4190/8/6 4193/8/6
f 4194/8/6 4195/8/6 4199/8/6
f 4195/6/6 4196/6/6 4200/6/6
f 4199/8/6 4195/8/6 4200/8/6
f 4196/5/6 4197/5/6 4201/5/6
f 4200/6/6 4196/6/6 4201/6/6
f 4201/5/6 4197/5/6 4202/5/6
f 4198/7/6 4199/7/6 4204/7/6
f 4204/7/6 4199/7/6 4205/7/6
f 4202/8/6 4203/8/6 4206/8/6
f 4206/8/6 4203/8/6 4207/8/6
f 4204/8/6 4205/8/6 4210/8/6
f 4207/8/6 4208/8/6 4211/8/6
f 4211/8/6 4208/8/6 4212/8/6
f 4209/8/6 4210/8/6 4214/8/6
f 4210/8/6 4205/8/6 4215/8/6
f 4214/8/6 4210/8/6 4215/8/6
f 4215/8/6 4205/8/6 4216/8/6
f 4212/5/6 4213/5/6 4218/5/6
f 4218/5/6 4213/5/6 4219/5/6
f 4215/8/6 4216/8/6 4221/8/6
f 4216/5/6 4217/5/6 4222/5/6
f 4221/8/6 4216/8/6 4222/8/6
f 4222/5/6 4217/5/6 4223/5/6
f 4218/8/6 4219/8/6 4227/8/6
f 4219/5/6 4220/5/6 4228/5/6
f 4227/8/6 4219/8/6 4228/8/6
f 4228/5/6 4220/5/6 4229/5/6
f 4226/8/6 4227/8/6 4230/8/6
f 4225/8/6 4226/8/6 4230/8/6
f 4227/8/6 4228/8/6 4230/8/6
f 4224/8/6 4225/8/6 4230/8/6
f 4223/8/6 4224/8/6 4230/8/6
f 4222/8/6 4223/8/6 4230/8/6
f 4230/8/6 4228/8/6 4231/8/6
f 4231/8/6 4228/8/6 4232/8/6
f 4232/8/6 4228/8/6 4233/8/6
f 4231/8/6 4232/8/6 4234/8/6
f 4234/8/6 4232/8/6 4235/8/6
f 4236/7/6 4237/7/6 4240/7/6
f 4237/8/6 4238/8/6 4241/8/6
f 4240/7/6 4237/7/6 4241/7/6
f 4238/5/6 4239/5/6 4242/5/6
f 4241/8/6 4238/8/6 4242/8/6
f 4242/5/6 4239/5/6 4243/5/6
f 4243/5/6 4244/5/6 4245/5/6
f 4245/5/6 4244/5/6 4246/5/6
f 4240/8/6 4241/8/6 4248/8/6
f 4248/8/6 4241/8/6 4249/8/6
f 4246/5/6 4247/5/6 4252/5/6
f 4252/5/6 4247/5/6 4253/5/6
f 4249/5/6 4250/5/6 4254/5/6
f 4250/8/6 4251/8/6 4255/8/6
f 4254/5/6 4250/5/6 4255/5/6
f 4251/5/6 4252/5/6 4256/5/6
f 4255/8/6 4251/8/6 4256/8/6
f 4252/8/6 4253/8/6 4257/8/6
f 4256/5/6 4252/5/6 4257/5/6
f 4257/8/6 4253/8/6 4258/8/6
f 4259/5/6 4260/5/6 4261/5/6
f 4259/5/6 4261/5/6 4263/5/6
f 4261/5/6 4262/5/6 4263/5/6
f 4263/5/6 4262/5/6 4264/5/6
